IncidentID,AgencyORI,AgencyName,IncidentStatusDesc,County,RdwyNumber,Street,RoadwayName,StreetSfx,StreetDir,IntersectionRdwy,IntersectionRdwyName,BetweenStRdwy1,BetweenStRdwyName1,BetweenStRdwy2,BetweenStRdwyName2,Latitude,Longitude,Milepoint,CollisionDate,CollisionTime,UnitsInvolved,MotorVehiclesInvolved,NumberKilled,NumberInjured,Weather,RdwyConditionCode,HitandRun,DirAnalysisCode,MannerofCollision,RdwyCharacter,LightCondition,RampFromRdwyId,RampToRdwyId,AcceptedDate,IsSecondaryCollision,OwnerBadge,IncidentStatus,
25906898,0568000,LOUISVILLE METRO POLICE DEPT,Accepted,JEFFERSON,KY0061,,JACKSON,ST,S,,FINZER,,,,,38.244118218,-85.745836586,12.207,11/8/2019 12:00:00 AM,2150,2,2,0,0,CLEAR,DRY,False,ANGLE COLLISION - OTHER,ANGLE,STRAIGHT & LEVEL,DARK-HWY LIGHTED/ON,,,11/11/2019 8:47:15 AM,False,5037,Accepted,
25906868,0568000,LOUISVILLE METRO POLICE DEPT,Accepted,JEFFERSON,US0031E,,BARDSTOWN,RD,,,FERNDALE,,,,,38.155454379,-85.589944556,5.955,11/8/2019 12:00:00 AM,1109,2,2,0,0,CLEAR,DRY,False,ANGLE COLLISION - OTHER,ANGLE,STRAIGHT & LEVEL,DAYLIGHT,,,11/11/2019 8:44:44 AM,False,4693,Accepted,
25906876,0568000,LOUISVILLE METRO POLICE DEPT,Accepted,JEFFERSON,US0060A,,BERRY,BLVD,,,POWELL,,,,,38.196521235,-85.790834833,1.037,11/8/2019 12:00:00 AM,1515,2,2,0,0,CLEAR,DRY,True,ANGLE COLLISION - OTHER,ANGLE,STRAIGHT & LEVEL,DAYLIGHT,,,11/11/2019 8:45:21 AM,False,7360,Accepted,
25906806,0568000,LOUISVILLE METRO POLICE DEPT,Accepted,JEFFERSON,US0060A,,EASTERN,PKWY,,,ASH,,,,,38.222524635,-85.731387729,5.401,11/8/2019 12:00:00 AM,0954,2,2,0,0,CLEAR,DRY,False,ANGLE COLLISION - OTHER,ANGLE,STRAIGHT & LEVEL,DAYLIGHT,,,11/11/2019 8:36:08 AM,False,5263,Accepted,
25906841,0568000,LOUISVILLE METRO POLICE DEPT,Accepted,JEFFERSON,,,GALAXIE,DR,,,GABRIEL,,,,,38.156957861,-85.854351147,0.312,11/8/2019 12:00:00 AM,1732,2,2,0,0,CLEAR,DRY,False,ANGLE COLLISION - OTHER,ANGLE,STRAIGHT & LEVEL,DUSK,,,11/11/2019 8:40:55 AM,False,7485,Accepted,
25906789,0568000,LOUISVILLE METRO POLICE DEPT,Accepted,JEFFERSON,KY2251,,BARDSTOWN,RD,,,SIX MILE,,,,,38.195024613,-85.652596505,0.566,11/8/2019 12:00:00 AM,0839,2,2,0,0,CLEAR,DRY,False,ANGLE COLLISION - ONE VEHICLE TURNING RIGHT,ANGLE,STRAIGHT & LEVEL,DAYLIGHT,,,11/11/2019 8:32:03 AM,False,7864,Accepted,
25906860,0568000,LOUISVILLE METRO POLICE DEPT,Accepted,JEFFERSON,,,6TH,ST,S,US0031W,MARKET,,,,,38.255586837,-85.760079766,0.097,11/8/2019 12:00:00 AM,1036,2,2,0,0,CLEAR,DRY,False,ANGLE COLLISION - ONE VEHICLE TURNING LEFT,ANGLE,STRAIGHT & LEVEL,DAYLIGHT,,,11/11/2019 8:43:41 AM,False,2854,Accepted,
25896770,0568000,LOUISVILLE METRO POLICE DEPT,Accepted,JEFFERSON,KY1703,,BAXTER,AVE,,,ROSEWOOD,,,,,38.232785791,-85.718309810,5.075,11/8/2019 12:00:00 AM,0220,2,2,0,0,CLEAR,DRY,True,COLLISION WITH PARKED VEHICLE,REAR END,STRAIGHT & LEVEL,DARK-HWY LIGHTED/ON,,,11/8/2019 8:47:53 AM,False,7048,Accepted,
25906907,0568000,LOUISVILLE METRO POLICE DEPT,Accepted,JEFFERSON,US0060A,,EASTERN,PKWY,,KY0864,POPLAR LEVEL,,,,,38.223909665,-85.730142217,5.514,11/8/2019 12:00:00 AM,2014,2,2,0,0,CLEAR,DRY,False,ANGLE COLLISION - ONE VEHICLE TURNING LEFT,ANGLE,STRAIGHT & GRADE,DARK-HWY LIGHTED/ON,,,11/11/2019 8:48:05 AM,False,7419,Accepted,
25906846,0568000,LOUISVILLE METRO POLICE DEPT,Accepted,JEFFERSON,,,BURNETT,AVE,E,,BROOK,,,,,38.226743113,-85.755000687,0.101,11/8/2019 12:00:00 AM,0830,1,1,0,0,CLEAR,DRY,False,COLLISION WITH FIXED OBJECT IN INTERSECTION - FIRST EVENT COLLISION 09 - 32,SINGLE VEHICLE,STRAIGHT & LEVEL,DAYLIGHT,,,11/11/2019 8:41:43 AM,False,5273,Accepted,
25906862,0568000,LOUISVILLE METRO POLICE DEPT,Accepted,JEFFERSON,I 0264,,I264 W,,,I 0264,I264 W EXIT3 OFF RAMP TO  DUMESNIL ST,,,,,38.231889398,-85.820484605,3.380,11/8/2019 12:00:00 AM,1416,1,1,0,0,CLEAR,DRY,False,COLLISION WITH FIXED OBJECT IN INTERSECTION - FIRST EVENT COLLISION 09 - 32,SINGLE VEHICLE,STRAIGHT & LEVEL,DAYLIGHT,,,11/11/2019 8:43:50 AM,False,7329,Accepted,
25906857,0568000,LOUISVILLE METRO POLICE DEPT,Accepted,JEFFERSON,,,APPOLLO,LN,,,ALANADALE,,,,,38.109900661,-85.866994978,0.198,11/8/2019 12:00:00 AM,1610,3,1,0,0,CLOUDY,DRY,True,COLLISION WITH PEDESTRIAN IN INTERSECTION,SINGLE VEHICLE,STRAIGHT & LEVEL,DAYLIGHT,,,11/11/2019 8:43:20 AM,False,7336,Accepted,
25906875,0568000,LOUISVILLE METRO POLICE DEPT,Accepted,JEFFERSON,,,HIKES,LN,,,ST MICHAEL CHURCH,,,,,38.212290434,-85.638856900,2.338,11/8/2019 12:00:00 AM,1820,2,1,0,1,CLEAR,DRY,False,COLLISION WITH PEDESTRIAN IN INTERSECTION,SINGLE VEHICLE,STRAIGHT & LEVEL,DARK-HWY NOT LIGHTED,,,11/11/2019 8:45:15 AM,False,7366,Accepted,
25906939,0568000,LOUISVILLE METRO POLICE DEPT,Accepted,JEFFERSON,KY1447,11301,WESTPORT,RD,,,,,,,,38.296131814,-85.553881533,6.357,11/8/2019 12:00:00 AM,1910,2,1,0,1,CLEAR,DRY,False,COLLISION IN PARKING LOT,SINGLE VEHICLE,STRAIGHT & LEVEL,DARK-HWY LIGHTED/ON,,,11/11/2019 8:52:24 AM,True,7615,Accepted,
25906910,0568000,LOUISVILLE METRO POLICE DEPT,Accepted,JEFFERSON,US0031E,1250,BARDSTOWN,RD,,,,,,,,38.235885194,-85.716760808,,11/8/2019 12:00:00 AM,1901,2,1,0,1,CLOUDY,DRY,True,COLLISION IN PARKING LOT,SINGLE VEHICLE,STRAIGHT & LEVEL,DARK-HWY LIGHTED/ON,,,11/11/2019 8:48:23 AM,False,5020,Accepted,
25891755,0568000,LOUISVILLE METRO POLICE DEPT,Accepted,JEFFERSON,KY1865,,NEW CUT,RD,,,ORCHARD HILL,,,,,38.159508950,-85.778543518,3.629,11/7/2019 12:00:00 AM,0136,1,1,0,0,CLEAR,WET,False,COLLISION WITH ANIMAL IN INTERSECTION,SINGLE VEHICLE,STRAIGHT & LEVEL,DARK-HWY LIGHTED/ON,,,11/7/2019 8:47:00 AM,False,7321,Accepted,
25896631,0568000,LOUISVILLE METRO POLICE DEPT,Accepted,JEFFERSON,,,FAIRGROUND,RD,,,PLUMWOOD,,,,,38.165180422,-85.585632736,0.722,11/7/2019 12:00:00 AM,1434,1,1,0,1,RAINING,WET,False,COLLISION WITH FIXED OBJECT IN INTERSECTION - FIRST EVENT COLLISION 09 - 32,SINGLE VEHICLE,CURVE & LEVEL,DAYLIGHT,,,11/8/2019 8:28:03 AM,False,2017,Accepted,
25896689,0568000,LOUISVILLE METRO POLICE DEPT,Accepted,JEFFERSON,KY0022,,BROWNSBORO,RD,,,NORTON HEALTHCARE,,,,,38.311036845,-85.570256373,4.271,11/7/2019 12:00:00 AM,1439,2,2,0,0,RAINING,WET,False,ANGLE COLLISION - ONE VEHICLE TURNING RIGHT,ANGLE,STRAIGHT & LEVEL,DAYLIGHT,,,11/8/2019 8:37:24 AM,False,7858,Accepted,
25896603,0568000,LOUISVILLE METRO POLICE DEPT,Accepted,JEFFERSON,US0031E,,MAIN,ST,E,,FLOYD,,,,,38.255726695,-85.747883206,17.583,11/7/2019 12:00:00 AM,0755,2,2,0,0,RAINING,WET,False,ANGLE COLLISION - OTHER,ANGLE,STRAIGHT & LEVEL,DAYLIGHT,,,11/8/2019 8:24:29 AM,False,6907,Accepted,
25896705,0568000,LOUISVILLE METRO POLICE DEPT,Accepted,JEFFERSON,,,WELLINGTON,AVE,W,,3RD,,,,,38.183816379,-85.764987918,0.144,11/7/2019 12:00:00 AM,0710,2,2,0,0,RAINING,WET,True,ANGLE COLLISION - OTHER,ANGLE,STRAIGHT & LEVEL,DAWN,,,11/8/2019 8:41:23 AM,False,5204,Accepted,
25896696,0568000,LOUISVILLE METRO POLICE DEPT,Accepted,JEFFERSON,KY0864,,CHESTNUT,ST,E,,LIBERTY,,,,,38.248568393,-85.733665539,15.775,11/7/2019 12:00:00 AM,1652,2,2,0,0,CLOUDY,WET,False,ANGLE COLLISION - OTHER,ANGLE,STRAIGHT & LEVEL,DAYLIGHT,,,11/8/2019 8:39:14 AM,False,6907,Accepted,
25896697,0568000,LOUISVILLE METRO POLICE DEPT,Accepted,JEFFERSON,KY1931,,7TH ST,RD,,KY2054,ALGONQUIN,,,,,38.220045278,-85.777370014,10.525,11/7/2019 12:00:00 AM,0951,2,2,0,0,RAINING,WET,False,ANGLE COLLISION - OTHER,ANGLE,STRAIGHT & LEVEL,DAYLIGHT,,,11/8/2019 8:39:26 AM,False,7876,Accepted,
25896598,0568000,LOUISVILLE METRO POLICE DEPT,Accepted,JEFFERSON,,,MUHAMMAD ALI,BLVD,W,,32ND,,,,,38.256362160,-85.804943660,2.876,11/7/2019 12:00:00 AM,0930,2,2,0,0,RAINING,WET,False,ANGLE COLLISION - OTHER,ANGLE,STRAIGHT & LEVEL,DAYLIGHT,,,11/8/2019 8:24:18 AM,False,7361,Accepted,
25896701,0568000,LOUISVILLE METRO POLICE DEPT,Accepted,JEFFERSON,US0031W,,DIXIE,HWY,,,ST PAULS CHURCH,,,,,38.150587513,-85.836866683,12.109,11/7/2019 12:00:00 AM,1455,2,2,0,0,CLOUDY,WET,True,ANGLE COLLISION - ONE VEHICLE TURNING LEFT,ANGLE,,DAYLIGHT,,,11/8/2019 8:40:21 AM,False,7205,Accepted,
25896695,0568000,LOUISVILLE METRO POLICE DEPT,Accepted,JEFFERSON,,,BRECKINRIDGE,ST,E,KY0864,SHELBY,,,,,38.239920214,-85.740361729,0.841,11/7/2019 12:00:00 AM,1700,2,2,0,0,CLOUDY,DRY,False,ANGLE COLLISION - OTHER,ANGLE,STRAIGHT & LEVEL,DUSK,,,11/8/2019 8:38:52 AM,False,7407,Accepted,
25896620,0568000,LOUISVILLE METRO POLICE DEPT,Accepted,JEFFERSON,,,HANCOCK,ST,S,,CHESTNUT,,,,,38.247477769,-85.743233729,0.524,11/7/2019 12:00:00 AM,1230,2,2,0,0,CLEAR,DRY,False,ANGLE COLLISION - OTHER,ANGLE,STRAIGHT & LEVEL,DAYLIGHT,,,11/8/2019 8:26:35 AM,False,2403,Accepted,
25906992,0568000,LOUISVILLE METRO POLICE DEPT,Accepted,JEFFERSON,,,ST CATHERINE,ST,E,KY0061,PRESTON,,,,,38.236228895,-85.749127216,0.998,11/7/2019 12:00:00 AM,0744,2,2,0,2,CLEAR,DRY,False,ANGLE COLLISION - OTHER,ANGLE,STRAIGHT & LEVEL,DAYLIGHT,,,11/11/2019 8:55:45 AM,False,5289,Accepted,
25907038,0568000,LOUISVILLE METRO POLICE DEPT,Accepted,JEFFERSON,US0031W,,DR W J HODGE,ST,,,GARLAND,,,,,38.243949302,-85.787466436,19.283,11/7/2019 12:00:00 AM,2033,2,2,0,1,CLEAR,DRY,False,ANGLE COLLISION - OTHER,ANGLE,STRAIGHT & LEVEL,DARK (UNKNOWN ROADWAY LIGHTING),,,11/11/2019 8:58:59 AM,False,7393,Accepted,
25896659,0568000,LOUISVILLE METRO POLICE DEPT,Accepted,JEFFERSON,,,MUD,LN,,,ANTONIA,,,,,38.092433536,-85.670517269,0.088,11/7/2019 12:00:00 AM,1434,2,2,0,0,CLOUDY,WET,False,ANGLE COLLISION - OTHER,ANGLE,CURVE & GRADE,DAYLIGHT,,,11/8/2019 8:33:07 AM,False,4693,Accepted,
25896667,0568000,LOUISVILLE METRO POLICE DEPT,Accepted,JEFFERSON,,,BROOK,ST,S,,LEE,,,,,38.222682246,-85.755803973,1.254,11/7/2019 12:00:00 AM,0717,2,2,0,0,RAINING,WET,False,ANGLE COLLISION - OTHER,ANGLE,STRAIGHT & LEVEL,DAWN,,,11/8/2019 8:34:07 AM,False,5279,Accepted,
25896669,0568000,LOUISVILLE METRO POLICE DEPT,Accepted,JEFFERSON,,,BISHOP,LN,,KY1703,NEWBURG,,,,,38.201079334,-85.685852953,0.013,11/7/2019 12:00:00 AM,1316,2,2,0,0,RAINING,WET,True,ANGLE COLLISION - OTHER,ANGLE,STRAIGHT & LEVEL,DAYLIGHT,,,11/8/2019 8:34:34 AM,False,7319,Accepted,
25896783,0568000,LOUISVILLE METRO POLICE DEPT,Accepted,JEFFERSON,KY1747,,FERN VALLEY,RD,,,PARAMOUNT PARK,,,,,38.157087368,-85.712391932,1.085,11/7/2019 12:00:00 AM,0834,2,2,0,1,RAINING,WET,False,ANGLE COLLISION - OTHER,ANGLE,STRAIGHT & GRADE,DAYLIGHT,,,11/8/2019 8:50:53 AM,False,7772,Accepted,
25896777,0568000,LOUISVILLE METRO POLICE DEPT,Accepted,JEFFERSON,KY2054,,ALGONQUIN,PKWY,,KY1934,CANE RUN,,,,,38.224374113,-85.809326575,0.718,11/7/2019 12:00:00 AM,2151,2,2,0,3,CLOUDY,DRY,False,ANGLE COLLISION - OTHER,ANGLE,STRAIGHT & LEVEL,DARK-HWY LIGHTED/ON,,,11/8/2019 8:49:06 AM,False,7181,Accepted,
25896575,0568000,LOUISVILLE METRO POLICE DEPT,Accepted,JEFFERSON,,,ST CATHERINE,ST,E,,FLOYD,,,,,38.236473813,-85.751240866,1.084,11/7/2019 12:00:00 AM,0636,2,2,0,0,RAINING,WET,False,ANGLE COLLISION - OTHER,ANGLE,STRAIGHT & LEVEL,DAYLIGHT,,,11/8/2019 8:19:13 AM,False,7391,Accepted,
25896731,0568000,LOUISVILLE METRO POLICE DEPT,Accepted,JEFFERSON,KY1932,,BRECKENRIDGE,LN,,,NACHAND,,,,,38.194498424,-85.625422659,0.913,11/7/2019 12:00:00 AM,1218,2,2,0,0,RAINING,WET,False,OPPOSING LEFT TURN,OPPOSING LEFT TURN,STRAIGHT & LEVEL,DAYLIGHT,,,11/8/2019 8:44:19 AM,False,7294,Accepted,
25896687,0568000,LOUISVILLE METRO POLICE DEPT,Accepted,JEFFERSON,KY0022,,BROWNSBORO,RD,,,SIMCOE,,,,,38.307926900,-85.574197393,3.976,11/7/2019 12:00:00 AM,1143,2,2,0,1,RAINING,WET,False,OPPOSING LEFT TURN,OPPOSING LEFT TURN,STRAIGHT & LEVEL,DAYLIGHT,,,11/8/2019 8:36:58 AM,False,7858,Accepted,
25896688,0568000,LOUISVILLE METRO POLICE DEPT,Accepted,JEFFERSON,KY1447,,WESTPORT,RD,,,INDIAN LAKE,,,,,38.296178675,-85.553282469,6.386,11/7/2019 12:00:00 AM,1442,2,2,0,0,RAINING,WET,False,OPPOSING LEFT TURN,OPPOSING LEFT TURN,STRAIGHT & LEVEL,DAYLIGHT,,,11/8/2019 8:37:06 AM,False,7858,Accepted,
25980661,0568000,LOUISVILLE METRO POLICE DEPT,Accepted,JEFFERSON,KY1865,,TAYLOR,BLVD,,,ARLING,,,,,38.173513531,-85.782225413,4.594,11/7/2019 12:00:00 AM,1101,2,2,0,2,CLEAR,DRY,True,REAR END - ONE VEHICLE TURNING RIGHT,REAR END,STRAIGHT & LEVEL,DAYLIGHT,,,11/27/2019 8:26:38 AM,False,5266,Accepted,
25896582,0568000,LOUISVILLE METRO POLICE DEPT,Accepted,JEFFERSON,US0031,,CLARK MEMORIAL,BRG,,,2ND,,,,,38.258667485,-85.752763743,0.170,11/7/2019 12:00:00 AM,0739,2,2,0,0,RAINING,WET,False,REAR END - ONE VEHICLE TURNING RIGHT,REAR END,STRAIGHT & LEVEL,DAYLIGHT,,,11/8/2019 8:22:09 AM,False,7386,Accepted,
25906881,0568000,LOUISVILLE METRO POLICE DEPT,Accepted,JEFFERSON,KY2054,,ALGONQUIN,PKWY,,,7TH,,,,,38.220064881,-85.777386114,2.519,11/7/2019 12:00:00 AM,1353,2,2,0,0,RAINING,WET,False,SIDESWIPE-SAME DIRECTION,SIDESWIPE-SAME DIRECTION,STRAIGHT & LEVEL,DAYLIGHT,,,11/11/2019 8:46:23 AM,False,2745,Accepted,
25896781,0568000,LOUISVILLE METRO POLICE DEPT,Accepted,JEFFERSON,KY0864,,FEGENBUSH,LN,,KY1065,OUTER,,,,,38.138556542,-85.615667472,4.390,11/7/2019 12:00:00 AM,2200,2,2,0,0,CLEAR,DRY,False,VEHICLE BACKING IN INTERSECTION,BACKING,STRAIGHT & LEVEL,DARK-HWY NOT LIGHTED,,,11/8/2019 8:50:18 AM,False,7415,Accepted,
25896670,0568000,LOUISVILLE METRO POLICE DEPT,Accepted,JEFFERSON,KY1703,,NEWBURG,RD,,,BROADMOOR,,,,,38.186561850,-85.667516115,0.670,11/7/2019 12:00:00 AM,0805,2,2,0,0,RAINING,WET,False,SIDESWIPE-SAME DIRECTION,SIDESWIPE-SAME DIRECTION,STRAIGHT & LEVEL,DAYLIGHT,,,11/8/2019 8:34:50 AM,False,7319,Accepted,
25896778,0568000,LOUISVILLE METRO POLICE DEPT,Accepted,JEFFERSON,KY1934,,CANE RUN,RD,,,MARGEE,,,,,38.192527722,-85.846235628,8.504,11/7/2019 12:00:00 AM,2259,2,2,0,0,CLOUDY,DRY,False,VEHICLE BACKING IN INTERSECTION,BACKING,STRAIGHT & LEVEL,DARK-HWY LIGHTED/ON,,,11/8/2019 8:49:18 AM,False,7181,Accepted,
25938190,0568000,LOUISVILLE METRO POLICE DEPT,Accepted,JEFFERSON,,,FLOYD,ST,S,,MAGNOLIA,,,,,38.228218827,-85.752711373,1.911,11/7/2019 12:00:00 AM,0830,2,2,0,0,RAINING,WET,False,SIDESWIPE-SAME DIRECTION,SIDESWIPE-SAME DIRECTION,STRAIGHT & LEVEL,DAYLIGHT,,,11/18/2019 10:45:20 AM,False,7441,Accepted,
25896694,0568000,LOUISVILLE METRO POLICE DEPT,Accepted,JEFFERSON,KY1020,,3RD,ST,S,US0060A,EASTERN,,,,,38.213864173,-85.762386785,9.876,11/7/2019 12:00:00 AM,0934,2,2,0,0,RAINING,WET,False,OTHER INTERSECTION COLLISIONS,REAR END,STRAIGHT & GRADE,DAYLIGHT,,,11/8/2019 8:38:27 AM,False,7407,Accepted,
25896666,0568000,LOUISVILLE METRO POLICE DEPT,Accepted,JEFFERSON,,,GRADE,LN,,KY1747,FERN VALLEY,,,,,38.156920032,-85.732046152,2.156,11/7/2019 12:00:00 AM,1747,2,2,0,0,CLEAR,DRY,True,OTHER INTERSECTION COLLISIONS,REAR END,STRAIGHT & LEVEL,DARK-HWY LIGHTED/ON,,,11/8/2019 8:33:51 AM,False,7354,Accepted,
25896643,0568000,LOUISVILLE METRO POLICE DEPT,Accepted,JEFFERSON,I 0264,,I264 W,,,I 0065,I264 W EXIT12 OFF RAMP TO,,,,,38.191100015,-85.718251161,12.709,11/7/2019 12:00:00 AM,1446,2,2,0,0,CLOUDY,WET,False,OTHER INTERSECTION COLLISIONS,REAR END,STRAIGHT & LEVEL,DAYLIGHT,,,11/8/2019 8:30:04 AM,False,2532,Accepted,
25891779,0568000,LOUISVILLE METRO POLICE DEPT,Accepted,JEFFERSON,KY1747,,FERN VALLEY,RD,,,HOLIDAY TOWERS,,,,,38.157310225,-85.714447592,0.975,11/7/2019 12:00:00 AM,0559,2,2,0,0,RAINING,WET,False,OTHER INTERSECTION COLLISIONS,REAR END,STRAIGHT & GRADE,DARK-HWY LIGHTED/OFF,,,11/7/2019 8:48:37 AM,False,7423,Accepted,
25896609,0568000,LOUISVILLE METRO POLICE DEPT,Accepted,JEFFERSON,KY2052,,SHEPHERDSVILLE,RD,,,WHISPERING HILLS,,,,,38.148884933,-85.659918762,0.708,11/7/2019 12:00:00 AM,0703,2,2,0,0,RAINING,WET,False,OTHER INTERSECTION COLLISIONS,REAR END,STRAIGHT & LEVEL,DAWN,,,11/8/2019 8:24:47 AM,False,2017,Accepted,
25896617,0568000,LOUISVILLE METRO POLICE DEPT,Accepted,JEFFERSON,KY1934,,CANE RUN,RD,,KY2051,LEES,,,,,38.183934690,-85.855301299,7.733,11/7/2019 12:00:00 AM,0726,2,2,0,0,RAINING,WET,False,OTHER INTERSECTION COLLISIONS,REAR END,STRAIGHT & LEVEL,DAYLIGHT,,,11/8/2019 8:25:59 AM,False,6326,Accepted,
25896652,0568000,LOUISVILLE METRO POLICE DEPT,Accepted,JEFFERSON,US0031E,,BARDSTOWN,RD,,,WATTERSON,,,,,38.179084986,-85.622838715,8.437,11/7/2019 12:00:00 AM,1140,2,2,0,0,RAINING,WET,False,OTHER INTERSECTION COLLISIONS,REAR END,CURVE & LEVEL,DAYLIGHT,,,11/8/2019 8:32:14 AM,False,7739,Accepted,
25896774,0568000,LOUISVILLE METRO POLICE DEPT,Accepted,JEFFERSON,I 0065,,I65 S,,,I 0065,I65 S EXIT135 ON RAMP FROM  E OAK ST,,,,,38.234683644,-85.751339746,134.471,11/7/2019 12:00:00 AM,2108,1,1,0,0,CLEAR,DRY,False,OTHER INTERSECTION COLLISIONS,SINGLE VEHICLE,STRAIGHT & LEVEL,DARK (UNKNOWN ROADWAY LIGHTING),,,11/8/2019 8:48:50 AM,False,5050,Accepted,
25917173,0568000,LOUISVILLE METRO POLICE DEPT,Accepted,JEFFERSON,,,MILLERS,LN,,KY1934,CANE RUN,,,,,38.215639355,-85.817438844,1.186,11/7/2019 12:00:00 AM,2044,2,2,0,0,CLEAR,DRY,False,OTHER INTERSECTION COLLISIONS,REAR END,STRAIGHT & LEVEL,DARK-HWY NOT LIGHTED,,,11/13/2019 10:08:22 AM,False,7476,Accepted,
25896771,0568000,LOUISVILLE METRO POLICE DEPT,Accepted,JEFFERSON,,,ASHBY,LN,,,CASA LANDA,,,,,38.104780251,-85.874616833,0.298,11/7/2019 12:00:00 AM,2112,2,2,0,0,CLOUDY,DRY,False,OTHER INTERSECTION COLLISIONS,REAR TO REAR,STRAIGHT & GRADE,DARK-HWY LIGHTED/OFF,,,11/8/2019 8:48:09 AM,False,5043,Accepted,
25896772,0568000,LOUISVILLE METRO POLICE DEPT,Accepted,JEFFERSON,,,JOHNSONTOWN,RD,,,ALEXANDER,,,,,38.121275391,-85.858696633,0.162,11/7/2019 12:00:00 AM,1757,2,2,0,0,CLOUDY,DRY,True,OTHER INTERSECTION COLLISIONS,REAR END,STRAIGHT & GRADE,DARK-HWY LIGHTED/OFF,,,11/8/2019 8:48:21 AM,False,5043,Accepted,
25896764,0568000,LOUISVILLE METRO POLICE DEPT,Accepted,JEFFERSON,KY1747,,FERN VALLEY,RD,,,WORLDPORT,,,,,38.157853145,-85.725578891,,11/7/2019 12:00:00 AM,2258,2,2,0,0,CLOUDY,DRY,False,OTHER INTERSECTION COLLISIONS,REAR END,STRAIGHT & LEVEL,DARK-HWY LIGHTED/ON,,,11/8/2019 8:46:32 AM,False,6360,Accepted,
25896690,0568000,LOUISVILLE METRO POLICE DEPT,Accepted,JEFFERSON,,,BURNETT,AVE,W,KY1020,2ND,,,,,38.226944899,-85.758359606,0.091,11/7/2019 12:00:00 AM,1300,2,2,0,0,RAINING,WET,False,OTHER INTERSECTION COLLISIONS,REAR END,STRAIGHT & LEVEL,DAYLIGHT,,,11/8/2019 8:37:36 AM,False,7441,Accepted,
25896612,0568000,LOUISVILLE METRO POLICE DEPT,Accepted,JEFFERSON,,,JEFFERSON,BLVD,,KY1747,FERN VALLEY,,,,,38.157078067,-85.671525166,0.209,11/7/2019 12:00:00 AM,0711,2,2,0,0,RAINING,WET,False,OTHER INTERSECTION COLLISIONS,REAR END,STRAIGHT & LEVEL,DAWN,,,11/8/2019 8:24:55 AM,False,2017,Accepted,
25896638,0568000,LOUISVILLE METRO POLICE DEPT,Accepted,JEFFERSON,I 0064,,I64 E,,,I 0064,I64 E EXIT5AB ON RAMP FROM US31,,,,,38.258154024,-85.744286613,5.251,11/7/2019 12:00:00 AM,1435,2,2,0,0,CLOUDY,WET,False,OTHER INTERSECTION COLLISIONS,REAR END,STRAIGHT & LEVEL,DAYLIGHT,,,11/8/2019 8:28:56 AM,False,6907,Accepted,
25896613,0568000,LOUISVILLE METRO POLICE DEPT,Accepted,JEFFERSON,I 0065,,I65 N,,,I 0065,I65 N EXIT128 ON RAMP FROM KY1631,,,,,38.156486942,-85.717497671,128.197,11/7/2019 12:00:00 AM,0820,4,4,0,0,RAINING,WET,True,OTHER INTERSECTION COLLISIONS,REAR END,STRAIGHT & LEVEL,DAYLIGHT,,,11/8/2019 8:25:03 AM,False,2017,Accepted,
25896597,0568000,LOUISVILLE METRO POLICE DEPT,Accepted,JEFFERSON,US0031E,,BARDSTOWN,RD,,,HEATHER,,,,,38.205781488,-85.666610694,11.570,11/7/2019 12:00:00 AM,0849,3,3,0,0,RAINING,WET,True,OTHER INTERSECTION COLLISIONS,REAR END,STRAIGHT & LEVEL,DAYLIGHT,,,11/8/2019 8:24:06 AM,False,5203,Accepted,
25896782,0568000,LOUISVILLE METRO POLICE DEPT,Accepted,JEFFERSON,KY0061,,PRESTON,HWY,,I 0065,I264 E EXIT12 ON RAMP FROM I65 N,,,,,38.191042377,-85.727272727,8.255,11/7/2019 12:00:00 AM,2032,2,2,0,0,CLEAR,DRY,False,OTHER INTERSECTION COLLISIONS,REAR END,STRAIGHT & LEVEL,DARK-HWY LIGHTED/ON,,,11/8/2019 8:50:34 AM,False,5149,Accepted,
25896578,0568000,LOUISVILLE METRO POLICE DEPT,Accepted,JEFFERSON,US0031W,,DIXIE,HWY,,,PENDLETON,,,,,38.062318409,-85.886574707,5.295,11/7/2019 12:00:00 AM,0808,2,2,0,0,RAINING,WET,False,OTHER INTERSECTION COLLISIONS,REAR END,STRAIGHT & LEVEL,DAYLIGHT,,,11/8/2019 8:20:36 AM,False,5288,Accepted,
25896639,0568000,LOUISVILLE METRO POLICE DEPT,Accepted,JEFFERSON,,,GLIMMER,WAY,,,,,,,,38.132534455,-85.778751496,0.187,11/7/2019 12:00:00 AM,1501,1,1,0,0,RAINING,WET,False,COLLISION WITH FIXED OBJECT NON - INTERSECTION - FIRST EVENT COLLISION 09 - 32 EXCLUDING 16,SINGLE VEHICLE,STRAIGHT & GRADE,DAYLIGHT,,,11/8/2019 8:29:05 AM,False,5250,Accepted,
25891767,0568000,LOUISVILLE METRO POLICE DEPT,Accepted,JEFFERSON,US0060,9407,SHELBYVILLE,RD,,,,,,,,38.246696397,-85.580101244,7.686,11/7/2019 12:00:00 AM,0113,1,1,0,0,RAINING,WET,True,COLLISION WITH FIXED OBJECT NON - INTERSECTION - FIRST EVENT COLLISION 09 - 32 EXCLUDING 16,SINGLE VEHICLE,STRAIGHT & LEVEL,DARK-HWY LIGHTED/ON,,,11/7/2019 8:47:08 AM,False,7055,Accepted,