IncidentID,AgencyORI,AgencyName,IncidentStatusDesc,County,RdwyNumber,Street,RoadwayName,StreetSfx,StreetDir,IntersectionRdwy,IntersectionRdwyName,BetweenStRdwy1,BetweenStRdwyName1,BetweenStRdwy2,BetweenStRdwyName2,Latitude,Longitude,Milepoint,CollisionDate,CollisionTime,UnitsInvolved,MotorVehiclesInvolved,NumberKilled,NumberInjured,Weather,RdwyConditionCode,HitandRun,DirAnalysisCode,MannerofCollision,RdwyCharacter,LightCondition,RampFromRdwyId,RampToRdwyId,AcceptedDate,IsSecondaryCollision,OwnerBadge,IncidentStatus,
25896621,0568000,LOUISVILLE METRO POLICE DEPT,Accepted,JEFFERSON,,,6TH,ST,S,,,,,,,38.248311878,-85.761424069,0.555,11/7/2019 12:00:00 AM,1238,2,2,0,0,RAINING,DRY,True,1 VEHICLE PARKED POSITION (NOT PARKING LOT/DRIVEWAY),,STRAIGHT & LEVEL,DAYLIGHT,,,11/8/2019 8:26:46 AM,False,5168,Accepted,
26097571,0568000,LOUISVILLE METRO POLICE DEPT,Accepted,JEFFERSON,,,CHESTNUT,ST,W,,,CS1020F,15TH,CS1024F,13TH,38.250608570,-85.772943690,1.536,11/7/2019 12:00:00 AM,2247,1,1,0,1,CLEAR,DRY,False,COLLISION WITH FIXED OBJECT NON - INTERSECTION - FIRST EVENT COLLISION 09 - 32 EXCLUDING 16,SINGLE VEHICLE,STRAIGHT & LEVEL,DARK-HWY LIGHTED/ON,,,12/24/2019 6:13:26 AM,False,5199,Accepted,
25910769,0568000,LOUISVILLE METRO POLICE DEPT,Accepted,JEFFERSON,I 0264,,I264 W,,,,,,,,,38.196912203,-85.705912028,13.505,11/7/2019 12:00:00 AM,1434,2,2,0,0,RAINING,WET,False,1 VEHICLE ENTERING OR LEAVING PARKED POSITION (NOT PARKING LOT),REAR END,STRAIGHT & LEVEL,DAYLIGHT,,,11/12/2019 7:35:49 AM,False,6148,Accepted,
25896616,0568000,LOUISVILLE METRO POLICE DEPT,Accepted,JEFFERSON,KY1065,,OUTER,LOOP,,,,,CANDLEWORTH,KY1865,NEW CUT,38.126669841,-85.781043277,0.756,11/7/2019 12:00:00 AM,0641,1,1,0,0,RAINING,WET,False,COLLISION WITH ANIMAL NON INTERSECTION,SINGLE VEHICLE,STRAIGHT & LEVEL,DARK (UNKNOWN ROADWAY LIGHTING),,,11/8/2019 8:25:41 AM,False,6326,Accepted,
25896702,0568000,LOUISVILLE METRO POLICE DEPT,Accepted,JEFFERSON,KY2054,,ALGONQUIN,PKWY,,,7TH,,,,,38.220051850,-85.777395950,2.518,11/7/2019 12:00:00 AM,0728,2,2,0,0,RAINING,WET,False,SIDESWIPE-SAME DIRECTION,SIDESWIPE-SAME DIRECTION,STRAIGHT & LEVEL,DAYLIGHT,,,11/8/2019 8:40:31 AM,False,5032,Accepted,
25896700,0568000,LOUISVILLE METRO POLICE DEPT,Accepted,JEFFERSON,,,1ST,ST,S,,COLLEGE,,,,,38.243131143,-85.753871343,0.903,11/7/2019 12:00:00 AM,0726,2,2,0,0,RAINING,WET,False,SIDESWIPE-SAME DIRECTION,SIDESWIPE-SAME DIRECTION,STRAIGHT & LEVEL,DAYLIGHT,,,11/8/2019 8:40:05 AM,False,5213,Accepted,
25896775,0568000,LOUISVILLE METRO POLICE DEPT,Accepted,JEFFERSON,,,GARLAND,AVE,,US0031W,22ND,,,,,38.244089755,-85.789108787,1.174,11/7/2019 12:00:00 AM,1943,2,2,0,1,CLOUDY,DRY,True,SIDESWIPE-SAME DIRECTION,SIDESWIPE-SAME DIRECTION,STRAIGHT & LEVEL,DARK-HWY LIGHTED/ON,,,11/8/2019 8:48:58 AM,False,7181,Accepted,
25907739,0564400,INDIAN HILLS POLICE DEPARTMENT,Accepted,JEFFERSON,US0042,3900,BROWNSBORO,RD,,,,,,,,38.265831515,-85.665944452,3.885,11/7/2019 12:00:00 AM,1525,2,2,0,0,RAINING,WET,False,REAR END IN TRAFFIC LANES BOTH VEHICLES MOVING,REAR END,STRAIGHT & LEVEL,DAYLIGHT,,,11/11/2019 11:53:29 AM,False,4433,Accepted,
25896779,0568000,LOUISVILLE METRO POLICE DEPT,Accepted,JEFFERSON,US0031,,CLARK MEMORIAL,BRG,,,,,,,,38.256720896,-85.753228158,0.033,11/7/2019 12:00:00 AM,0645,2,2,0,0,RAINING,WET,False,REAR END IN TRAFFIC LANES BOTH VEHICLES MOVING,REAR END,STRAIGHT & GRADE,DARK-HWY LIGHTED/ON,,,11/8/2019 8:49:40 AM,False,5199,Accepted,
25896780,0568000,LOUISVILLE METRO POLICE DEPT,Accepted,JEFFERSON,US0031W,,DIXIE,HWY,,,,,COFER,,OAK PARK,38.136785625,-85.843651802,11.093,11/7/2019 12:00:00 AM,1645,2,2,0,0,CLEAR,DRY,True,REAR END IN TRAFFIC LANES BOTH VEHICLES MOVING,REAR END,STRAIGHT & LEVEL,DARK (UNKNOWN ROADWAY LIGHTING),,,11/8/2019 8:50:01 AM,False,7483,Accepted,
25896640,0568000,LOUISVILLE METRO POLICE DEPT,Accepted,JEFFERSON,I 0065,,I65 N,,,,,,,,,38.157887383,-85.718395032,128.305,11/7/2019 12:00:00 AM,1343,2,2,0,0,RAINING,WET,False,REAR END IN TRAFFIC LANES BOTH VEHICLES MOVING,REAR END,STRAIGHT & LEVEL,DAYLIGHT,,,11/8/2019 8:29:19 AM,False,7839,Accepted,
25896614,0568000,LOUISVILLE METRO POLICE DEPT,Accepted,JEFFERSON,I 0264,,I264 W,,,,,,,,,38.211324163,-85.671177423,15.680,11/7/2019 12:00:00 AM,0726,3,3,0,0,RAINING,WET,False,REAR END IN TRAFFIC LANES BOTH VEHICLES MOVING,REAR END,STRAIGHT & LEVEL,DAWN,,,11/8/2019 8:25:14 AM,False,7306,Accepted,
25896615,0568000,LOUISVILLE METRO POLICE DEPT,Accepted,JEFFERSON,I 0264,,I264 W,,,,,,,,,38.191111128,-85.718315983,12.706,11/7/2019 12:00:00 AM,1212,3,3,0,0,RAINING,WET,False,REAR END IN TRAFFIC LANES BOTH VEHICLES MOVING,REAR END,STRAIGHT & LEVEL,DAYLIGHT,,,11/8/2019 8:25:31 AM,False,4903,Accepted,
25896653,0568000,LOUISVILLE METRO POLICE DEPT,Accepted,JEFFERSON,I 0065,,I65 N,,,,,I 0065,I65 N EXIT128 TRANSIT,I 0065,I65 N EXIT128 ON RAMP FROM KY1631,38.157023895,-85.717839473,128.239,11/7/2019 12:00:00 AM,0739,2,2,0,0,CLOUDY,WET,False,REAR END IN TRAFFIC LANES BOTH VEHICLES MOVING,REAR END,STRAIGHT & LEVEL,DAYLIGHT,,,11/8/2019 8:32:25 AM,False,7451,Accepted,
25896648,0568000,LOUISVILLE METRO POLICE DEPT,Accepted,JEFFERSON,I 0064,,I64 E,,,,,,,,,38.222688945,-85.517641691,18.325,11/7/2019 12:00:00 AM,0901,2,2,0,0,RAINING,WET,False,REAR END IN TRAFFIC LANES BOTH VEHICLES MOVING,REAR END,STRAIGHT & LEVEL,DAYLIGHT,,,11/8/2019 8:31:03 AM,False,7802,Accepted,
25896629,0568000,LOUISVILLE METRO POLICE DEPT,Accepted,JEFFERSON,I 0071,,I71 S,,,,,,,,,38.292449090,-85.639215306,5.525,11/7/2019 12:00:00 AM,1121,3,3,0,0,RAINING,WET,False,REAR END IN TRAFFIC LANES BOTH VEHICLES MOVING,REAR END,STRAIGHT & LEVEL,DAYLIGHT,,,11/8/2019 8:27:33 AM,False,7944,Accepted,
25896581,0568000,LOUISVILLE METRO POLICE DEPT,Accepted,JEFFERSON,I 0064,,I64 W,,,,,,,,,38.223741407,-85.533766051,17.332,11/7/2019 12:00:00 AM,0748,2,2,0,0,RAINING,WET,False,REAR END IN TRAFFIC LANES BOTH VEHICLES MOVING,REAR END,STRAIGHT & LEVEL,DAYLIGHT,,,11/8/2019 8:21:47 AM,False,2218,Accepted,
25913427,0568000,LOUISVILLE METRO POLICE DEPT,Accepted,JEFFERSON,I 0064,,I64 W,,,,,,,,,38.223444347,-85.523983434,17.923,11/7/2019 12:00:00 AM,0749,2,1,0,0,RAINING,WET,False,REAR END IN TRAFFIC LANES BOTH VEHICLES MOVING,REAR END,STRAIGHT & GRADE,DAYLIGHT,,,11/12/2019 1:46:28 PM,False,7802,Accepted,
25896748,0568000,LOUISVILLE METRO POLICE DEPT,Accepted,JEFFERSON,I 0071,,I71 N,,,,,,,,,38.299434845,-85.619248098,6.767,11/7/2019 12:00:00 AM,1939,1,1,0,1,CLOUDY,DRY,False,OTHER COLLISIONS ON SHOULDER,SINGLE VEHICLE,STRAIGHT & LEVEL,DARK-HWY NOT LIGHTED,,,11/8/2019 8:46:15 AM,False,2308,Accepted,
25958749,0568000,LOUISVILLE METRO POLICE DEPT,Accepted,JEFFERSON,KY1934,,CANE RUN,RD,,,,,LINDENWOOD,,TERRY,38.178180870,-85.861639325,7.196,11/7/2019 12:00:00 AM,0027,2,2,0,0,RAINING,WET,False,REAR END IN TRAFFIC LANES BOTH VEHICLES MOVING,REAR END,CURVE & LEVEL,DARK-HWY NOT LIGHTED,,,11/22/2019 9:29:22 AM,False,7980,Accepted,
25906800,0568000,LOUISVILLE METRO POLICE DEPT,Accepted,JEFFERSON,I 0065,,I65 N,,,,,,,,,38.206739074,-85.748461007,132.402,11/7/2019 12:00:00 AM,1635,2,2,0,0,CLOUDY,DRY,False,REAR END IN TRAFFIC LANES BOTH VEHICLES MOVING,REAR END,CURVE & LEVEL,DAYLIGHT,,,11/11/2019 8:35:01 AM,False,2217,Accepted,
25917026,0568000,LOUISVILLE METRO POLICE DEPT,Accepted,JEFFERSON,KY1727,7016,TERRY,RD,,,,,,,,38.146495205,-85.871561840,1.718,11/7/2019 12:00:00 AM,1436,2,2,0,0,CLEAR,DRY,False,REAR END IN TRAFFIC LANES BOTH VEHICLES MOVING,REAR END,STRAIGHT & LEVEL,DAYLIGHT,,,11/13/2019 9:47:56 AM,False,7524,Accepted,
25896635,0568000,LOUISVILLE METRO POLICE DEPT,Accepted,JEFFERSON,US0060,,SHELBYVILLE,RD,,,,,WICKFIELD,,BECKLEY STATION,38.238713497,-85.486875929,12.972,11/7/2019 12:00:00 AM,1445,1,1,0,0,RAINING,WET,False,OTHER COLLISIONS ON SHOULDER,SINGLE VEHICLE,STRAIGHT & GRADE,DAYLIGHT,,,11/8/2019 8:28:18 AM,False,6406,Accepted,
25896706,0568000,LOUISVILLE METRO POLICE DEPT,Accepted,JEFFERSON,KY0155,,TAYLORSVILLE,RD,,,,,MCMAHAN,,HIKES,38.219524333,-85.621192497,13.073,11/7/2019 12:00:00 AM,1235,2,2,0,0,RAINING,WET,False,HEAD-ON COLLISION,HEAD ON,STRAIGHT & LEVEL,DAYLIGHT,,,11/8/2019 8:41:35 AM,False,7482,Accepted,
25896738,0568000,LOUISVILLE METRO POLICE DEPT,Accepted,JEFFERSON,KY1865,,TAYLOR,BLVD,,,,,,,,38.184717021,-85.784005454,5.395,11/7/2019 12:00:00 AM,0700,2,2,0,0,RAINING,WET,False,HEAD-ON COLLISION,HEAD ON,STRAIGHT & LEVEL,DAYLIGHT,,,11/8/2019 8:45:25 AM,False,7560,Accepted,
25917053,0568000,LOUISVILLE METRO POLICE DEPT,Accepted,JEFFERSON,I 0264,,I264 E,,,,,,,,,38.242715090,-85.621622918,19.264,11/7/2019 12:00:00 AM,1630,2,2,0,0,CLOUDY,DRY,True,SIDESWIPE COLLISION - SAME DIRECTION,SIDESWIPE-SAME DIRECTION,STRAIGHT & LEVEL,DAYLIGHT,,,11/13/2019 9:51:33 AM,False,7628,Accepted,
25975264,0568000,LOUISVILLE METRO POLICE DEPT,Accepted,JEFFERSON,KY0864,,FEGENBUSH,LN,,,FENWICK,,,,,38.155119193,-85.636596133,6.074,11/7/2019 12:00:00 AM,1530,2,2,0,0,RAINING,WET,False,HEAD-ON COLLISION,HEAD ON,CURVE & HILLCREST,DAYLIGHT,,,11/26/2019 8:26:20 AM,False,7289,Accepted,
25906810,0568000,LOUISVILLE METRO POLICE DEPT,Accepted,JEFFERSON,I 0065,,I65 S,,,,,,,,,38.212055932,-85.752964889,132.894,11/7/2019 12:00:00 AM,0740,3,3,0,0,RAINING,WATER (STANDING OR MOVING),False,SIDESWIPE COLLISION - SAME DIRECTION,SIDESWIPE-SAME DIRECTION,STRAIGHT & LEVEL,DAYLIGHT,,,11/11/2019 8:36:37 AM,False,4903,Accepted,
25917030,0568000,LOUISVILLE METRO POLICE DEPT,Accepted,JEFFERSON,US0031E,,BARDSTOWN,RD,,,,,,,,38.205501351,-85.666441573,11.551,11/7/2019 12:00:00 AM,0920,2,2,0,0,RAINING,WET,False,SIDESWIPE COLLISION - SAME DIRECTION,SIDESWIPE-SAME DIRECTION,STRAIGHT & LEVEL,DAYLIGHT,,,11/13/2019 9:48:31 AM,False,7497,Accepted,
25896768,0568000,LOUISVILLE METRO POLICE DEPT,Accepted,JEFFERSON,I 0065,,I65 S,,,,,,,,,38.213459974,-85.752698207,132.992,11/7/2019 12:00:00 AM,2036,2,2,0,0,CLEAR,DRY,True,SIDESWIPE COLLISION - SAME DIRECTION,SIDESWIPE-SAME DIRECTION,STRAIGHT & LEVEL,DARK-HWY LIGHTED/ON,,,11/8/2019 8:47:25 AM,False,5252,Accepted,
25896583,0568000,LOUISVILLE METRO POLICE DEPT,Accepted,JEFFERSON,,,40TH,ST,S,,,,DOERHOEFER,,BROADWAY,38.248926170,-85.817889924,0.822,11/7/2019 12:00:00 AM,0844,2,2,0,0,RAINING,WET,False,1 VEHICLE PARKED POSITION (NOT PARKING LOT/DRIVEWAY),HEAD ON,STRAIGHT & LEVEL,DAYLIGHT,,,11/8/2019 8:22:22 AM,False,7458,Accepted,
25896766,0568000,LOUISVILLE METRO POLICE DEPT,Accepted,JEFFERSON,,6804,CREEDMOOR,CT,,,,,,,,38.126289554,-85.635540100,0.069,11/7/2019 12:00:00 AM,2019,2,2,0,0,CLEAR,DRY,False,1 VEHICLE PARKED POSITION (NOT PARKING LOT/DRIVEWAY),BACKING,STRAIGHT & GRADE,DARK-HWY LIGHTED/OFF,,,11/8/2019 8:46:43 AM,False,7449,Accepted,
25896736,0568000,LOUISVILLE METRO POLICE DEPT,Accepted,JEFFERSON,US0031E,,BARDSTOWN,RD,,,,,,,,38.151313824,-85.587914077,5.659,11/7/2019 12:00:00 AM,1910,2,2,0,0,CLOUDY,DRY,False,REAR END IN TRAFFIC LANES BOTH VEHICLES MOVING,REAR END,STRAIGHT & LEVEL,DARK-HWY LIGHTED/ON,,,11/8/2019 8:44:48 AM,False,7255,Accepted,
25896710,0568000,LOUISVILLE METRO POLICE DEPT,Accepted,JEFFERSON,KY1065,,OUTER,LOOP,,,,,,,,38.136160531,-85.697788367,5.430,11/7/2019 12:00:00 AM,1840,2,2,0,0,CLEAR,DRY,False,REAR END IN TRAFFIC LANES BOTH VEHICLES MOVING,REAR END,STRAIGHT & LEVEL,DARK-HWY NOT LIGHTED,,,11/8/2019 8:42:51 AM,False,7955,Accepted,
25896686,0568000,LOUISVILLE METRO POLICE DEPT,Accepted,JEFFERSON,,,BUSH FARM,RD,,,,,,,,38.273182842,-85.488376136,0.623,11/7/2019 12:00:00 AM,0739,2,2,0,1,RAINING,WET,False,REAR END IN TRAFFIC LANES BOTH VEHICLES MOVING,REAR END,STRAIGHT & GRADE,DAYLIGHT,,,11/8/2019 8:36:49 AM,False,7858,Accepted,
25896668,0568000,LOUISVILLE METRO POLICE DEPT,Accepted,JEFFERSON,I 0065,,I65 N,,,,,I 0065,I65 N EXIT135 OFF RAMP TO  E SAINT CATHERINE ST,I 0065,I65 N EXIT135 ON RAMP FROM  E SAINT CATHERINE ST,38.234021256,-85.750869821,134.426,11/7/2019 12:00:00 AM,0853,2,2,0,0,RAINING,WET,False,REAR END IN TRAFFIC LANES BOTH VEHICLES MOVING,REAR END,STRAIGHT & LEVEL,DAYLIGHT,,,11/8/2019 8:34:18 AM,False,5279,Accepted,
25896660,0568000,LOUISVILLE METRO POLICE DEPT,Accepted,JEFFERSON,KY1747,,HURSTBOURNE,PKWY,,,,,,,,38.163007226,-85.612612287,6.869,11/7/2019 12:00:00 AM,1610,2,2,0,0,CLOUDY,WET,False,REAR END IN TRAFFIC LANES BOTH VEHICLES MOVING,REAR END,STRAIGHT & LEVEL,DAYLIGHT,,,11/8/2019 8:33:18 AM,False,4693,Accepted,
25896658,0568000,LOUISVILLE METRO POLICE DEPT,Accepted,JEFFERSON,KY1065,,OUTER,LOOP,,,,,,,,38.136142007,-85.697207148,5.476,11/7/2019 12:00:00 AM,1302,2,2,0,0,RAINING,WET,False,REAR END IN TRAFFIC LANES BOTH VEHICLES MOVING,REAR END,STRAIGHT & LEVEL,DAYLIGHT,,,11/8/2019 8:32:48 AM,False,4693,Accepted,
25891788,0568000,LOUISVILLE METRO POLICE DEPT,Accepted,JEFFERSON,I 0264,,I264 E,,,,,,,,,38.189962358,-85.761698568,10.325,11/7/2019 12:00:00 AM,0702,2,2,0,0,RAINING,WET,False,REAR END IN TRAFFIC LANES BOTH VEHICLES MOVING,REAR END,STRAIGHT & LEVEL,DARK-HWY LIGHTED/ON,,,11/7/2019 8:50:04 AM,False,4903,Accepted,
25910860,0568000,LOUISVILLE METRO POLICE DEPT,Accepted,JEFFERSON,,,11TH,ST,S,,,,CHESTNUT,,MUHAMMAD ALI,38.251434974,-85.769394498,0.452,11/7/2019 12:00:00 AM,0700,2,2,0,0,CLEAR,DRY,True,1 VEHICLE ENTERING/LEAVING ENTRANCE,ANGLE,STRAIGHT & LEVEL,DAYLIGHT,,,11/12/2019 7:49:18 AM,False,5251,Accepted,
25896656,0568000,LOUISVILLE METRO POLICE DEPT,Accepted,JEFFERSON,KY2052,,SHEPHERDSVILLE,RD,,,,,,,,38.139722474,-85.657718496,0.051,11/7/2019 12:00:00 AM,1246,2,2,0,0,RAINING,WET,False,1 VEHICLE ENTERING/LEAVING ENTRANCE,ANGLE,STRAIGHT & LEVEL,DAYLIGHT,,,11/8/2019 8:32:37 AM,False,4693,Accepted,
25893352,0561000,JEFFERSONTOWN POLICE DEPT,Accepted,JEFFERSON,KY1747,,HURSTBOURNE,PKWY,S,,,KY6159,BLUEGRASS PKWY ACCESS,I 0064,I64 E EXIT15 ON RAMP FROM KY1747 N,38.221551797,-85.579649268,11.767,11/7/2019 12:00:00 AM,0920,4,4,0,0,RAINING,WET,False,1 VEHICLE ENTERING/LEAVING ENTRANCE,ANGLE,STRAIGHT & LEVEL,DAYLIGHT,,,11/7/2019 1:43:07 PM,False,8291,Accepted,
25896663,0568000,LOUISVILLE METRO POLICE DEPT,Accepted,JEFFERSON,KY6302,,OLD KY 61 RD,,,,,,,,,38.086231019,-85.668096170,0.190,11/7/2019 12:00:00 AM,1733,2,2,0,0,CLOUDY,DRY,False,1 VEHICLE ENTERING/LEAVING ENTRANCE,ANGLE,STRAIGHT & LEVEL,DARK-HWY LIGHTED/ON,,,11/8/2019 8:33:43 AM,False,4693,Accepted,
25896646,0568000,LOUISVILLE METRO POLICE DEPT,Accepted,JEFFERSON,,,GILMORE,LN,,,,,HELCK,,CRAFTY,38.176433306,-85.709986489,0.198,11/7/2019 12:00:00 AM,1635,2,2,0,0,CLOUDY,WET,False,1 VEHICLE ENTERING/LEAVING ENTRANCE,ANGLE,STRAIGHT & LEVEL,DAYLIGHT,,,11/8/2019 8:30:41 AM,False,7830,Accepted,
25906793,0568000,LOUISVILLE METRO POLICE DEPT,Accepted,JEFFERSON,I 0064,,I64 W,,,,,I 0064,I64 W EXIT10 OFF RAMP TO KY2048,I 0064,I264 W EXIT19 RAMP FROM I264 W,38.235419403,-85.653577220,10.575,11/7/2019 12:00:00 AM,1756,2,2,0,0,CLEAR,DRY,False,OTHER ROADWAY OR MID-BLOCK COLLISION,REAR END,STRAIGHT & LEVEL,DARK-HWY LIGHTED/ON,,,11/11/2019 8:33:04 AM,False,7043,Accepted,
25896699,0568000,LOUISVILLE METRO POLICE DEPT,Accepted,JEFFERSON,US0150,,BROADWAY,,W,,,,1ST,US0150,BROADWAY,38.245843322,-85.754307774,2.602,11/7/2019 12:00:00 AM,1800,3,3,0,0,RAINING,WET,False,1 VEHICLE ENTERING/LEAVING ENTRANCE,ANGLE,STRAIGHT & LEVEL,DARK-HWY LIGHTED/ON,,,11/8/2019 8:39:54 AM,False,2403,Accepted,
25896649,0568000,LOUISVILLE METRO POLICE DEPT,Accepted,JEFFERSON,,,STRAWBERRY,LN,,,,,,,,38.158854588,-85.763820889,0.069,11/7/2019 12:00:00 AM,1432,2,2,0,0,CLOUDY,WET,False,1 VEHICLE ENTERING/LEAVING ENTRANCE,ANGLE,STRAIGHT & LEVEL,DAYLIGHT,,,11/8/2019 8:31:21 AM,False,7234,Accepted,
25891782,0568000,LOUISVILLE METRO POLICE DEPT,Accepted,JEFFERSON,I 0071,,I71 N,,,,,,,,,38.289401446,-85.648491159,4.978,11/7/2019 12:00:00 AM,0513,1,1,0,0,RAINING,WET,False,OTHER ROADWAY OR MID-BLOCK COLLISION,SINGLE VEHICLE,CURVE & LEVEL,DARK-HWY NOT LIGHTED,,,11/7/2019 8:49:11 AM,False,5128,Accepted,
25896437,0560300,ST. MATTHEWS POLICE DEPARTMENT,Accepted,JEFFERSON,I 0064,,I64 W,,,,,I 0064,I264 W EXIT19 RAMP FROM I264 W,I 0064,I64 W EXIT10 OFF RAMP TO KY2048,38.237451158,-85.630083637,11.872,11/7/2019 12:00:00 AM,1442,1,1,0,1,RAINING,WET,False,OTHER ROADWAY OR MID-BLOCK COLLISION,SINGLE VEHICLE,STRAIGHT & LEVEL,DAYLIGHT,,,11/8/2019 7:42:08 AM,False,9171,Accepted,
25896630,0568000,LOUISVILLE METRO POLICE DEPT,Accepted,JEFFERSON,I 0065,,,,,,,,,,,38.116809700,-85.702719326,0.144,11/7/2019 12:00:00 AM,1418,1,1,0,0,RAINING,WET,False,COLLISION WITH FIXED OBJECT NOT IN GORE ,SINGLE VEHICLE,CURVE & GRADE,DAYLIGHT,I 0065,I 0065,11/8/2019 8:27:47 AM,False,7944,Accepted,
25896769,0568000,LOUISVILLE METRO POLICE DEPT,Accepted,JEFFERSON,I 0264,,,,,,,,,,,38.191173356,-85.764639609,0.241,11/7/2019 12:00:00 AM,2004,3,3,0,3,CLEAR,DRY,False,OTHER RAMP RELATED COLLISIONS NOT LISTED ABOVE,REAR END,STRAIGHT & GRADE,DARK-HWY LIGHTED/ON,I 0264,KY1020,11/8/2019 8:47:34 AM,False,5252,Accepted,
25896619,0568000,LOUISVILLE METRO POLICE DEPT,Accepted,JEFFERSON,I 0264,,,,,,,,,,,38.190241605,-85.760681241,0.008,11/7/2019 12:00:00 AM,1221,2,2,0,0,RAINING,WET,False,OTHER RAMP RELATED COLLISIONS NOT LISTED ABOVE,REAR END,STRAIGHT & LEVEL,DAYLIGHT,I 0264,KY1020,11/8/2019 8:26:24 AM,False,7839,Accepted,
25896645,0568000,LOUISVILLE METRO POLICE DEPT,Accepted,JEFFERSON,I 0064,,,,,,,,,,,38.259770148,-85.741804891,0.934,11/7/2019 12:00:00 AM,1615,2,2,0,0,RAINING,WET,False,OTHER RAMP RELATED COLLISIONS NOT LISTED ABOVE,SIDESWIPE-SAME DIRECTION,CURVE & HILLCREST,DAYLIGHT,I 0064,I 0065,11/8/2019 8:30:25 AM,False,2403,Accepted,
25896737,0568000,LOUISVILLE METRO POLICE DEPT,Accepted,JEFFERSON,,520,35TH,ST,N,,,,,,,38.272398587,-85.804369449,0.156,11/7/2019 12:00:00 AM,1814,2,2,0,0,CLOUDY,DRY,True,COLLISION IN PARKING LOT,REAR END,STRAIGHT & LEVEL,DARK-HWY LIGHTED/ON,,,11/8/2019 8:45:10 AM,False,7148,Accepted,
25907132,0568000,LOUISVILLE METRO POLICE DEPT,Accepted,JEFFERSON,I 0264,,,,,,,,,,,38.189644911,-85.763608371,0.079,11/7/2019 12:00:00 AM,0802,2,2,0,0,RAINING,WET,False,OTHER RAMP RELATED COLLISIONS NOT LISTED ABOVE,ANGLE,CURVE & LEVEL,DAYLIGHT,KY1020,I 0264,11/11/2019 9:04:00 AM,False,7301,Accepted,
25896624,0568000,LOUISVILLE METRO POLICE DEPT,Accepted,JEFFERSON,KY0022,,BROWNSBORO,RD,,,,,WARRINGTON,I 0264,I264 E EXIT22 OFF RAMP TO KY22,38.281212529,-85.632894204,0.079,11/7/2019 12:00:00 AM,0735,3,3,0,0,RAINING,WET,False,OTHER ROADWAY OR MID-BLOCK COLLISION,REAR END,STRAIGHT & LEVEL,DAWN,,,11/8/2019 8:27:13 AM,False,2969,Accepted,
25896650,0568000,LOUISVILLE METRO POLICE DEPT,Accepted,JEFFERSON,US0031E,,BARDSTOWN,RD,,,,I 0265,I265 E EXIT17 OFF RAMP TO US31E,,BARTLEY,38.138825833,-85.581938128,4.717,11/7/2019 12:00:00 AM,1616,3,3,0,0,CLOUDY,WET,True,OTHER ROADWAY OR MID-BLOCK COLLISION,REAR END,STRAIGHT & LEVEL,DAYLIGHT,,,11/8/2019 8:31:37 AM,False,7278,Accepted,
25896760,0568000,LOUISVILLE METRO POLICE DEPT,Accepted,JEFFERSON,KY1065,,OUTER,LOOP,,,,,CANDLEWORTH,KY1865,NEW CUT,38.126803945,-85.781043333,0.756,11/7/2019 12:00:00 AM,2301,2,2,0,0,CLEAR,DRY,True,OTHER ROADWAY OR MID-BLOCK COLLISION,REAR END,,DARK-HWY NOT LIGHTED,,,11/8/2019 8:46:22 AM,False,7957,Accepted,
25896651,0568000,LOUISVILLE METRO POLICE DEPT,Accepted,JEFFERSON,KY1747,4500B,HURSTBOURNE,PKWY,S,,,,,,,38.189308743,-85.605208544,8.947,11/6/2019 12:00:00 AM,1600,2,2,0,0,CLEAR,DRY,False,OTHER ROADWAY OR MID-BLOCK COLLISION,REAR END,STRAIGHT & LEVEL,DAYLIGHT,,,11/8/2019 8:31:49 AM,False,7739,Accepted,
25896627,0568000,LOUISVILLE METRO POLICE DEPT,Accepted,JEFFERSON,I 0265,,I265 E,,,,,,,,,38.141592630,-85.569454750,18.058,11/6/2019 12:00:00 AM,1642,2,2,0,1,RAINING,WET,False,OTHER ROADWAY OR MID-BLOCK COLLISION,REAR END,STRAIGHT & GRADE,DAYLIGHT,,,11/8/2019 8:27:23 AM,False,7944,Accepted,
25896724,0568000,LOUISVILLE METRO POLICE DEPT,Accepted,JEFFERSON,KY1020,,NATIONAL,TPKE,,,,,,,,38.116852568,-85.747916534,3.014,11/6/2019 12:00:00 AM,1748,2,2,0,0,RAINING,WET,False,OTHER ROADWAY OR MID-BLOCK COLLISION,REAR END,STRAIGHT & LEVEL,DARK-HWY LIGHTED/ON,,,11/8/2019 8:44:08 AM,False,7221,Accepted,
26157069,0568000,LOUISVILLE METRO POLICE DEPT,Accepted,JEFFERSON,I 0065,,,,,,,,,,,38.180715863,-85.720559142,0.299,11/6/2019 12:00:00 AM,1509,2,2,0,0,CLOUDY,DRY,False,OTHER RAMP RELATED COLLISIONS NOT LISTED ABOVE,REAR END,STRAIGHT & LEVEL,DAYLIGHT,KY0061,I 0065,1/8/2020 8:18:56 AM,False,7830,Accepted,