IncidentID,AgencyORI,AgencyName,IncidentStatusDesc,County,RdwyNumber,Street,RoadwayName,StreetSfx,StreetDir,IntersectionRdwy,IntersectionRdwyName,BetweenStRdwy1,BetweenStRdwyName1,BetweenStRdwy2,BetweenStRdwyName2,Latitude,Longitude,Milepoint,CollisionDate,CollisionTime,UnitsInvolved,MotorVehiclesInvolved,NumberKilled,NumberInjured,Weather,RdwyConditionCode,HitandRun,DirAnalysisCode,MannerofCollision,RdwyCharacter,LightCondition,RampFromRdwyId,RampToRdwyId,AcceptedDate,IsSecondaryCollision,OwnerBadge,IncidentStatus,
25896636,0568000,LOUISVILLE METRO POLICE DEPT,Accepted,JEFFERSON,I 0065,,,,,,,,,,,38.253120602,-85.750495709,0.084,11/6/2019 12:00:00 AM,1715,2,2,0,0,CLEAR,DRY,False,OTHER RAMP RELATED COLLISIONS NOT LISTED ABOVE,SIDESWIPE-SAME DIRECTION,STRAIGHT & LEVEL,DAYLIGHT,I 0065,E JEFFERSON ST,11/8/2019 8:28:34 AM,False,2403,Accepted,
25891723,0568000,LOUISVILLE METRO POLICE DEPT,Accepted,JEFFERSON,,7100,GRADE,LN,,,,,KNOPP,,MELTON,38.146113361,-85.737529180,2.926,11/6/2019 12:00:00 AM,1740,1,1,0,0,CLOUDY,WET,True,COLLISION IN PARKING LOT,SINGLE VEHICLE,STRAIGHT & LEVEL,DAYLIGHT,,,11/7/2019 8:45:04 AM,False,6360,Accepted,
25891323,0566900,LOUISVILLE AIRPORT POLICE,Accepted,JEFFERSON,,,TERMINAL,DR,,,,,,,,38.186518189,-85.741834212,0.302,11/6/2019 12:00:00 AM,1621,2,2,0,0,CLOUDY,DRY,True,COLLISION IN PARKING LOT,BACKING,STRAIGHT & LEVEL,DAYLIGHT,,,11/7/2019 7:23:17 AM,False,5842,Accepted,
25891640,0568000,LOUISVILLE METRO POLICE DEPT,Accepted,JEFFERSON,US0060A,3340,TAYLOR,BLVD,,,,,OLEANDA,,SOUTHGATE,38.201233020,-85.782429417,1.842,11/6/2019 12:00:00 AM,0835,2,2,0,0,CLEAR,DRY,False,OTHER ROADWAY OR MID-BLOCK COLLISION,OPPOSING LEFT TURN,STRAIGHT & LEVEL,DAWN,,,11/7/2019 8:33:00 AM,False,5204,Accepted,
25887664,0568000,LOUISVILLE METRO POLICE DEPT,Accepted,JEFFERSON,US0031,,CLARK MEMORIAL,BRG,,,,,,,,38.262529928,-85.751915036,0.440,11/6/2019 12:00:00 AM,0806,2,2,0,0,CLEAR,DRY,False,OTHER ROADWAY OR MID-BLOCK COLLISION,REAR END,STRAIGHT & GRADE,DAYLIGHT,,,11/6/2019 12:55:08 PM,False,7386,Accepted,
25887681,0568000,LOUISVILLE METRO POLICE DEPT,Accepted,JEFFERSON,,,HIKES,LN,,,,,HUNSINGER,KY1932,BRECKENRIDGE,38.218540491,-85.627958673,3.073,11/6/2019 12:00:00 AM,0823,2,2,0,1,CLEAR,DRY,True,OTHER ROADWAY OR MID-BLOCK COLLISION,REAR END,STRAIGHT & LEVEL,DAYLIGHT,,,11/6/2019 12:59:22 PM,False,7482,Accepted,
25906791,0568000,LOUISVILLE METRO POLICE DEPT,Accepted,JEFFERSON,I 0265,,I265 S,,,,,I 0265,I265 S EXIT30 ON RAMP FROM KY146,I 0265,I265 S EXIT29 OFF RAMP TO KY3084,38.278571275,-85.500411414,29.337,11/6/2019 12:00:00 AM,1027,1,1,0,1,CLEAR,DRY,False,OTHER ROADWAY OR MID-BLOCK COLLISION,SINGLE VEHICLE,STRAIGHT & LEVEL,DAYLIGHT,,,11/11/2019 8:32:53 AM,False,6926,Accepted,
25896739,0568000,LOUISVILLE METRO POLICE DEPT,Accepted,JEFFERSON,I 0265,,I265 S,,,,,I 0265,I265 S EXIT27 OFF RAMP TO US60,I 0265,I265 S EXIT27 ON RAMP FROM US60,38.242707508,-85.503795920,26.828,11/6/2019 12:00:00 AM,1907,3,3,0,0,CLOUDY,WET,False,OTHER ROADWAY OR MID-BLOCK COLLISION,REAR END,STRAIGHT & LEVEL,DARK-HWY LIGHTED/ON,,,11/8/2019 8:45:34 AM,False,2308,Accepted,
25906893,0568000,LOUISVILLE METRO POLICE DEPT,Accepted,JEFFERSON,,8509,ROBBINS,RD,,,,,,,,38.129024336,-85.859171962,0.104,11/6/2019 12:00:00 AM,0126,1,1,0,1,CLEAR,DRY,False,OTHER ROADWAY OR MID-BLOCK COLLISION,SINGLE VEHICLE,STRAIGHT & LEVEL,DARK-HWY LIGHTED/OFF,,,11/11/2019 8:47:00 AM,False,7264,Accepted,
25886151,0568000,LOUISVILLE METRO POLICE DEPT,Accepted,JEFFERSON,US0060,,SHELBYVILLE,RD,,,,,,,,38.246573288,-85.578011064,7.795,11/6/2019 12:00:00 AM,0148,1,1,0,0,CLEAR,DRY,False,OTHER ROADWAY OR MID-BLOCK COLLISION,SINGLE VEHICLE,STRAIGHT & LEVEL,DARK-HWY LIGHTED/ON,,,11/6/2019 8:28:27 AM,False,7330,Accepted,
25891701,0568000,LOUISVILLE METRO POLICE DEPT,Accepted,JEFFERSON,,,3RD,ST,N,,,,,,,38.257368096,-85.754740814,0.063,11/6/2019 12:00:00 AM,1602,2,2,0,0,CLOUDY,DRY,False,1 VEHICLE ENTERING/LEAVING ENTRANCE,ANGLE,STRAIGHT & GRADE,DAYLIGHT,,,11/7/2019 8:42:29 AM,False,5173,Accepted,
25907068,0568000,LOUISVILLE METRO POLICE DEPT,Accepted,JEFFERSON,KY2052,6800,SHEPHERDSVILLE,RD,,,,,,,,38.183891003,-85.659646414,3.128,11/6/2019 12:00:00 AM,1530,2,2,0,0,CLEAR,DRY,True,SIDESWIPE COLLISION - OPPOSITE DIRECTION,SIDESWIPE-OPPOSITE DIRECTION,,DAYLIGHT,,,11/11/2019 9:00:40 AM,False,7289,Accepted,
25908754,0564400,INDIAN HILLS POLICE DEPARTMENT,Accepted,JEFFERSON,US0042,,BROWNSBORO,RD,,,,,LOTIS,KY1932,CHENOWETH,38.265578022,-85.666786617,3.837,11/6/2019 12:00:00 AM,0905,2,2,0,1,CLEAR,DRY,False,1 VEHICLE ENTERING/LEAVING ENTRANCE,ANGLE,STRAIGHT & LEVEL,DAYLIGHT,,,11/11/2019 4:45:06 PM,False,4422,Accepted,
25891745,0568000,LOUISVILLE METRO POLICE DEPT,Accepted,JEFFERSON,KY0841,,GENE SNYDER,FWY,,,,,,,,38.117793941,-85.741017910,7.962,11/6/2019 12:00:00 AM,2312,3,3,0,1,RAINING,WET,False,REAR END IN TRAFFIC LANES BOTH VEHICLES MOVING,REAR END,STRAIGHT & LEVEL,DARK-HWY LIGHTED/OFF,,,11/7/2019 8:46:45 AM,False,7786,Accepted,
25891697,0568000,LOUISVILLE METRO POLICE DEPT,Accepted,JEFFERSON,I 0264,,I264 W,,,,,,,,,38.281794205,-85.638616834,22.261,11/6/2019 12:00:00 AM,1732,2,2,0,0,RAINING,WET,False,REAR END IN TRAFFIC LANES BOTH VEHICLES MOVING,REAR END,STRAIGHT & LEVEL,DUSK,,,11/7/2019 8:41:50 AM,False,7433,Accepted,
25891654,0568000,LOUISVILLE METRO POLICE DEPT,Accepted,JEFFERSON,KY1819,,BILLTOWN,RD,,,,,,,,38.161781814,-85.565761181,6.771,11/6/2019 12:00:00 AM,1318,2,2,0,0,CLOUDY,DRY,False,REAR END IN TRAFFIC LANES BOTH VEHICLES MOVING,REAR END,STRAIGHT & LEVEL,DAYLIGHT,,,11/7/2019 8:35:54 AM,False,4693,Accepted,
25896577,0568000,LOUISVILLE METRO POLICE DEPT,Accepted,JEFFERSON,I 0071,,I71 S,,,,,I 0071,I71 TURN AROUND6,I 0071,I71 TURN AROUND8,38.302322204,-85.607093610,7.441,11/6/2019 12:00:00 AM,1725,4,4,0,1,RAINING,WET,False,REAR END IN TRAFFIC LANES BOTH VEHICLES MOVING,REAR END,STRAIGHT & LEVEL,DARK-HWY LIGHTED/OFF,,,11/8/2019 8:20:10 AM,False,6929,Accepted,
25887666,0568000,LOUISVILLE METRO POLICE DEPT,Accepted,JEFFERSON,I 0265,,I265 S,,,,,,,,,38.314668823,-85.581854997,34.703,11/6/2019 12:00:00 AM,0724,2,2,0,0,CLEAR,DRY,False,REAR END IN TRAFFIC LANES BOTH VEHICLES MOVING,REAR END,STRAIGHT & LEVEL,DAYLIGHT,,,11/6/2019 12:55:21 PM,False,4903,Accepted,
25891655,0568000,LOUISVILLE METRO POLICE DEPT,Accepted,JEFFERSON,KY1747,,FERN VALLEY,RD,,,,,,,,38.157264280,-85.714097858,0.992,11/6/2019 12:00:00 AM,1658,2,2,0,0,RAINING,WET,True,REAR END IN TRAFFIC LANES BOTH VEHICLES MOVING,REAR END,STRAIGHT & LEVEL,DAYLIGHT,,,11/7/2019 8:36:11 AM,False,4693,Accepted,
25891678,0568000,LOUISVILLE METRO POLICE DEPT,Accepted,JEFFERSON,I 0265,,I265 W,,,,,I 0265,I265 W EXIT23 OFF RAMP TO KY155,I 0064,I64 E EXIT19A RAMP TO I265 S,38.193696036,-85.508818166,23.436,11/6/2019 12:00:00 AM,1721,2,2,0,0,RAINING,WET,False,REAR END IN TRAFFIC LANES BOTH VEHICLES MOVING,REAR END,STRAIGHT & LEVEL,DUSK,,,11/7/2019 8:38:11 AM,False,7278,Accepted,
25896676,0568000,LOUISVILLE METRO POLICE DEPT,Accepted,JEFFERSON,KY1747,,HURSTBOURNE,PKWY,N,,,,,,,38.305012003,-85.577270443,18.401,11/6/2019 12:00:00 AM,1517,2,2,0,0,CLOUDY,DRY,False,REAR END IN TRAFFIC LANES BOTH VEHICLES MOVING,REAR END,STRAIGHT & LEVEL,DAYLIGHT,,,11/8/2019 8:36:03 AM,False,7858,Accepted,
25896685,0568000,LOUISVILLE METRO POLICE DEPT,Accepted,JEFFERSON,I 0265,,I265 N,,,,,,,,,38.249162943,-85.502961948,27.310,11/6/2019 12:00:00 AM,1126,2,2,0,0,CLEAR,DRY,True,REAR END IN TRAFFIC LANES BOTH VEHICLES MOVING,REAR END,STRAIGHT & LEVEL,DAYLIGHT,,,11/8/2019 8:36:41 AM,False,7858,Accepted,
25896644,0568000,LOUISVILLE METRO POLICE DEPT,Accepted,JEFFERSON,,,28TH,ST,S,,,,MAGAZINE,,ELLIOTT,38.251793382,-85.797915555,0.644,11/6/2019 12:00:00 AM,2100,2,2,0,0,SNOWING,WET,True,1 VEHICLE PARKED POSITION (NOT PARKING LOT/DRIVEWAY),ANGLE,STRAIGHT & LEVEL,DARK (UNKNOWN ROADWAY LIGHTING),,,11/8/2019 8:30:16 AM,False,7805,Accepted,
25891660,0568000,LOUISVILLE METRO POLICE DEPT,Accepted,JEFFERSON,,525,20TH,ST,N,,,,,,,38.265990541,-85.781365870,0.058,11/6/2019 12:00:00 AM,1017,2,2,0,1,CLEAR,DRY,False,1 VEHICLE PARKED POSITION (NOT PARKING LOT/DRIVEWAY),HEAD ON,STRAIGHT & LEVEL,DAYLIGHT,,,11/7/2019 8:36:48 AM,False,7405,Accepted,
25891685,0568000,LOUISVILLE METRO POLICE DEPT,Accepted,JEFFERSON,KY0061,,JACKSON,ST,S,,,,BRECKINRIDGE,,LAMPTON,38.241323398,-85.746252222,12.023,11/6/2019 12:00:00 AM,1800,2,2,0,0,RAINING,WET,False,1 VEHICLE PARKED POSITION (NOT PARKING LOT/DRIVEWAY),SIDESWIPE-SAME DIRECTION,STRAIGHT & LEVEL,DARK (UNKNOWN ROADWAY LIGHTING),,,11/7/2019 8:38:30 AM,False,5279,Accepted,
25891695,0568000,LOUISVILLE METRO POLICE DEPT,Accepted,JEFFERSON,I 0264,,I264 W,,,,,,,,,38.221840484,-85.650451389,17.024,11/6/2019 12:00:00 AM,1825,2,2,0,0,RAINING,WET,False,SIDESWIPE COLLISION - SAME DIRECTION,SIDESWIPE-SAME DIRECTION,STRAIGHT & LEVEL,DARK-HWY LIGHTED/ON,,,11/7/2019 8:41:17 AM,False,7497,Accepted,
25891787,0568000,LOUISVILLE METRO POLICE DEPT,Accepted,JEFFERSON,KY0841,,GENE SNYDER,FWY,,,,US0031W,US31W RAMP FROM KY841,KY0841,KY841 RAMP FROM  STONESTREET RD,38.091238598,-85.869403280,0.354,11/6/2019 12:00:00 AM,1355,2,2,0,0,CLEAR,DRY,True,SIDESWIPE COLLISION - SAME DIRECTION,SIDESWIPE-SAME DIRECTION,STRAIGHT & LEVEL,DAYLIGHT,,,11/7/2019 8:49:47 AM,False,5250,Accepted,
25891705,0568000,LOUISVILLE METRO POLICE DEPT,Accepted,JEFFERSON,I 0065,,I65 N,,,,,I 0065,I65 N EXIT134 ON RAMP FROM US61,I 0065,I65 N EXIT134A OFF RAMP TO KY61,38.225607659,-85.751320089,133.842,11/6/2019 12:00:00 AM,1825,2,2,0,0,RAINING,WET,False,SIDESWIPE COLLISION - SAME DIRECTION,SIDESWIPE-SAME DIRECTION,STRAIGHT & HILLCREST,DARK-HWY LIGHTED/ON,,,11/7/2019 8:43:08 AM,False,7527,Accepted,
25891728,0568000,LOUISVILLE METRO POLICE DEPT,Accepted,JEFFERSON,I 0064,,I64 E EXIT12 TRANSIT,,,,,,,,,38.237738462,-85.624534250,0.303,11/6/2019 12:00:00 AM,1810,2,2,0,0,RAINING,WET,False,SIDESWIPE COLLISION - SAME DIRECTION,SIDESWIPE-SAME DIRECTION,STRAIGHT & LEVEL,DUSK,,,11/7/2019 8:45:52 AM,False,7786,Accepted,
25887743,0568000,LOUISVILLE METRO POLICE DEPT,Accepted,JEFFERSON,KY1065,,OUTER,LOOP,,,,,HOGANS,,APPLE VALLEY,38.137365708,-85.622013416,9.617,11/6/2019 12:00:00 AM,0914,2,2,0,0,CLEAR,DRY,False,SIDESWIPE COLLISION - SAME DIRECTION,SIDESWIPE-SAME DIRECTION,STRAIGHT & LEVEL,DAYLIGHT,,,11/6/2019 1:09:18 PM,False,2017,Accepted,
25888120,0568000,LOUISVILLE METRO POLICE DEPT,Accepted,JEFFERSON,,,OXMOOR,LN,,,,,BULLITT,US0060,SHELBYVILLE,38.248007034,-85.613542357,0.093,11/6/2019 12:00:00 AM,1250,2,2,0,0,CLOUDY,DRY,False,SIDESWIPE COLLISION - SAME DIRECTION,SIDESWIPE-SAME DIRECTION,STRAIGHT & LEVEL,DAYLIGHT,,,11/6/2019 2:06:24 PM,False,6406,Accepted,
25891692,0568000,LOUISVILLE METRO POLICE DEPT,Accepted,JEFFERSON,,,7TH,ST,S,,,US0150,BROADWAY,,MAGAZINE,38.246710722,-85.763347599,2.040,11/6/2019 12:00:00 AM,1155,2,2,0,0,CLEAR,DRY,False,SIDESWIPE COLLISION - SAME DIRECTION,SIDESWIPE-SAME DIRECTION,STRAIGHT & LEVEL,DAYLIGHT,,,11/7/2019 8:40:42 AM,False,5187,Accepted,
25888105,0568000,LOUISVILLE METRO POLICE DEPT,Accepted,JEFFERSON,KY0061,971,PRESTON,ST,S,,,,CALDWELL,,BRECKINRIDGE,38.239560584,-85.748524632,11.854,11/6/2019 12:00:00 AM,1103,2,2,0,0,CLOUDY,DRY,False,SIDESWIPE COLLISION - SAME DIRECTION,SIDESWIPE-SAME DIRECTION,STRAIGHT & LEVEL,DAYLIGHT,,,11/6/2019 2:02:15 PM,False,7391,Accepted,
25907058,0568000,LOUISVILLE METRO POLICE DEPT,Accepted,JEFFERSON,I 0065,,I65 S,,,,,,,,,38.217897914,-85.752395423,133.299,11/6/2019 12:00:00 AM,0518,2,2,0,0,CLEAR,DRY,False,SIDESWIPE COLLISION - SAME DIRECTION,SIDESWIPE-SAME DIRECTION,STRAIGHT & LEVEL,DARK-HWY LIGHTED/ON,,,11/11/2019 9:00:21 AM,False,5123,Accepted,
25891671,0568000,LOUISVILLE METRO POLICE DEPT,Accepted,JEFFERSON,KY1703,,NEWBURG,RD,,,TREVILIAN,,,,,38.213564987,-85.700997443,3.399,11/6/2019 12:00:00 AM,1715,2,2,0,1,CLOUDY,WET,False,HEAD-ON COLLISION,HEAD ON,STRAIGHT & LEVEL,DUSK,,,11/7/2019 8:37:54 AM,False,5275,Accepted,
25887661,0568000,LOUISVILLE METRO POLICE DEPT,Accepted,JEFFERSON,KY2052,,SHEPHERDSVILLE,RD,,KY0864,POPLAR LEVEL,,,,,38.160126000,-85.659961634,1.481,11/6/2019 12:00:00 AM,0711,2,2,0,1,CLEAR,DRY,False,HEAD-ON COLLISION,HEAD ON,STRAIGHT & LEVEL,DAYLIGHT,,,11/6/2019 12:54:48 PM,False,7830,Accepted,
25910859,0568000,LOUISVILLE METRO POLICE DEPT,Accepted,JEFFERSON,US0031E,,MAIN,ST,W,,,,3RD,US0031W,2ND,38.256286635,-85.753789044,17.870,11/6/2019 12:00:00 AM,2305,2,2,0,0,CLEAR,DRY,True,SIDESWIPE COLLISION - SAME DIRECTION,SIDESWIPE-SAME DIRECTION,STRAIGHT & LEVEL,DARK-HWY LIGHTED/ON,,,11/12/2019 7:49:12 AM,False,5251,Accepted,
25888106,0568000,LOUISVILLE METRO POLICE DEPT,Accepted,JEFFERSON,,,ST CATHERINE,ST,E,,,,FLOYD,I 0065,I65 N EXIT135 ON RAMP FROM  E SAINT CATHERINE ST,38.236453820,-85.751072351,1.090,11/6/2019 12:00:00 AM,1051,2,2,0,0,CLEAR,DRY,False,SIDESWIPE COLLISION - SAME DIRECTION,SIDESWIPE-SAME DIRECTION,STRAIGHT & LEVEL,DAYLIGHT,,,11/6/2019 2:02:38 PM,False,5279,Accepted,
25891642,0568000,LOUISVILLE METRO POLICE DEPT,Accepted,JEFFERSON,I 0064,,I64 W,,,,,,,,,38.258769445,-85.746381636,4.858,11/6/2019 12:00:00 AM,1425,2,2,0,0,CLEAR,DRY,False,SIDESWIPE COLLISION - SAME DIRECTION,SIDESWIPE-SAME DIRECTION,STRAIGHT & LEVEL,DAYLIGHT,,,11/7/2019 8:33:37 AM,False,6907,Accepted,
25891643,0568000,LOUISVILLE METRO POLICE DEPT,Accepted,JEFFERSON,I 0065,,I65 N,,,,,,,,,38.173000541,-85.720157955,129.372,11/6/2019 12:00:00 AM,1317,2,2,0,0,CLOUDY,DRY,False,SIDESWIPE COLLISION - SAME DIRECTION,SIDESWIPE-SAME DIRECTION,CURVE & GRADE,DAYLIGHT,,,11/7/2019 8:33:53 AM,False,7830,Accepted,
25891639,0568000,LOUISVILLE METRO POLICE DEPT,Accepted,JEFFERSON,I 0264,,I264 W,,,,,,,,,38.192026001,-85.714035149,12.948,11/6/2019 12:00:00 AM,0834,2,2,0,0,CLEAR,DRY,False,REAR END IN TRAFFIC LANES BOTH VEHICLES MOVING,REAR END,STRAIGHT & LEVEL,DAYLIGHT,,,11/7/2019 8:32:36 AM,False,6148,Accepted,
25891664,0568000,LOUISVILLE METRO POLICE DEPT,Accepted,JEFFERSON,KY0864,,POPLAR LEVEL,RD,,,,,DAHL,,GILMORE,38.181590977,-85.696570149,10.167,11/6/2019 12:00:00 AM,1738,2,2,0,0,CLOUDY,WET,False,REAR END IN TRAFFIC LANES BOTH VEHICLES MOVING,REAR END,STRAIGHT & LEVEL,DUSK,,,11/7/2019 8:36:59 AM,False,7451,Accepted,
25891666,0568000,LOUISVILLE METRO POLICE DEPT,Accepted,JEFFERSON,I 0071,,I71 N,,,,,,,,,38.292320166,-85.638990560,5.572,11/6/2019 12:00:00 AM,1643,2,2,0,0,RAINING,WET,False,REAR END IN TRAFFIC LANES BOTH VEHICLES MOVING,REAR END,STRAIGHT & LEVEL,DUSK,,,11/7/2019 8:37:18 AM,False,7839,Accepted,
25891700,0568000,LOUISVILLE METRO POLICE DEPT,Accepted,JEFFERSON,KY0146,12703,LA GRANGE,RD,,,,,,,,38.297487402,-85.505738214,8.291,11/6/2019 12:00:00 AM,1719,2,2,0,0,RAINING,WET,False,REAR END IN TRAFFIC LANES BOTH VEHICLES MOVING,REAR END,STRAIGHT & LEVEL,DAYLIGHT,,,11/7/2019 8:42:10 AM,False,2489,Accepted,
25891641,0568000,LOUISVILLE METRO POLICE DEPT,Accepted,JEFFERSON,KY0841,,GENE SNYDER,FWY,,,,,,,,38.114090672,-85.716167333,9.436,11/6/2019 12:00:00 AM,1102,2,2,0,0,CLOUDY,DRY,True,REAR END IN TRAFFIC LANES BOTH VEHICLES MOVING,REAR END,STRAIGHT & LEVEL,DAYLIGHT,,,11/7/2019 8:33:13 AM,False,4656,Accepted,
25896740,0568000,LOUISVILLE METRO POLICE DEPT,Accepted,JEFFERSON,I 0265,,I265 S,,,,,I 0064,I265 S EXIT25A RAMP TO I64 E,I 0064,I64 E EXIT19A RAMP TO I265 S,38.221226287,-85.505858721,25.342,11/6/2019 12:00:00 AM,1955,2,2,0,0,RAINING,WET,False,REAR END IN TRAFFIC LANES BOTH VEHICLES MOVING,REAR END,STRAIGHT & LEVEL,DARK-HWY LIGHTED/ON,,,11/8/2019 8:45:45 AM,False,2308,Accepted,
25891726,0568000,LOUISVILLE METRO POLICE DEPT,Accepted,JEFFERSON,KY0841,,GENE SNYDER,FWY,,,,,,,,38.315999594,-85.585317716,34.917,11/6/2019 12:00:00 AM,1821,2,2,0,0,RAINING,WET,False,REAR END IN TRAFFIC LANES BOTH VEHICLES MOVING,REAR END,STRAIGHT & HILLCREST,DARK-HWY LIGHTED/ON,,,11/7/2019 8:45:30 AM,False,2395,Accepted,
25896580,0568000,LOUISVILLE METRO POLICE DEPT,Accepted,JEFFERSON,I 0265,,I265 N,,,,,I 0265,I265 N EXIT30 ON RAMP FROM KY146,I 0265,I265 S EXIT33 OFF RAMP TO KY1447,38.296583638,-85.546701037,32.415,11/6/2019 12:00:00 AM,1834,3,3,0,1,CLOUDY,WET,False,REAR END IN TRAFFIC LANES BOTH VEHICLES MOVING,REAR END,STRAIGHT & LEVEL,DARK-HWY NOT LIGHTED,,,11/8/2019 8:21:27 AM,False,6334,Accepted,
25896678,0568000,LOUISVILLE METRO POLICE DEPT,Accepted,JEFFERSON,,,RIVER,RD,,,,,,,,38.326966852,-85.633478990,5.003,11/6/2019 12:00:00 AM,1619,3,3,0,0,CLOUDY,DRY,False,REAR END IN TRAFFIC LANES BOTH VEHICLES MOVING,REAR END,STRAIGHT & LEVEL,DAYLIGHT,,,11/8/2019 8:36:19 AM,False,7858,Accepted,
25910896,0568000,LOUISVILLE METRO POLICE DEPT,Accepted,JEFFERSON,I 0265,,I265 W,,,,,,,,,38.111744927,-85.688345315,11.000,11/6/2019 12:00:00 AM,0647,2,2,0,1,CLEAR,DRY,False,REAR END IN TRAFFIC LANES BOTH VEHICLES MOVING,REAR END,STRAIGHT & LEVEL,DARK-HWY LIGHTED/ON,,,11/12/2019 7:52:11 AM,False,4656,Accepted,
25906854,0568000,LOUISVILLE METRO POLICE DEPT,Accepted,JEFFERSON,I 0065,,I65 S,,,,,,,,,38.266097163,-85.744405296,137.000,11/6/2019 12:00:00 AM,1147,2,2,0,1,CLOUDY,DRY,False,REAR END IN TRAFFIC LANES BOTH VEHICLES MOVING,REAR END,STRAIGHT & LEVEL,DAYLIGHT,,,11/11/2019 8:42:48 AM,False,2217,Accepted,
25886186,0568000,LOUISVILLE METRO POLICE DEPT,Accepted,JEFFERSON,I 0264,,I264 E,,,,,,,,,38.228885686,-85.635097742,17.991,11/6/2019 12:00:00 AM,0718,2,2,0,0,CLEAR,DRY,False,REAR END IN TRAFFIC LANES BOTH VEHICLES MOVING,REAR END,STRAIGHT & LEVEL,DAYLIGHT,,,11/6/2019 8:30:55 AM,False,4903,Accepted,
25888110,0568000,LOUISVILLE METRO POLICE DEPT,Accepted,JEFFERSON,KY0061,,PRESTON,ST,S,,CHESTNUT,,,,,38.248939975,-85.747007265,12.512,11/6/2019 12:00:00 AM,1106,2,2,0,0,CLEAR,DRY,False,SIDESWIPE-SAME DIRECTION,SIDESWIPE-SAME DIRECTION,STRAIGHT & LEVEL,DAYLIGHT,,,11/6/2019 2:03:46 PM,False,5249,Accepted,
25891696,0568000,LOUISVILLE METRO POLICE DEPT,Accepted,JEFFERSON,US0031E,,BAXTER,AVE,,US0031E,MAIN,,,,,38.253851442,-85.732274265,16.723,11/6/2019 12:00:00 AM,1744,2,2,0,0,RAINING,WET,False,SIDESWIPE-SAME DIRECTION,SIDESWIPE-SAME DIRECTION,CURVE & LEVEL,DARK-HWY LIGHTED/ON,,,11/7/2019 8:41:39 AM,False,6907,Accepted,
25896671,0568000,LOUISVILLE METRO POLICE DEPT,Accepted,JEFFERSON,US0060,,SHELBYVILLE,RD,,,,,,,,38.238311482,-85.485131771,13.073,11/6/2019 12:00:00 AM,0715,1,1,0,0,CLEAR,DRY,False,COLLISION WITH ANIMAL NON INTERSECTION,SINGLE VEHICLE,STRAIGHT & LEVEL,DAWN,,,11/8/2019 8:35:00 AM,False,7858,Accepted,
25896673,0568000,LOUISVILLE METRO POLICE DEPT,Accepted,JEFFERSON,US0060,,SHELBYVILLE,RD,,,,,,,,38.234449581,-85.449831230,15.104,11/6/2019 12:00:00 AM,0928,1,1,0,0,CLEAR,DRY,False,COLLISION WITH ANIMAL NON INTERSECTION,SINGLE VEHICLE,STRAIGHT & LEVEL,DAYLIGHT,,,11/8/2019 8:35:23 AM,False,7858,Accepted,
25886146,0568000,LOUISVILLE METRO POLICE DEPT,Accepted,JEFFERSON,US0031E,,BARDSTOWN,RD,,,,,BARTLEY,,CEDAR CREEK,38.134899823,-85.579966497,4.429,11/6/2019 12:00:00 AM,0045,1,1,0,0,CLOUDY,DRY,False,COLLISION WITH ANIMAL NON INTERSECTION,SINGLE VEHICLE,STRAIGHT & LEVEL,DARK-HWY LIGHTED/OFF,,,11/6/2019 8:27:50 AM,False,2775,Accepted,
25886157,0568000,LOUISVILLE METRO POLICE DEPT,Accepted,JEFFERSON,I 0064,,I64 W,,,,,I 0064,I265 S EXIT25B RAMP TO I64 W,I 0064,I64 W EXIT17 OFF RAMP TO KY913,38.223659960,-85.531241780,17.470,11/6/2019 12:00:00 AM,0300,1,1,0,0,CLEAR,DRY,False,COLLISION WITH ANIMAL NON INTERSECTION,SINGLE VEHICLE,STRAIGHT & LEVEL,DARK-HWY NOT LIGHTED,,,11/6/2019 8:29:03 AM,False,2013,Accepted,
25891653,0568000,LOUISVILLE METRO POLICE DEPT,Accepted,JEFFERSON,,,RENATE,RD,,,,,,,,38.155361727,-85.602907836,0.022,11/6/2019 12:00:00 AM,1155,1,1,0,1,CLEAR,DRY,False,COLLISION WITH FIXED OBJECT NON - INTERSECTION - FIRST EVENT COLLISION 09 - 32 EXCLUDING 16,SINGLE VEHICLE,STRAIGHT & LEVEL,DAYLIGHT,,,11/7/2019 8:35:35 AM,False,4693,Accepted,
25891691,0568000,LOUISVILLE METRO POLICE DEPT,Accepted,JEFFERSON,,2932,5TH,ST,S,,,,HEYWOOD,,IOWA,38.206651508,-85.766986701,1.680,11/6/2019 12:00:00 AM,0930,2,2,0,0,CLEAR,DRY,True,1 VEHICLE PARKED POSITION (NOT PARKING LOT/DRIVEWAY),SIDESWIPE-SAME DIRECTION,STRAIGHT & LEVEL,DAYLIGHT,,,11/7/2019 8:39:57 AM,False,5269,Accepted,
25891717,0568000,LOUISVILLE METRO POLICE DEPT,Accepted,JEFFERSON,,1127,BERRY,BLVD,,,,,,,,38.196173970,-85.780935662,0.112,11/6/2019 12:00:00 AM,2047,2,2,0,0,RAINING,WET,True,1 VEHICLE PARKED POSITION (NOT PARKING LOT/DRIVEWAY),SIDESWIPE-OPPOSITE DIRECTION,CURVE & LEVEL,DARK-HWY NOT LIGHTED,,,11/7/2019 8:44:11 AM,False,5183,Accepted,