IncidentID,AgencyORI,AgencyName,IncidentStatusDesc,County,RdwyNumber,Street,RoadwayName,StreetSfx,StreetDir,IntersectionRdwy,IntersectionRdwyName,BetweenStRdwy1,BetweenStRdwyName1,BetweenStRdwy2,BetweenStRdwyName2,Latitude,Longitude,Milepoint,CollisionDate,CollisionTime,UnitsInvolved,MotorVehiclesInvolved,NumberKilled,NumberInjured,Weather,RdwyConditionCode,HitandRun,DirAnalysisCode,MannerofCollision,RdwyCharacter,LightCondition,RampFromRdwyId,RampToRdwyId,AcceptedDate,IsSecondaryCollision,OwnerBadge,IncidentStatus,
25887680,0568000,LOUISVILLE METRO POLICE DEPT,Accepted,JEFFERSON,,,HIKES,LN,,KY2251,BARDSTOWN,,,,,38.199048480,-85.660053601,0.861,11/6/2019 12:00:00 AM,0753,2,2,0,0,CLEAR,DRY,False,OTHER INTERSECTION COLLISIONS,REAR END,STRAIGHT & LEVEL,DAYLIGHT,,,11/6/2019 12:59:02 PM,False,7482,Accepted,
25891649,0568000,LOUISVILLE METRO POLICE DEPT,Accepted,JEFFERSON,US0031E,,MAIN,ST,E,,BROOK,,,,,38.255939915,-85.749945044,17.695,11/6/2019 12:00:00 AM,1638,3,3,0,0,RAINING,WET,False,OTHER INTERSECTION COLLISIONS,REAR END,STRAIGHT & LEVEL,DAYLIGHT,,,11/7/2019 8:34:58 AM,False,6907,Accepted,
25891768,0568000,LOUISVILLE METRO POLICE DEPT,Accepted,JEFFERSON,KY0864,,POPLAR LEVEL,RD,,,THRUSTON,,,,,38.217631228,-85.726627587,13.219,11/6/2019 12:00:00 AM,1843,2,2,0,0,CLEAR,WATER (STANDING OR MOVING),False,OTHER INTERSECTION COLLISIONS,REAR END,STRAIGHT & LEVEL,DARK-HWY LIGHTED/ON,,,11/7/2019 8:47:17 AM,False,5149,Accepted,
25891781,0568000,LOUISVILLE METRO POLICE DEPT,Accepted,JEFFERSON,I 0264,,I264 E,,,I 0264,I264 E EXIT21 ON RAMP FROM KY1447,,,,,38.271288623,-85.627925237,21.355,11/6/2019 12:00:00 AM,1838,4,4,0,0,RAINING,WET,False,OTHER INTERSECTION COLLISIONS,REAR END,STRAIGHT & LEVEL,DUSK,,,11/7/2019 8:48:58 AM,True,5030,Accepted,
25917042,0568000,LOUISVILLE METRO POLICE DEPT,Accepted,JEFFERSON,,,15TH,ST,S,,GARLAND,,,,,38.242609354,-85.777411705,1.184,11/6/2019 12:00:00 AM,1455,2,2,0,0,CLOUDY,DRY,True,OTHER INTERSECTION COLLISIONS,REAR END,STRAIGHT & LEVEL,DAYLIGHT,,,11/13/2019 9:50:13 AM,False,5190,Accepted,
25891645,0568000,LOUISVILLE METRO POLICE DEPT,Accepted,JEFFERSON,KY1020,,NATIONAL,TPKE,,,SINCLAIR,,,,,38.121786908,-85.748343043,3.333,11/6/2019 12:00:00 AM,1541,2,2,0,0,CLOUDY,DRY,False,OTHER INTERSECTION COLLISIONS,REAR END,STRAIGHT & LEVEL,DAYLIGHT,,,11/7/2019 8:34:21 AM,False,7080,Accepted,
25896674,0568000,LOUISVILLE METRO POLICE DEPT,Accepted,JEFFERSON,KY0146,,LA GRANGE,RD,,,NELSON MILLER,,,,,38.280833726,-85.515728536,6.964,11/6/2019 12:00:00 AM,1220,2,2,0,0,CLEAR,DRY,False,OTHER INTERSECTION COLLISIONS,REAR END,CURVE & LEVEL,DAYLIGHT,,,11/8/2019 8:35:35 AM,False,7858,Accepted,
25886161,0568000,LOUISVILLE METRO POLICE DEPT,Accepted,JEFFERSON,,,FLOYD,ST,S,,MAGNOLIA,,,,,38.228221607,-85.752711794,1.911,11/6/2019 12:00:00 AM,0041,2,2,0,0,CLEAR,DRY,False,SIDESWIPE-SAME DIRECTION,SIDESWIPE-SAME DIRECTION,STRAIGHT & LEVEL,DARK (UNKNOWN ROADWAY LIGHTING),,,11/6/2019 8:29:18 AM,False,5111,Accepted,
25891715,0568000,LOUISVILLE METRO POLICE DEPT,Accepted,JEFFERSON,KY1747,,FERN VALLEY,RD,,,ROEDERER,,,,,38.157299611,-85.678666862,2.941,11/6/2019 12:00:00 AM,1920,2,2,0,0,RAINING,WET,False,SIDESWIPE-SAME DIRECTION,SIDESWIPE-SAME DIRECTION,STRAIGHT & LEVEL,DARK-HWY LIGHTED/OFF,,,11/7/2019 8:43:51 AM,False,5042,Accepted,
25887672,0568000,LOUISVILLE METRO POLICE DEPT,Accepted,JEFFERSON,,,STANTON,BLVD,,,RADIANCE,,,,,38.210403169,-85.643995258,0.072,11/6/2019 12:00:00 AM,0741,2,2,0,0,CLEAR,DRY,False,VEHICLE BACKING IN INTERSECTION,BACKING,STRAIGHT & LEVEL,DAYLIGHT,,,11/6/2019 12:56:33 PM,False,5203,Accepted,
25914471,0568000,LOUISVILLE METRO POLICE DEPT,Accepted,JEFFERSON,US0150,,BROADWAY,,W,KY1020,2ND,,,,,38.245814261,-85.755073151,2.558,11/6/2019 12:00:00 AM,1646,3,1,0,0,CLEAR,DRY,False,SIDESWIPE-SAME DIRECTION,SIDESWIPE-SAME DIRECTION,STRAIGHT & LEVEL,DAYLIGHT,,,11/12/2019 4:30:31 PM,False,7386,Accepted,
25887673,0568000,LOUISVILLE METRO POLICE DEPT,Accepted,JEFFERSON,US0150,,BROADWAY,,E,,FLOYD,,,,,38.245477767,-85.750294841,2.811,11/6/2019 12:00:00 AM,1010,2,2,0,0,CLEAR,DRY,False,SIDESWIPE-SAME DIRECTION,SIDESWIPE-SAME DIRECTION,STRAIGHT & LEVEL,DAYLIGHT,,,11/6/2019 12:56:49 PM,False,5249,Accepted,
25891665,0568000,LOUISVILLE METRO POLICE DEPT,Accepted,JEFFERSON,,,ORMSBY,AVE,E,,SHELBY,,,,,38.230147707,-85.742042327,0.758,11/6/2019 12:00:00 AM,1416,2,2,0,0,CLEAR,DRY,False,SIDESWIPE-SAME DIRECTION,SIDESWIPE-SAME DIRECTION,STRAIGHT & LEVEL,DAYLIGHT,,,11/7/2019 8:37:10 AM,False,5232,Accepted,
25891720,0568000,LOUISVILLE METRO POLICE DEPT,Accepted,JEFFERSON,KY1931,,GREENWOOD,RD,,,NORWICH,,,,,38.144837070,-85.875949319,1.135,11/6/2019 12:00:00 AM,1917,3,3,0,0,RAINING,WET,False,OPPOSING LEFT TURN,OPPOSING LEFT TURN,STRAIGHT & LEVEL,DARK-HWY LIGHTED/ON,,,11/7/2019 8:44:33 AM,False,5212,Accepted,
25886170,0568000,LOUISVILLE METRO POLICE DEPT,Accepted,JEFFERSON,,,CRITTENDEN,DR,,,GRADE,,,,,38.153278498,-85.733920630,3.818,11/6/2019 12:00:00 AM,0402,2,2,0,0,CLEAR,DRY,False,OPPOSING LEFT TURN,OPPOSING LEFT TURN,STRAIGHT & LEVEL,DARK-HWY NOT LIGHTED,,,11/6/2019 8:29:39 AM,False,5282,Accepted,
25891689,0568000,LOUISVILLE METRO POLICE DEPT,Accepted,JEFFERSON,US0060,,FRANKFORT,AVE,,,PENNSYLVANIA,,,,,38.254549404,-85.683052792,2.042,11/6/2019 12:00:00 AM,1731,2,2,0,0,RAINING,WET,False,ANGLE COLLISION - OTHER,ANGLE,STRAIGHT & LEVEL,DARK-HWY LIGHTED/ON,,,11/7/2019 8:39:32 AM,False,7043,Accepted,
25891686,0568000,LOUISVILLE METRO POLICE DEPT,Accepted,JEFFERSON,,,WILLIS,AVE,,,WILTSHIRE,,,,,38.250979943,-85.655145748,0.594,11/6/2019 12:00:00 AM,1250,2,2,0,0,CLEAR,DRY,False,ANGLE COLLISION - OTHER,ANGLE,STRAIGHT & LEVEL,DAYLIGHT,,,11/7/2019 8:38:46 AM,False,7043,Accepted,
25891687,0568000,LOUISVILLE METRO POLICE DEPT,Accepted,JEFFERSON,US0042,,BROWNSBORO,RD,,,HILLCREST,,,,,38.260598420,-85.685765012,2.747,11/6/2019 12:00:00 AM,1611,2,2,0,0,RAINING,WET,False,ANGLE COLLISION - OTHER,ANGLE,STRAIGHT & LEVEL,DAYLIGHT,,,11/7/2019 8:39:07 AM,False,7043,Accepted,
25891786,0568000,LOUISVILLE METRO POLICE DEPT,Accepted,JEFFERSON,,,GARLAND,AVE,,,16TH,,,,,38.242737592,-85.779340933,0.630,11/6/2019 12:00:00 AM,1800,2,2,0,0,RAINING,WET,False,ANGLE COLLISION - OTHER,ANGLE,STRAIGHT & LEVEL,DARK-HWY LIGHTED/ON,,,11/7/2019 8:49:26 AM,False,5256,Accepted,
25887734,0568000,LOUISVILLE METRO POLICE DEPT,Accepted,JEFFERSON,KY1934,,GREENBELT,HWY,,,LOGISTICS,,,,,38.165404230,-85.878568343,5.850,11/6/2019 12:00:00 AM,0600,2,2,0,0,FOG,DRY,False,ANGLE COLLISION - OTHER,ANGLE,STRAIGHT & LEVEL,DARK-HWY LIGHTED/ON,,,11/6/2019 1:05:37 PM,False,5170,Accepted,
25907064,0568000,LOUISVILLE METRO POLICE DEPT,Accepted,JEFFERSON,KY0864,,FEGENBUSH,LN,,KY1065,BEULAH CHURCH,,,,,38.137644574,-85.613442828,4.250,11/6/2019 12:00:00 AM,1730,2,2,0,0,RAINING,WET,False,ANGLE COLLISION - OTHER,ANGLE,STRAIGHT & LEVEL,DARK-HWY LIGHTED/ON,,,11/11/2019 9:00:35 AM,False,7289,Accepted,
25891667,0568000,LOUISVILLE METRO POLICE DEPT,Accepted,JEFFERSON,KY1865,,TAYLOR,BLVD,,,BICKNELL,,,,,38.183134796,-85.783741116,5.287,11/6/2019 12:00:00 AM,1402,2,2,0,1,CLEAR,DRY,False,ANGLE COLLISION - OTHER,ANGLE,STRAIGHT & LEVEL,DAYLIGHT,,,11/7/2019 8:37:39 AM,False,5213,Accepted,
25891698,0568000,LOUISVILLE METRO POLICE DEPT,Accepted,JEFFERSON,,,HIKES,LN,,,GREEN MEADOWS,,,,,38.200932541,-85.657006353,1.073,11/6/2019 12:00:00 AM,1742,2,2,0,1,RAINING,WET,False,ANGLE COLLISION - OTHER,ANGLE,STRAIGHT & LEVEL,DARK-HWY LIGHTED/ON,,,11/7/2019 8:42:02 AM,False,7482,Accepted,
25937632,0568000,LOUISVILLE METRO POLICE DEPT,Accepted,JEFFERSON,,,ST CATHERINE,ST,W,KY1020,2ND,,,,,38.237061934,-85.756581904,0.090,11/6/2019 12:00:00 AM,2002,2,2,0,0,SEVERE CROSSWINDS,WET,False,ANGLE COLLISION - OTHER,ANGLE,STRAIGHT & LEVEL,DARK-HWY LIGHTED/ON,,,11/18/2019 9:27:48 AM,False,5186,Accepted,
25896703,0568000,LOUISVILLE METRO POLICE DEPT,Accepted,JEFFERSON,KY1020,,3RD,ST,S,,CENTRAL,,,,,38.205014759,-85.763941211,9.490,11/6/2019 12:00:00 AM,1631,2,2,0,0,RAINING,WET,True,COLLISION WITH PARKED VEHICLE,REAR END,STRAIGHT & LEVEL,DUSK,,,11/8/2019 8:40:51 AM,False,5204,Accepted,
25926624,0568000,LOUISVILLE METRO POLICE DEPT,Accepted,JEFFERSON,US0060,,SHELBYVILLE,RD,,,FOREST PLACE,,,,,38.239715399,-85.491518189,12.706,11/6/2019 12:00:00 AM,0759,3,3,0,1,CLEAR,DRY,False,ANGLE COLLISION - ONE VEHICLE TURNING LEFT,ANGLE,STRAIGHT & LEVEL,DAYLIGHT,,,11/15/2019 8:07:21 AM,False,7858,Accepted,
25887674,0568000,LOUISVILLE METRO POLICE DEPT,Accepted,JEFFERSON,,,5TH,ST,S,,ST CATHERINE,,,,,38.237577156,-85.760692862,2.474,11/6/2019 12:00:00 AM,0803,2,2,0,0,CLEAR,DRY,False,COLLISION WITH PARKED VEHICLE,BACKING,STRAIGHT & LEVEL,DAYLIGHT,,,11/6/2019 12:56:59 PM,False,5232,Accepted,
25910767,0568000,LOUISVILLE METRO POLICE DEPT,Accepted,JEFFERSON,KY1020,6301,SOUTHSIDE,DR,,,CUMBERLAND,,,,,38.169080142,-85.764538807,6.800,11/6/2019 12:00:00 AM,1917,1,1,0,0,RAINING,WET,False,COLLISION WITH FIXED OBJECT IN INTERSECTION - FIRST EVENT COLLISION 09 - 32,SINGLE VEHICLE,STRAIGHT & LEVEL,DARK-HWY LIGHTED/ON,,,11/12/2019 7:35:30 AM,False,7053,Accepted,
25886176,0568000,LOUISVILLE METRO POLICE DEPT,Accepted,JEFFERSON,,,OLDHAM,CT,,US0031E,BARDSTOWN,,,,,38.165274482,-85.597866857,0.073,11/6/2019 12:00:00 AM,0552,1,1,0,0,CLOUDY,DRY,False,COLLISION WITH FIXED OBJECT IN INTERSECTION - FIRST EVENT COLLISION 09 - 32,SINGLE VEHICLE,STRAIGHT & LEVEL,DARK-HWY LIGHTED/OFF,,,11/6/2019 8:30:00 AM,False,5169,Accepted,
25887668,0568000,LOUISVILLE METRO POLICE DEPT,Accepted,JEFFERSON,KY1747,,HURSTBOURNE,PKWY,N,US0060,SHELBYVILLE,,,,,38.246387644,-85.576803435,13.503,11/6/2019 12:00:00 AM,0855,2,2,0,1,CLEAR,DRY,False,COLLISION WITH FIXED OBJECT IN INTERSECTION - FIRST EVENT COLLISION 09 - 32,OPPOSING LEFT TURN,STRAIGHT & LEVEL,DAYLIGHT,,,11/6/2019 12:55:41 PM,False,7337,Accepted,
25906842,0568000,LOUISVILLE METRO POLICE DEPT,Accepted,JEFFERSON,,,SHIPP,AVE,W,,7TH,,,,,38.225886140,-85.768606029,0.044,11/6/2019 12:00:00 AM,2200,2,1,0,0,CLOUDY,DRY,False,COLLISION WITH PEDESTRIAN IN INTERSECTION,SINGLE VEHICLE,STRAIGHT & LEVEL,DARK-HWY LIGHTED/ON,,,11/11/2019 8:41:04 AM,False,7402,Accepted,
25886153,0568000,LOUISVILLE METRO POLICE DEPT,Accepted,JEFFERSON,KY1065,7201,OUTER,LOOP,,,,,,,,38.137605901,-85.630595166,9.132,11/6/2019 12:00:00 AM,0200,2,2,0,0,CLEAR,DRY,False,COLLISION IN PARKING LOT,ANGLE,STRAIGHT & LEVEL,DARK-HWY NOT LIGHTED,,,11/6/2019 8:28:46 AM,False,7120,Accepted,
25886236,0568000,LOUISVILLE METRO POLICE DEPT,Accepted,JEFFERSON,KY2251,3603,BARDSTOWN,RD,,,,,,,,38.199319667,-85.660507207,1.073,11/5/2019 12:00:00 AM,1627,2,2,0,1,CLEAR,DRY,False,COLLISION IN PARKING LOT,REAR END,STRAIGHT & LEVEL,DAYLIGHT,,,11/6/2019 8:37:25 AM,False,7864,Accepted,
25907028,0568000,LOUISVILLE METRO POLICE DEPT,Accepted,JEFFERSON,US0150,,22ND,ST,N,,LYTLE,,,,,38.268015213,-85.782721022,0.150,11/5/2019 12:00:00 AM,1326,2,1,0,1,CLEAR,DRY,False,COLLISION WITH PEDESTRIAN IN INTERSECTION,SINGLE VEHICLE,STRAIGHT & LEVEL,DAYLIGHT,,,11/11/2019 8:58:16 AM,False,5040,Accepted,
25881673,0568000,LOUISVILLE METRO POLICE DEPT,Accepted,JEFFERSON,,1400BLK,BELMAR,DR,,,RESERVOIR,,,,,38.195275811,-85.721174890,0.566,11/5/2019 12:00:00 AM,0253,1,1,0,0,CLEAR,DRY,False,COLLISION WITH FIXED OBJECT IN INTERSECTION - FIRST EVENT COLLISION 09 - 32,SINGLE VEHICLE,STRAIGHT & LEVEL,DARK-HWY LIGHTED/ON,,,11/5/2019 8:38:13 AM,False,7359,Accepted,
25886130,0568000,LOUISVILLE METRO POLICE DEPT,Accepted,JEFFERSON,KY0864,,LOGAN,ST,,,ST CATHERINE,,,,,38.235183782,-85.739606051,14.758,11/5/2019 12:00:00 AM,2029,2,2,0,0,CLOUDY,DRY,False,COLLISION WITH PARKED VEHICLE,REAR END,STRAIGHT & LEVEL,DARK-HWY LIGHTED/ON,,,11/6/2019 8:26:18 AM,False,5037,Accepted,
25886284,0568000,LOUISVILLE METRO POLICE DEPT,Accepted,JEFFERSON,KY0061,,JACKSON,ST,S,,MARRET,,,,,38.229757559,-85.748238758,11.222,11/5/2019 12:00:00 AM,1758,2,2,0,1,CLEAR,DRY,False,ANGLE COLLISION - ONE VEHICLE TURNING LEFT,ANGLE,STRAIGHT & GRADE,DUSK,,,11/6/2019 8:43:18 AM,False,7334,Accepted,
25886261,0568000,LOUISVILLE METRO POLICE DEPT,Accepted,JEFFERSON,,,PORTLAND,AVE,,,19TH,,,,,38.265817161,-85.779068184,0.437,11/5/2019 12:00:00 AM,1438,2,2,0,0,CLEAR,DRY,False,ANGLE COLLISION - OTHER,ANGLE,STRAIGHT & LEVEL,DAYLIGHT,,,11/6/2019 8:39:59 AM,False,7292,Accepted,
25891616,0568000,LOUISVILLE METRO POLICE DEPT,Accepted,JEFFERSON,,,DEERING,RD,,,SENNRIDGE,,,,,38.102640898,-85.861069536,0.215,11/5/2019 12:00:00 AM,0924,2,2,0,0,CLOUDY,WET,False,ANGLE COLLISION - OTHER,ANGLE,STRAIGHT & LEVEL,DAYLIGHT,,,11/7/2019 8:31:07 AM,False,6326,Accepted,
25886333,0568000,LOUISVILLE METRO POLICE DEPT,Accepted,JEFFERSON,,1200,ASHLAND,AVE,W,,PEACHTREE,,,,,38.186377554,-85.781172192,0.839,11/5/2019 12:00:00 AM,1050,2,2,0,0,CLOUDY,WET,False,ANGLE COLLISION - OTHER,ANGLE,STRAIGHT & LEVEL,DAYLIGHT,,,11/6/2019 8:48:36 AM,False,7468,Accepted,
25886235,0568000,LOUISVILLE METRO POLICE DEPT,Accepted,JEFFERSON,KY1747,,FERN VALLEY,RD,,,FERN VALLEY,,,,,38.156001974,-85.651398153,4.434,11/5/2019 12:00:00 AM,1543,2,2,0,0,CLEAR,DRY,False,ANGLE COLLISION - OTHER,ANGLE,STRAIGHT & LEVEL,DAYLIGHT,,,11/6/2019 8:37:09 AM,False,4693,Accepted,
25886093,0568000,LOUISVILLE METRO POLICE DEPT,Accepted,JEFFERSON,KY0864,,POPLAR LEVEL,RD,,I 0264,I264 E EXIT14 OFF RAMP TO KY864 S,,,,,38.194391105,-85.707318033,11.242,11/5/2019 12:00:00 AM,0706,2,2,0,2,SEVERE CROSSWINDS,WET,False,ANGLE COLLISION - OTHER,ANGLE,STRAIGHT & LEVEL,DAYLIGHT,,,11/6/2019 8:21:24 AM,False,2796,Accepted,
25881687,0568000,LOUISVILLE METRO POLICE DEPT,Accepted,JEFFERSON,KY1142,,PALATKA,RD,,,BRUCE,,,,,38.151961095,-85.784527167,0.980,11/5/2019 12:00:00 AM,0525,2,2,0,0,CLEAR,DRY,False,ANGLE COLLISION - OTHER,ANGLE,STRAIGHT & HILLCREST,DARK-HWY LIGHTED/ON,,,11/5/2019 8:39:07 AM,False,7362,Accepted,
25886329,0568000,LOUISVILLE METRO POLICE DEPT,Accepted,JEFFERSON,,,JEFFERSON,ST,E,,WENZEL,,,,,38.251356465,-85.734242059,0.072,11/5/2019 12:00:00 AM,1423,2,2,0,0,CLEAR,DRY,True,ANGLE COLLISION - OTHER,ANGLE,STRAIGHT & LEVEL,DAYLIGHT,,,11/6/2019 8:48:16 AM,False,7266,Accepted,
25886238,0568000,LOUISVILLE METRO POLICE DEPT,Accepted,JEFFERSON,,,1ST,ST,S,US0150,BROADWAY,,,,,38.245726827,-85.753408426,0.720,11/5/2019 12:00:00 AM,1519,2,2,0,0,CLEAR,DRY,False,ANGLE COLLISION - OTHER,ANGLE,STRAIGHT & LEVEL,DAYLIGHT,,,11/6/2019 8:37:50 AM,False,5276,Accepted,
25886331,0568000,LOUISVILLE METRO POLICE DEPT,Accepted,JEFFERSON,,,HANCOCK,ST,S,US0150,BROADWAY,,,,,38.244982189,-85.743567689,0.698,11/5/2019 12:00:00 AM,1812,2,2,0,0,CLEAR,DRY,False,ANGLE COLLISION - OTHER,ANGLE,STRAIGHT & LEVEL,DUSK,,,11/6/2019 8:48:25 AM,False,7266,Accepted,
25886256,0568000,LOUISVILLE METRO POLICE DEPT,Accepted,JEFFERSON,,,16TH,ST,S,,JEFFERSON,,,,,38.256021716,-85.776857451,0.194,11/5/2019 12:00:00 AM,0950,2,2,0,0,RAINING,WET,False,ANGLE COLLISION - OTHER,ANGLE,STRAIGHT & LEVEL,DAYLIGHT,,,11/6/2019 8:39:28 AM,False,7241,Accepted,
25886222,0568000,LOUISVILLE METRO POLICE DEPT,Accepted,JEFFERSON,,,ENGLISH STATION,RD,N,KY3084,OLD HENRY,,,,,38.262681785,-85.516123229,1.233,11/5/2019 12:00:00 AM,1249,2,2,0,0,CLEAR,DRY,False,OPPOSING LEFT TURN,OPPOSING LEFT TURN,CURVE & GRADE,DAYLIGHT,,,11/6/2019 8:34:03 AM,False,7899,Accepted,
25886171,0568000,LOUISVILLE METRO POLICE DEPT,Accepted,JEFFERSON,KY1065,,OUTER,LOOP,,,ROBBS,,,,,38.137895797,-85.665285326,7.232,11/5/2019 12:00:00 AM,1209,2,2,0,1,CLOUDY,DRY,False,OPPOSING LEFT TURN,OPPOSING LEFT TURN,STRAIGHT & LEVEL,DAYLIGHT,,,11/6/2019 8:29:41 AM,False,5026,Accepted,
25886228,0568000,LOUISVILLE METRO POLICE DEPT,Accepted,JEFFERSON,,,LYDIA,ST,,US0060A,EASTERN,,,,,38.221735350,-85.733996607,0.257,11/5/2019 12:00:00 AM,1121,2,2,0,0,CLEAR,DRY,False,REAR END - ONE VEHICLE TURNING LEFT,REAR END,STRAIGHT & LEVEL,DAYLIGHT,,,11/6/2019 8:35:14 AM,False,5263,Accepted,
25906813,0568000,LOUISVILLE METRO POLICE DEPT,Accepted,JEFFERSON,KY1934,,CANE RUN,RD,,,SHANKS,,,,,38.195451162,-85.842691855,8.794,11/5/2019 12:00:00 AM,1625,2,2,0,0,CLEAR,DRY,False,SIDESWIPE-SAME DIRECTION,SIDESWIPE-SAME DIRECTION,STRAIGHT & LEVEL,DAYLIGHT,,,11/11/2019 8:37:11 AM,False,7467,Accepted,
25881946,0568000,LOUISVILLE METRO POLICE DEPT,Accepted,JEFFERSON,KY2048,,CANNONS,LN,,,DUTCHMANS,,,,,38.225950554,-85.650548174,0.488,11/5/2019 12:00:00 AM,0758,2,2,0,2,RAINING,WET,False,OPPOSING LEFT TURN,OPPOSING LEFT TURN,STRAIGHT & LEVEL,DAWN,,,11/5/2019 9:26:39 AM,False,2100,Accepted,
25881729,0568000,LOUISVILLE METRO POLICE DEPT,Accepted,JEFFERSON,KY1865,,NEW CUT,RD,,KY1065,OUTER,,,,,38.126398936,-85.776119067,1.263,11/5/2019 12:00:00 AM,0634,2,2,0,0,CLEAR,DRY,True,OPPOSING LEFT TURN,OPPOSING LEFT TURN,STRAIGHT & LEVEL,DARK-HWY LIGHTED/ON,,,11/5/2019 8:40:54 AM,False,7362,Accepted,
25886183,0568000,LOUISVILLE METRO POLICE DEPT,Accepted,JEFFERSON,,,LOWER HUNTERS,TRCE,,KY1934,GREENBELT,,,,,38.170199742,-85.875966009,2.519,11/5/2019 12:00:00 AM,1157,2,2,0,0,CLOUDY,DRY,False,OPPOSING LEFT TURN,OPPOSING LEFT TURN,STRAIGHT & LEVEL,DAYLIGHT,,,11/6/2019 8:30:46 AM,False,6326,Accepted,
25886137,0568000,LOUISVILLE METRO POLICE DEPT,Accepted,JEFFERSON,KY1865,,TAYLOR,BLVD,,,STRADER,,,,,38.191270046,-85.783291578,5.850,11/5/2019 12:00:00 AM,0726,2,2,0,0,RAINING,WET,False,OPPOSITE DIRECTION - BOTH VEHICLES GOING STRAIGHT AHEAD,SIDESWIPE-OPPOSITE DIRECTION,STRAIGHT & LEVEL,DAYLIGHT,,,11/6/2019 8:27:07 AM,False,5153,Accepted,
25896618,0568000,LOUISVILLE METRO POLICE DEPT,Accepted,JEFFERSON,KY1934,,GREENBELT,HWY,,KY1931,GREENWOOD,,,,,38.147038714,-85.886460572,4.455,11/5/2019 12:00:00 AM,0903,2,2,0,0,RAINING,WET,False,OTHER INTERSECTION COLLISIONS,REAR END,STRAIGHT & LEVEL,DAYLIGHT,,,11/8/2019 8:26:10 AM,False,6326,Accepted,
25896801,0568000,LOUISVILLE METRO POLICE DEPT,Accepted,JEFFERSON,I 0065,,I65 N,,,I 0065,I65 N EXIT134B OFF RAMP TO  WOODBINE ST,,,,,38.227346581,-85.751540108,133.963,11/5/2019 12:00:00 AM,0657,2,2,0,0,RAINING,WET,False,OTHER INTERSECTION COLLISIONS,REAR END,STRAIGHT & LEVEL,DAYLIGHT,,,11/8/2019 8:53:36 AM,False,7720,Accepted,
25886251,0568000,LOUISVILLE METRO POLICE DEPT,Accepted,JEFFERSON,KY0061,,PRESTON,HWY,,KY1747,FERN VALLEY,,,,,38.156752057,-85.696878902,5.201,11/5/2019 12:00:00 AM,1707,2,2,0,0,CLEAR,DRY,False,OTHER INTERSECTION COLLISIONS,REAR END,STRAIGHT & LEVEL,DAYLIGHT,,,11/6/2019 8:39:13 AM,False,5026,Accepted,
25886258,0568000,LOUISVILLE METRO POLICE DEPT,Accepted,JEFFERSON,KY0155,,TAYLORSVILLE,RD,,KY0155,TAYLORSVILLE LAKE,,,,,38.191028281,-85.476821618,4.293,11/5/2019 12:00:00 AM,1650,2,2,0,0,CLEAR,DRY,False,OTHER INTERSECTION COLLISIONS,REAR END,STRAIGHT & LEVEL,DAYLIGHT,,,11/6/2019 8:39:40 AM,False,6878,Accepted,
25886259,0568000,LOUISVILLE METRO POLICE DEPT,Accepted,JEFFERSON,I 0265,,I265 N,,,I 0071,I71 N EXIT9B RAMP TO I265 E,,,,,38.314038123,-85.580059566,34.606,11/5/2019 12:00:00 AM,1637,2,2,0,0,CLEAR,DRY,False,OTHER INTERSECTION COLLISIONS,REAR END,STRAIGHT & LEVEL,DAYLIGHT,,,11/6/2019 8:39:48 AM,False,5287,Accepted,
25886266,0568000,LOUISVILLE METRO POLICE DEPT,Accepted,JEFFERSON,US0031W,,DIXIE,HWY,,,CRAWFORD,,,,,38.149928845,-85.837078799,12.070,11/5/2019 12:00:00 AM,1501,3,3,0,2,CLEAR,DRY,False,OTHER INTERSECTION COLLISIONS,REAR END,STRAIGHT & LEVEL,DAYLIGHT,,,11/6/2019 8:40:35 AM,False,7485,Accepted,
25921717,0568000,LOUISVILLE METRO POLICE DEPT,Accepted,JEFFERSON,KY1447,,WESTPORT,RD,,,HERMITAGE,,,,,38.281043242,-85.588783147,4.215,11/5/2019 12:00:00 AM,1523,2,2,0,0,CLEAR,DRY,True,OTHER INTERSECTION COLLISIONS,REAR TO REAR,STRAIGHT & LEVEL,DAYLIGHT,,,11/14/2019 8:10:44 AM,False,2346,Accepted,
25926870,0568000,LOUISVILLE METRO POLICE DEPT,Accepted,JEFFERSON,US0060,3130,FRANKFORT,AVE,,,CRESTWOOD,,,,,38.254351406,-85.676362310,2.409,11/5/2019 12:00:00 AM,1314,2,2,0,0,CLEAR,DRY,False,OTHER INTERSECTION COLLISIONS,REAR END,STRAIGHT & LEVEL,DAYLIGHT,,,11/15/2019 8:32:11 AM,False,7281,Accepted,
25886345,0568000,LOUISVILLE METRO POLICE DEPT,Accepted,JEFFERSON,KY1065,,OUTER,LOOP,,,GRADE,,,,,38.129835531,-85.737798847,3.157,11/5/2019 12:00:00 AM,0924,2,2,0,0,RAINING,WET,False,OTHER INTERSECTION COLLISIONS,REAR END,CURVE & GRADE,DAYLIGHT,,,11/6/2019 8:51:21 AM,False,2017,Accepted,
25881676,0568000,LOUISVILLE METRO POLICE DEPT,Accepted,JEFFERSON,KY1865,,NEW CUT,RD,,,,,,,,38.151444347,-85.776519268,3.058,11/5/2019 12:00:00 AM,0305,2,1,0,1,CLEAR,DRY,False,COLLISION WITH PEDESTRIAN NON - INTERSECTION,SINGLE VEHICLE,STRAIGHT & LEVEL,DARK-HWY LIGHTED/ON,,,11/5/2019 8:38:25 AM,False,7362,Accepted,