IncidentID,AgencyORI,AgencyName,IncidentStatusDesc,County,RdwyNumber,Street,RoadwayName,StreetSfx,StreetDir,IntersectionRdwy,IntersectionRdwyName,BetweenStRdwy1,BetweenStRdwyName1,BetweenStRdwy2,BetweenStRdwyName2,Latitude,Longitude,Milepoint,CollisionDate,CollisionTime,UnitsInvolved,MotorVehiclesInvolved,NumberKilled,NumberInjured,Weather,RdwyConditionCode,HitandRun,DirAnalysisCode,MannerofCollision,RdwyCharacter,LightCondition,RampFromRdwyId,RampToRdwyId,AcceptedDate,IsSecondaryCollision,OwnerBadge,IncidentStatus,
25886086,0568000,LOUISVILLE METRO POLICE DEPT,Accepted,JEFFERSON,KY1447,,WESTPORT,RD,,,STONEHURST,,,,,38.281786320,-85.587213604,4.310,11/5/2019 12:00:00 AM,0902,2,2,0,0,RAINING,WET,False,OTHER INTERSECTION COLLISIONS,REAR END,STRAIGHT & LEVEL,DAYLIGHT,,,11/6/2019 8:19:47 AM,False,7313,Accepted,
25886102,0568000,LOUISVILLE METRO POLICE DEPT,Accepted,JEFFERSON,KY1747,,FERN VALLEY,RD,,I 0065,I65 N EXIT128 ON RAMP FROM KY1631 E,,,,,38.157510512,-85.717017036,0.827,11/5/2019 12:00:00 AM,0952,2,2,0,0,RAINING,WET,False,OTHER INTERSECTION COLLISIONS,REAR END,STRAIGHT & LEVEL,DAYLIGHT,,,11/6/2019 8:23:46 AM,False,2017,Accepted,
25886325,0568000,LOUISVILLE METRO POLICE DEPT,Accepted,JEFFERSON,,6700,CAROLYN,RD,,,,,,,,38.157740899,-85.766518273,0.130,11/5/2019 12:00:00 AM,0928,2,2,0,0,RAINING,WET,False,1 VEHICLE PARKED POSITION (NOT PARKING LOT/DRIVEWAY),BACKING,STRAIGHT & LEVEL,DAYLIGHT,,,11/6/2019 8:47:54 AM,False,7768,Accepted,
25886292,0568000,LOUISVILLE METRO POLICE DEPT,Accepted,JEFFERSON,I 0264,,I264 W,,,,,,,,,38.202543364,-85.686668284,14.639,11/5/2019 12:00:00 AM,0747,2,2,0,0,RAINING,WET,False,COLLISION WITH FIXED OBJECT NON - INTERSECTION - FIRST EVENT COLLISION 09 - 32 EXCLUDING 16,REAR END,CURVE & GRADE,DAWN,,,11/6/2019 8:44:17 AM,False,6813,Accepted,
25886293,0568000,LOUISVILLE METRO POLICE DEPT,Accepted,JEFFERSON,I 0264,,I264 W,,,,,,,,,38.205957799,-85.679722276,15.084,11/5/2019 12:00:00 AM,1811,2,2,0,0,CLOUDY,DRY,False,COLLISION WITH FIXED OBJECT NON - INTERSECTION - FIRST EVENT COLLISION 09 - 32 EXCLUDING 16,REAR END,STRAIGHT & LEVEL,DARK-HWY LIGHTED/ON,,,11/6/2019 8:44:27 AM,False,6813,Accepted,
25881941,0568000,LOUISVILLE METRO POLICE DEPT,Accepted,JEFFERSON,I 0264,,I264 E,,,,,,,,,38.226969090,-85.821807920,3.733,11/5/2019 12:00:00 AM,0618,2,2,0,2,RAINING,WET,False,1 VEHICLE PARKED POSITION (NOT PARKING LOT/DRIVEWAY),SIDESWIPE-SAME DIRECTION,STRAIGHT & LEVEL,DARK-HWY LIGHTED/ON,,,11/5/2019 9:25:46 AM,False,4903,Accepted,
25886120,0568000,LOUISVILLE METRO POLICE DEPT,Accepted,JEFFERSON,,8103,BRIARCLIFF,RD,,,,,,,,38.135552810,-85.697181622,0.041,11/5/2019 12:00:00 AM,1938,1,1,0,0,CLEAR,DRY,True,COLLISION WITH FIXED OBJECT NON - INTERSECTION - FIRST EVENT COLLISION 09 - 32 EXCLUDING 16,SINGLE VEHICLE,STRAIGHT & LEVEL,DARK-HWY LIGHTED/ON,,,11/6/2019 8:25:46 AM,False,7074,Accepted,
25881678,0568000,LOUISVILLE METRO POLICE DEPT,Accepted,JEFFERSON,KY0841,,GENE SNYDER,FWY,,,,,,,,38.088431097,-85.850996950,1.381,11/5/2019 12:00:00 AM,0450,1,1,0,0,CLEAR,DRY,False,COLLISION WITH ANIMAL NON INTERSECTION,SINGLE VEHICLE,STRAIGHT & GRADE,DARK-HWY NOT LIGHTED,,,11/5/2019 8:38:39 AM,False,7264,Accepted,
25886116,0568000,LOUISVILLE METRO POLICE DEPT,Accepted,JEFFERSON,KY1747,,HURSTBOURNE,PKWY,N,,,,,,,38.257194484,-85.579468681,14.283,11/5/2019 12:00:00 AM,1918,1,1,0,0,CLEAR,DRY,False,COLLISION WITH ANIMAL NON INTERSECTION,SINGLE VEHICLE,STRAIGHT & LEVEL,DARK-HWY LIGHTED/ON,,,11/6/2019 8:25:28 AM,False,7096,Accepted,
25921801,0568000,LOUISVILLE METRO POLICE DEPT,Accepted,JEFFERSON,I 0071,,I71 S,,,,,,,,,38.286960788,-85.678184812,3.197,11/5/2019 12:00:00 AM,2030,2,1,0,0,CLEAR,DRY,False,COLLISION WITH ANIMAL NON INTERSECTION,SINGLE VEHICLE,CURVE & LEVEL,DARK-HWY LIGHTED/OFF,,,11/14/2019 8:23:06 AM,False,2673,Accepted,
25886180,0568000,LOUISVILLE METRO POLICE DEPT,Accepted,JEFFERSON,KY1865,,TAYLOR,BLVD,,,STRADER,,,,,38.191115434,-85.783315889,5.840,11/5/2019 12:00:00 AM,2256,2,2,0,0,CLEAR,DRY,False,SIDESWIPE-SAME DIRECTION,SIDESWIPE-SAME DIRECTION,STRAIGHT & LEVEL,DARK-HWY LIGHTED/ON,,,11/6/2019 8:30:28 AM,False,7426,Accepted,
25886305,0568000,LOUISVILLE METRO POLICE DEPT,Accepted,JEFFERSON,,,KLONDIKE,LN,,,HIKES,,,,,38.211154947,-85.640644373,0.984,11/5/2019 12:00:00 AM,1342,2,2,0,0,CLOUDY,DRY,False,SIDESWIPE-SAME DIRECTION,SIDESWIPE-SAME DIRECTION,STRAIGHT & LEVEL,DAYLIGHT,,,11/6/2019 8:46:19 AM,False,2429,Accepted,
25886324,0568000,LOUISVILLE METRO POLICE DEPT,Accepted,JEFFERSON,,,MUHAMMAD ALI,BLVD,W,KY1020,3RD,,,,,38.250946823,-85.755794706,0.184,11/5/2019 12:00:00 AM,1815,2,2,0,0,CLEAR,DRY,False,SIDESWIPE-SAME DIRECTION,SIDESWIPE-SAME DIRECTION,STRAIGHT & LEVEL,DARK-HWY LIGHTED/ON,,,11/6/2019 8:47:41 AM,False,7229,Accepted,
25886203,0568000,LOUISVILLE METRO POLICE DEPT,Accepted,JEFFERSON,KY0061,,PRESTON,ST,S,,BRECKINRIDGE,,,,,38.240908373,-85.748302430,11.925,11/5/2019 12:00:00 AM,0800,2,2,0,0,RAINING,WET,False,SIDESWIPE-SAME DIRECTION,SIDESWIPE-SAME DIRECTION,STRAIGHT & LEVEL,DAYLIGHT,,,11/6/2019 8:32:57 AM,False,5273,Accepted,
25886217,0568000,LOUISVILLE METRO POLICE DEPT,Accepted,JEFFERSON,,,BROOK,ST,S,,JEFFERSON,,,,,38.253120037,-85.750379416,3.391,11/5/2019 12:00:00 AM,1312,2,2,0,0,CLEAR,DRY,False,SIDESWIPE-SAME DIRECTION,SIDESWIPE-SAME DIRECTION,STRAIGHT & LEVEL,DAYLIGHT,,,11/6/2019 8:33:42 AM,False,5276,Accepted,
25886135,0568000,LOUISVILLE METRO POLICE DEPT,Accepted,JEFFERSON,US0031E,,BARDSTOWN,RD,,KY1065,BEULAH CHURCH,,,,,38.149866437,-85.587271640,5.556,11/5/2019 12:00:00 AM,2159,2,2,0,0,CLEAR,DRY,False,SIDESWIPE-SAME DIRECTION,SIDESWIPE-SAME DIRECTION,STRAIGHT & LEVEL,DARK-HWY LIGHTED/ON,,,11/6/2019 8:27:03 AM,False,7120,Accepted,
25886323,0568000,LOUISVILLE METRO POLICE DEPT,Accepted,JEFFERSON,US0150,,BROADWAY,,W,KY1020,3RD,,,,,38.245950054,-85.756716498,2.474,11/5/2019 12:00:00 AM,0951,2,1,0,0,CLOUDY,WET,True,OTHER INTERSECTION COLLISIONS,SINGLE VEHICLE,STRAIGHT & LEVEL,DAYLIGHT,,,11/6/2019 8:47:28 AM,False,7229,Accepted,
25887492,0563800,NORTHFIELD POLICE DEPARTMENT,Accepted,JEFFERSON,KY2050,,HERR,LN,,KY0022,BROWNSBORO,,,,,38.283904873,-85.627957635,2.182,11/5/2019 12:00:00 AM,0915,2,2,0,0,CLEAR,DRY,False,OTHER INTERSECTION COLLISIONS,REAR END,STRAIGHT & GRADE,DAYLIGHT,,,11/6/2019 12:18:06 PM,False,1375,Accepted,
25886224,0568000,LOUISVILLE METRO POLICE DEPT,Accepted,JEFFERSON,KY0061,,PRESTON,HWY,,I 0065,I65 N EXIT130 ON RAMP FROM KY61,,,,,38.179017289,-85.717312218,7.264,11/5/2019 12:00:00 AM,0951,2,2,0,1,RAINING,WET,False,OTHER INTERSECTION COLLISIONS,REAR END,STRAIGHT & LEVEL,DAYLIGHT,,,11/6/2019 8:34:33 AM,False,7473,Accepted,
25886297,0568000,LOUISVILLE METRO POLICE DEPT,Accepted,JEFFERSON,KY0155,,TAYLORSVILLE,RD,,,WALLACE,,,,,38.223514217,-85.682717752,16.374,11/5/2019 12:00:00 AM,0818,2,2,0,0,RAINING,WET,False,OTHER INTERSECTION COLLISIONS,REAR END,STRAIGHT & LEVEL,DAYLIGHT,,,11/6/2019 8:45:17 AM,False,7740,Accepted,
25886298,0568000,LOUISVILLE METRO POLICE DEPT,Accepted,JEFFERSON,US0031E,,BARDSTOWN,RD,,,WEBER,,,,,38.223538520,-85.686474111,13.233,11/5/2019 12:00:00 AM,1346,2,2,0,0,CLOUDY,DRY,False,OTHER INTERSECTION COLLISIONS,REAR END,STRAIGHT & LEVEL,DAYLIGHT,,,11/6/2019 8:45:26 AM,False,7740,Accepted,
25886179,0568000,LOUISVILLE METRO POLICE DEPT,Accepted,JEFFERSON,US0031W,,DIXIE,HWY,,,BLANTON,,,,,38.157262805,-85.834021960,12.527,11/5/2019 12:00:00 AM,1041,2,2,0,2,CLOUDY,WET,False,OTHER INTERSECTION COLLISIONS,REAR END,STRAIGHT & LEVEL,DAYLIGHT,,,11/6/2019 8:30:24 AM,False,6326,Accepted,
25886193,0568000,LOUISVILLE METRO POLICE DEPT,Accepted,JEFFERSON,KY0864,,POPLAR LEVEL,RD,,,,,,,,38.192774438,-85.706079935,11.100,11/5/2019 12:00:00 AM,1230,2,2,0,0,CLOUDY,WET,False,REAR END IN TRAFFIC LANES BOTH VEHICLES MOVING,REAR END,STRAIGHT & GRADE,DAYLIGHT,,,11/6/2019 8:31:36 AM,False,5130,Accepted,
25886250,0568000,LOUISVILLE METRO POLICE DEPT,Accepted,JEFFERSON,KY0841,,GENE SNYDER,FWY,,,,,,,,38.118861269,-85.783626093,5.687,11/5/2019 12:00:00 AM,1527,2,2,0,0,CLEAR,DRY,False,REAR END IN TRAFFIC LANES BOTH VEHICLES MOVING,REAR END,STRAIGHT & LEVEL,DAYLIGHT,,,11/6/2019 8:39:01 AM,False,7234,Accepted,
25881782,0568000,LOUISVILLE METRO POLICE DEPT,Accepted,JEFFERSON,KY2048,2800,CANNONS,LN,,,,,,,,38.228406592,-85.652657266,0.779,11/5/2019 12:00:00 AM,0815,2,2,0,0,RAINING,WET,False,REAR END IN TRAFFIC LANES BOTH VEHICLES MOVING,REAR END,STRAIGHT & LEVEL,DAYLIGHT,,,11/5/2019 9:00:37 AM,False,7284,Accepted,
25881771,0568000,LOUISVILLE METRO POLICE DEPT,Accepted,JEFFERSON,I 0264,,I264 W,,,,,,,,,38.201591032,-85.691590865,14.364,11/5/2019 12:00:00 AM,0743,2,2,0,0,RAINING,WET,False,REAR END IN TRAFFIC LANES BOTH VEHICLES MOVING,REAR END,STRAIGHT & LEVEL,DAWN,,,11/5/2019 8:56:58 AM,False,7284,Accepted,
25886177,0568000,LOUISVILLE METRO POLICE DEPT,Accepted,JEFFERSON,US0031W,,DIXIE,HWY,,,,,LOWER HUNTERS,,WELBY,38.156296737,-85.834377614,12.425,11/5/2019 12:00:00 AM,0832,2,2,0,0,RAINING,WET,False,REAR END IN TRAFFIC LANES BOTH VEHICLES MOVING,REAR END,STRAIGHT & LEVEL,DAYLIGHT,,,11/6/2019 8:30:01 AM,False,6326,Accepted,
25886218,0568000,LOUISVILLE METRO POLICE DEPT,Accepted,JEFFERSON,US0060,,SHELBYVILLE,RD,,,,,LA FONTENAY,,BURNSDALE,38.245084526,-85.559026102,8.835,11/5/2019 12:00:00 AM,1105,2,2,0,0,RAINING,WET,False,REAR END IN TRAFFIC LANES BOTH VEHICLES MOVING,REAR END,STRAIGHT & LEVEL,DAYLIGHT,,,11/6/2019 8:33:53 AM,False,7018,Accepted,
25886233,0568000,LOUISVILLE METRO POLICE DEPT,Accepted,JEFFERSON,I 0065,,I65 S,,,,,,,,,38.159906552,-85.720001814,128.460,11/5/2019 12:00:00 AM,1401,2,2,0,0,CLEAR,DRY,True,REAR END IN TRAFFIC LANES BOTH VEHICLES MOVING,REAR END,STRAIGHT & LEVEL,DAYLIGHT,,,11/6/2019 8:36:46 AM,False,4693,Accepted,
25886234,0568000,LOUISVILLE METRO POLICE DEPT,Accepted,JEFFERSON,,,BRIARCLIFF,RD,,,,,,,,38.133368776,-85.697249518,0.190,11/5/2019 12:00:00 AM,1511,2,2,0,0,CLEAR,DRY,False,REAR END IN TRAFFIC LANES BOTH VEHICLES MOVING,REAR END,STRAIGHT & LEVEL,DAYLIGHT,,,11/6/2019 8:36:54 AM,False,4693,Accepted,
25886291,0568000,LOUISVILLE METRO POLICE DEPT,Accepted,JEFFERSON,I 0264,,I264 W,,,,,,,,,38.189530156,-85.744486606,11.302,11/5/2019 12:00:00 AM,1525,2,2,0,0,CLEAR,DRY,False,REAR END IN TRAFFIC LANES BOTH VEHICLES MOVING,REAR END,STRAIGHT & LEVEL,DAYLIGHT,,,11/6/2019 8:44:09 AM,False,7839,Accepted,
25886285,0568000,LOUISVILLE METRO POLICE DEPT,Accepted,JEFFERSON,I 0071,,I71 S,,,,,,,,,38.290539257,-85.648042014,5.002,11/5/2019 12:00:00 AM,1439,3,3,0,0,CLEAR,DRY,False,REAR END IN TRAFFIC LANES BOTH VEHICLES MOVING,REAR END,STRAIGHT & LEVEL,DAYLIGHT,,,11/6/2019 8:43:26 AM,False,2217,Accepted,
25887746,0568000,LOUISVILLE METRO POLICE DEPT,Accepted,JEFFERSON,KY0061,11488,PRESTON,HWY,,,,,,,,38.084224434,-85.667883107,0.057,11/5/2019 12:00:00 AM,1319,2,2,0,0,CLEAR,DRY,False,REAR END IN TRAFFIC LANES BOTH VEHICLES MOVING,REAR END,STRAIGHT & LEVEL,DAYLIGHT,,,11/6/2019 1:09:34 PM,False,2017,Accepted,
25886287,0568000,LOUISVILLE METRO POLICE DEPT,Accepted,JEFFERSON,I 0071,,I71 S,,,,,,,,,38.290539257,-85.648042014,5.002,11/5/2019 12:00:00 AM,1439,1,1,0,0,CLEAR,DRY,False,OTHER COLLISIONS ON SHOULDER,SINGLE VEHICLE,STRAIGHT & LEVEL,DAYLIGHT,,,11/6/2019 8:43:45 AM,True,2217,Accepted,
25891648,0568000,LOUISVILLE METRO POLICE DEPT,Accepted,JEFFERSON,I 0264,,I264 W,,,,,I 0264,I264 W EXIT22 ON RAMP FROM US42,I 0264,I264 W EXIT21 OFF RAMP TO KY1447,38.276049096,-85.632561622,21.752,11/5/2019 12:00:00 AM,1845,2,2,0,0,CLEAR,DRY,False,SIDESWIPE COLLISION - SAME DIRECTION,SIDESWIPE-SAME DIRECTION,STRAIGHT & LEVEL,DARK-HWY LIGHTED/ON,,,11/7/2019 8:34:46 AM,False,2308,Accepted,
25886134,0568000,LOUISVILLE METRO POLICE DEPT,Accepted,JEFFERSON,,,BARRET,AVE,,,CASTLEWOOD,,,,,38.230932803,-85.723785219,1.363,11/5/2019 12:00:00 AM,1113,2,2,0,1,CLOUDY,WET,False,HEAD-ON COLLISION,HEAD ON,STRAIGHT & LEVEL,DAYLIGHT,,,11/6/2019 8:26:58 AM,False,5020,Accepted,
25887729,0568000,LOUISVILLE METRO POLICE DEPT,Accepted,JEFFERSON,US0031E,,MARKET,ST,E,,,,WENZEL,US0031E,BAXTER,38.252766109,-85.734263201,16.705,11/5/2019 12:00:00 AM,1010,2,2,0,0,RAINING,WET,False,SIDESWIPE COLLISION - SAME DIRECTION,SIDESWIPE-SAME DIRECTION,STRAIGHT & LEVEL,DAYLIGHT,,,11/6/2019 1:02:41 PM,False,7058,Accepted,
25886125,0568000,LOUISVILLE METRO POLICE DEPT,Accepted,JEFFERSON,,,5TH,ST,S,,,US0150,BROADWAY,,CHESTNUT,38.249079277,-85.759535227,3.271,11/5/2019 12:00:00 AM,0828,2,2,0,0,RAINING,WET,False,SIDESWIPE COLLISION - SAME DIRECTION,SIDESWIPE-SAME DIRECTION,STRAIGHT & LEVEL,DAYLIGHT,,,11/6/2019 8:26:02 AM,False,2854,Accepted,
25886277,0568000,LOUISVILLE METRO POLICE DEPT,Accepted,JEFFERSON,KY1703,,NEWBURG,RD,,,,,,,,38.213544038,-85.700838254,3.390,11/5/2019 12:00:00 AM,1500,2,2,0,0,CLEAR,DRY,False,SIDESWIPE COLLISION - SAME DIRECTION,SIDESWIPE-SAME DIRECTION,STRAIGHT & GRADE,DAYLIGHT,,,11/6/2019 8:42:04 AM,False,5130,Accepted,
25886174,0568000,LOUISVILLE METRO POLICE DEPT,Accepted,JEFFERSON,US0031W,,DIXIE,HWY,,,,,KERRICK,,LOWER HUNTERS,38.154112841,-85.835419867,12.320,11/5/2019 12:00:00 AM,0714,2,2,0,0,RAINING,WET,False,SIDESWIPE COLLISION - SAME DIRECTION,SIDESWIPE-SAME DIRECTION,STRAIGHT & LEVEL,DAWN,,,11/6/2019 8:29:53 AM,False,6326,Accepted,
25906836,0568000,LOUISVILLE METRO POLICE DEPT,Accepted,JEFFERSON,I 0065,,I65 S,,,,,I 0065,I65 S EXIT136 ON RAMP FROM  E JACOB ST,I 0065,I65 S EXIT136 ON RAMP FROM  W CHESTNUT ST,38.245234692,-85.752437578,135.223,11/5/2019 12:00:00 AM,1813,2,2,0,0,CLEAR,WET,False,SIDESWIPE COLLISION - SAME DIRECTION,SIDESWIPE-SAME DIRECTION,CURVE & LEVEL,DARK-HWY LIGHTED/ON,,,11/11/2019 8:40:06 AM,False,2499,Accepted,
25891636,0568000,LOUISVILLE METRO POLICE DEPT,Accepted,JEFFERSON,I 0065,,I65 S,,,,,,,,,38.239982267,-85.753262304,134.857,11/5/2019 12:00:00 AM,0638,2,2,0,0,RAINING,WET,False,SIDESWIPE COLLISION - SAME DIRECTION,SIDESWIPE-SAME DIRECTION,STRAIGHT & LEVEL,DARK-HWY LIGHTED/ON,,,11/7/2019 8:31:43 AM,False,4656,Accepted,
25886154,0568000,LOUISVILLE METRO POLICE DEPT,Accepted,JEFFERSON,I 0065,,I65 S,,,,,,,,,38.240234191,-85.753226174,134.874,11/5/2019 12:00:00 AM,0631,2,2,0,0,RAINING,WET,False,SIDESWIPE COLLISION - SAME DIRECTION,SIDESWIPE-SAME DIRECTION,STRAIGHT & LEVEL,DARK-HWY LIGHTED/ON,,,11/6/2019 8:28:53 AM,False,7207,Accepted,
25886097,0568000,LOUISVILLE METRO POLICE DEPT,Accepted,JEFFERSON,KY1932,,BRECKENRIDGE,LN,,,,,,,,38.216600903,-85.627440246,2.570,11/5/2019 12:00:00 AM,1042,2,2,0,0,CLOUDY,WET,False,SIDESWIPE COLLISION - SAME DIRECTION,SIDESWIPE-SAME DIRECTION,STRAIGHT & LEVEL,DAYLIGHT,,,11/6/2019 8:22:32 AM,False,7864,Accepted,
25886322,0568000,LOUISVILLE METRO POLICE DEPT,Accepted,JEFFERSON,I 0065,,I65 S,,,,,I 0064,I64 S EXIT137 ON RAMP,I 0065,I65 S EXIT136C OFF RAMP TO  E JEFFERSON ST,38.254938346,-85.742415000,136.165,11/5/2019 12:00:00 AM,0918,2,2,0,0,CLOUDY,WET,True,REAR END IN TRAFFIC LANES BOTH VEHICLES MOVING,REAR END,CURVE & HILLCREST,DAYLIGHT,,,11/6/2019 8:47:08 AM,False,7229,Accepted,
25886196,0568000,LOUISVILLE METRO POLICE DEPT,Accepted,JEFFERSON,I 0264,,I264 W,,,,,,,,,38.194954065,-85.708917180,13.293,11/5/2019 12:00:00 AM,1400,2,2,0,0,CLEAR,DRY,False,REAR END IN TRAFFIC LANES BOTH VEHICLES MOVING,REAR END,STRAIGHT & GRADE,DAYLIGHT,,,11/6/2019 8:32:00 AM,False,5130,Accepted,
25886321,0568000,LOUISVILLE METRO POLICE DEPT,Accepted,JEFFERSON,I 0065,,I65 N,,,,,I 0065,I65 N EXIT131A OFF RAMP,I 0065,I65 N EXIT130 OFF RAMP TO KY61,38.177810256,-85.719387243,129.711,11/5/2019 12:00:00 AM,0720,2,2,0,0,CLOUDY,WET,True,REAR END IN TRAFFIC LANES BOTH VEHICLES MOVING,REAR END,CURVE & LEVEL,DAYLIGHT,,,11/6/2019 8:46:55 AM,False,7229,Accepted,
25886212,0568000,LOUISVILLE METRO POLICE DEPT,Accepted,JEFFERSON,I 0264,,I264 W,,,,,,,,,38.195271846,-85.708312432,13.332,11/5/2019 12:00:00 AM,1349,2,2,0,1,CLEAR,DRY,False,REAR END IN TRAFFIC LANES BOTH VEHICLES MOVING,REAR END,STRAIGHT & LEVEL,DAYLIGHT,,,11/6/2019 8:33:10 AM,False,7400,Accepted,
25886232,0568000,LOUISVILLE METRO POLICE DEPT,Accepted,JEFFERSON,KY1065,,OUTER,LOOP,,,,,,,,38.138207755,-85.679246299,6.470,11/5/2019 12:00:00 AM,1258,2,2,0,1,CLEAR,DRY,False,REAR END IN TRAFFIC LANES BOTH VEHICLES MOVING,REAR END,STRAIGHT & LEVEL,DAYLIGHT,,,11/6/2019 8:36:27 AM,False,4693,Accepted,
25886289,0568000,LOUISVILLE METRO POLICE DEPT,Accepted,JEFFERSON,I 0064,,I64 W,,,,,,,,,38.234237346,-85.612168704,12.914,11/5/2019 12:00:00 AM,1318,3,3,0,0,CLEAR,DRY,False,REAR END IN TRAFFIC LANES BOTH VEHICLES MOVING,REAR END,STRAIGHT & LEVEL,DAYLIGHT,,,11/6/2019 8:43:56 AM,False,7839,Accepted,
25886225,0568000,LOUISVILLE METRO POLICE DEPT,Accepted,JEFFERSON,,,CECIL,AVE,,,,,GREENWOOD,,GRAND,38.244185889,-85.821102715,1.097,11/5/2019 12:00:00 AM,1336,2,2,0,0,CLEAR,DRY,False,1 VEHICLE ENTERING/LEAVING ENTRANCE,ANGLE,STRAIGHT & LEVEL,DAYLIGHT,,,11/6/2019 8:34:47 AM,False,7328,Accepted,
25881773,0568000,LOUISVILLE METRO POLICE DEPT,Accepted,JEFFERSON,,,FLOYD,ST,S,,,,,,,38.230142962,-85.752393384,1.777,11/5/2019 12:00:00 AM,0800,3,3,0,0,RAINING,WET,True,1 VEHICLE ENTERING/LEAVING ENTRANCE,ANGLE,STRAIGHT & LEVEL,DAYLIGHT,,,11/5/2019 8:57:10 AM,False,7296,Accepted,
26072255,0568000,LOUISVILLE METRO POLICE DEPT,Accepted,JEFFERSON,US0060A,,EASTERN,PKWY,,,,,QUADRANT,,QUADRANT,38.231036949,-85.711169972,6.662,11/5/2019 12:00:00 AM,1806,2,2,0,0,CLOUDY,DRY,False,1 VEHICLE ENTERING/LEAVING ENTRANCE,ANGLE,STRAIGHT & GRADE,DARK-HWY LIGHTED/ON,,,12/18/2019 8:29:02 AM,False,2228,Accepted,
25886336,0568000,LOUISVILLE METRO POLICE DEPT,Accepted,JEFFERSON,KY3084,,OLD HENRY,RD,,,,,,,,38.274191234,-85.490477909,1.799,11/5/2019 12:00:00 AM,1700,2,2,0,0,CLEAR,DRY,False,1 VEHICLE ENTERING/LEAVING ENTRANCE,ANGLE,CURVE & GRADE,DAYLIGHT,,,11/6/2019 8:48:57 AM,False,6532,Accepted,
26030665,0568000,LOUISVILLE METRO POLICE DEPT,Accepted,JEFFERSON,KY0061,3035,PRESTON,ST,S,,,,,,,38.214418019,-85.742869567,10.110,11/5/2019 12:00:00 AM,1940,2,2,0,0,CLEAR,DRY,False,1 VEHICLE ENTERING/LEAVING ENTRANCE,ANGLE,STRAIGHT & LEVEL,DARK-HWY LIGHTED/ON,,,12/9/2019 9:30:23 AM,False,2738,Accepted,
25886119,0568000,LOUISVILLE METRO POLICE DEPT,Accepted,JEFFERSON,,4400,FEGENBUSH,LN,,,,,,,,38.186640642,-85.638092971,0.034,11/5/2019 12:00:00 AM,0829,2,2,0,2,RAINING,WET,False,OTHER ROADWAY OR MID-BLOCK COLLISION,OPPOSING LEFT TURN,STRAIGHT & LEVEL,DAYLIGHT,,,11/6/2019 8:25:42 AM,False,7303,Accepted,
25886133,0568000,LOUISVILLE METRO POLICE DEPT,Accepted,JEFFERSON,US0031E,,BUECHEL,BYP,,,,KY2052,HIKES,US0031E,BARDSTOWN,38.199444560,-85.662187740,11.082,11/5/2019 12:00:00 AM,1010,2,2,0,0,CLOUDY,WET,False,OTHER ROADWAY OR MID-BLOCK COLLISION,REAR END,STRAIGHT & LEVEL,DAYLIGHT,,,11/6/2019 8:26:44 AM,False,7602,Accepted,
25886248,0568000,LOUISVILLE METRO POLICE DEPT,Accepted,JEFFERSON,KY1934,,CANE RUN,RD,,,,,,,,38.180074594,-85.859375196,7.385,11/5/2019 12:00:00 AM,1430,2,2,0,0,CLEAR,DRY,False,1 VEHICLE ENTERING/LEAVING ENTRANCE,ANGLE,STRAIGHT & LEVEL,DAYLIGHT,,,11/6/2019 8:38:51 AM,False,7234,Accepted,
25886254,0568000,LOUISVILLE METRO POLICE DEPT,Accepted,JEFFERSON,,,CEDAR SPRINGS,BLVD,,,,,,,,38.144884391,-85.585542424,0.040,11/5/2019 12:00:00 AM,1647,2,2,0,0,CLEAR,DRY,False,1 VEHICLE ENTERING/LEAVING ENTRANCE,ANGLE,STRAIGHT & LEVEL,DAYLIGHT,,,11/6/2019 8:39:22 AM,False,4693,Accepted,
25886189,0568000,LOUISVILLE METRO POLICE DEPT,Accepted,JEFFERSON,KY0864,,POPLAR LEVEL,RD,,,,,,,,38.218022758,-85.726996387,13.300,11/5/2019 12:00:00 AM,0800,2,2,0,0,RAINING,WET,False,1 VEHICLE ENTERING/LEAVING ENTRANCE,ANGLE,STRAIGHT & GRADE,DAYLIGHT,,,11/6/2019 8:31:04 AM,False,5130,Accepted,
25886106,0568000,LOUISVILLE METRO POLICE DEPT,Accepted,JEFFERSON,,,BUSH FARM,RD,,,,,,,,38.271299502,-85.483794200,0.894,11/5/2019 12:00:00 AM,0855,2,2,0,0,RAINING,WET,True,1 VEHICLE ENTERING/LEAVING ENTRANCE,ANGLE,STRAIGHT & GRADE,DAYLIGHT,,,11/6/2019 8:24:14 AM,False,6532,Accepted,
25906798,0568000,LOUISVILLE METRO POLICE DEPT,Accepted,JEFFERSON,I 0064,,I64 W,,,,,,,,,38.238087102,-85.624236402,12.201,11/5/2019 12:00:00 AM,1820,2,2,0,0,CLOUDY,DRY,False,OTHER ROADWAY OR MID-BLOCK COLLISION,REAR END,CURVE & GRADE,DARK-HWY LIGHTED/OFF,,,11/11/2019 8:34:29 AM,False,7899,Accepted,