IncidentID,AgencyORI,AgencyName,IncidentStatusDesc,County,RdwyNumber,Street,RoadwayName,StreetSfx,StreetDir,IntersectionRdwy,IntersectionRdwyName,BetweenStRdwy1,BetweenStRdwyName1,BetweenStRdwy2,BetweenStRdwyName2,Latitude,Longitude,Milepoint,CollisionDate,CollisionTime,UnitsInvolved,MotorVehiclesInvolved,NumberKilled,NumberInjured,Weather,RdwyConditionCode,HitandRun,DirAnalysisCode,MannerofCollision,RdwyCharacter,LightCondition,RampFromRdwyId,RampToRdwyId,AcceptedDate,IsSecondaryCollision,OwnerBadge,IncidentStatus,
25896788,0568000,LOUISVILLE METRO POLICE DEPT,Accepted,JEFFERSON,,9020,MAPLE,RD,,,,,,,,38.113134091,-85.645435014,0.336,11/5/2019 12:00:00 AM,1745,1,1,0,1,CLEAR,DRY,False,OTHER ROADWAY OR MID-BLOCK COLLISION,SINGLE VEHICLE,STRAIGHT & LEVEL,DUSK,,,11/8/2019 8:51:48 AM,False,7989,Accepted,
25886326,0568000,LOUISVILLE METRO POLICE DEPT,Accepted,JEFFERSON,I 0071,,I71 N,,,,,,,,,38.308340975,-85.594541002,8.264,11/5/2019 12:00:00 AM,1700,2,2,0,1,CLEAR,DRY,False,OTHER ROADWAY OR MID-BLOCK COLLISION,REAR END,STRAIGHT & GRADE,DAYLIGHT,,,11/6/2019 8:48:07 AM,False,7899,Accepted,
25886295,0568000,LOUISVILLE METRO POLICE DEPT,Accepted,JEFFERSON,KY0022,,BROWNSBORO,RD,,,,,,,,38.309789762,-85.572103882,4.138,11/5/2019 12:00:00 AM,1745,2,2,0,0,CLEAR,DRY,False,OTHER ROADWAY OR MID-BLOCK COLLISION,REAR END,STRAIGHT & LEVEL,DUSK,,,11/6/2019 8:44:45 AM,False,2346,Accepted,
25886301,0568000,LOUISVILLE METRO POLICE DEPT,Accepted,JEFFERSON,KY0155,,TAYLORSVILLE,RD,,,,,LOWE,,LOWE,38.218990402,-85.606083527,12.257,11/5/2019 12:00:00 AM,0738,3,3,0,1,RAINING,WET,False,OTHER ROADWAY OR MID-BLOCK COLLISION,REAR END,STRAIGHT & LEVEL,DAWN,,,11/6/2019 8:45:50 AM,False,2429,Accepted,
25886319,0568000,LOUISVILLE METRO POLICE DEPT,Accepted,JEFFERSON,,,3RD,ST,S,,,,,,,38.168374222,-85.768434255,2.102,11/5/2019 12:00:00 AM,1900,2,2,0,0,CLEAR,DRY,True,OTHER ROADWAY OR MID-BLOCK COLLISION,OPPOSING LEFT TURN,STRAIGHT & LEVEL,DARK-HWY LIGHTED/OFF,,,11/6/2019 8:46:43 AM,False,7424,Accepted,
25886167,0568000,LOUISVILLE METRO POLICE DEPT,Accepted,JEFFERSON,I 0065,,,,,,,,,,,38.157444470,-85.716436588,0.477,11/5/2019 12:00:00 AM,1920,2,2,0,0,CLEAR,DRY,True,OTHER RAMP RELATED COLLISIONS NOT LISTED ABOVE,REAR END,STRAIGHT & HILLCREST,DARK-HWY LIGHTED/ON,I 0065,KY1631,11/6/2019 8:29:31 AM,False,5282,Accepted,
25887710,0568000,LOUISVILLE METRO POLICE DEPT,Accepted,JEFFERSON,I 0264,,,,,,,,,,,38.224911159,-85.643180017,0.009,11/5/2019 12:00:00 AM,1700,3,3,0,0,CLEAR,DRY,False,OTHER RAMP RELATED COLLISIONS NOT LISTED ABOVE,REAR END,STRAIGHT & LEVEL,DAYLIGHT,I 0264,KY1932,11/6/2019 1:01:26 PM,False,7628,Accepted,
25886089,0568000,LOUISVILLE METRO POLICE DEPT,Accepted,JEFFERSON,I 0064,,,,,,,,,,,38.258719272,-85.764657140,0.190,11/5/2019 12:00:00 AM,0912,1,1,0,0,RAINING,WET,False,OTHER RAMP RELATED COLLISIONS NOT LISTED ABOVE,SINGLE VEHICLE,CURVE & HILLCREST,DAYLIGHT,I 0064,JEFFERSON ST,11/6/2019 8:20:37 AM,False,4903,Accepted,
25886145,0568000,LOUISVILLE METRO POLICE DEPT,Accepted,JEFFERSON,I 0265,,,,,,,,,,,38.188618874,-85.510734951,0.313,11/5/2019 12:00:00 AM,1007,2,2,0,0,CLOUDY,WET,False,OTHER RAMP RELATED COLLISIONS NOT LISTED ABOVE,REAR END,CURVE & LEVEL,DAYLIGHT,I 0265,KY0155,11/6/2019 8:27:46 AM,False,4693,Accepted,
25886280,0568000,LOUISVILLE METRO POLICE DEPT,Accepted,JEFFERSON,I 0264,,,,,,,,,,,38.247914086,-85.619029128,0.550,11/5/2019 12:00:00 AM,1811,2,2,0,0,CLEAR,DRY,False,OTHER RAMP RELATED COLLISIONS NOT LISTED ABOVE,REAR END,STRAIGHT & GRADE,DARK-HWY LIGHTED/ON,I 0264,US0060,11/6/2019 8:42:39 AM,False,5287,Accepted,
25887693,0568000,LOUISVILLE METRO POLICE DEPT,Accepted,JEFFERSON,I 0265,,I265 S,,,,,,,,,38.301502432,-85.555032148,32.931,11/5/2019 12:00:00 AM,1130,1,1,0,1,CLOUDY,WET,False,OTHER ROADWAY OR MID-BLOCK COLLISION,SINGLE VEHICLE,STRAIGHT & LEVEL,DAYLIGHT,,,11/6/2019 1:00:55 PM,False,7628,Accepted,
25881945,0568000,LOUISVILLE METRO POLICE DEPT,Accepted,JEFFERSON,US0031E,,BARDSTOWN,RD,,,,,ST GABRIEL,,CUMNOCK,38.166754810,-85.601804559,7.008,11/5/2019 12:00:00 AM,0720,2,2,0,0,RAINING,WET,False,OTHER ROADWAY OR MID-BLOCK COLLISION,REAR END,STRAIGHT & LEVEL,DAYLIGHT,,,11/5/2019 9:25:55 AM,False,2017,Accepted,
25888756,0560300,ST. MATTHEWS POLICE DEPARTMENT,Accepted,JEFFERSON,I 0264,,I264 E,,,,,,,,,38.258149646,-85.622609725,20.390,11/5/2019 12:00:00 AM,1805,2,2,0,0,CLEAR,DRY,False,OTHER ROADWAY OR MID-BLOCK COLLISION,REAR END,STRAIGHT & LEVEL,DARK-HWY LIGHTED/ON,,,11/6/2019 4:04:02 PM,False,9172,Accepted,
25886246,0568000,LOUISVILLE METRO POLICE DEPT,Accepted,JEFFERSON,KY1065,,OUTER,LOOP,,,,,JUDGE,,LAUREL RIDGE,38.137920116,-85.671734235,6.877,11/5/2019 12:00:00 AM,1615,2,2,0,0,CLEAR,DRY,False,OTHER ROADWAY OR MID-BLOCK COLLISION,REAR END,STRAIGHT & LEVEL,DAYLIGHT,,,11/6/2019 8:38:36 AM,False,2324,Accepted,
25886230,0568000,LOUISVILLE METRO POLICE DEPT,Accepted,JEFFERSON,KY1065,,OUTER,LOOP,,,,,JEFFERSON,,LAUREL RIDGE,38.137920454,-85.674887478,6.706,11/4/2019 12:00:00 AM,1600,3,3,0,0,CLOUDY,DRY,False,OTHER ROADWAY OR MID-BLOCK COLLISION,REAR END,STRAIGHT & LEVEL,DAYLIGHT,,,11/6/2019 8:35:46 AM,False,2583,Accepted,
25881434,0568000,LOUISVILLE METRO POLICE DEPT,Accepted,JEFFERSON,KY0864,,BEULAH CHURCH,RD,,,,,ARBOR CREEK,I 0265,I265 E EXIT15 ON RAMP FROM KY864,38.122302678,-85.614899388,3.198,11/4/2019 12:00:00 AM,1525,2,2,0,0,CLEAR,DRY,True,OTHER ROADWAY OR MID-BLOCK COLLISION,REAR END,STRAIGHT & LEVEL,DAYLIGHT,,,11/5/2019 8:24:07 AM,False,6878,Accepted,
25896767,0568000,LOUISVILLE METRO POLICE DEPT,Accepted,JEFFERSON,I 0264,,,,,,,,,,,38.187274700,-85.783797624,0.018,11/4/2019 12:00:00 AM,0722,3,3,0,0,CLEAR,DRY,False,OTHER RAMP RELATED COLLISIONS NOT LISTED ABOVE,REAR END,CURVE & LEVEL,DAYLIGHT,KY1865,I 0264,11/8/2019 8:47:05 AM,False,5205,Accepted,
25888749,0560300,ST. MATTHEWS POLICE DEPARTMENT,Accepted,JEFFERSON,US0060,5000,SHELBYVILLE,RD,,,,,,,,38.250225651,-85.622198687,5.379,11/4/2019 12:00:00 AM,1750,2,2,0,0,CLEAR,DRY,False,OTHER ROADWAY OR MID-BLOCK COLLISION,REAR END,STRAIGHT & LEVEL,DARK-HWY LIGHTED/ON,,,11/6/2019 4:03:41 PM,False,9172,Accepted,
25881583,0568000,LOUISVILLE METRO POLICE DEPT,Accepted,JEFFERSON,KY1020,,2ND,ST,S,,,US0150,BROADWAY,,CHESTNUT,38.245899302,-85.755036201,12.101,11/4/2019 12:00:00 AM,1745,2,2,0,5,CLEAR,DRY,True,1 VEHICLE ENTERING/LEAVING ENTRANCE,ANGLE,STRAIGHT & LEVEL,DUSK,,,11/5/2019 8:29:56 AM,False,2854,Accepted,
25881643,0568000,LOUISVILLE METRO POLICE DEPT,Accepted,JEFFERSON,KY1747,,HURSTBOURNE,PKWY,S,,,KY0155,TAYLORSVILLE,KY1747,KY1747 CROSSOVER,38.216832970,-85.589070393,11.165,11/4/2019 12:00:00 AM,1819,2,2,0,0,CLOUDY,DRY,False,1 VEHICLE ENTERING/LEAVING ENTRANCE,ANGLE,STRAIGHT & LEVEL,DARK-HWY NOT LIGHTED,,,11/5/2019 8:34:07 AM,False,6100,Accepted,
25881573,0568000,LOUISVILLE METRO POLICE DEPT,Accepted,JEFFERSON,US0150,,BROADWAY,,W,,,,4TH,KY1020,3RD,38.245958119,-85.756715862,2.475,11/4/2019 12:00:00 AM,1516,2,2,0,0,CLEAR,DRY,False,OTHER ROADWAY OR MID-BLOCK COLLISION,REAR END,STRAIGHT & LEVEL,DAYLIGHT,,,11/5/2019 8:29:15 AM,False,2854,Accepted,
25906882,0568000,LOUISVILLE METRO POLICE DEPT,Accepted,JEFFERSON,US0031E,,MARKET,ST,E,,,,CLAY,,SHELBY,38.253229609,-85.738581586,16.966,11/4/2019 12:00:00 AM,1717,2,2,0,0,CLEAR,DRY,False,1 VEHICLE ENTERING/LEAVING ENTRANCE,ANGLE,STRAIGHT & LEVEL,DAYLIGHT,,,11/11/2019 8:46:28 AM,False,7058,Accepted,
25881694,0568000,LOUISVILLE METRO POLICE DEPT,Accepted,JEFFERSON,KY3084,,OLD HENRY,RD,,,,I 0265,I265 S EXIT29 ON RAMP FROM KY3084,,NELSON MILLER,38.268456946,-85.505255999,0.902,11/4/2019 12:00:00 AM,0750,2,2,0,0,CLEAR,DRY,False,REAR END IN TRAFFIC LANES BOTH VEHICLES MOVING,REAR END,STRAIGHT & GRADE,DAYLIGHT,,,11/5/2019 8:39:14 AM,False,7018,Accepted,
25886296,0568000,LOUISVILLE METRO POLICE DEPT,Accepted,JEFFERSON,I 0264,,I264 E,,,,,I 0264,I264 E EXIT18 ON RAMP FROM KY1932 N,I 0064,I64 E EXIT19A RAMP TO I64 E,38.232484132,-85.628424494,18.431,11/4/2019 12:00:00 AM,2341,2,2,0,0,CLEAR,DRY,False,REAR END IN TRAFFIC LANES BOTH VEHICLES MOVING,REAR END,STRAIGHT & LEVEL,DARK-HWY LIGHTED/ON,,,11/6/2019 8:45:08 AM,False,2308,Accepted,
25881569,0568000,LOUISVILLE METRO POLICE DEPT,Accepted,JEFFERSON,,,MUHAMMAD ALI,BLVD,W,,,,4TH,,CATHEDRAL,38.251146585,-85.757609545,0.280,11/4/2019 12:00:00 AM,1208,2,2,0,0,CLEAR,DRY,True,SIDESWIPE COLLISION - SAME DIRECTION,SIDESWIPE-SAME DIRECTION,STRAIGHT & LEVEL,DAYLIGHT,,,11/5/2019 8:28:36 AM,False,2854,Accepted,
25913114,0568000,LOUISVILLE METRO POLICE DEPT,Accepted,JEFFERSON,KY1747,,FERN VALLEY,RD,,,,,,,,38.157312678,-85.679194151,2.912,11/4/2019 12:00:00 AM,1621,3,1,0,1,CLEAR,DRY,True,SIDESWIPE COLLISION - SAME DIRECTION,SIDESWIPE-SAME DIRECTION,STRAIGHT & LEVEL,DAYLIGHT,,,11/12/2019 1:01:40 PM,False,4693,Accepted,
25906995,0568000,LOUISVILLE METRO POLICE DEPT,Accepted,JEFFERSON,I 0064,,I64 E,,,,,,,,,38.242532995,-85.694827089,8.515,11/4/2019 12:00:00 AM,1421,2,2,0,0,CLEAR,DRY,False,SIDESWIPE COLLISION - SAME DIRECTION,SIDESWIPE-SAME DIRECTION,CURVE & LEVEL,DAYLIGHT,,,11/11/2019 8:55:59 AM,False,8278,Accepted,
25881649,0568000,LOUISVILLE METRO POLICE DEPT,Accepted,JEFFERSON,KY1865,,NEW CUT,RD,,,,,,,,38.169804778,-85.781233654,4.342,11/4/2019 12:00:00 AM,1700,2,2,0,0,CLEAR,DRY,False,SIDESWIPE COLLISION - SAME DIRECTION,SIDESWIPE-SAME DIRECTION,STRAIGHT & LEVEL,DARK-HWY LIGHTED/ON,,,11/5/2019 8:34:36 AM,False,7362,Accepted,
25881438,0568000,LOUISVILLE METRO POLICE DEPT,Accepted,JEFFERSON,US0060A,981,EASTERN,PKWY,,,,,BURNETT,,LYDIA,38.220224711,-85.733702987,5.197,11/4/2019 12:00:00 AM,0755,2,2,0,0,CLEAR,DRY,False,SIDESWIPE COLLISION - SAME DIRECTION,SIDESWIPE-SAME DIRECTION,STRAIGHT & LEVEL,DAYLIGHT,,,11/5/2019 8:24:50 AM,False,5245,Accepted,
25881428,0568000,LOUISVILLE METRO POLICE DEPT,Accepted,JEFFERSON,I 0265,,I265 E,,,,,,,,,38.112383122,-85.692225419,10.779,11/4/2019 12:00:00 AM,1448,2,2,0,0,CLEAR,DRY,False,SIDESWIPE COLLISION - SAME DIRECTION,SIDESWIPE-SAME DIRECTION,STRAIGHT & LEVEL,DAYLIGHT,,,11/5/2019 8:21:52 AM,False,7764,Accepted,
25906864,0568000,LOUISVILLE METRO POLICE DEPT,Accepted,JEFFERSON,KY1865,4314,TAYLOR,BLVD,,,,,,,,38.178035937,-85.782853885,4.919,11/4/2019 12:00:00 AM,1435,2,2,0,0,CLEAR,DRY,False,REAR END IN TRAFFIC LANES BOTH VEHICLES MOVING,REAR END,STRAIGHT & LEVEL,DAYLIGHT,,,11/11/2019 8:44:19 AM,False,7094,Accepted,
25886152,0568000,LOUISVILLE METRO POLICE DEPT,Accepted,JEFFERSON,KY1747,,FERN VALLEY,RD,,,,,,,,38.157312678,-85.679194151,2.912,11/4/2019 12:00:00 AM,1621,2,2,0,0,CLEAR,DRY,True,REAR END IN TRAFFIC LANES BOTH VEHICLES MOVING,REAR END,STRAIGHT & LEVEL,DAYLIGHT,,,11/6/2019 8:28:29 AM,False,4693,Accepted,
25877184,0561500,UNIV. OF LOUISVILLE POLICE,Accepted,JEFFERSON,US0060A,216,EASTERN,PKWY,,,,,,,,38.213384522,-85.759303028,3.572,11/4/2019 12:00:00 AM,0757,2,2,0,0,CLEAR,DRY,False,REAR END IN TRAFFIC LANES BOTH VEHICLES MOVING,REAR END,STRAIGHT & LEVEL,DAYLIGHT,,,11/4/2019 11:29:55 AM,False,5618,Accepted,
25881420,0568000,LOUISVILLE METRO POLICE DEPT,Accepted,JEFFERSON,,,LIBERTY,ST,W,,,,,,,38.252851262,-85.755231631,0.688,11/4/2019 12:00:00 AM,1333,2,2,0,0,CLEAR,DRY,False,REAR END IN TRAFFIC LANES BOTH VEHICLES MOVING,REAR END,STRAIGHT & LEVEL,DAYLIGHT,,,11/5/2019 8:18:57 AM,False,7220,Accepted,
25881557,0568000,LOUISVILLE METRO POLICE DEPT,Accepted,JEFFERSON,,,BUSH FARM,RD,,,,,,,,38.271300961,-85.483792593,0.894,11/4/2019 12:00:00 AM,1543,2,2,0,0,CLEAR,DRY,False,REAR END IN TRAFFIC LANES BOTH VEHICLES MOVING,REAR END,STRAIGHT & GRADE,DAYLIGHT,,,11/5/2019 8:26:35 AM,False,6532,Accepted,
25881581,0568000,LOUISVILLE METRO POLICE DEPT,Accepted,JEFFERSON,KY1020,,3RD,ST,S,,,,GUTHRIE,,CHESTNUT,38.249656564,-85.756066259,12.357,11/4/2019 12:00:00 AM,1639,2,2,0,0,CLEAR,DRY,False,REAR END IN TRAFFIC LANES BOTH VEHICLES MOVING,REAR END,STRAIGHT & LEVEL,DAYLIGHT,,,11/5/2019 8:29:38 AM,False,2854,Accepted,
25896784,0568000,LOUISVILLE METRO POLICE DEPT,Accepted,JEFFERSON,I 0064,,I64 E,,,,,,,,,38.229753585,-85.599116667,13.871,11/4/2019 12:00:00 AM,0731,3,3,0,1,CLEAR,DRY,False,REAR END IN TRAFFIC LANES BOTH VEHICLES MOVING,REAR END,STRAIGHT & LEVEL,DAWN,,,11/8/2019 8:51:23 AM,False,7253,Accepted,
25906994,0568000,LOUISVILLE METRO POLICE DEPT,Accepted,JEFFERSON,I 0065,,I65 S,,,,,,,,,38.247793672,-85.752244012,135.400,11/4/2019 12:00:00 AM,1252,3,3,0,0,CLEAR,DRY,False,REAR END IN TRAFFIC LANES BOTH VEHICLES MOVING,REAR END,CURVE & LEVEL,DAYLIGHT,,,11/11/2019 8:55:53 AM,False,8278,Accepted,
25906996,0568000,LOUISVILLE METRO POLICE DEPT,Accepted,JEFFERSON,I 0064,,I64 E,,,,,,,,,38.222787211,-85.513818396,18.530,11/4/2019 12:00:00 AM,1658,2,2,0,0,CLEAR,DRY,False,REAR END IN TRAFFIC LANES BOTH VEHICLES MOVING,REAR END,STRAIGHT & GRADE,DAYLIGHT,,,11/11/2019 8:56:09 AM,False,8278,Accepted,
25921709,0568000,LOUISVILLE METRO POLICE DEPT,Accepted,JEFFERSON,I 0264,,I264 W,,,,,,,,,38.231216985,-85.631316608,18.231,11/4/2019 12:00:00 AM,1302,2,2,0,0,CLEAR,DRY,False,REAR END IN TRAFFIC LANES BOTH VEHICLES MOVING,REAR END,STRAIGHT & LEVEL,DAYLIGHT,,,11/14/2019 8:08:59 AM,False,2228,Accepted,
25881636,0568000,LOUISVILLE METRO POLICE DEPT,Accepted,JEFFERSON,,,GRINSTEAD,DR,,,STILZ,,,,,38.253259154,-85.684372231,1.158,11/4/2019 12:00:00 AM,2024,2,2,0,0,CLEAR,DRY,False,OTHER INTERSECTION COLLISIONS,REAR END,STRAIGHT & LEVEL,DARK-HWY LIGHTED/ON,,,11/5/2019 8:33:44 AM,False,7304,Accepted,
25881608,0568000,LOUISVILLE METRO POLICE DEPT,Accepted,JEFFERSON,KY1865,,TAYLOR,BLVD,,,STRADER,,,,,38.190770464,-85.783335026,5.817,11/4/2019 12:00:00 AM,1704,2,2,0,0,CLEAR,DRY,False,OTHER INTERSECTION COLLISIONS,REAR END,STRAIGHT & LEVEL,DAYLIGHT,,,11/5/2019 8:31:53 AM,False,7360,Accepted,
25881433,0568000,LOUISVILLE METRO POLICE DEPT,Accepted,JEFFERSON,KY1932,,BRECKENRIDGE,LN,,KY0155,TAYLORSVILLE,,,,,38.220078043,-85.630418081,2.854,11/4/2019 12:00:00 AM,1542,2,2,0,0,CLEAR,DRY,False,OTHER INTERSECTION COLLISIONS,REAR END,STRAIGHT & LEVEL,DAYLIGHT,,,11/5/2019 8:23:50 AM,False,7864,Accepted,
25881566,0568000,LOUISVILLE METRO POLICE DEPT,Accepted,JEFFERSON,KY2052,,SHEPHERDSVILLE,RD,,KY0864,POPLAR LEVEL,,,,,38.159979953,-85.659978120,1.471,11/4/2019 12:00:00 AM,1335,2,2,0,0,CLEAR,DRY,False,OTHER INTERSECTION COLLISIONS,REAR END,STRAIGHT & LEVEL,DAYLIGHT,,,11/5/2019 8:27:39 AM,False,7366,Accepted,
25881567,0568000,LOUISVILLE METRO POLICE DEPT,Accepted,JEFFERSON,US0031E,,BUECHEL,BYP,,,BUECHEL BANK,,,,,38.190775891,-85.647708009,10.040,11/4/2019 12:00:00 AM,1434,2,2,0,1,CLEAR,DRY,False,OTHER INTERSECTION COLLISIONS,REAR END,STRAIGHT & LEVEL,DAYLIGHT,,,11/5/2019 8:27:47 AM,False,7366,Accepted,
25876687,0568000,LOUISVILLE METRO POLICE DEPT,Accepted,JEFFERSON,KY0155,3339,TAYLORSVILLE,RD,,I 0264,I264 W EXIT17B OFF RAMP TO KY155 N,,,,,38.221845343,-85.654019960,14.865,11/4/2019 12:00:00 AM,0840,3,3,0,0,CLEAR,DRY,False,OTHER INTERSECTION COLLISIONS,REAR END,STRAIGHT & LEVEL,DAYLIGHT,,,11/4/2019 10:13:19 AM,False,2100,Accepted,
25881417,0568000,LOUISVILLE METRO POLICE DEPT,Accepted,JEFFERSON,US0031E,,BARDSTOWN,RD,,,COLONEL HANCOCK,,,,,38.130435158,-85.577365539,4.087,11/4/2019 12:00:00 AM,0800,2,2,0,0,CLEAR,DRY,False,OTHER INTERSECTION COLLISIONS,REAR END,STRAIGHT & LEVEL,DAYLIGHT,,,11/5/2019 8:18:08 AM,False,2017,Accepted,
25881435,0568000,LOUISVILLE METRO POLICE DEPT,Accepted,JEFFERSON,US0031E,,BARDSTOWN,RD,,,GOLDSMITH,,,,,38.208338613,-85.668804284,11.761,11/4/2019 12:00:00 AM,1012,2,2,0,0,CLEAR,DRY,True,SIDESWIPE-SAME DIRECTION,SIDESWIPE-SAME DIRECTION,STRAIGHT & HILLCREST,DAYLIGHT,,,11/5/2019 8:24:21 AM,False,5020,Accepted,
25881432,0568000,LOUISVILLE METRO POLICE DEPT,Accepted,JEFFERSON,US0031E,,MAIN,ST,E,,BROOK,,,,,38.255897313,-85.749868822,17.697,11/4/2019 12:00:00 AM,1430,2,2,0,0,CLEAR,DRY,False,SIDESWIPE-SAME DIRECTION,SIDESWIPE-SAME DIRECTION,STRAIGHT & LEVEL,DAYLIGHT,,,11/5/2019 8:23:11 AM,False,7058,Accepted,
25888111,0568000,LOUISVILLE METRO POLICE DEPT,Accepted,JEFFERSON,KY1142,,PALATKA,RD,,,,,,,,38.151916760,-85.784483211,0.989,11/4/2019 12:00:00 AM,1835,1,1,0,0,CLEAR,DRY,False,COLLISION WITH ANIMAL NON INTERSECTION,SINGLE VEHICLE,STRAIGHT & LEVEL,DARK-HWY LIGHTED/ON,,,11/6/2019 2:04:48 PM,False,7332,Accepted,
25886283,0568000,LOUISVILLE METRO POLICE DEPT,Accepted,JEFFERSON,,702,DRESDEN,AVE,,,,,,,,38.197588475,-85.770279789,0.686,11/4/2019 12:00:00 AM,1605,2,1,0,0,CLEAR,DRY,False,COLLISION WITH BICYCLIST NON INTERSECTION,SINGLE VEHICLE,STRAIGHT & LEVEL,DAYLIGHT,,,11/6/2019 8:43:02 AM,False,7705,Accepted,
25881646,0568000,LOUISVILLE METRO POLICE DEPT,Accepted,JEFFERSON,,,BLACK MOUNTAIN,DR,,,,,BAY HARBOR,,OSPREY RIDGE,38.173223334,-85.635918957,0.086,11/4/2019 12:00:00 AM,1322,1,1,0,0,CLOUDY,DRY,False,COLLISION WITH FIXED OBJECT NON - INTERSECTION - FIRST EVENT COLLISION 09 - 32 EXCLUDING 16,SINGLE VEHICLE,STRAIGHT & LEVEL,DAYLIGHT,,,11/5/2019 8:34:12 AM,False,6100,Accepted,
25876628,0568000,LOUISVILLE METRO POLICE DEPT,Accepted,JEFFERSON,KY1747,,HURSTBOURNE,PKWY,S,,,,STONY BROOK,,GOVERNOURS,38.170186172,-85.604411602,7.576,11/4/2019 12:00:00 AM,0127,1,1,0,1,CLEAR,DRY,False,COLLISION WITH FIXED OBJECT NON - INTERSECTION - FIRST EVENT COLLISION 09 - 32 EXCLUDING 16,SINGLE VEHICLE,STRAIGHT & HILLCREST,DARK-HWY NOT LIGHTED,,,11/4/2019 10:08:07 AM,False,6028,Accepted,
25881755,0568000,LOUISVILLE METRO POLICE DEPT,Accepted,JEFFERSON,,6511,HUNTERS CHASE,LN,,,,,,,,38.163928122,-85.872205437,0.088,11/4/2019 12:00:00 AM,1630,2,2,0,0,CLEAR,DRY,False,1 VEHICLE PARKED POSITION (NOT PARKING LOT/DRIVEWAY),REAR END,CURVE & LEVEL,DAYLIGHT,,,11/5/2019 8:49:33 AM,False,7177,Accepted,
25881681,0568000,LOUISVILLE METRO POLICE DEPT,Accepted,JEFFERSON,,1792,HILL,ST,W,,,,,,,38.228348847,-85.789546371,1.790,11/4/2019 12:00:00 AM,2212,2,2,0,0,,,True,1 VEHICLE PARKED POSITION (NOT PARKING LOT/DRIVEWAY),SIDESWIPE-SAME DIRECTION,STRAIGHT & LEVEL,,,,11/5/2019 8:38:48 AM,False,5239,Accepted,
25906921,0568000,LOUISVILLE METRO POLICE DEPT,Accepted,JEFFERSON,,,ST JAMES,CT,,,,,,,,38.227995719,-85.763116681,0.075,11/4/2019 12:00:00 AM,1900,2,2,0,0,CLEAR,DRY,False,1 VEHICLE PARKED POSITION (NOT PARKING LOT/DRIVEWAY),BACKING,STRAIGHT & LEVEL,DUSK,,,11/11/2019 8:49:41 AM,False,7298,Accepted,
25887720,0568000,LOUISVILLE METRO POLICE DEPT,Accepted,JEFFERSON,US0031E,,MAIN,ST,E,,,,HANCOCK,KY0061,JACKSON,38.255225121,-85.743727401,17.337,11/4/2019 12:00:00 AM,1338,2,2,0,0,CLEAR,DRY,True,1 VEHICLE PARKED POSITION (NOT PARKING LOT/DRIVEWAY),SIDESWIPE-OPPOSITE DIRECTION,STRAIGHT & LEVEL,DAYLIGHT,,,11/6/2019 1:02:07 PM,False,7058,Accepted,
25881598,0568000,LOUISVILLE METRO POLICE DEPT,Accepted,JEFFERSON,US0031E,,BARDSTOWN,RD,,,BOULEVARD NAPOLEON,,,,,38.225705069,-85.696504198,13.798,11/4/2019 12:00:00 AM,1346,3,3,0,0,CLEAR,DRY,False,OTHER INTERSECTION COLLISIONS,REAR END,STRAIGHT & LEVEL,DAYLIGHT,,,11/5/2019 8:31:34 AM,False,7740,Accepted,
25881656,0568000,LOUISVILLE METRO POLICE DEPT,Accepted,JEFFERSON,KY1447,,WESTPORT,RD,,KY1747,HURSTBOURNE,,,,,38.287696451,-85.572158007,5.242,11/4/2019 12:00:00 AM,1815,3,3,0,0,CLOUDY,DRY,False,OTHER INTERSECTION COLLISIONS,REAR END,STRAIGHT & LEVEL,DARK-HWY LIGHTED/ON,,,11/5/2019 8:36:05 AM,False,5004,Accepted,
25886268,0568000,LOUISVILLE METRO POLICE DEPT,Accepted,JEFFERSON,,,DUMESNIL,ST,,US0031W,22ND,,,,,38.236571227,-85.791208009,1.602,11/4/2019 12:00:00 AM,1215,2,2,0,0,CLEAR,DRY,False,OTHER INTERSECTION COLLISIONS,REAR END,STRAIGHT & LEVEL,DAYLIGHT,,,11/6/2019 8:40:51 AM,False,5002,Accepted,
25886142,0568000,LOUISVILLE METRO POLICE DEPT,Accepted,JEFFERSON,KY0155,,TAYLORSVILLE,RD,,,OLD HEADY,,,,,38.186019904,-85.535775809,7.541,11/4/2019 12:00:00 AM,2020,2,2,0,0,CLOUDY,DRY,True,OTHER INTERSECTION COLLISIONS,REAR END,STRAIGHT & LEVEL,DARK-HWY NOT LIGHTED,,,11/6/2019 8:27:41 AM,False,2775,Accepted,
25881685,0568000,LOUISVILLE METRO POLICE DEPT,Accepted,JEFFERSON,,,OAK,ST,E,,FLOYD,,,,,38.234252939,-85.751698336,0.199,11/4/2019 12:00:00 AM,1752,2,2,0,0,CLEAR,DRY,False,OTHER INTERSECTION COLLISIONS,REAR END,STRAIGHT & LEVEL,DARK-HWY LIGHTED/ON,,,11/5/2019 8:39:00 AM,False,5131,Accepted,
25876629,0568000,LOUISVILLE METRO POLICE DEPT,Accepted,JEFFERSON,KY1020,,NATIONAL,TPKE,,,SAM,,,,,38.145082330,-85.757465204,4.990,11/4/2019 12:00:00 AM,0406,2,2,0,1,CLEAR,DRY,False,OTHER INTERSECTION COLLISIONS,REAR END,STRAIGHT & LEVEL,DARK-HWY LIGHTED/ON,,,11/4/2019 10:08:17 AM,False,7321,Accepted,