IncidentID,AgencyORI,AgencyName,IncidentStatusDesc,County,RdwyNumber,Street,RoadwayName,StreetSfx,StreetDir,IntersectionRdwy,IntersectionRdwyName,BetweenStRdwy1,BetweenStRdwyName1,BetweenStRdwy2,BetweenStRdwyName2,Latitude,Longitude,Milepoint,CollisionDate,CollisionTime,UnitsInvolved,MotorVehiclesInvolved,NumberKilled,NumberInjured,Weather,RdwyConditionCode,HitandRun,DirAnalysisCode,MannerofCollision,RdwyCharacter,LightCondition,RampFromRdwyId,RampToRdwyId,AcceptedDate,IsSecondaryCollision,OwnerBadge,IncidentStatus,
25886109,0568000,LOUISVILLE METRO POLICE DEPT,Accepted,JEFFERSON,US0031W,,DIXIE,HWY,,KY0907,VALLEY STATION,,,,,38.107589115,-85.866597200,8.627,11/4/2019 12:00:00 AM,1835,2,2,0,0,CLEAR,DRY,False,OPPOSING LEFT TURN,OPPOSING LEFT TURN,STRAIGHT & LEVEL,DARK (UNKNOWN ROADWAY LIGHTING),,,11/6/2019 8:24:41 AM,False,7336,Accepted,
25881430,0568000,LOUISVILLE METRO POLICE DEPT,Accepted,JEFFERSON,KY1932,,BRECKENRIDGE,LN,,,REDDING,,,,,38.189879367,-85.625793128,0.596,11/4/2019 12:00:00 AM,1511,2,2,0,0,CLEAR,DRY,False,SIDESWIPE-SAME DIRECTION,SIDESWIPE-SAME DIRECTION,STRAIGHT & LEVEL,DAYLIGHT,,,11/5/2019 8:22:19 AM,False,7307,Accepted,
25881590,0568000,LOUISVILLE METRO POLICE DEPT,Accepted,JEFFERSON,,,ROANOKE,AVE,,,ROSEDALE,,,,,38.224991714,-85.704883605,0.309,11/4/2019 12:00:00 AM,0850,2,2,0,0,CLEAR,DRY,False,VEHICLE BACKING IN INTERSECTION,BACKING,STRAIGHT & LEVEL,DAYLIGHT,,,11/5/2019 8:31:03 AM,False,7740,Accepted,
25881561,0568000,LOUISVILLE METRO POLICE DEPT,Accepted,JEFFERSON,KY1934,,CANE RUN,RD,,,RICHELLE,,,,,38.204898819,-85.830222275,9.739,11/4/2019 12:00:00 AM,0753,2,2,0,0,CLEAR,DRY,False,ANGLE COLLISION - OTHER,ANGLE,CURVE & GRADE,DAYLIGHT,,,11/5/2019 8:26:53 AM,False,5161,Accepted,
25886140,0568000,LOUISVILLE METRO POLICE DEPT,Accepted,JEFFERSON,KY0155,,TAYLORSVILLE,RD,,,PLEASANT GLEN,,,,,38.187463571,-85.519246293,6.624,11/4/2019 12:00:00 AM,1524,2,2,0,0,CLEAR,DRY,False,ANGLE COLLISION - OTHER,ANGLE,STRAIGHT & LEVEL,DAYLIGHT,,,11/6/2019 8:27:22 AM,False,4693,Accepted,
25881418,0568000,LOUISVILLE METRO POLICE DEPT,Accepted,JEFFERSON,KY1450,,BLUE LICK,RD,,,BRITT,,,,,38.131490067,-85.688160561,3.259,11/4/2019 12:00:00 AM,0935,2,2,0,0,CLEAR,DRY,False,ANGLE COLLISION - OTHER,ANGLE,STRAIGHT & LEVEL,DAYLIGHT,,,11/5/2019 8:18:25 AM,False,2017,Accepted,
25881628,0568000,LOUISVILLE METRO POLICE DEPT,Accepted,JEFFERSON,,,15TH,ST,S,,PRENTICE,,,,,38.240368291,-85.777862842,1.033,11/4/2019 12:00:00 AM,1147,4,4,0,0,CLEAR,DRY,False,ANGLE COLLISION - OTHER,ANGLE,STRAIGHT & LEVEL,DAYLIGHT,,,11/5/2019 8:33:02 AM,False,5151,Accepted,
25886229,0568000,LOUISVILLE METRO POLICE DEPT,Accepted,JEFFERSON,KY1020,,3RD,ST,S,,GAULBERT,,,,,38.224536377,-85.760530010,10.602,11/4/2019 12:00:00 AM,1846,2,2,0,1,CLEAR,DRY,False,ANGLE COLLISION - OTHER,ANGLE,STRAIGHT & LEVEL,DARK-HWY LIGHTED/ON,,,11/6/2019 8:35:36 AM,False,5037,Accepted,
25886270,0568000,LOUISVILLE METRO POLICE DEPT,Accepted,JEFFERSON,,,GARLAND,AVE,,,28TH,,,,,38.244982264,-85.799066330,1.718,11/4/2019 12:00:00 AM,1304,2,2,0,0,CLEAR,DRY,True,ANGLE COLLISION - OTHER,ANGLE,STRAIGHT & LEVEL,DAYLIGHT,,,11/6/2019 8:41:07 AM,False,5002,Accepted,
25886226,0568000,LOUISVILLE METRO POLICE DEPT,Accepted,JEFFERSON,,,SPRATT,ST,,KY0864,GOSS,,,,,38.227175051,-85.735288429,0.002,11/4/2019 12:00:00 AM,0723,2,2,0,0,CLEAR,DRY,False,ANGLE COLLISION - OTHER,ANGLE,STRAIGHT & LEVEL,DAYLIGHT,,,11/6/2019 8:35:05 AM,False,5263,Accepted,
25876642,0568000,LOUISVILLE METRO POLICE DEPT,Accepted,JEFFERSON,,,CHESTNUT,ST,E,KY0061,PRESTON,,,,,38.247862941,-85.747229727,0.309,11/4/2019 12:00:00 AM,0418,2,2,0,1,CLEAR,DRY,False,ANGLE COLLISION - OTHER,ANGLE,STRAIGHT & LEVEL,DARK-HWY LIGHTED/ON,,,11/4/2019 10:09:57 AM,False,5135,Accepted,
25881615,0568000,LOUISVILLE METRO POLICE DEPT,Accepted,JEFFERSON,,,PEACHTREE,AVE,,,BICKNELL,,,,,38.183477362,-85.780108081,1.038,11/4/2019 12:00:00 AM,1155,2,2,0,0,CLEAR,DRY,False,ANGLE COLLISION - OTHER,ANGLE,STRAIGHT & LEVEL,DAYLIGHT,,,11/5/2019 8:32:10 AM,False,7468,Accepted,
25906815,0568000,LOUISVILLE METRO POLICE DEPT,Accepted,JEFFERSON,KY1065,,OUTER,LOOP,,KY1020,NATIONAL,,,,,38.127199144,-85.748193482,2.559,11/4/2019 12:00:00 AM,1628,2,2,0,0,CLOUDY,DRY,False,ANGLE COLLISION - OTHER,ANGLE,STRAIGHT & LEVEL,DAYLIGHT,,,11/11/2019 8:37:27 AM,False,5100,Accepted,
25881422,0568000,LOUISVILLE METRO POLICE DEPT,Accepted,JEFFERSON,US0031W,,DIXIE,HWY,,,BLANTON,,,,,38.157365049,-85.833923155,12.526,11/4/2019 12:00:00 AM,0741,2,2,0,0,CLEAR,DRY,False,ANGLE COLLISION - ONE VEHICLE TURNING LEFT,ANGLE,STRAIGHT & LEVEL,DAYLIGHT,,,11/5/2019 8:19:49 AM,False,7356,Accepted,
25881651,0568000,LOUISVILLE METRO POLICE DEPT,Accepted,JEFFERSON,US0060,,SHELBYVILLE,RD,,,LYNDON,,,,,38.248174538,-85.598852676,6.660,11/4/2019 12:00:00 AM,2346,2,2,0,3,CLOUDY,DRY,False,ANGLE COLLISION - ONE VEHICLE TURNING LEFT,ANGLE,STRAIGHT & LEVEL,DARK-HWY LIGHTED/ON,,,11/5/2019 8:35:03 AM,False,7159,Accepted,
25881571,0568000,LOUISVILLE METRO POLICE DEPT,Accepted,JEFFERSON,,,LIBERTY,ST,W,,4TH,,,,,38.253069483,-85.757151069,0.608,11/4/2019 12:00:00 AM,1257,2,2,0,0,CLEAR,DRY,False,COLLISION WITH PARKED VEHICLE,SIDESWIPE-SAME DIRECTION,STRAIGHT & LEVEL,DAYLIGHT,,,11/5/2019 8:28:56 AM,False,2854,Accepted,
25881588,0568000,LOUISVILLE METRO POLICE DEPT,Accepted,JEFFERSON,,,HILL,ST,W,US0031W,22ND,,,,,38.228871075,-85.792790806,1.978,11/4/2019 12:00:00 AM,0723,1,1,0,0,CLEAR,DRY,False,COLLISION WITH FIXED OBJECT IN INTERSECTION - FIRST EVENT COLLISION 09 - 32,SINGLE VEHICLE,STRAIGHT & LEVEL,DAYLIGHT,,,11/5/2019 8:30:42 AM,False,7329,Accepted,
25876630,0568000,LOUISVILLE METRO POLICE DEPT,Accepted,JEFFERSON,KY0061,5601,PRESTON,HWY,,,,,INDIAN,,VINEWOOD,38.167728070,-85.705448080,6.245,11/4/2019 12:00:00 AM,0236,1,1,0,2,CLEAR,DRY,False,,SINGLE VEHICLE,STRAIGHT & LEVEL,DARK-HWY LIGHTED/ON,,,11/4/2019 10:08:26 AM,False,5053,Accepted,
25886244,0568000,LOUISVILLE METRO POLICE DEPT,Accepted,JEFFERSON,,,CARDINAL,BLVD,W,,1ST,,,,,38.220199960,-85.757926914,0.002,11/4/2019 12:00:00 AM,1850,2,1,0,1,CLEAR,DRY,False,COLLISION WITH PEDESTRIAN IN INTERSECTION,SINGLE VEHICLE,STRAIGHT & LEVEL,DARK-HWY LIGHTED/ON,,,11/6/2019 8:38:22 AM,False,5245,Accepted,
25880308,0561000,JEFFERSONTOWN POLICE DEPT,Accepted,JEFFERSON,KY0155,4540,TAYLORSVILLE,RD,,,,,,,,38.218545439,-85.599686322,11.911,11/4/2019 12:00:00 AM,2107,2,2,0,0,CLEAR,DRY,False,COLLISION IN PARKING LOT,BACKING,STRAIGHT & LEVEL,DARK-HWY LIGHTED/ON,,,11/4/2019 11:43:32 PM,False,8265,Accepted,
25881237,0566900,LOUISVILLE AIRPORT POLICE,Accepted,JEFFERSON,,,TERMINAL,DR,,,,,,,,38.186302288,-85.742610689,0.256,11/4/2019 12:00:00 AM,1918,1,1,0,0,OTHER,DRY,True,COLLISION IN PARKING LOT,SINGLE VEHICLE,STRAIGHT & LEVEL,UNKNOWN,,,11/5/2019 7:21:04 AM,False,5848,Accepted,
25876633,0568000,LOUISVILLE METRO POLICE DEPT,Accepted,JEFFERSON,US0150,,BROADWAY,,W,,,,,,,38.245737384,-85.753528837,2.647,11/4/2019 12:00:00 AM,0512,2,2,0,0,CLEAR,DRY,False,COLLISION IN PARKING LOT,REAR TO REAR,STRAIGHT & LEVEL,OTHER,,,11/4/2019 10:08:37 AM,False,5254,Accepted,
25876635,0568000,LOUISVILLE METRO POLICE DEPT,Accepted,JEFFERSON,,,MINOR,LN,,,SHADESWOOD,,,,,38.130160968,-85.710706054,0.325,11/3/2019 12:00:00 AM,2345,1,1,0,0,CLEAR,DRY,False,COLLISION WITH ANIMAL IN INTERSECTION,SINGLE VEHICLE,STRAIGHT & LEVEL,DARK-HWY NOT LIGHTED,,,11/4/2019 10:08:47 AM,False,7423,Accepted,
25876548,0568000,LOUISVILLE METRO POLICE DEPT,Accepted,JEFFERSON,KY2801,,SOUTHERN HEIGHTS,AVE,W,,3RD,,,,,38.189162670,-85.764876475,0.087,11/3/2019 12:00:00 AM,1059,2,2,0,3,CLEAR,DRY,False,NON-COLLISION OBJECT COLLISION,ANGLE,STRAIGHT & LEVEL,DAYLIGHT,,,11/4/2019 9:57:12 AM,False,7301,Accepted,
25876546,0568000,LOUISVILLE METRO POLICE DEPT,Accepted,JEFFERSON,KY0061,,PRESTON,HWY,,,OKOLONA,,,,,38.136693828,-85.685775266,3.830,11/3/2019 12:00:00 AM,1438,2,2,0,0,CLEAR,DRY,False,ANGLE COLLISION - ONE VEHICLE TURNING LEFT,ANGLE,STRAIGHT & LEVEL,DAYLIGHT,,,11/4/2019 9:56:55 AM,False,7269,Accepted,
25876526,0568000,LOUISVILLE METRO POLICE DEPT,Accepted,JEFFERSON,,,7TH,ST,S,,MAGNOLIA,,,,,38.229657703,-85.767554113,0.872,11/3/2019 12:00:00 AM,0348,2,2,0,3,CLEAR,DRY,False,ANGLE COLLISION - OTHER,ANGLE,STRAIGHT & LEVEL,DARK-HWY LIGHTED/ON,,,11/4/2019 9:55:32 AM,False,5186,Accepted,
25876565,0568000,LOUISVILLE METRO POLICE DEPT,Accepted,JEFFERSON,,,1ST,ST,S,,ST CATHERINE,,,,,38.236866659,-85.754921449,1.336,11/3/2019 12:00:00 AM,1643,2,2,0,0,CLEAR,DRY,True,ANGLE COLLISION - OTHER,ANGLE,STRAIGHT & LEVEL,DAYLIGHT,,,11/4/2019 9:59:20 AM,False,7386,Accepted,
25876574,0568000,LOUISVILLE METRO POLICE DEPT,Accepted,JEFFERSON,,,4TH,ST,S,US0150,BROADWAY,,,,,38.246069412,-85.758345023,0.732,11/3/2019 12:00:00 AM,1418,2,2,0,0,CLEAR,DRY,True,ANGLE COLLISION - OTHER,ANGLE,STRAIGHT & LEVEL,DAWN,,,11/4/2019 10:00:11 AM,False,5173,Accepted,
25876615,0568000,LOUISVILLE METRO POLICE DEPT,Accepted,JEFFERSON,KY1065,,OUTER,LOOP,,KY1865,NEW CUT,,,,,38.126337189,-85.776191735,1.024,11/3/2019 12:00:00 AM,1930,2,2,0,1,CLEAR,DRY,False,ANGLE COLLISION - OTHER,ANGLE,STRAIGHT & LEVEL,DARK-HWY NOT LIGHTED,,,11/4/2019 10:04:51 AM,False,5033,Accepted,
25937680,0568000,LOUISVILLE METRO POLICE DEPT,Accepted,JEFFERSON,,,26TH,ST,S,,HALE,,,,,38.238914335,-85.796070892,1.511,11/3/2019 12:00:00 AM,1549,2,2,0,0,CLEAR,DRY,False,ANGLE COLLISION - OTHER,ANGLE,STRAIGHT & LEVEL,DAYLIGHT,,,11/18/2019 9:36:46 AM,False,7458,Accepted,
25876594,0568000,LOUISVILLE METRO POLICE DEPT,Accepted,JEFFERSON,KY2048,,CANNONS,LN,,I 0064,I64 W EXIT10 ON RAMP FROM KY2048,,,,,38.236284935,-85.658828892,1.334,11/3/2019 12:00:00 AM,1458,2,2,0,0,CLEAR,DRY,False,ANGLE COLLISION - OTHER,ANGLE,STRAIGHT & LEVEL,DAYLIGHT,,,11/4/2019 10:01:42 AM,False,7043,Accepted,
25876620,0568000,LOUISVILLE METRO POLICE DEPT,Accepted,JEFFERSON,,,YORKTOWN,RD,,KY1020,NATIONAL,,,,,38.140899153,-85.754418126,0.001,11/3/2019 12:00:00 AM,2049,2,2,0,0,CLEAR,DRY,False,ANGLE COLLISION - OTHER,ANGLE,STRAIGHT & LEVEL,DARK-HWY LIGHTED/ON,,,11/4/2019 10:05:54 AM,False,7957,Accepted,
25876538,0568000,LOUISVILLE METRO POLICE DEPT,Accepted,JEFFERSON,,3500,RIVER PARK,DR,,,35TH,,,,,38.254641093,-85.809172838,0.973,11/3/2019 12:00:00 AM,1055,2,2,0,0,CLEAR,DRY,False,ANGLE COLLISION - OTHER,ANGLE,STRAIGHT & LEVEL,DAYLIGHT,,,11/4/2019 9:56:17 AM,False,5243,Accepted,
25876561,0568000,LOUISVILLE METRO POLICE DEPT,Accepted,JEFFERSON,,,OAK,ST,W,,15TH,,,,,38.236707957,-85.778353488,1.257,11/3/2019 12:00:00 AM,1553,3,3,0,3,CLEAR,DRY,False,ANGLE COLLISION - OTHER,ANGLE,STRAIGHT & LEVEL,DAYLIGHT,,,11/4/2019 9:59:01 AM,False,5190,Accepted,
25876543,0568000,LOUISVILLE METRO POLICE DEPT,Accepted,JEFFERSON,US0031E,,MAIN,ST,E,,SHELBY,,,,,38.254588392,-85.737866872,16.980,11/3/2019 12:00:00 AM,1310,2,2,0,0,CLEAR,DRY,False,SIDESWIPE-SAME DIRECTION,SIDESWIPE-SAME DIRECTION,STRAIGHT & LEVEL,DAYLIGHT,,,11/4/2019 9:56:38 AM,False,6907,Accepted,
25876549,0568000,LOUISVILLE METRO POLICE DEPT,Accepted,JEFFERSON,,,MUHAMMAD ALI,BLVD,E,KY0061,PRESTON,,,,,38.250002739,-85.746832183,0.722,11/3/2019 12:00:00 AM,1445,2,2,0,0,CLEAR,DRY,False,OPPOSITE DIRECTION - BOTH VEHICLES GOING STRAIGHT AHEAD,SIDESWIPE-OPPOSITE DIRECTION,STRAIGHT & LEVEL,DAYLIGHT,,,11/4/2019 9:57:25 AM,False,5249,Accepted,
25891711,0568000,LOUISVILLE METRO POLICE DEPT,Accepted,JEFFERSON,US0031E,,BARDSTOWN,RD,,I 0265,I265 E EXIT17 OFF RAMP TO US31E,,,,,38.139349863,-85.582213932,4.756,11/3/2019 12:00:00 AM,1955,2,2,0,0,CLEAR,DRY,False,OTHER INTERSECTION COLLISIONS,REAR END,STRAIGHT & LEVEL,DUSK,,,11/7/2019 8:43:29 AM,False,6977,Accepted,
25891712,0568000,LOUISVILLE METRO POLICE DEPT,Accepted,JEFFERSON,,,MUD,LN,,,SOUTHGATE MANOR,,,,,38.087747079,-85.671956863,0.557,11/3/2019 12:00:00 AM,0417,2,2,0,1,CLEAR,DRY,False,OTHER INTERSECTION COLLISIONS,REAR END,CURVE & LEVEL,DARK-HWY LIGHTED/ON,,,11/7/2019 8:43:41 AM,False,5042,Accepted,
25876578,0568000,LOUISVILLE METRO POLICE DEPT,Accepted,JEFFERSON,,,OAK,ST,E,,FLOYD,,,,,38.234198862,-85.751237096,0.211,11/3/2019 12:00:00 AM,1349,2,2,0,0,CLEAR,DRY,False,OTHER INTERSECTION COLLISIONS,REAR END,STRAIGHT & LEVEL,DAYLIGHT,,,11/4/2019 10:00:27 AM,False,5213,Accepted,
25876640,0568000,LOUISVILLE METRO POLICE DEPT,Accepted,JEFFERSON,,,BROOK,ST,S,,CHESTNUT,,,,,38.247955400,-85.751804664,3.018,11/3/2019 12:00:00 AM,2104,1,1,0,0,CLEAR,DRY,False,OTHER INTERSECTION COLLISIONS,SINGLE VEHICLE,STRAIGHT & LEVEL,DARK-HWY LIGHTED/ON,,,11/4/2019 10:09:27 AM,False,5135,Accepted,
26169867,0568000,LOUISVILLE METRO POLICE DEPT,Accepted,JEFFERSON,KY3082,3604,BANK,ST,,,,,,,,38.272273249,-85.806709222,0.184,11/3/2019 12:00:00 AM,1455,3,1,0,0,CLOUDY,DRY,False,1 VEHICLE PARKED POSITION (NOT PARKING LOT/DRIVEWAY),ANGLE,STRAIGHT & LEVEL,DAYLIGHT,,,1/10/2020 10:56:29 AM,False,7805,Accepted,
25876502,0568000,LOUISVILLE METRO POLICE DEPT,Accepted,JEFFERSON,KY1703,,NEWBURG,RD,,,,,DUNDEE,,TARTAN,38.210543153,-85.694282169,2.920,11/3/2019 12:00:00 AM,0020,1,1,0,0,CLEAR,DRY,False,COLLISION WITH FIXED OBJECT NON - INTERSECTION - FIRST EVENT COLLISION 09 - 32 EXCLUDING 16,SINGLE VEHICLE,CURVE & HILLCREST,DARK-HWY LIGHTED/ON,,,11/4/2019 9:53:51 AM,False,7935,Accepted,
25876520,0568000,LOUISVILLE METRO POLICE DEPT,Accepted,JEFFERSON,,,STANDIFORD PLAZA,DR,,,,,,,,38.092391910,-85.667343303,0.018,11/3/2019 12:00:00 AM,0320,1,1,0,1,CLEAR,DRY,False,COLLISION WITH FIXED OBJECT NON - INTERSECTION - FIRST EVENT COLLISION 09 - 32 EXCLUDING 16,SINGLE VEHICLE,STRAIGHT & LEVEL,DARK (UNKNOWN ROADWAY LIGHTING),,,11/4/2019 9:55:10 AM,False,5248,Accepted,
25876570,0568000,LOUISVILLE METRO POLICE DEPT,Accepted,JEFFERSON,,539,ST CATHERINE,ST,E,,,,HANCOCK,KY0061,JACKSON,38.235216800,-85.745770592,0.784,11/3/2019 12:00:00 AM,1636,1,1,0,1,CLEAR,DRY,False,COLLISION WITH FIXED OBJECT NON - INTERSECTION - FIRST EVENT COLLISION 09 - 32 EXCLUDING 16,SINGLE VEHICLE,STRAIGHT & LEVEL,DAYLIGHT,,,11/4/2019 9:59:42 AM,False,7391,Accepted,
25876542,0568000,LOUISVILLE METRO POLICE DEPT,Accepted,JEFFERSON,,5404,BANNON CROSSINGS,DR,,,,,,,,38.177194370,-85.629295420,0.374,11/3/2019 12:00:00 AM,0000,1,1,0,0,CLEAR,DRY,False,COLLISION WITH FIXED OBJECT NON - INTERSECTION - FIRST EVENT COLLISION 09 - 32 EXCLUDING 16,SINGLE VEHICLE,CURVE & LEVEL,DARK-HWY LIGHTED/OFF,,,11/4/2019 9:56:29 AM,False,7739,Accepted,
25896708,0568000,LOUISVILLE METRO POLICE DEPT,Accepted,JEFFERSON,,8007,BROADFERN,DR,,,,,,,,38.151188965,-85.611837844,0.117,11/3/2019 12:00:00 AM,1425,2,1,0,1,CLEAR,DRY,False,COLLISION WITH PEDESTRIAN NON - INTERSECTION,SINGLE VEHICLE,STRAIGHT & LEVEL,DAYLIGHT,,,11/8/2019 8:42:02 AM,False,7955,Accepted,
25876608,0568000,LOUISVILLE METRO POLICE DEPT,Accepted,JEFFERSON,I 0265,,I265 N,,,,,I 0265,I265 N EXIT27 ON RAMP FROM US60,I 0265,I265 N EXIT29 OFF RAMP TO KY3084,38.252425085,-85.502567727,27.536,11/3/2019 12:00:00 AM,1846,1,1,0,0,CLEAR,DRY,False,COLLISION WITH ANIMAL NON INTERSECTION,SINGLE VEHICLE,STRAIGHT & LEVEL,DARK-HWY NOT LIGHTED,,,11/4/2019 10:03:40 AM,False,6334,Accepted,
25876536,0568000,LOUISVILLE METRO POLICE DEPT,Accepted,JEFFERSON,I 0064,,I64 W,,,,,,,,,38.222389331,-85.491430906,19.641,11/3/2019 12:00:00 AM,1007,1,1,0,0,CLEAR,DRY,False,COLLISION WITH ANIMAL NON INTERSECTION,SINGLE VEHICLE,STRAIGHT & LEVEL,DAYLIGHT,,,11/4/2019 9:56:11 AM,False,7858,Accepted,
25876545,0568000,LOUISVILLE METRO POLICE DEPT,Accepted,JEFFERSON,US0150,,BROADWAY,,W,KY1020,2ND,,,,,38.245872172,-85.755024202,2.558,11/3/2019 12:00:00 AM,1431,2,2,0,0,CLEAR,DRY,False,SIDESWIPE-SAME DIRECTION,SIDESWIPE-SAME DIRECTION,STRAIGHT & LEVEL,DAYLIGHT,,,11/4/2019 9:56:48 AM,False,7386,Accepted,
25876612,0568000,LOUISVILLE METRO POLICE DEPT,Accepted,JEFFERSON,KY0864,,POPLAR LEVEL,RD,,,PRODUCE,,,,,38.179070950,-85.691550376,9.847,11/3/2019 12:00:00 AM,1740,2,2,0,0,CLEAR,DRY,False,OTHER INTERSECTION COLLISIONS,REAR END,STRAIGHT & LEVEL,DAYLIGHT,,,11/4/2019 10:04:11 AM,False,5027,Accepted,
25876544,0568000,LOUISVILLE METRO POLICE DEPT,Accepted,JEFFERSON,KY1065,,OUTER,LOOP,,,MINOR,,,,,38.136249161,-85.697044984,5.467,11/3/2019 12:00:00 AM,1341,2,2,0,0,CLEAR,DRY,False,OTHER INTERSECTION COLLISIONS,REAR END,STRAIGHT & LEVEL,DAYLIGHT,,,11/4/2019 9:56:43 AM,False,7269,Accepted,
25876567,0568000,LOUISVILLE METRO POLICE DEPT,Accepted,JEFFERSON,KY0146,,LA GRANGE,RD,,,,,SPRINGS STATION,,SPRINGS STATION,38.292629978,-85.509665540,7.857,11/3/2019 12:00:00 AM,1709,2,2,0,0,CLEAR,DRY,False,REAR END IN TRAFFIC LANES BOTH VEHICLES MOVING,REAR END,STRAIGHT & LEVEL,DAYLIGHT,,,11/4/2019 9:59:26 AM,False,7802,Accepted,
25876609,0568000,LOUISVILLE METRO POLICE DEPT,Accepted,JEFFERSON,KY1932,,BRECKENRIDGE,LN,,,,,HIKES,,CHURCHILL PARK,38.217221469,-85.627758724,2.615,11/3/2019 12:00:00 AM,1627,2,2,0,0,CLEAR,DRY,False,SIDESWIPE COLLISION - SAME DIRECTION,SIDESWIPE-SAME DIRECTION,STRAIGHT & LEVEL,DAYLIGHT,,,11/4/2019 10:03:52 AM,False,5203,Accepted,
25876626,0568000,LOUISVILLE METRO POLICE DEPT,Accepted,JEFFERSON,I 0065,,I65 S,,,,,I 0065,I65 S EXIT134 ON RAMP FROM  ARTHUR ST,I 0065,I65 S EXIT133 OFF RAMP TO  ARTHUR ST,38.217744961,-85.752341792,133.288,11/3/2019 12:00:00 AM,2212,2,2,0,0,CLEAR,DRY,True,SIDESWIPE COLLISION - SAME DIRECTION,SIDESWIPE-SAME DIRECTION,STRAIGHT & LEVEL,DARK-HWY LIGHTED/ON,,,11/4/2019 10:07:30 AM,False,7527,Accepted,
25892310,0150500,HILLVIEW POLICE DEPARTMENT,Accepted,JEFFERSON,I 0065,,I65 S,,,,,,,,,38.141241781,-85.709323636,127.045,11/3/2019 12:00:00 AM,1600,2,2,0,0,CLEAR,DRY,True,SIDESWIPE COLLISION - SAME DIRECTION,SIDESWIPE-SAME DIRECTION,STRAIGHT & LEVEL,DAYLIGHT,,,11/7/2019 10:21:58 AM,False,5042,Accepted,
25876604,0568000,LOUISVILLE METRO POLICE DEPT,Accepted,JEFFERSON,KY0061,,PRESTON,HWY,,,,,,,,38.099594423,-85.671018873,1.117,11/3/2019 12:00:00 AM,1609,4,4,0,0,CLOUDY,DRY,False,REAR END IN TRAFFIC LANES BOTH VEHICLES MOVING,REAR END,STRAIGHT & LEVEL,DAYLIGHT,,,11/4/2019 10:03:02 AM,True,7348,Accepted,
25876555,0568000,LOUISVILLE METRO POLICE DEPT,Accepted,JEFFERSON,,,CLAY,ST,S,,,,LAMPTON,,HENRY FIRPO,38.241430533,-85.742130628,0.932,11/3/2019 12:00:00 AM,1613,2,2,0,0,CLEAR,DRY,False,1 VEHICLE PARKED POSITION (NOT PARKING LOT/DRIVEWAY),BACKING,STRAIGHT & LEVEL,DAYLIGHT,,,11/4/2019 9:58:08 AM,False,5279,Accepted,
25876563,0568000,LOUISVILLE METRO POLICE DEPT,Accepted,JEFFERSON,,638,36TH,ST,S,,,,,,,38.251701105,-85.811212185,0.359,11/3/2019 12:00:00 AM,0200,2,2,0,0,CLEAR,DRY,True,1 VEHICLE PARKED POSITION (NOT PARKING LOT/DRIVEWAY),SIDESWIPE-SAME DIRECTION,STRAIGHT & LEVEL,DARK-HWY LIGHTED/OFF,,,11/4/2019 9:59:09 AM,False,5243,Accepted,
25891608,0568000,LOUISVILLE METRO POLICE DEPT,Accepted,JEFFERSON,KY1849,,MOORMAN,RD,,,,,,,,38.087399031,-85.879485946,1.115,11/3/2019 12:00:00 AM,1257,2,2,0,0,CLEAR,DRY,False,SIDESWIPE COLLISION - OPPOSITE DIRECTION,SIDESWIPE-OPPOSITE DIRECTION,CURVE & LEVEL,DAYLIGHT,,,11/7/2019 8:30:40 AM,False,7080,Accepted,
25905216,0560600,WEST BUECHEL POLICE DEPT.,Accepted,JEFFERSON,,3500,MAYO,DR,,,,,,,,38.200160170,-85.670457670,0.021,11/3/2019 12:00:00 AM,0845,2,2,0,0,CLEAR,DRY,False,1 VEHICLE ENTERING/LEAVING ENTRANCE,ANGLE,STRAIGHT & LEVEL,DAYLIGHT,,,11/10/2019 9:05:40 PM,False,1272,Accepted,
25876554,0568000,LOUISVILLE METRO POLICE DEPT,Accepted,JEFFERSON,,,BERNHEIM,LN,,,,,MCCLOSKEY,,WALLIE ANN,38.221104964,-85.789258917,0.173,11/3/2019 12:00:00 AM,1630,2,2,0,0,CLEAR,DRY,False,VEHICLE BACKING NON INTERSECTION,BACKING,STRAIGHT & LEVEL,DAYLIGHT,,,11/4/2019 9:57:51 AM,False,2569,Accepted,
25876611,0568000,LOUISVILLE METRO POLICE DEPT,Accepted,JEFFERSON,KY1865,,NEW CUT,RD,,,,KY1065,OUTER,,STAR,38.126945479,-85.776034492,1.302,11/3/2019 12:00:00 AM,1444,2,2,0,2,CLEAR,DRY,False,1 VEHICLE ENTERING/LEAVING ENTRANCE,ANGLE,STRAIGHT & LEVEL,DAYLIGHT,,,11/4/2019 10:04:01 AM,False,7202,Accepted,
25886131,0568000,LOUISVILLE METRO POLICE DEPT,Accepted,JEFFERSON,US0031W,2129,DIXIE,HWY,,,,,,,,38.220974869,-85.793458761,17.478,11/3/2019 12:00:00 AM,2155,2,2,1,0,CLEAR,DRY,False,1 VEHICLE ENTERING/LEAVING ENTRANCE,ANGLE,STRAIGHT & GRADE,DARK-HWY NOT LIGHTED,,,11/6/2019 8:26:16 AM,False,6886,Accepted,
25876617,0568000,LOUISVILLE METRO POLICE DEPT,Accepted,JEFFERSON,I 0265,,,,,,,,,,,38.309042117,-85.572959925,0.224,11/3/2019 12:00:00 AM,1657,2,2,0,0,CLEAR,DRY,False,OTHER RAMP RELATED COLLISIONS NOT LISTED ABOVE,REAR END,STRAIGHT & LEVEL,DAYLIGHT,I 0265,KY0022,11/4/2019 10:05:20 AM,False,7858,Accepted,