IncidentID,AgencyORI,AgencyName,IncidentStatusDesc,County,RdwyNumber,Street,RoadwayName,StreetSfx,StreetDir,IntersectionRdwy,IntersectionRdwyName,BetweenStRdwy1,BetweenStRdwyName1,BetweenStRdwy2,BetweenStRdwyName2,Latitude,Longitude,Milepoint,CollisionDate,CollisionTime,UnitsInvolved,MotorVehiclesInvolved,NumberKilled,NumberInjured,Weather,RdwyConditionCode,HitandRun,DirAnalysisCode,MannerofCollision,RdwyCharacter,LightCondition,RampFromRdwyId,RampToRdwyId,AcceptedDate,IsSecondaryCollision,OwnerBadge,IncidentStatus,
25876599,0568000,LOUISVILLE METRO POLICE DEPT,Accepted,JEFFERSON,I 0264,,,,,,,,,,,38.189802101,-85.783407035,0.233,11/3/2019 12:00:00 AM,1307,2,2,0,0,CLEAR,DRY,False,OTHER RAMP RELATED COLLISIONS NOT LISTED ABOVE,REAR END,STRAIGHT & GRADE,DAYLIGHT,I 0264,KY1865,11/4/2019 10:02:09 AM,False,2745,Accepted,
25876637,0568000,LOUISVILLE METRO POLICE DEPT,Accepted,JEFFERSON,I 0065,,,,,,,,,,,38.192100439,-85.729971726,1.251,11/3/2019 12:00:00 AM,1924,2,2,0,0,CLEAR,DRY,False,OTHER RAMP RELATED COLLISIONS NOT LISTED ABOVE,SIDESWIPE-SAME DIRECTION,CURVE & HILLCREST,DARK-HWY NOT LIGHTED,I 0065,I 0264,11/4/2019 10:08:53 AM,False,7291,Accepted,
25914293,0568000,LOUISVILLE METRO POLICE DEPT,Accepted,JEFFERSON,I 0064,,,,,,,,,,,38.258894424,-85.754407722,0.215,11/3/2019 12:00:00 AM,0723,2,1,0,0,CLEAR,DRY,False,OTHER RAMP RELATED COLLISIONS NOT LISTED ABOVE,SIDESWIPE-OPPOSITE DIRECTION,STRAIGHT & LEVEL,DAYLIGHT,I 0064,N  3RD ST,11/12/2019 3:54:52 PM,False,5251,Accepted,
25876614,0568000,LOUISVILLE METRO POLICE DEPT,Accepted,JEFFERSON,KY1934,4441,CANE RUN,RD,,,,,,,,38.197070337,-85.840487333,8.981,11/3/2019 12:00:00 AM,1601,2,2,0,0,CLEAR,DRY,False,OTHER ROADWAY OR MID-BLOCK COLLISION,REAR END,STRAIGHT & LEVEL,DAYLIGHT,,,11/4/2019 10:04:36 AM,False,7420,Accepted,
25887678,0568000,LOUISVILLE METRO POLICE DEPT,Accepted,JEFFERSON,KY1747,,HURSTBOURNE,PKWY,S,,,,BUNSEN,KY6159,BLUEGRASS PKWY ACCESS,38.218974718,-85.583880706,11.474,11/2/2019 12:00:00 AM,1614,2,2,0,0,CLEAR,DRY,False,OTHER ROADWAY OR MID-BLOCK COLLISION,REAR END,STRAIGHT & LEVEL,DAYLIGHT,,,11/6/2019 12:58:00 PM,False,7482,Accepted,
25876530,0568000,LOUISVILLE METRO POLICE DEPT,Accepted,JEFFERSON,US0031W,,DIXIE,HWY,,,,,JOHNSONTOWN,,STONESTREET,38.121917764,-85.855081820,9.715,11/2/2019 12:00:00 AM,1208,2,2,0,0,CLEAR,DRY,False,OTHER ROADWAY OR MID-BLOCK COLLISION,REAR END,STRAIGHT & LEVEL,DAYLIGHT,,,11/4/2019 9:55:50 AM,False,5267,Accepted,
25876507,0568000,LOUISVILLE METRO POLICE DEPT,Accepted,JEFFERSON,I 0064,,,,,,,,,,,38.257900726,-85.723661696,0.151,11/2/2019 12:00:00 AM,1912,2,2,0,0,CLEAR,DRY,True,OTHER RAMP RELATED COLLISIONS NOT LISTED ABOVE,REAR END,CURVE & LEVEL,DARK-HWY LIGHTED/ON,I 0064,STORY AVE,11/4/2019 9:54:32 AM,False,7325,Accepted,
25888063,0564400,INDIAN HILLS POLICE DEPARTMENT,Accepted,JEFFERSON,US0042,,BROWNSBORO,RD,,,,,,,,38.278430485,-85.638064095,5.652,11/2/2019 12:00:00 AM,1130,2,2,0,0,CLEAR,DRY,False,OTHER ROADWAY OR MID-BLOCK COLLISION,REAR END,STRAIGHT & LEVEL,DAYLIGHT,,,11/6/2019 1:54:12 PM,False,4419,Accepted,
25906896,0568000,LOUISVILLE METRO POLICE DEPT,Accepted,JEFFERSON,US0031W,,DIXIE,HWY,,,,,,,,38.174364310,-85.823406224,13.837,11/2/2019 12:00:00 AM,1739,2,2,0,0,CLEAR,DRY,False,OTHER ROADWAY OR MID-BLOCK COLLISION,REAR END,STRAIGHT & LEVEL,DAYLIGHT,,,11/11/2019 8:47:05 AM,False,7524,Accepted,
25876473,0568000,LOUISVILLE METRO POLICE DEPT,Accepted,JEFFERSON,US0060,,SHELBYVILLE,RD,,,,,CHRISTIAN,,ARTERBURN,38.249018678,-85.608633081,6.119,11/2/2019 12:00:00 AM,1650,2,2,0,0,CLEAR,DRY,False,OTHER ROADWAY OR MID-BLOCK COLLISION,REAR END,STRAIGHT & LEVEL,DAYLIGHT,,,11/4/2019 9:50:44 AM,False,6406,Accepted,
25887679,0568000,LOUISVILLE METRO POLICE DEPT,Accepted,JEFFERSON,KY2251,,BARDSTOWN,RD,,,,,HIKES,,STEIER,38.198662832,-85.659336176,0.998,11/2/2019 12:00:00 AM,1718,2,2,0,1,CLEAR,DRY,False,1 VEHICLE ENTERING/LEAVING ENTRANCE,ANGLE,STRAIGHT & LEVEL,DAYLIGHT,,,11/6/2019 12:58:42 PM,False,7482,Accepted,
25876354,0568000,LOUISVILLE METRO POLICE DEPT,Accepted,JEFFERSON,KY0061,420,BRANDEIS,AVE,E,,,,,,,38.219019171,-85.749731504,10.765,11/2/2019 12:00:00 AM,0236,3,3,0,0,CLEAR,DRY,False,1 VEHICLE PARKED POSITION (NOT PARKING LOT/DRIVEWAY),ANGLE,STRAIGHT & LEVEL,DARK-HWY LIGHTED/ON,,,11/4/2019 9:43:18 AM,False,7450,Accepted,
25876689,0568000,LOUISVILLE METRO POLICE DEPT,Accepted,JEFFERSON,,1602,WHIPPOORWILL,RD,,,,,,,,38.210052326,-85.715197299,0.245,11/2/2019 12:00:00 AM,0030,2,2,0,0,CLEAR,DRY,False,1 VEHICLE PARKED POSITION (NOT PARKING LOT/DRIVEWAY),BACKING,STRAIGHT & LEVEL,DUSK,,,11/4/2019 10:13:35 AM,False,5247,Accepted,
25876435,0568000,LOUISVILLE METRO POLICE DEPT,Accepted,JEFFERSON,,1801,WENATCHEE,PL,,,,,,,,38.226110554,-85.805959198,0.071,11/2/2019 12:00:00 AM,1311,2,2,0,0,CLEAR,DRY,False,1 VEHICLE PARKED POSITION (NOT PARKING LOT/DRIVEWAY),BACKING,STRAIGHT & LEVEL,DAYLIGHT,,,11/4/2019 9:48:54 AM,False,2569,Accepted,
25876529,0568000,LOUISVILLE METRO POLICE DEPT,Accepted,JEFFERSON,KY3084,,OLD HENRY,RD,,,,,,,,38.270652746,-85.499316002,1.257,11/2/2019 12:00:00 AM,2216,2,2,0,0,CLEAR,DRY,False,REAR END IN TRAFFIC LANES BOTH VEHICLES MOVING,REAR END,STRAIGHT & LEVEL,DARK-HWY LIGHTED/ON,,,11/4/2019 9:55:44 AM,False,7355,Accepted,
25876472,0568000,LOUISVILLE METRO POLICE DEPT,Accepted,JEFFERSON,,,SPRINGHURST,BLVD,,,,,TOWNE CENTER,,ABBEYWOOD VILLAGE,38.301507958,-85.559267776,0.568,11/2/2019 12:00:00 AM,1538,2,2,0,0,CLOUDY,DRY,False,REAR END IN TRAFFIC LANES BOTH VEHICLES MOVING,REAR END,CURVE & LEVEL,DAYLIGHT,,,11/4/2019 9:50:38 AM,False,6929,Accepted,
25969820,0568000,LOUISVILLE METRO POLICE DEPT,Accepted,JEFFERSON,,,RIVER,RD,,,,,,,,38.265969818,-85.721356320,1.483,11/2/2019 12:00:00 AM,0037,2,2,0,0,CLEAR,DRY,False,HEAD-ON COLLISION,HEAD ON,STRAIGHT & LEVEL,DARK-HWY LIGHTED/ON,,,11/25/2019 9:56:33 AM,False,7863,Accepted,
25876605,0568000,LOUISVILLE METRO POLICE DEPT,Accepted,JEFFERSON,,200B,LONGWORTH,AVE,S,,,,,,,38.265053510,-85.824202387,0.020,11/2/2019 12:00:00 AM,1144,2,2,0,0,CLEAR,DRY,True,HEAD-ON COLLISION,HEAD ON,STRAIGHT & LEVEL,DAYLIGHT,,,11/4/2019 10:03:19 AM,False,5000,Accepted,
25917106,0568000,LOUISVILLE METRO POLICE DEPT,Accepted,JEFFERSON,,,PORTLAND,AVE,,,,,,,,38.268419188,-85.782617777,0.691,11/2/2019 12:00:00 AM,1500,2,2,0,0,CLEAR,DRY,False,SIDESWIPE COLLISION - SAME DIRECTION,SIDESWIPE-SAME DIRECTION,STRAIGHT & LEVEL,DAYLIGHT,,,11/13/2019 9:59:42 AM,False,7288,Accepted,
25876459,0568000,LOUISVILLE METRO POLICE DEPT,Accepted,JEFFERSON,US0060,,SHELBYVILLE,RD,,,,,,,,38.249480635,-85.615517643,5.746,11/2/2019 12:00:00 AM,1456,2,2,0,0,CLEAR,DRY,False,SIDESWIPE COLLISION - SAME DIRECTION,SIDESWIPE-SAME DIRECTION,STRAIGHT & LEVEL,DAYLIGHT,,,11/4/2019 9:49:42 AM,False,7858,Accepted,
25876525,0568000,LOUISVILLE METRO POLICE DEPT,Accepted,JEFFERSON,I 0064,,I64 W,,,,,I 0064,I64 W EXIT3 ON RAMP FROM US31W,I 0064,I64 W EXIT1 RAMP TO I264 E,38.277232766,-85.807062739,1.079,11/2/2019 12:00:00 AM,2030,2,2,0,0,CLEAR,DRY,False,SIDESWIPE COLLISION - SAME DIRECTION,SIDESWIPE-SAME DIRECTION,CURVE & GRADE,DARK-HWY LIGHTED/ON,,,11/4/2019 9:55:26 AM,False,5199,Accepted,
25876470,0568000,LOUISVILLE METRO POLICE DEPT,Accepted,JEFFERSON,US0031W,,DIXIE,HWY,,,,,,,,38.018265530,-85.921170496,1.640,11/2/2019 12:00:00 AM,1711,2,2,0,0,CLEAR,DRY,False,SIDESWIPE COLLISION - SAME DIRECTION,SIDESWIPE-SAME DIRECTION,STRAIGHT & LEVEL,DAYLIGHT,,,11/4/2019 9:50:26 AM,False,5288,Accepted,
25876480,0568000,LOUISVILLE METRO POLICE DEPT,Accepted,JEFFERSON,KY0061,,BRANDEIS,AVE,E,,,KY0061,PRESTON,KY0061,KY61 TURN LANE,38.218769133,-85.750254565,10.799,11/2/2019 12:00:00 AM,1420,2,2,0,0,CLEAR,DRY,False,SIDESWIPE COLLISION - SAME DIRECTION,SIDESWIPE-SAME DIRECTION,STRAIGHT & LEVEL,DAYLIGHT,,,11/4/2019 9:51:31 AM,False,5279,Accepted,
25876490,0568000,LOUISVILLE METRO POLICE DEPT,Accepted,JEFFERSON,US0031E,3300BLK,BARDSTOWN,RD,,,,,,,,38.167669229,-85.603058965,7.160,11/2/2019 12:00:00 AM,1116,2,2,0,0,CLEAR,DRY,False,REAR END IN TRAFFIC LANES BOTH VEHICLES MOVING,REAR END,STRAIGHT & LEVEL,DAYLIGHT,,,11/4/2019 9:52:36 AM,False,5261,Accepted,
25876476,0568000,LOUISVILLE METRO POLICE DEPT,Accepted,JEFFERSON,I 0265,,I265 E,,,,,,,,,38.118957452,-85.637545701,13.877,11/2/2019 12:00:00 AM,1736,3,3,0,1,CLEAR,DRY,False,REAR END IN TRAFFIC LANES BOTH VEHICLES MOVING,REAR END,STRAIGHT & LEVEL,DAYLIGHT,,,11/4/2019 9:51:00 AM,False,7955,Accepted,
25876482,0568000,LOUISVILLE METRO POLICE DEPT,Accepted,JEFFERSON,KY1447,,WESTPORT,RD,,,,,,,,38.304596570,-85.522940119,8.104,11/2/2019 12:00:00 AM,1757,2,2,0,0,CLEAR,DRY,False,REAR END IN TRAFFIC LANES BOTH VEHICLES MOVING,REAR END,STRAIGHT & LEVEL,DAYLIGHT,,,11/4/2019 9:51:49 AM,False,2489,Accepted,
25876503,0568000,LOUISVILLE METRO POLICE DEPT,Accepted,JEFFERSON,KY1142,,PALATKA,RD,,,PARK,,,,,38.151927666,-85.784437415,0.976,11/2/2019 12:00:00 AM,1903,2,2,0,0,CLEAR,DRY,False,OTHER INTERSECTION COLLISIONS,REAR END,STRAIGHT & LEVEL,DARK-HWY LIGHTED/ON,,,11/4/2019 9:53:55 AM,False,7321,Accepted,
25876452,0568000,LOUISVILLE METRO POLICE DEPT,Accepted,JEFFERSON,,,BROADWAY,,W,,26TH,,,,,38.249515293,-85.794583436,0.346,11/2/2019 12:00:00 AM,1013,2,2,0,0,CLEAR,DRY,False,OTHER INTERSECTION COLLISIONS,REAR TO REAR,STRAIGHT & LEVEL,DAYLIGHT,,,11/4/2019 9:49:38 AM,False,7361,Accepted,
25876368,0568000,LOUISVILLE METRO POLICE DEPT,Accepted,JEFFERSON,US0150,,BROADWAY,,E,,BARRET,,,,,38.244326616,-85.734064840,3.727,11/2/2019 12:00:00 AM,0320,2,2,0,0,CLEAR,DRY,True,OTHER INTERSECTION COLLISIONS,REAR END,STRAIGHT & GRADE,DARK-HWY LIGHTED/ON,,,11/4/2019 9:43:49 AM,False,5272,Accepted,
25876489,0568000,LOUISVILLE METRO POLICE DEPT,Accepted,JEFFERSON,KY1934,,CANE RUN,RD,,,KRAMERS,,,,,38.201115399,-85.835069599,9.371,11/2/2019 12:00:00 AM,1739,2,2,0,0,CLEAR,DRY,False,OTHER INTERSECTION COLLISIONS,REAR END,STRAIGHT & LEVEL,DAYLIGHT,,,11/4/2019 9:52:26 AM,False,7420,Accepted,
25876547,0568000,LOUISVILLE METRO POLICE DEPT,Accepted,JEFFERSON,,,BRECKINRIDGE,ST,W,,8TH,,,,,38.242799269,-85.765729766,0.638,11/2/2019 12:00:00 AM,1648,2,2,0,4,CLEAR,DRY,False,SIDESWIPE-SAME DIRECTION,SIDESWIPE-SAME DIRECTION,STRAIGHT & LEVEL,DAYLIGHT,,,11/4/2019 9:57:06 AM,True,5232,Accepted,
25881668,0568000,LOUISVILLE METRO POLICE DEPT,Accepted,JEFFERSON,US0031E,,BARDSTOWN,RD,,,WOODBOURNE,,,,,38.224091393,-85.691159830,13.490,11/2/2019 12:00:00 AM,2013,2,2,0,0,CLEAR,DRY,False,SIDESWIPE-SAME DIRECTION,SIDESWIPE-SAME DIRECTION,STRAIGHT & LEVEL,DARK-HWY LIGHTED/ON,,,11/5/2019 8:37:28 AM,False,7180,Accepted,
25876478,0568000,LOUISVILLE METRO POLICE DEPT,Accepted,JEFFERSON,KY0061,,JACKSON,ST,S,,ST CATHERINE,,,,,38.235333868,-85.747351207,11.612,11/2/2019 12:00:00 AM,1602,2,2,0,1,CLEAR,DRY,False,SIDESWIPE-SAME DIRECTION,SIDESWIPE-SAME DIRECTION,STRAIGHT & LEVEL,DAYLIGHT,,,11/4/2019 9:51:17 AM,False,5213,Accepted,
25876497,0568000,LOUISVILLE METRO POLICE DEPT,Accepted,JEFFERSON,KY0061,,JACKSON,ST,S,,BRECKINRIDGE,,,,,38.240496316,-85.746510603,11.961,11/2/2019 12:00:00 AM,2010,2,2,0,0,CLEAR,DRY,True,SIDESWIPE-SAME DIRECTION,SIDESWIPE-SAME DIRECTION,,DARK-HWY LIGHTED/ON,,,11/4/2019 9:53:27 AM,False,5135,Accepted,
25876446,0568000,LOUISVILLE METRO POLICE DEPT,Accepted,JEFFERSON,US0031E,5000B,BARDSTOWN,RD,,,,,,,,38.176227710,-85.617840659,8.104,11/2/2019 12:00:00 AM,1345,1,1,0,0,CLEAR,DRY,False,COLLISION WITH ANIMAL NON INTERSECTION,SINGLE VEHICLE,STRAIGHT & LEVEL,DAYLIGHT,,,11/4/2019 9:49:31 AM,False,7739,Accepted,
25876384,0568000,LOUISVILLE METRO POLICE DEPT,Accepted,JEFFERSON,KY1934,,GREENBELT,HWY,,,,,WINSTEAD,,GLOBAL,38.139320536,-85.887475980,3.895,11/2/2019 12:00:00 AM,0708,1,1,0,0,CLEAR,DRY,False,COLLISION WITH ANIMAL NON INTERSECTION,SINGLE VEHICLE,STRAIGHT & LEVEL,DARK-HWY LIGHTED/ON,,,11/4/2019 9:46:02 AM,False,7144,Accepted,
25876439,0568000,LOUISVILLE METRO POLICE DEPT,Accepted,JEFFERSON,,,RIVER,RD,,,,,,,,38.274423008,-85.703985457,2.595,11/2/2019 12:00:00 AM,1313,1,1,0,0,CLEAR,DRY,False,COLLISION WITH FIXED OBJECT NON - INTERSECTION - FIRST EVENT COLLISION 09 - 32 EXCLUDING 16,SINGLE VEHICLE,STRAIGHT & LEVEL,DAYLIGHT,,,11/4/2019 9:49:05 AM,False,7833,Accepted,
25877175,0561500,UNIV. OF LOUISVILLE POLICE,Accepted,JEFFERSON,KY1020,,3RD,ST,S,,,KY1020,KY1020 TURN LANE,,,38.218974836,-85.761541928,10.212,11/2/2019 12:00:00 AM,0214,1,1,0,2,CLEAR,DRY,False,COLLISION WITH FIXED OBJECT NON - INTERSECTION - FIRST EVENT COLLISION 09 - 32 EXCLUDING 16,SINGLE VEHICLE,CURVE & LEVEL,DARK-HWY LIGHTED/ON,,,11/4/2019 11:28:28 AM,False,5696,Accepted,
25876469,0568000,LOUISVILLE METRO POLICE DEPT,Accepted,JEFFERSON,,,ROGER E SCHUPP,ST,,,,,,,,38.225110069,-85.655805582,0.276,11/2/2019 12:00:00 AM,1631,1,1,0,0,CLEAR,DRY,False,COLLISION WITH FIXED OBJECT NON - INTERSECTION - FIRST EVENT COLLISION 09 - 32 EXCLUDING 16,SINGLE VEHICLE,STRAIGHT & LEVEL,DAYLIGHT,,,11/4/2019 9:50:21 AM,False,5112,Accepted,
25876488,0568000,LOUISVILLE METRO POLICE DEPT,Accepted,JEFFERSON,I 0064,,I64 E,,,,,,,,,38.241324192,-85.681513185,9.240,11/2/2019 12:00:00 AM,1743,1,1,0,1,CLEAR,DRY,False,COLLISION WITH FIXED OBJECT NON - INTERSECTION - FIRST EVENT COLLISION 09 - 32 EXCLUDING 16,SINGLE VEHICLE,STRAIGHT & LEVEL,DAYLIGHT,,,11/4/2019 9:52:21 AM,False,5006,Accepted,
25896623,0568000,LOUISVILLE METRO POLICE DEPT,Accepted,JEFFERSON,US0031W,4814,DIXIE,HWY,,,,,,,,38.171946669,-85.825795503,13.591,11/2/2019 12:00:00 AM,1359,1,1,0,1,CLEAR,DRY,False,COLLISION WITH FIXED OBJECT NON - INTERSECTION - FIRST EVENT COLLISION 09 - 32 EXCLUDING 16,SINGLE VEHICLE,STRAIGHT & LEVEL,DAYLIGHT,,,11/8/2019 8:27:05 AM,False,7817,Accepted,
25876468,0568000,LOUISVILLE METRO POLICE DEPT,Accepted,JEFFERSON,,,HIKES,LN,,,HUNSINGER,,,,,38.219609905,-85.626054786,3.199,11/2/2019 12:00:00 AM,1107,2,2,0,0,CLEAR,DRY,False,OTHER INTERSECTION COLLISIONS,REAR END,STRAIGHT & LEVEL,DAYLIGHT,,,11/4/2019 9:50:14 AM,False,7448,Accepted,
25876466,0568000,LOUISVILLE METRO POLICE DEPT,Accepted,JEFFERSON,US0031W,,DIXIE,HWY,,,UPPER HUNTERS,,,,,38.167338778,-85.829039670,13.208,11/2/2019 12:00:00 AM,1649,2,2,0,0,CLEAR,DRY,False,OTHER INTERSECTION COLLISIONS,REAR END,STRAIGHT & LEVEL,DUSK,,,11/4/2019 9:49:59 AM,False,7496,Accepted,
25876509,0568000,LOUISVILLE METRO POLICE DEPT,Accepted,JEFFERSON,US0031W,,DR W J HODGE,ST,,US0150,BROADWAY,,,,,38.249127010,-85.786507191,19.578,11/2/2019 12:00:00 AM,2143,2,2,0,0,CLEAR,DRY,False,OTHER INTERSECTION COLLISIONS,REAR END,STRAIGHT & LEVEL,DARK-HWY LIGHTED/ON,,,11/4/2019 9:54:43 AM,False,5223,Accepted,
25876369,0568000,LOUISVILLE METRO POLICE DEPT,Accepted,JEFFERSON,US0031W,9709,DIXIE,HWY,,,,,,,,38.113996354,-85.861914712,9.146,11/2/2019 12:00:00 AM,0405,2,1,0,1,CLEAR,DRY,False,COLLISION WITH PEDESTRIAN NON - INTERSECTION,SINGLE VEHICLE,STRAIGHT & LEVEL,DARK-HWY LIGHTED/ON,,,11/4/2019 9:43:53 AM,False,5033,Accepted,
25876518,0568000,LOUISVILLE METRO POLICE DEPT,Accepted,JEFFERSON,KY2054,,ALGONQUIN,PKWY,,,35TH,,,,,38.224821779,-85.813981220,0.441,11/2/2019 12:00:00 AM,1919,2,2,0,0,CLEAR,DRY,False,OTHER INTERSECTION COLLISIONS,REAR END,STRAIGHT & LEVEL,DARK-HWY LIGHTED/ON,,,11/4/2019 9:55:00 AM,False,7181,Accepted,
25876501,0568000,LOUISVILLE METRO POLICE DEPT,Accepted,JEFFERSON,,,PARK,RD,S,,OLD SOUTH PARK,,,,,38.117318293,-85.697415091,1.133,11/2/2019 12:00:00 AM,2306,2,2,0,0,CLEAR,DRY,False,OPPOSING LEFT TURN,OPPOSING LEFT TURN,STRAIGHT & LEVEL,DARK-HWY NOT LIGHTED,,,11/4/2019 9:53:45 AM,False,6360,Accepted,
25876517,0568000,LOUISVILLE METRO POLICE DEPT,Accepted,JEFFERSON,KY2052,,SHEPHERDSVILLE,RD,,KY0864,POPLAR LEVEL,,,,,38.159963429,-85.660078771,1.488,11/2/2019 12:00:00 AM,2344,2,2,0,5,CLOUDY,DRY,False,OPPOSING LEFT TURN,OPPOSING LEFT TURN,STRAIGHT & LEVEL,DARK-HWY NOT LIGHTED,,,11/4/2019 9:54:53 AM,False,6668,Accepted,
25876619,0568000,LOUISVILLE METRO POLICE DEPT,Accepted,JEFFERSON,US0031E,,BARDSTOWN,RD,,,BONNYCASTLE,,,,,38.230633926,-85.704454927,14.351,11/2/2019 12:00:00 AM,0520,2,2,0,0,CLEAR,DRY,True,OPPOSITE DIRECTION - BOTH VEHICLES GOING STRAIGHT AHEAD,SIDESWIPE-OPPOSITE DIRECTION,STRAIGHT & LEVEL,DARK-HWY LIGHTED/ON,,,11/4/2019 10:05:41 AM,False,2192,Accepted,
25876474,0568000,LOUISVILLE METRO POLICE DEPT,Accepted,JEFFERSON,KY1065,,OUTER,LOOP,,KY2052,SHEPHERDSVILLE,,,,,38.138974128,-85.657585695,7.656,11/2/2019 12:00:00 AM,1254,2,2,0,0,CLEAR,DRY,False,SIDESWIPE-SAME DIRECTION,SIDESWIPE-SAME DIRECTION,STRAIGHT & LEVEL,DAYLIGHT,,,11/4/2019 9:50:48 AM,False,7379,Accepted,
25876475,0568000,LOUISVILLE METRO POLICE DEPT,Accepted,JEFFERSON,US0150,,BROADWAY,,W,KY1020,2ND,,,,,38.245872171,-85.755048679,2.558,11/2/2019 12:00:00 AM,1725,2,2,0,0,CLEAR,DRY,False,SIDESWIPE-SAME DIRECTION,SIDESWIPE-SAME DIRECTION,STRAIGHT & LEVEL,DAYLIGHT,,,11/4/2019 9:50:55 AM,False,7386,Accepted,
25876477,0568000,LOUISVILLE METRO POLICE DEPT,Accepted,JEFFERSON,KY0061,,JACKSON,ST,S,,LAMPTON,,,,,38.241955804,-85.746183905,12.065,11/2/2019 12:00:00 AM,1123,2,2,0,0,CLEAR,DRY,False,REAR END - ONE VEHICLE TURNING RIGHT,REAR END,STRAIGHT & LEVEL,DAYLIGHT,,,11/4/2019 9:51:08 AM,False,5213,Accepted,
25876445,0568000,LOUISVILLE METRO POLICE DEPT,Accepted,JEFFERSON,KY1932,,BRECKENRIDGE,LN,,,MANNER DALE,,,,,38.202577482,-85.622399260,1.500,11/2/2019 12:00:00 AM,0742,2,2,0,0,CLEAR,DRY,True,ANGLE COLLISION - OTHER,ANGLE,CURVE & LEVEL,DAYLIGHT,,,11/4/2019 9:49:21 AM,False,7448,Accepted,
25876465,0568000,LOUISVILLE METRO POLICE DEPT,Accepted,JEFFERSON,US0031W,,DIXIE,HWY,,US0031W,US31W RAMP FROM KY841,,,,,38.093898000,-85.874836603,7.602,11/2/2019 12:00:00 AM,1353,2,2,0,3,CLEAR,DRY,False,ANGLE COLLISION - OTHER,ANGLE,CURVE & LEVEL,DAYLIGHT,,,11/4/2019 9:49:54 AM,False,5257,Accepted,
25876483,0568000,LOUISVILLE METRO POLICE DEPT,Accepted,JEFFERSON,,,BARRET,AVE,,,WINTER,,,,,38.235748538,-85.727645884,1.009,11/2/2019 12:00:00 AM,1644,2,2,0,1,CLEAR,DRY,False,ANGLE COLLISION - OTHER,ANGLE,STRAIGHT & LEVEL,DAYLIGHT,,,11/4/2019 9:51:54 AM,False,5293,Accepted,
25876341,0568000,LOUISVILLE METRO POLICE DEPT,Accepted,JEFFERSON,,,OAK,ST,W,,6TH,,,,,38.235317228,-85.763678672,0.453,11/2/2019 12:00:00 AM,0013,2,2,0,0,CLEAR,DRY,True,ANGLE COLLISION - OTHER,ANGLE,STRAIGHT & LEVEL,DARK-HWY LIGHTED/ON,,,11/4/2019 9:42:51 AM,False,5236,Accepted,
25876349,0568000,LOUISVILLE METRO POLICE DEPT,Accepted,JEFFERSON,US0060,,FRANKFORT,AVE,,KY2048,CANNONS,,,,,38.254133574,-85.670529779,2.729,11/2/2019 12:00:00 AM,0135,2,2,0,0,CLEAR,DRY,False,ANGLE COLLISION - OTHER,ANGLE,STRAIGHT & LEVEL,DARK-HWY LIGHTED/ON,,,11/4/2019 9:43:05 AM,False,7219,Accepted,
25876479,0568000,LOUISVILLE METRO POLICE DEPT,Accepted,JEFFERSON,,,MAGNOLIA,AVE,E,,BROOK,,,,,38.228521043,-85.754743084,0.108,11/2/2019 12:00:00 AM,0842,2,2,0,0,CLEAR,DRY,False,COLLISION WITH PARKED VEHICLE,SIDESWIPE-SAME DIRECTION,STRAIGHT & LEVEL,DAYLIGHT,,,11/4/2019 9:51:25 AM,False,5232,Accepted,
25876370,0568000,LOUISVILLE METRO POLICE DEPT,Accepted,JEFFERSON,I 0264,,I264 E,,,I 0264,I264 E EXIT4 OFF RAMP TO KY2056,,,,,38.226441373,-85.821936676,3.768,11/2/2019 12:00:00 AM,0438,2,2,0,0,CLEAR,DRY,False,COLLISION WITH PARKED VEHICLE,REAR END,STRAIGHT & LEVEL,DARK-HWY LIGHTED/ON,,,11/4/2019 9:43:58 AM,False,5253,Accepted,
25876481,0568000,LOUISVILLE METRO POLICE DEPT,Accepted,JEFFERSON,,,FLOYD,ST,S,,HAHN,,,,,38.212072853,-85.755546598,3.005,11/2/2019 12:00:00 AM,1753,2,2,0,0,CLEAR,DRY,False,ANGLE COLLISION - ONE VEHICLE TURNING LEFT,ANGLE,STRAIGHT & LEVEL,DAYLIGHT,,,11/4/2019 9:51:40 AM,False,5279,Accepted,
25876498,0568000,LOUISVILLE METRO POLICE DEPT,Accepted,JEFFERSON,,,BUECHEL BANK,RD,,,CENTRAL,,,,,38.190831889,-85.647709110,0.110,11/2/2019 12:00:00 AM,2128,1,1,0,0,CLEAR,DRY,False,COLLISION WITH FIXED OBJECT IN INTERSECTION - FIRST EVENT COLLISION 09 - 32,SINGLE VEHICLE,STRAIGHT & LEVEL,DARK-HWY LIGHTED/ON,,,11/4/2019 9:53:32 AM,False,2234,Accepted,
25876484,0568000,LOUISVILLE METRO POLICE DEPT,Accepted,JEFFERSON,KY0841,,GENE SNYDER,FWY,,I 0065,I65 S EXIT10 RAMP TO I65,,,,,38.114712407,-85.711232818,9.710,11/2/2019 12:00:00 AM,1459,1,1,0,1,CLEAR,DRY,False,COLLISION WITH FIXED OBJECT IN INTERSECTION - FIRST EVENT COLLISION 09 - 32,SINGLE VEHICLE,STRAIGHT & LEVEL,DAYLIGHT,,,11/4/2019 9:52:01 AM,False,7484,Accepted,
25887677,0568000,LOUISVILLE METRO POLICE DEPT,Accepted,JEFFERSON,KY0155,,TAYLORSVILLE,RD,,I 0264,I264 E EXIT17 ON RAMP FROM KY155,,,,,38.221148254,-85.645724383,14.461,11/2/2019 12:00:00 AM,1335,1,1,0,0,CLEAR,DRY,False,COLLISION WITH FIXED OBJECT IN INTERSECTION - FIRST EVENT COLLISION 09 - 32,SINGLE VEHICLE,STRAIGHT & LEVEL,DAYLIGHT,,,11/6/2019 12:57:43 PM,False,7482,Accepted,