IncidentID,AgencyORI,AgencyName,IncidentStatusDesc,County,RdwyNumber,Street,RoadwayName,StreetSfx,StreetDir,IntersectionRdwy,IntersectionRdwyName,BetweenStRdwy1,BetweenStRdwyName1,BetweenStRdwy2,BetweenStRdwyName2,Latitude,Longitude,Milepoint,CollisionDate,CollisionTime,UnitsInvolved,MotorVehiclesInvolved,NumberKilled,NumberInjured,Weather,RdwyConditionCode,HitandRun,DirAnalysisCode,MannerofCollision,RdwyCharacter,LightCondition,RampFromRdwyId,RampToRdwyId,AcceptedDate,IsSecondaryCollision,OwnerBadge,IncidentStatus,
25876522,0568000,LOUISVILLE METRO POLICE DEPT,Accepted,JEFFERSON,US0150,,BROADWAY,,W,US0031W,22ND,,,,,38.249217848,-85.788210573,0.740,11/2/2019 12:00:00 AM,0621,1,1,0,1,CLEAR,DRY,False,COLLISION WITH FIXED OBJECT IN INTERSECTION - FIRST EVENT COLLISION 09 - 32,SINGLE VEHICLE,STRAIGHT & LEVEL,DARK-HWY LIGHTED/ON,,,11/4/2019 9:55:20 AM,False,7253,Accepted,
25876613,0568000,LOUISVILLE METRO POLICE DEPT,Accepted,JEFFERSON,KY0061,4800,PRESTON,HWY,,,,I 0065,I65 N EXIT130 OFF RAMP TO KY61,,MEADOW,38.178336245,-85.716596163,7.204,11/2/2019 12:00:00 AM,2053,2,2,0,0,CLEAR,DRY,False,,ANGLE,STRAIGHT & LEVEL,DARK-HWY LIGHTED/ON,,,11/4/2019 10:04:21 AM,False,5053,Accepted,
25876214,0568000,LOUISVILLE METRO POLICE DEPT,Accepted,JEFFERSON,,,EVERETT,AVE,,,PATTERSON,,,,,38.238902952,-85.716223627,0.470,11/1/2019 12:00:00 AM,0820,2,1,0,0,CLEAR,DRY,True,COLLISION WITH PEDESTRIAN IN INTERSECTION,SINGLE VEHICLE,STRAIGHT & LEVEL,DAYLIGHT,,,11/4/2019 9:32:11 AM,False,5293,Accepted,
25876224,0568000,LOUISVILLE METRO POLICE DEPT,Accepted,JEFFERSON,,,34TH,ST,S,,BROADWAY,,,,,38.249879696,-85.807884179,0.863,11/1/2019 12:00:00 AM,1132,2,2,0,0,CLEAR,DRY,False,COLLISION WITH PARKED VEHICLE,SIDESWIPE-SAME DIRECTION,STRAIGHT & LEVEL,DAYLIGHT,,,11/4/2019 9:32:59 AM,False,7458,Accepted,
25886139,0568000,LOUISVILLE METRO POLICE DEPT,Accepted,JEFFERSON,,,2ND,ST,S,,ASHLAND,,,,,38.185838910,-85.763762105,1.199,11/1/2019 12:00:00 AM,0625,2,2,0,0,CLEAR,DRY,False,COLLISION WITH PARKED VEHICLE,SIDESWIPE-SAME DIRECTION,STRAIGHT & LEVEL,DARK-HWY LIGHTED/ON,,,11/6/2019 8:27:23 AM,False,5139,Accepted,
25876250,0568000,LOUISVILLE METRO POLICE DEPT,Accepted,JEFFERSON,,,SPRINGHURST,BLVD,,,CHAMPION FARMS,,,,,38.296621207,-85.560090084,0.211,11/1/2019 12:00:00 AM,1121,2,2,0,0,CLEAR,DRY,False,ANGLE COLLISION - OTHER,ANGLE,CURVE & LEVEL,DAYLIGHT,,,11/4/2019 9:35:01 AM,False,6929,Accepted,
25876309,0568000,LOUISVILLE METRO POLICE DEPT,Accepted,JEFFERSON,,,LEE,ST,W,KY1020,3RD,,,,,38.223201143,-85.760713724,1.226,11/1/2019 12:00:00 AM,1554,2,2,0,3,CLEAR,DRY,False,ANGLE COLLISION - OTHER,ANGLE,STRAIGHT & LEVEL,DAYLIGHT,,,11/4/2019 9:39:51 AM,False,5279,Accepted,
25876359,0568000,LOUISVILLE METRO POLICE DEPT,Accepted,JEFFERSON,KY3082,,BANK,ST,,,26TH,,,,,38.269437390,-85.790962959,1.083,11/1/2019 12:00:00 AM,2152,2,2,0,0,CLEAR,DRY,True,ANGLE COLLISION - OTHER,ANGLE,STRAIGHT & LEVEL,DARK-HWY LIGHTED/ON,,,11/4/2019 9:43:29 AM,False,5223,Accepted,
25876493,0568000,LOUISVILLE METRO POLICE DEPT,Accepted,JEFFERSON,,,ASH,ST,,,TEXAS,,,,,38.224794028,-85.733920222,0.172,11/1/2019 12:00:00 AM,1945,2,2,0,0,CLEAR,DRY,False,ANGLE COLLISION - OTHER,ANGLE,STRAIGHT & LEVEL,DARK-HWY LIGHTED/ON,,,11/4/2019 9:52:59 AM,False,7344,Accepted,
25917012,0568000,LOUISVILLE METRO POLICE DEPT,Accepted,JEFFERSON,US0060A,,LEXINGTON,RD,,,WALLACE,,,,,38.252752740,-85.657863512,10.508,11/1/2019 12:00:00 AM,1736,2,2,0,0,CLEAR,DRY,True,ANGLE COLLISION - OTHER,ANGLE,,DAYLIGHT,,,11/13/2019 9:44:30 AM,False,7028,Accepted,
26533070,0568000,LOUISVILLE METRO POLICE DEPT,Accepted,JEFFERSON,,,CHESTNUT,ST,W,,ROY WILKINS,,,,,38.249883443,-85.766228093,1.886,11/1/2019 12:00:00 AM,0729,2,2,0,0,CLEAR,DRY,False,ANGLE COLLISION - OTHER,ANGLE,STRAIGHT & LEVEL,DAWN,,,3/19/2020 8:25:27 AM,False,5172,Accepted,
25876494,0568000,LOUISVILLE METRO POLICE DEPT,Accepted,JEFFERSON,KY1020,,2ND,ST,S,,ST CATHERINE,,,,,38.237075667,-85.756540694,11.505,11/1/2019 12:00:00 AM,2203,2,2,0,0,CLEAR,DRY,False,ANGLE COLLISION - OTHER,ANGLE,STRAIGHT & LEVEL,DARK-HWY LIGHTED/ON,,,11/4/2019 9:53:08 AM,False,7344,Accepted,
25876253,0568000,LOUISVILLE METRO POLICE DEPT,Accepted,JEFFERSON,,,5TH,ST,S,,LEE,,,,,38.223564124,-85.764037228,2.339,11/1/2019 12:00:00 AM,1107,2,2,0,0,CLEAR,DRY,False,ANGLE COLLISION - OTHER,ANGLE,STRAIGHT & LEVEL,DAYLIGHT,,,11/4/2019 9:35:13 AM,False,7418,Accepted,
25876212,0568000,LOUISVILLE METRO POLICE DEPT,Accepted,JEFFERSON,,,7TH,ST,S,,CHESTNUT,,,,,38.249512045,-85.762864432,2.232,11/1/2019 12:00:00 AM,0700,2,2,0,0,CLEAR,DRY,False,ANGLE COLLISION - OTHER,ANGLE,STRAIGHT & LEVEL,DAWN,,,11/4/2019 9:31:55 AM,False,5025,Accepted,
25876220,0568000,LOUISVILLE METRO POLICE DEPT,Accepted,JEFFERSON,,,NORTHWESTERN,PKWY,,,25TH,,,,,38.273103573,-85.787382574,1.088,11/1/2019 12:00:00 AM,0900,2,2,0,0,CLEAR,DRY,False,ANGLE COLLISION - OTHER,ANGLE,STRAIGHT & LEVEL,DAYLIGHT,,,11/4/2019 9:32:29 AM,False,7988,Accepted,
25876227,0568000,LOUISVILLE METRO POLICE DEPT,Accepted,JEFFERSON,US0031E,,BARDSTOWN,RD,,,EMERSON,,,,,38.219779413,-85.679986910,12.787,11/1/2019 12:00:00 AM,0815,2,2,0,1,CLEAR,DRY,False,ANGLE COLLISION - OTHER,ANGLE,STRAIGHT & LEVEL,DAYLIGHT,,,11/4/2019 9:33:19 AM,False,5275,Accepted,
25876236,0568000,LOUISVILLE METRO POLICE DEPT,Accepted,JEFFERSON,US0031E,,BARDSTOWN,RD,,,EDENSIDE,,,,,38.232781894,-85.710763847,14.724,11/1/2019 12:00:00 AM,1311,2,2,0,0,CLEAR,DRY,False,ANGLE COLLISION - OTHER,ANGLE,STRAIGHT & LEVEL,DAYLIGHT,,,11/4/2019 9:34:00 AM,False,5293,Accepted,
25876266,0568000,LOUISVILLE METRO POLICE DEPT,Accepted,JEFFERSON,,,KLONDIKE,LN,,,EXPLORER,,,,,38.207909804,-85.637384524,0.683,11/1/2019 12:00:00 AM,1657,2,2,0,0,CLEAR,DRY,False,OPPOSING LEFT TURN,OPPOSING LEFT TURN,STRAIGHT & LEVEL,DAYLIGHT,,,11/4/2019 9:36:49 AM,False,5203,Accepted,
25866195,0568000,LOUISVILLE METRO POLICE DEPT,Accepted,JEFFERSON,KY0061,,PRESTON,HWY,,,GILMORE,,,,,38.174642496,-85.712738125,6.881,11/1/2019 12:00:00 AM,0522,3,3,0,0,CLEAR,DRY,False,SIDESWIPE-SAME DIRECTION,SIDESWIPE-SAME DIRECTION,STRAIGHT & LEVEL,DARK-HWY NOT LIGHTED,,,11/1/2019 8:54:35 AM,False,5222,Accepted,
25876316,0568000,LOUISVILLE METRO POLICE DEPT,Accepted,JEFFERSON,KY1932,,BRECKENRIDGE,LN,,US0031E,BARDSTOWN,,,,,38.181441418,-85.626674839,0.018,11/1/2019 12:00:00 AM,1559,2,2,0,0,CLEAR,DRY,False,SIDESWIPE-SAME DIRECTION,SIDESWIPE-SAME DIRECTION,STRAIGHT & LEVEL,DAYLIGHT,,,11/4/2019 9:40:15 AM,False,7294,Accepted,
25866191,0568000,LOUISVILLE METRO POLICE DEPT,Accepted,JEFFERSON,,,WENZEL,ST,S,,LIBERTY,,,,,38.250102231,-85.734416001,0.280,11/1/2019 12:00:00 AM,0218,3,3,0,0,CLEAR,DRY,False,OPPOSITE DIRECTION - BOTH VEHICLES GOING STRAIGHT AHEAD,SIDESWIPE-OPPOSITE DIRECTION,STRAIGHT & LEVEL,DARK-HWY LIGHTED/ON,,,11/1/2019 8:54:22 AM,False,5122,Accepted,
25876366,0568000,LOUISVILLE METRO POLICE DEPT,Accepted,JEFFERSON,US0031W,,DIXIE,HWY,,,BLANTON,,,,,38.157377522,-85.833942957,12.527,11/1/2019 12:00:00 AM,2309,2,2,0,0,CLEAR,DRY,False,OTHER INTERSECTION COLLISIONS,REAR END,STRAIGHT & LEVEL,DARK-HWY LIGHTED/ON,,,11/4/2019 9:43:43 AM,False,5211,Accepted,
25876307,0568000,LOUISVILLE METRO POLICE DEPT,Accepted,JEFFERSON,KY1020,,SOUTHERN,PKWY,,,WOODLAWN,,,,,38.181919914,-85.768337440,7.846,11/1/2019 12:00:00 AM,1740,2,2,0,0,CLEAR,DRY,False,OTHER INTERSECTION COLLISIONS,REAR END,STRAIGHT & LEVEL,DUSK,,,11/4/2019 9:39:38 AM,False,5204,Accepted,
25876292,0568000,LOUISVILLE METRO POLICE DEPT,Accepted,JEFFERSON,,,INDIAN,TRL,E,,JEANINE,,,,,38.170697553,-85.688665734,0.993,11/1/2019 12:00:00 AM,1612,3,3,0,0,CLEAR,DRY,False,OTHER INTERSECTION COLLISIONS,REAR END,STRAIGHT & LEVEL,DAYLIGHT,,,11/4/2019 9:38:14 AM,False,7451,Accepted,
25876234,0568000,LOUISVILLE METRO POLICE DEPT,Accepted,JEFFERSON,US0060A,,EASTERN,PKWY,,KY1703,BAXTER,,,,,38.228964416,-85.715187460,6.447,11/1/2019 12:00:00 AM,1247,2,2,0,0,CLEAR,DRY,False,OTHER INTERSECTION COLLISIONS,REAR END,STRAIGHT & LEVEL,DAYLIGHT,,,11/4/2019 9:33:53 AM,False,5293,Accepted,
25921779,0568000,LOUISVILLE METRO POLICE DEPT,Accepted,JEFFERSON,,,LOUISVILLE,AVE,,,HIAWATHA,,,,,38.185798696,-85.756091581,0.281,11/1/2019 12:00:00 AM,0201,2,2,0,0,CLEAR,DRY,True,OTHER INTERSECTION COLLISIONS,REAR END,STRAIGHT & LEVEL,DARK-HWY LIGHTED/ON,,,11/14/2019 8:19:17 AM,False,5139,Accepted,
25906990,0568000,LOUISVILLE METRO POLICE DEPT,Accepted,JEFFERSON,I 0064,,I64 E,,,,,,,,,38.269236538,-85.781973585,2.797,11/1/2019 12:00:00 AM,2152,4,3,1,0,CLEAR,DRY,False,COLLISION WITH PEDESTRIAN NON - INTERSECTION,HEAD ON,STRAIGHT & GRADE,DARK-HWY LIGHTED/ON,,,11/11/2019 8:55:32 AM,False,2000,Accepted,
25876322,0568000,LOUISVILLE METRO POLICE DEPT,Accepted,JEFFERSON,US0031W,12201,DIXIE,HWY,,,,,,,,38.080449531,-85.882658256,6.565,11/1/2019 12:00:00 AM,1924,2,1,0,0,CLEAR,DRY,False,COLLISION WITH PEDESTRIAN NON - INTERSECTION,SINGLE VEHICLE,STRAIGHT & GRADE,DARK-HWY LIGHTED/ON,,,11/4/2019 9:40:58 AM,False,2021,Accepted,
25876639,0568000,LOUISVILLE METRO POLICE DEPT,Accepted,JEFFERSON,KY1747,,FERN VALLEY,RD,,KY2052,SHEPHERDSVILLE,,,,,38.156303378,-85.659833474,3.962,11/1/2019 12:00:00 AM,1953,2,2,0,0,CLEAR,DRY,True,OTHER INTERSECTION COLLISIONS,REAR END,STRAIGHT & LEVEL,DUSK,,,11/4/2019 10:09:15 AM,False,5116,Accepted,
25867602,0561000,JEFFERSONTOWN POLICE DEPT,Accepted,JEFFERSON,,10701,VINE HILL,DR,,,,,,,,38.172814881,-85.572012402,,11/1/2019 12:00:00 AM,1300,2,2,0,0,CLEAR,DRY,False,1 VEHICLE PARKED POSITION (NOT PARKING LOT/DRIVEWAY),BACKING,STRAIGHT & GRADE,DAYLIGHT,,,11/1/2019 3:13:58 PM,False,8309,Accepted,
25876249,0568000,LOUISVILLE METRO POLICE DEPT,Accepted,JEFFERSON,,,BLOSSOM,LN,,,,,WEISSINGER,,MOCKSHIRE,38.286796097,-85.582270228,0.193,11/1/2019 12:00:00 AM,0816,2,2,0,0,CLEAR,DRY,False,1 VEHICLE PARKED POSITION (NOT PARKING LOT/DRIVEWAY),REAR END,STRAIGHT & LEVEL,DAYLIGHT,,,11/4/2019 9:34:54 AM,False,6929,Accepted,
25876306,0568000,LOUISVILLE METRO POLICE DEPT,Accepted,JEFFERSON,,230,HIAWATHA,AVE,,,,,,,,38.185760847,-85.756211332,0.026,11/1/2019 12:00:00 AM,0044,2,2,0,0,RAINING,WET,True,1 VEHICLE PARKED POSITION (NOT PARKING LOT/DRIVEWAY),ANGLE,STRAIGHT & LEVEL,DARK-HWY NOT LIGHTED,,,11/4/2019 9:39:26 AM,False,5204,Accepted,
25876303,0568000,LOUISVILLE METRO POLICE DEPT,Accepted,JEFFERSON,,1450,OLIVE,ST,,,,,,,,38.231857881,-85.799717002,0.332,11/1/2019 12:00:00 AM,1613,1,1,0,1,CLEAR,DRY,False,COLLISION WITH FIXED OBJECT NON - INTERSECTION - FIRST EVENT COLLISION 09 - 32 EXCLUDING 16,SINGLE VEHICLE,STRAIGHT & LEVEL,DAYLIGHT,,,11/4/2019 9:39:05 AM,False,5180,Accepted,
25876301,0568000,LOUISVILLE METRO POLICE DEPT,Accepted,JEFFERSON,KY1020,,3RD,ST,S,,,,OAK,,ORMSBY,38.234148705,-85.758785913,11.268,11/1/2019 12:00:00 AM,1250,2,2,0,0,CLEAR,DRY,True,COLLISION WITH FIXED OBJECT NON - INTERSECTION - FIRST EVENT COLLISION 09 - 32 EXCLUDING 16,REAR TO REAR,STRAIGHT & LEVEL,DAYLIGHT,,,11/4/2019 9:38:53 AM,False,7441,Accepted,
25876246,0568000,LOUISVILLE METRO POLICE DEPT,Accepted,JEFFERSON,US0150,,BROADWAY,,E,KY0864,SHELBY,,,,,38.244676448,-85.739522725,3.404,11/1/2019 12:00:00 AM,1505,2,2,0,0,CLEAR,DRY,False,SIDESWIPE-SAME DIRECTION,SIDESWIPE-SAME DIRECTION,STRAIGHT & LEVEL,DAYLIGHT,,,11/4/2019 9:34:43 AM,False,2855,Accepted,
25876226,0568000,LOUISVILLE METRO POLICE DEPT,Accepted,JEFFERSON,,,ST CATHERINE,ST,E,KY0061,JACKSON,,,,,38.235265945,-85.746664246,0.832,11/1/2019 12:00:00 AM,1209,2,2,0,0,CLEAR,DRY,False,SIDESWIPE-SAME DIRECTION,SIDESWIPE-SAME DIRECTION,STRAIGHT & LEVEL,DAYLIGHT,,,11/4/2019 9:33:11 AM,False,7391,Accepted,
25876302,0568000,LOUISVILLE METRO POLICE DEPT,Accepted,JEFFERSON,,,1ST,ST,S,I 0065,I65 S EXIT136 ON RAMP FROM  E JACOB ST,,,,,38.244209500,-85.753638483,0.826,11/1/2019 12:00:00 AM,1703,2,2,0,0,CLEAR,DRY,False,SIDESWIPE-SAME DIRECTION,SIDESWIPE-SAME DIRECTION,STRAIGHT & LEVEL,DAYLIGHT,,,11/4/2019 9:38:59 AM,False,7441,Accepted,
25876310,0568000,LOUISVILLE METRO POLICE DEPT,Accepted,JEFFERSON,,300B,HEYWOOD,AVE,,,4TH,,,,,38.206369283,-85.764464876,0.043,11/1/2019 12:00:00 AM,1407,2,2,0,0,CLEAR,DRY,False,SIDESWIPE-SAME DIRECTION,SIDESWIPE-SAME DIRECTION,STRAIGHT & LEVEL,DAYLIGHT,,,11/4/2019 9:39:56 AM,False,7398,Accepted,
25876293,0568000,LOUISVILLE METRO POLICE DEPT,Accepted,JEFFERSON,US0060A,,LEXINGTON,RD,,US0060,FRANKFORT,,,,,38.253020253,-85.657118633,10.550,11/1/2019 12:00:00 AM,1458,2,2,0,0,CLEAR,DRY,False,SIDESWIPE-SAME DIRECTION,SIDESWIPE-SAME DIRECTION,CURVE & LEVEL,DAYLIGHT,,,11/4/2019 9:38:20 AM,False,7043,Accepted,
25876305,0568000,LOUISVILLE METRO POLICE DEPT,Accepted,JEFFERSON,KY1934,,CANE RUN,RD,,,FARNSLEY,,,,,38.202654588,-85.833085972,9.518,11/1/2019 12:00:00 AM,1552,2,2,0,0,CLEAR,DRY,False,OTHER INTERSECTION COLLISIONS,REAR END,STRAIGHT & LEVEL,DAYLIGHT,,,11/4/2019 9:39:19 AM,False,5032,Accepted,
25876347,0568000,LOUISVILLE METRO POLICE DEPT,Accepted,JEFFERSON,KY0022,,BROWNSBORO,RD,,,GOOSE CREEK,,,,,38.300437353,-85.592671093,2.737,11/1/2019 12:00:00 AM,2051,2,2,0,0,CLEAR,DRY,False,OTHER INTERSECTION COLLISIONS,REAR END,STRAIGHT & LEVEL,DARK-HWY NOT LIGHTED,,,11/4/2019 9:43:00 AM,False,5158,Accepted,
25876262,0568000,LOUISVILLE METRO POLICE DEPT,Accepted,JEFFERSON,KY1065,,OUTER,LOOP,,,MINOR,,,,,38.136140822,-85.697107779,5.470,11/1/2019 12:00:00 AM,1627,2,2,0,0,CLEAR,DRY,False,OTHER INTERSECTION COLLISIONS,REAR END,STRAIGHT & LEVEL,DAYLIGHT,,,11/4/2019 9:36:13 AM,False,7354,Accepted,
25876467,0568000,LOUISVILLE METRO POLICE DEPT,Accepted,JEFFERSON,,5326,ILEX,AVE,,,,,,,,38.173357831,-85.677115967,0.243,11/1/2019 12:00:00 AM,1739,2,2,0,0,CLEAR,DRY,False,REAR END IN TRAFFIC LANES BOTH VEHICLES MOVING,REAR END,STRAIGHT & LEVEL,DAYLIGHT,,,11/4/2019 9:50:04 AM,False,7319,Accepted,
25896573,0568000,LOUISVILLE METRO POLICE DEPT,Accepted,JEFFERSON,I 0265,,I265 N,,,,,I 0265,I265 N EXIT34 ON RAMP FROM KY22 W,I 0071,I71 N EXIT35A RAMP TO I71 N,38.311996808,-85.576473823,34.365,11/1/2019 12:00:00 AM,1650,3,3,0,0,CLEAR,DRY,False,REAR END IN TRAFFIC LANES BOTH VEHICLES MOVING,REAR END,STRAIGHT & LEVEL,DAYLIGHT,,,11/8/2019 8:18:53 AM,False,2969,Accepted,
25876273,0568000,LOUISVILLE METRO POLICE DEPT,Accepted,JEFFERSON,US0031W,,DIXIE,HWY,,,,,,,,38.105100388,-85.868395743,8.437,11/1/2019 12:00:00 AM,1359,2,2,0,0,CLEAR,DRY,False,REAR END IN TRAFFIC LANES BOTH VEHICLES MOVING,REAR END,STRAIGHT & LEVEL,DAYLIGHT,,,11/4/2019 9:37:03 AM,False,7234,Accepted,
25876298,0568000,LOUISVILLE METRO POLICE DEPT,Accepted,JEFFERSON,US0031W,,DIXIE,HWY,,,,,WITTEN,,ELZIE,38.125085244,-85.853534308,10.034,11/1/2019 12:00:00 AM,1737,2,2,0,0,CLEAR,DRY,False,REAR END IN TRAFFIC LANES BOTH VEHICLES MOVING,REAR END,STRAIGHT & LEVEL,DAYLIGHT,,,11/4/2019 9:38:31 AM,False,5267,Accepted,
25876382,0568000,LOUISVILLE METRO POLICE DEPT,Accepted,JEFFERSON,I 0265,,I265 W,,,,,I 0265,I265 W EXIT19 OFF RAMP TO KY1819,I 0265,I265 W EXIT19 ON RAMP FROM KY1819,38.147486543,-85.543468530,19.525,11/1/2019 12:00:00 AM,1827,2,2,0,0,CLEAR,DRY,False,REAR END IN TRAFFIC LANES BOTH VEHICLES MOVING,REAR END,STRAIGHT & LEVEL,DUSK,,,11/4/2019 9:45:56 AM,False,7278,Accepted,
25876295,0568000,LOUISVILLE METRO POLICE DEPT,Accepted,JEFFERSON,US0042,,BROWNSBORO,RD,,,,,,,,38.260770312,-85.685300425,2.775,11/1/2019 12:00:00 AM,1725,2,2,0,0,CLEAR,DRY,False,SIDESWIPE COLLISION - SAME DIRECTION,SIDESWIPE-SAME DIRECTION,STRAIGHT & LEVEL,DAYLIGHT,,,11/4/2019 9:38:25 AM,False,7023,Accepted,
25876261,0568000,LOUISVILLE METRO POLICE DEPT,Accepted,JEFFERSON,I 0264,,I264 W,,,,,,,,,38.193501860,-85.711303781,13.127,11/1/2019 12:00:00 AM,1605,2,2,0,0,CLEAR,DRY,True,SIDESWIPE COLLISION - SAME DIRECTION,SIDESWIPE-SAME DIRECTION,STRAIGHT & LEVEL,DAYLIGHT,,,11/4/2019 9:35:47 AM,False,7872,Accepted,
25876328,0568000,LOUISVILLE METRO POLICE DEPT,Accepted,JEFFERSON,I 0071,,I71 N,,,,,,,,,38.310081524,-85.591115250,8.488,11/1/2019 12:00:00 AM,1955,2,2,0,0,CLEAR,DRY,False,SIDESWIPE COLLISION - SAME DIRECTION,SIDESWIPE-SAME DIRECTION,STRAIGHT & LEVEL,DARK-HWY NOT LIGHTED,,,11/4/2019 9:42:02 AM,False,5128,Accepted,
25881625,0568000,LOUISVILLE METRO POLICE DEPT,Accepted,JEFFERSON,KY1447,,WESTPORT,RD,,,,,,,,38.278143822,-85.598083319,3.669,11/1/2019 12:00:00 AM,0712,2,2,0,0,CLOUDY,DRY,False,SIDESWIPE COLLISION - SAME DIRECTION,SIDESWIPE-SAME DIRECTION,STRAIGHT & LEVEL,DARK-HWY LIGHTED/OFF,,,11/5/2019 8:32:35 AM,False,7330,Accepted,
25891644,0568000,LOUISVILLE METRO POLICE DEPT,Accepted,JEFFERSON,,,GRADE,LN,,,,,,,,38.162470284,-85.721793487,1.334,11/1/2019 12:00:00 AM,0445,2,2,0,0,CLEAR,DRY,False,SIDESWIPE COLLISION - SAME DIRECTION,SIDESWIPE-SAME DIRECTION,STRAIGHT & LEVEL,DARK-HWY LIGHTED/ON,,,11/7/2019 8:34:11 AM,False,7749,Accepted,
25876319,0568000,LOUISVILLE METRO POLICE DEPT,Accepted,JEFFERSON,,,GREENWOOD,AVE,,,,,,,,38.244227028,-85.821119909,1.955,11/1/2019 12:00:00 AM,2011,2,2,0,0,CLEAR,DRY,True,SIDESWIPE COLLISION - SAME DIRECTION,SIDESWIPE-SAME DIRECTION,STRAIGHT & LEVEL,DARK-HWY NOT LIGHTED,,,11/4/2019 9:40:33 AM,False,5114,Accepted,
25876550,0568000,LOUISVILLE METRO POLICE DEPT,Accepted,JEFFERSON,I 0264,,I264 W,,,,,I 0065,I264 W EXIT12 OFF RAMP TO,I 0264,I264 W EXIT14 ON RAMP FROM KY864,38.191716377,-85.714941708,12.894,11/1/2019 12:00:00 AM,1804,2,2,0,0,CLEAR,DRY,False,SIDESWIPE COLLISION - SAME DIRECTION,SIDESWIPE-SAME DIRECTION,STRAIGHT & LEVEL,DAYLIGHT,,,11/4/2019 9:57:40 AM,False,7938,Accepted,
25876559,0568000,LOUISVILLE METRO POLICE DEPT,Accepted,JEFFERSON,I 0264,,I264 E,,,,,,,,,38.206218030,-85.827967788,5.250,11/1/2019 12:00:00 AM,1239,2,2,0,0,CLEAR,DRY,True,SIDESWIPE COLLISION - SAME DIRECTION,SIDESWIPE-SAME DIRECTION,,DAYLIGHT,,,11/4/2019 9:58:50 AM,False,7684,Accepted,
25876215,0568000,LOUISVILLE METRO POLICE DEPT,Accepted,JEFFERSON,I 0071,,I71 N,,,,,,,,,38.285469326,-85.680141969,3.048,11/1/2019 12:00:00 AM,0835,2,2,0,0,CLEAR,DRY,False,SIDESWIPE COLLISION - SAME DIRECTION,SIDESWIPE-SAME DIRECTION,STRAIGHT & LEVEL,DAYLIGHT,,,11/4/2019 9:32:15 AM,False,5289,Accepted,
25876374,0568000,LOUISVILLE METRO POLICE DEPT,Accepted,JEFFERSON,KY0864,4516,POPLAR LEVEL,RD,,,,,,,,38.185748488,-85.700739140,10.538,11/1/2019 12:00:00 AM,0839,2,2,0,0,CLEAR,DRY,False,SIDESWIPE COLLISION - SAME DIRECTION,SIDESWIPE-SAME DIRECTION,STRAIGHT & LEVEL,DAYLIGHT,,,11/4/2019 9:44:50 AM,False,5027,Accepted,
25876351,0568000,LOUISVILLE METRO POLICE DEPT,Accepted,JEFFERSON,,,CHESTNUT,ST,W,,,KY1020,2ND,KY1020,3RD,38.248674094,-85.755430487,2.499,11/1/2019 12:00:00 AM,2052,2,2,0,0,CLEAR,DRY,False,SIDESWIPE COLLISION - SAME DIRECTION,SIDESWIPE-SAME DIRECTION,STRAIGHT & LEVEL,DARK-HWY LIGHTED/ON,,,11/4/2019 9:43:10 AM,False,7823,Accepted,
25869878,0560400,SHIVELY POLICE DEPARTMENT,Accepted,JEFFERSON,US0031W,2401,DIXIE,HWY,,,,,FUST,,KENNEDY,38.215471182,-85.795710438,17.092,11/1/2019 12:00:00 AM,1538,2,2,0,0,CLEAR,DRY,False,HEAD-ON COLLISION,HEAD ON,STRAIGHT & LEVEL,DAYLIGHT,,,11/2/2019 6:58:02 AM,False,7124,Accepted,
25876379,0568000,LOUISVILLE METRO POLICE DEPT,Accepted,JEFFERSON,KY0155,,TAYLORSVILLE,RD,,,,,OLD TAYLORSVILLE,,POPE LICK,38.190804334,-85.488325054,4.948,11/1/2019 12:00:00 AM,1700,2,2,0,0,CLEAR,DRY,False,REAR END IN TRAFFIC LANES BOTH VEHICLES MOVING,REAR END,STRAIGHT & LEVEL,DAYLIGHT,,,11/4/2019 9:45:45 AM,False,7278,Accepted,
25876371,0568000,LOUISVILLE METRO POLICE DEPT,Accepted,JEFFERSON,I 0065,,I65 N,,,,,,,,,38.100728399,-85.700838156,124.175,11/1/2019 12:00:00 AM,2326,2,2,0,0,CLEAR,DRY,False,REAR END IN TRAFFIC LANES BOTH VEHICLES MOVING,REAR END,STRAIGHT & LEVEL,DARK-HWY NOT LIGHTED,,,11/4/2019 9:44:03 AM,False,5138,Accepted,
25876471,0568000,LOUISVILLE METRO POLICE DEPT,Accepted,JEFFERSON,I 0264,,I264 E,,,,,,,,,38.285366317,-85.642361831,22.605,11/1/2019 12:00:00 AM,1729,2,2,0,0,CLEAR,DRY,False,REAR END IN TRAFFIC LANES BOTH VEHICLES MOVING,REAR END,STRAIGHT & LEVEL,DAYLIGHT,,,11/4/2019 9:50:31 AM,False,6929,Accepted,
25876313,0568000,LOUISVILLE METRO POLICE DEPT,Accepted,JEFFERSON,KY1865,,TAYLOR,BLVD,,,,,,,,38.173403072,-85.782231718,4.596,11/1/2019 12:00:00 AM,1126,2,2,0,0,CLEAR,DRY,False,REAR END IN TRAFFIC LANES BOTH VEHICLES MOVING,REAR END,STRAIGHT & LEVEL,DAYLIGHT,,,11/4/2019 9:40:08 AM,False,5269,Accepted,
25876318,0568000,LOUISVILLE METRO POLICE DEPT,Accepted,JEFFERSON,KY0061,,PRESTON,HWY,,,,,,,,38.155651029,-85.696227157,5.255,11/1/2019 12:00:00 AM,1954,3,3,0,0,CLEAR,DRY,False,REAR END IN TRAFFIC LANES BOTH VEHICLES MOVING,REAR END,STRAIGHT & LEVEL,DARK (UNKNOWN ROADWAY LIGHTING),,,11/4/2019 9:40:27 AM,False,5248,Accepted,