IncidentID,AgencyORI,AgencyName,IncidentStatusDesc,County,RdwyNumber,Street,RoadwayName,StreetSfx,StreetDir,IntersectionRdwy,IntersectionRdwyName,BetweenStRdwy1,BetweenStRdwyName1,BetweenStRdwy2,BetweenStRdwyName2,Latitude,Longitude,Milepoint,CollisionDate,CollisionTime,UnitsInvolved,MotorVehiclesInvolved,NumberKilled,NumberInjured,Weather,RdwyConditionCode,HitandRun,DirAnalysisCode,MannerofCollision,RdwyCharacter,LightCondition,RampFromRdwyId,RampToRdwyId,AcceptedDate,IsSecondaryCollision,OwnerBadge,IncidentStatus,
25876263,0568000,LOUISVILLE METRO POLICE DEPT,Accepted,JEFFERSON,KY0155,,TAYLORSVILLE,RD,,,,,MANOR HOUSE,,MEADOWVIEW,38.220461290,-85.634827525,13.823,11/1/2019 12:00:00 AM,1456,2,2,0,0,CLEAR,DRY,True,REAR END IN TRAFFIC LANES BOTH VEHICLES MOVING,REAR END,STRAIGHT & LEVEL,DAYLIGHT,,,11/4/2019 9:36:40 AM,False,5203,Accepted,
25876279,0568000,LOUISVILLE METRO POLICE DEPT,Accepted,JEFFERSON,I 0065,,I65 S,,,,,,,,,38.119421643,-85.701913311,125.464,11/1/2019 12:00:00 AM,1453,2,2,0,0,CLEAR,DRY,False,REAR END IN TRAFFIC LANES BOTH VEHICLES MOVING,REAR END,STRAIGHT & LEVEL,DAYLIGHT,,,11/4/2019 9:37:09 AM,False,4693,Accepted,
25887676,0568000,LOUISVILLE METRO POLICE DEPT,Accepted,JEFFERSON,I 0264,,I264 E,,,,,,,I 0264,I264 E EXIT18 TRANSIT,38.227916725,-85.636812478,17.876,11/1/2019 12:00:00 AM,1627,2,2,0,0,CLEAR,DRY,False,REAR END IN TRAFFIC LANES BOTH VEHICLES MOVING,REAR END,STRAIGHT & LEVEL,DAYLIGHT,,,11/6/2019 12:57:22 PM,False,7482,Accepted,
25876519,0568000,LOUISVILLE METRO POLICE DEPT,Accepted,JEFFERSON,,1624,WHIPPOORWILL,RD,,,,,ILLINOIS,,QUARRY HILL,38.209966215,-85.715143799,0.251,11/1/2019 12:00:00 AM,1811,2,2,0,0,CLEAR,DRY,True,1 VEHICLE PARKED POSITION (NOT PARKING LOT/DRIVEWAY),ANGLE,STRAIGHT & LEVEL,DAYLIGHT,,,11/4/2019 9:55:05 AM,False,5247,Accepted,
25876228,0568000,LOUISVILLE METRO POLICE DEPT,Accepted,JEFFERSON,,3525,EPHRAIM MCDOWELL,DR,,,,,,,,38.222942987,-85.652359696,0.127,11/1/2019 12:00:00 AM,1200,2,2,0,0,CLEAR,DRY,True,1 VEHICLE PARKED POSITION (NOT PARKING LOT/DRIVEWAY),BACKING,STRAIGHT & LEVEL,DAYLIGHT,,,11/4/2019 9:33:28 AM,False,5275,Accepted,
25876486,0568000,LOUISVILLE METRO POLICE DEPT,Accepted,JEFFERSON,,1048,CHEROKEE,RD,,,,,,,,38.241685747,-85.723548069,0.237,11/1/2019 12:00:00 AM,1227,2,2,0,0,CLEAR,DRY,True,1 VEHICLE PARKED POSITION (NOT PARKING LOT/DRIVEWAY),SIDESWIPE-OPPOSITE DIRECTION,CURVE & LEVEL,DAYLIGHT,,,11/4/2019 9:52:06 AM,False,5006,Accepted,
25876300,0568000,LOUISVILLE METRO POLICE DEPT,Accepted,JEFFERSON,,,KENTUCKY,ST,E,,,,,,,38.238259284,-85.753016894,0.088,11/1/2019 12:00:00 AM,1425,2,2,0,0,CLEAR,DRY,False,SIDESWIPE COLLISION - OPPOSITE DIRECTION,SIDESWIPE-OPPOSITE DIRECTION,STRAIGHT & LEVEL,DAYLIGHT,,,11/4/2019 9:38:43 AM,False,5232,Accepted,
25876308,0568000,LOUISVILLE METRO POLICE DEPT,Accepted,JEFFERSON,,,PHILLIPS,LN,,,,KY0061,PRESTON,,MONARCH,38.197510408,-85.731943668,1.256,11/1/2019 12:00:00 AM,1759,2,2,0,0,CLEAR,DRY,False,1 VEHICLE ENTERING/LEAVING ENTRANCE,ANGLE,STRAIGHT & LEVEL,DAYLIGHT,,,11/4/2019 9:39:44 AM,False,2532,Accepted,
25876284,0568000,LOUISVILLE METRO POLICE DEPT,Accepted,JEFFERSON,US0031E,,BARDSTOWN,RD,,,,,,,,38.161907308,-85.594405746,6.477,11/1/2019 12:00:00 AM,1609,2,2,0,0,CLEAR,DRY,True,1 VEHICLE ENTERING/LEAVING ENTRANCE,ANGLE,STRAIGHT & LEVEL,DAYLIGHT,,,11/4/2019 9:37:14 AM,False,4693,Accepted,
25876217,0568000,LOUISVILLE METRO POLICE DEPT,Accepted,JEFFERSON,,2301,BRADLEY,AVE,,,,,,,,38.213926297,-85.748022330,0.355,11/1/2019 12:00:00 AM,0906,2,2,0,0,CLEAR,DRY,False,1 VEHICLE ENTERING/LEAVING ENTRANCE,ANGLE,STRAIGHT & LEVEL,DAYLIGHT,,,11/4/2019 9:32:20 AM,False,7391,Accepted,
25876269,0568000,LOUISVILLE METRO POLICE DEPT,Accepted,JEFFERSON,KY1020,8200,NATIONAL,TPKE,,,,,,,,38.134377592,-85.751913404,4.192,11/1/2019 12:00:00 AM,1224,2,2,0,0,CLEAR,DRY,True,SIDESWIPE COLLISION - OPPOSITE DIRECTION,SIDESWIPE-OPPOSITE DIRECTION,STRAIGHT & LEVEL,DAYLIGHT,,,11/4/2019 9:36:56 AM,False,7234,Accepted,
25876378,0568000,LOUISVILLE METRO POLICE DEPT,Accepted,JEFFERSON,,,MORNING GLORY,LN,,,,,LATANIA,,PANDOREA,38.135728436,-85.869496037,0.214,11/1/2019 12:00:00 AM,1610,2,2,0,0,CLEAR,DRY,False,SIDESWIPE COLLISION - OPPOSITE DIRECTION,SIDESWIPE-OPPOSITE DIRECTION,STRAIGHT & LEVEL,DAYLIGHT,,,11/4/2019 9:45:01 AM,False,5267,Accepted,
25876299,0568000,LOUISVILLE METRO POLICE DEPT,Accepted,JEFFERSON,,,SUMMERFIELD,DR,,,,,,,,38.202444449,-85.609999885,0.334,11/1/2019 12:00:00 AM,1718,2,2,0,0,CLEAR,DRY,False,OTHER ROADWAY OR MID-BLOCK COLLISION,OPPOSING LEFT TURN,CURVE & HILLCREST,DAYLIGHT,,,11/4/2019 9:38:37 AM,False,7497,Accepted,
25876356,0568000,LOUISVILLE METRO POLICE DEPT,Accepted,JEFFERSON,KY0061,,PRESTON,HWY,,,,,,,,38.179292300,-85.717537119,7.283,11/1/2019 12:00:00 AM,1405,2,2,0,1,CLEAR,DRY,False,OTHER ROADWAY OR MID-BLOCK COLLISION,OPPOSING LEFT TURN,STRAIGHT & LEVEL,DARK-HWY LIGHTED/ON,,,11/4/2019 9:43:22 AM,False,5165,Accepted,
25876381,0568000,LOUISVILLE METRO POLICE DEPT,Accepted,JEFFERSON,KY0155,,TAYLORSVILLE,RD,,,,,OLD TAYLORSVILLE,,POPE LICK,38.190813626,-85.488808902,4.973,11/1/2019 12:00:00 AM,1720,2,2,0,0,CLEAR,DRY,False,OTHER ROADWAY OR MID-BLOCK COLLISION,REAR END,STRAIGHT & LEVEL,DAYLIGHT,,,11/4/2019 9:45:51 AM,False,7278,Accepted,
25876247,0568000,LOUISVILLE METRO POLICE DEPT,Accepted,JEFFERSON,KY2251,4000B,BARDSTOWN,RD,,,,,ACTION,,FARMVIEW,38.193251653,-85.649164380,0.337,11/1/2019 12:00:00 AM,1410,2,2,0,0,CLEAR,DRY,False,VEHICLE BACKING NON INTERSECTION,BACKING,STRAIGHT & LEVEL,DAYLIGHT,,,11/4/2019 9:34:48 AM,False,7739,Accepted,
25876225,0568000,LOUISVILLE METRO POLICE DEPT,Accepted,JEFFERSON,,,JOHNSONTOWN,RD,,,,,STONESTREET,US0031W,DIXIE,38.121211953,-85.856128155,0.024,11/1/2019 12:00:00 AM,1115,2,2,0,0,CLEAR,DRY,False,OTHER ROADWAY OR MID-BLOCK COLLISION,REAR END,STRAIGHT & LEVEL,DAYLIGHT,,,11/4/2019 9:33:04 AM,False,5267,Accepted,
25866198,0568000,LOUISVILLE METRO POLICE DEPT,Accepted,JEFFERSON,I 0071,,I71 N,,,,,I 0071,I71 TURN AROUND6,I 0071,I71 TURN AROUND8,38.307982718,-85.595339201,8.213,11/1/2019 12:00:00 AM,0249,1,1,0,0,CLEAR,DRY,False,OTHER ROADWAY OR MID-BLOCK COLLISION,SINGLE VEHICLE,STRAIGHT & LEVEL,DARK-HWY LIGHTED/ON,,,11/1/2019 8:54:51 AM,False,5056,Accepted,
25876377,0568000,LOUISVILLE METRO POLICE DEPT,Accepted,JEFFERSON,,1745,SHADY,LN,,,,,,,,38.226511798,-85.711809402,0.072,11/1/2019 12:00:00 AM,1626,2,2,0,0,CLEAR,DRY,False,1 VEHICLE ENTERING/LEAVING ENTRANCE,ANGLE,STRAIGHT & LEVEL,DAYLIGHT,,,11/4/2019 9:44:55 AM,False,5112,Accepted,
25876487,0568000,LOUISVILLE METRO POLICE DEPT,Accepted,JEFFERSON,US0031E,1064,BARDSTOWN,RD,,,,,,,,38.238682612,-85.721378229,15.406,11/1/2019 12:00:00 AM,1714,2,2,0,0,CLEAR,DRY,False,1 VEHICLE ENTERING/LEAVING ENTRANCE,ANGLE,STRAIGHT & LEVEL,DAYLIGHT,,,11/4/2019 9:52:10 AM,False,5006,Accepted,
25876287,0568000,LOUISVILLE METRO POLICE DEPT,Accepted,JEFFERSON,KY1819,,BILLTOWN,RD,,,,,,,,38.145467851,-85.544775398,5.109,11/1/2019 12:00:00 AM,1709,2,2,0,0,CLEAR,DRY,False,1 VEHICLE ENTERING/LEAVING ENTRANCE,ANGLE,STRAIGHT & LEVEL,DAYLIGHT,,,11/4/2019 9:37:19 AM,False,4693,Accepted,
25876362,0568000,LOUISVILLE METRO POLICE DEPT,Accepted,JEFFERSON,I 0065,,,,,,,,,,,38.191142121,-85.724832935,0.186,11/1/2019 12:00:00 AM,2136,2,2,0,0,CLEAR,DRY,False,COLLISION WITH FIXED OBJECT NOT IN GORE ,SIDESWIPE-SAME DIRECTION,CURVE & LEVEL,DARK (UNKNOWN ROADWAY LIGHTING),I 0065,I 0065,11/4/2019 9:43:36 AM,False,7450,Accepted,
25876304,0568000,LOUISVILLE METRO POLICE DEPT,Accepted,JEFFERSON,I 0264,,,,,,,,,,,38.242561675,-85.814217423,0.196,11/1/2019 12:00:00 AM,1816,2,2,0,0,CLEAR,DRY,False,OTHER RAMP RELATED COLLISIONS NOT LISTED ABOVE,REAR END,STRAIGHT & LEVEL,DAYLIGHT,VIRGINIA AVE,I 0264,11/4/2019 9:39:12 AM,False,7460,Accepted,
25876311,0568000,LOUISVILLE METRO POLICE DEPT,Accepted,JEFFERSON,I 0065,,,,,,,,,,,38.190858693,-85.728112514,0.369,11/1/2019 12:00:00 AM,1710,2,2,0,0,CLEAR,DRY,False,OTHER RAMP RELATED COLLISIONS NOT LISTED ABOVE,REAR END,STRAIGHT & LEVEL,DAYLIGHT,I 0065,I 0065,11/4/2019 9:40:03 AM,False,7398,Accepted,
25887670,0568000,LOUISVILLE METRO POLICE DEPT,Accepted,JEFFERSON,KY1020,545,2ND,ST,S,,GUTHRIE,,,,,38.249828119,-85.754138311,12.351,11/1/2019 12:00:00 AM,1331,3,3,0,1,CLEAR,DRY,False,COLLISION IN PARKING LOT,REAR END,STRAIGHT & GRADE,OTHER,,,11/6/2019 12:56:00 PM,False,5168,Accepted,
25876528,0568000,LOUISVILLE METRO POLICE DEPT,Accepted,JEFFERSON,,,JEFFERSON,BLVD,,,,,,,,38.138105483,-85.675140668,0.013,11/1/2019 12:00:00 AM,1525,2,2,0,0,CLEAR,DRY,False,OTHER ROADWAY OR MID-BLOCK COLLISION,REAR END,STRAIGHT & LEVEL,DAYLIGHT,,,11/4/2019 9:55:39 AM,False,7348,Accepted,
25876260,0568000,LOUISVILLE METRO POLICE DEPT,Accepted,JEFFERSON,KY0155,,TAYLORSVILLE,RD,,,,,,,,38.221024435,-85.646034787,14.459,11/1/2019 12:00:00 AM,1547,3,3,0,0,CLEAR,DRY,True,OTHER ROADWAY OR MID-BLOCK COLLISION,REAR END,STRAIGHT & LEVEL,DAYLIGHT,,,11/4/2019 9:35:26 AM,False,7497,Accepted,
25888060,0564400,INDIAN HILLS POLICE DEPARTMENT,Accepted,JEFFERSON,US0042,,BROWNSBORO,RD,,,,,,,,38.265837627,-85.665848654,3.888,11/1/2019 12:00:00 AM,0745,2,2,0,0,CLEAR,DRY,False,OTHER ROADWAY OR MID-BLOCK COLLISION,OPPOSING LEFT TURN,STRAIGHT & LEVEL,DARK-HWY LIGHTED/ON,,,11/6/2019 1:53:42 PM,False,4419,Accepted,
25876321,0568000,LOUISVILLE METRO POLICE DEPT,Accepted,JEFFERSON,US0031W,9150,DIXIE,HWY,,,,,,,,38.121494533,-85.855771496,9.732,11/1/2019 12:00:00 AM,2055,1,1,0,0,CLEAR,DRY,True,COLLISION IN PARKING LOT,SINGLE VEHICLE,STRAIGHT & LEVEL,OTHER,,,11/4/2019 9:40:53 AM,False,5048,Accepted,
25866121,0568000,LOUISVILLE METRO POLICE DEPT,Accepted,JEFFERSON,US0150,100,BROADWAY,,W,,,,,,,38.245741137,-85.753453800,2.651,10/31/2019 12:00:00 AM,1336,2,2,0,0,CLOUDY,DRY,False,COLLISION IN PARKING LOT,SIDESWIPE-OPPOSITE DIRECTION,STRAIGHT & LEVEL,DAYLIGHT,,,11/1/2019 8:40:23 AM,False,7239,Accepted,
25866159,0568000,LOUISVILLE METRO POLICE DEPT,Accepted,JEFFERSON,,,MUHAMMAD ALI,BLVD,E,,,,BROOK,,FLOYD,38.250323817,-85.750034761,0.901,10/31/2019 12:00:00 AM,1751,2,2,0,0,CLOUDY,DRY,True,COLLISION IN PARKING LOT,SIDESWIPE-SAME DIRECTION,STRAIGHT & LEVEL,DAYLIGHT,,,11/1/2019 8:48:38 AM,False,7266,Accepted,
25867413,0560600,WEST BUECHEL POLICE DEPT.,Accepted,JEFFERSON,US0031E,3400,BARDSTOWN,RD,,,,,,,,38.206812181,-85.668086093,11.527,10/31/2019 12:00:00 AM,2130,2,2,0,0,CLEAR,DRY,True,COLLISION IN PARKING LOT,BACKING,STRAIGHT & LEVEL,DARK-HWY LIGHTED/ON,,,11/1/2019 2:28:49 PM,False,1717,Accepted,
25866143,0568000,LOUISVILLE METRO POLICE DEPT,Accepted,JEFFERSON,,,FEGENBUSH,LN,,,,,,,,38.185490395,-85.637492411,0.256,10/31/2019 12:00:00 AM,1518,2,2,0,1,CLOUDY,DRY,False,OTHER ROADWAY OR MID-BLOCK COLLISION,OPPOSING LEFT TURN,STRAIGHT & LEVEL,DAYLIGHT,,,11/1/2019 8:45:53 AM,False,7250,Accepted,
25866102,0568000,LOUISVILLE METRO POLICE DEPT,Accepted,JEFFERSON,I 0265,,I265 E,,,,,,,,,38.203492898,-85.507316567,24.148,10/31/2019 12:00:00 AM,0911,1,1,0,0,RAINING,WET,False,OTHER ROADWAY OR MID-BLOCK COLLISION,SINGLE VEHICLE,STRAIGHT & GRADE,DAYLIGHT,,,11/1/2019 8:37:10 AM,False,2017,Accepted,
25866100,0568000,LOUISVILLE METRO POLICE DEPT,Accepted,JEFFERSON,,348,SOUTHSIDE,CT,W,,,,,,,38.159896484,-85.757188237,0.136,10/31/2019 12:00:00 AM,0720,1,1,0,0,RAINING,WET,False,OTHER ROADWAY OR MID-BLOCK COLLISION,SINGLE VEHICLE,STRAIGHT & LEVEL,DAWN,,,11/1/2019 8:36:36 AM,False,7427,Accepted,
25918315,0560600,WEST BUECHEL POLICE DEPT.,Accepted,JEFFERSON,,2020,BASHFORD MANOR,LN,,,,,,,,38.199911954,-85.667912505,0.248,10/31/2019 12:00:00 AM,1730,2,2,0,0,CLEAR,DRY,True,COLLISION IN PARKING LOT,ANGLE,STRAIGHT & LEVEL,DAYLIGHT,,,11/13/2019 1:57:43 PM,False,1717,Accepted,
25861615,0568000,LOUISVILLE METRO POLICE DEPT,Accepted,JEFFERSON,I 0065,,,,,,,,,,,38.115634868,-85.703444703,0.120,10/31/2019 12:00:00 AM,0416,1,1,0,0,RAINING,WET,False,OTHER RAMP RELATED COLLISIONS NOT LISTED ABOVE,SINGLE VEHICLE,CURVE & GRADE,DARK-HWY LIGHTED/ON,I 0065,I 0065,10/31/2019 9:07:04 AM,False,5282,Accepted,
25861627,0568000,LOUISVILLE METRO POLICE DEPT,Accepted,JEFFERSON,I 0265,,,,,,,,,,,38.110939098,-85.677213377,0.314,10/31/2019 12:00:00 AM,0651,2,2,0,0,RAINING,WET,False,OTHER RAMP RELATED COLLISIONS NOT LISTED ABOVE,REAR END,CURVE & GRADE,DARK-HWY LIGHTED/ON,KY0061,I 0265,10/31/2019 9:08:50 AM,False,7120,Accepted,
25866141,0568000,LOUISVILLE METRO POLICE DEPT,Accepted,JEFFERSON,US0031,,CLARK MEMORIAL,BRG,,,,,,,,38.259369358,-85.752618053,0.219,10/31/2019 12:00:00 AM,1602,2,2,0,0,CLOUDY,DRY,False,1 VEHICLE ENTERING/LEAVING ENTRANCE,ANGLE,STRAIGHT & GRADE,DAYLIGHT,,,11/1/2019 8:45:12 AM,False,5040,Accepted,
25866122,0568000,LOUISVILLE METRO POLICE DEPT,Accepted,JEFFERSON,US0042,,BROWNSBORO,RD,,,,,HILLCREST,,REBEL,38.260331798,-85.686584818,2.698,10/31/2019 12:00:00 AM,1420,2,2,0,0,CLOUDY,WET,False,OTHER ROADWAY OR MID-BLOCK COLLISION,REAR END,STRAIGHT & GRADE,DAYLIGHT,,,11/1/2019 8:40:35 AM,False,7746,Accepted,
25876331,0568000,LOUISVILLE METRO POLICE DEPT,Accepted,JEFFERSON,KY2054,,ALGONQUIN,PKWY,,,,,,,,38.224392376,-85.808188228,0.781,10/31/2019 12:00:00 AM,2300,1,1,0,0,CLEAR,DRY,False,OTHER ROADWAY OR MID-BLOCK COLLISION,SINGLE VEHICLE,STRAIGHT & LEVEL,DARK-HWY LIGHTED/ON,,,11/4/2019 9:42:22 AM,False,7154,Accepted,
25861618,0568000,LOUISVILLE METRO POLICE DEPT,Accepted,JEFFERSON,I 0065,,I65 N,,,,,,,,,38.193675468,-85.732093310,131.014,10/31/2019 12:00:00 AM,0635,1,1,0,1,RAINING,WET,False,OTHER ROADWAY OR MID-BLOCK COLLISION,SINGLE VEHICLE,STRAIGHT & LEVEL,DARK-HWY LIGHTED/ON,,,10/31/2019 9:07:25 AM,False,4656,Accepted,
25866157,0568000,LOUISVILLE METRO POLICE DEPT,Accepted,JEFFERSON,,,LANCASHIRE,AVE,,,,,,,,38.215798603,-85.676240319,0.370,10/31/2019 12:00:00 AM,0731,2,2,0,0,RAINING,WET,False,VEHICLE BACKING NON INTERSECTION,BACKING,STRAIGHT & LEVEL,DARK (UNKNOWN ROADWAY LIGHTING),,,11/1/2019 8:48:03 AM,False,6813,Accepted,
25969819,0568000,LOUISVILLE METRO POLICE DEPT,Accepted,JEFFERSON,,,TREVILIAN,WAY,,,,KY1703,NEWBURG,,TYCOON,38.212173406,-85.702579216,1.894,10/31/2019 12:00:00 AM,1036,2,2,0,0,RAINING,WET,False,SIDESWIPE COLLISION - OPPOSITE DIRECTION,SIDESWIPE-OPPOSITE DIRECTION,CURVE & LEVEL,DAYLIGHT,,,11/25/2019 9:56:23 AM,False,7400,Accepted,
25866148,0568000,LOUISVILLE METRO POLICE DEPT,Accepted,JEFFERSON,,,COOPER CHAPEL,RD,,,,,,,,38.103779661,-85.669376360,0.174,10/31/2019 12:00:00 AM,1446,2,2,0,0,RAINING,WET,False,1 VEHICLE ENTERING/LEAVING ENTRANCE,ANGLE,STRAIGHT & LEVEL,DAYLIGHT,,,11/1/2019 8:47:08 AM,False,4693,Accepted,
25876326,0568000,LOUISVILLE METRO POLICE DEPT,Accepted,JEFFERSON,,,LOWE,RD,,,,,REGENCY WOODS,,OXMOOR GLEN,38.224677795,-85.611039730,0.457,10/31/2019 12:00:00 AM,1222,2,2,0,0,CLOUDY,DRY,False,1 VEHICLE ENTERING/LEAVING ENTRANCE,ANGLE,CURVE & LEVEL,DAYLIGHT,,,11/4/2019 9:41:50 AM,False,2429,Accepted,
26220976,0568000,LOUISVILLE METRO POLICE DEPT,Accepted,JEFFERSON,I 0065,,I65 N,,,,,,,,,38.223437048,-85.751086927,133.690,10/31/2019 12:00:00 AM,0804,3,1,0,0,RAINING,WET,False,1 VEHICLE ENTERING/LEAVING ENTRANCE,ANGLE,STRAIGHT & LEVEL,DARK-HWY LIGHTED/ON,,,1/21/2020 10:19:29 AM,False,5263,Accepted,
25958752,0568000,LOUISVILLE METRO POLICE DEPT,Accepted,JEFFERSON,,900B,BARRET,AVE,,,,,DEBARR,,ST ANTHONY,38.241475054,-85.732100158,0.546,10/31/2019 12:00:00 AM,1539,2,2,0,0,CLOUDY,DRY,True,SIDESWIPE COLLISION - OPPOSITE DIRECTION,SIDESWIPE-OPPOSITE DIRECTION,STRAIGHT & LEVEL,DAYLIGHT,,,11/22/2019 9:30:44 AM,False,7900,Accepted,
25896586,0568000,LOUISVILLE METRO POLICE DEPT,Accepted,JEFFERSON,I 0264,,I264 E,,,,,,,,,38.189395599,-85.743626843,11.312,10/31/2019 12:00:00 AM,0655,2,2,0,0,RAINING,WET,False,1 VEHICLE ENTERING/LEAVING ENTRANCE,ANGLE,STRAIGHT & LEVEL,DARK-HWY LIGHTED/ON,,,11/8/2019 8:23:27 AM,False,7772,Accepted,
25896808,0568000,LOUISVILLE METRO POLICE DEPT,Accepted,JEFFERSON,,431,OAK,ST,W,,,,,,,38.235124074,-85.761438014,0.334,10/31/2019 12:00:00 AM,0856,2,2,0,0,RAINING,WET,True,1 VEHICLE ENTERING/LEAVING ENTRANCE,ANGLE,STRAIGHT & LEVEL,DAYLIGHT,,,11/8/2019 8:56:38 AM,False,7495,Accepted,
25861561,0568000,LOUISVILLE METRO POLICE DEPT,Accepted,JEFFERSON,KY1230,11924,LOWER RIVER,RD,,,,,,,,38.082486247,-85.900284689,1.448,10/31/2019 12:00:00 AM,0300,3,3,0,0,FOG WITH RAIN,WET,False,1 VEHICLE PARKED POSITION (NOT PARKING LOT/DRIVEWAY),ANGLE,STRAIGHT & LEVEL,DARK-HWY LIGHTED/OFF,,,10/31/2019 9:05:55 AM,False,7295,Accepted,
25866201,0568000,LOUISVILLE METRO POLICE DEPT,Accepted,JEFFERSON,I 0264,,I264 W,,,,,,,,,38.190198585,-85.760831162,10.468,10/31/2019 12:00:00 AM,0934,2,2,0,0,RAINING,WET,False,REAR END IN TRAFFIC LANES BOTH VEHICLES MOVING,REAR END,STRAIGHT & GRADE,DAYLIGHT,,,11/1/2019 8:55:28 AM,False,6886,Accepted,
25866165,0568000,LOUISVILLE METRO POLICE DEPT,Accepted,JEFFERSON,I 0064,,I64 E,,,,,I 0064,I64 E EXIT7 ON RAMP FROM  MELLWOOD AVE,I 0064,I64 TURN AROUND7,38.251907181,-85.717463559,7.102,10/31/2019 12:00:00 AM,1753,2,2,0,0,CLOUDY,DRY,False,REAR END IN TRAFFIC LANES BOTH VEHICLES MOVING,REAR END,STRAIGHT & LEVEL,DAYLIGHT,,,11/1/2019 8:49:17 AM,False,7900,Accepted,
25866167,0568000,LOUISVILLE METRO POLICE DEPT,Accepted,JEFFERSON,,1143,28TH,ST,S,,,,,,,38.239253720,-85.800113386,1.517,10/31/2019 12:00:00 AM,1703,2,2,0,0,CLOUDY,DRY,True,REAR END IN TRAFFIC LANES BOTH VEHICLES MOVING,REAR END,STRAIGHT & LEVEL,DAYLIGHT,,,11/1/2019 8:49:31 AM,False,5151,Accepted,
25886162,0568000,LOUISVILLE METRO POLICE DEPT,Accepted,JEFFERSON,I 0065,,I65 S,,,,,,,,,38.196194015,-85.733640839,131.200,10/31/2019 12:00:00 AM,0803,4,4,0,1,RAINING,WET,False,REAR END IN TRAFFIC LANES BOTH VEHICLES MOVING,REAR END,STRAIGHT & LEVEL,DAYLIGHT,,,11/6/2019 8:29:17 AM,False,4656,Accepted,
25866200,0568000,LOUISVILLE METRO POLICE DEPT,Accepted,JEFFERSON,I 0064,,I64 E,,,,,,,,,38.222738436,-85.508693949,18.805,10/31/2019 12:00:00 AM,0745,2,2,0,0,RAINING,WET,False,REAR END IN TRAFFIC LANES BOTH VEHICLES MOVING,REAR END,STRAIGHT & LEVEL,DARK-HWY NOT LIGHTED,,,11/1/2019 8:55:17 AM,False,6886,Accepted,
25866149,0568000,LOUISVILLE METRO POLICE DEPT,Accepted,JEFFERSON,KY1065,,OUTER,LOOP,,,,,,,,38.137396773,-85.621622777,9.639,10/31/2019 12:00:00 AM,1601,2,2,0,1,RAINING,WET,False,REAR END IN TRAFFIC LANES BOTH VEHICLES MOVING,REAR END,STRAIGHT & LEVEL,DAYLIGHT,,,11/1/2019 8:47:15 AM,False,4693,Accepted,
25866132,0568000,LOUISVILLE METRO POLICE DEPT,Accepted,JEFFERSON,I 0264,,I264 E,,,,,,,,,38.194214357,-85.709138156,13.252,10/31/2019 12:00:00 AM,1510,3,3,0,0,CLOUDY,WET,False,REAR END IN TRAFFIC LANES BOTH VEHICLES MOVING,REAR END,STRAIGHT & GRADE,DAYLIGHT,,,11/1/2019 8:43:15 AM,False,5130,Accepted,
25876210,0568000,LOUISVILLE METRO POLICE DEPT,Accepted,JEFFERSON,US0031,,CLARK MEMORIAL,BRG,,,,,,,,38.256612554,-85.753258445,0.026,10/31/2019 12:00:00 AM,2244,2,2,0,0,CLEAR,DRY,False,HEAD-ON COLLISION,HEAD ON,STRAIGHT & GRADE,DARK-HWY LIGHTED/ON,,,11/4/2019 9:31:38 AM,False,5025,Accepted,
25866130,0568000,LOUISVILLE METRO POLICE DEPT,Accepted,JEFFERSON,KY1931,,MANSLICK,RD,,,ALICE KAY,,,,,38.167164302,-85.797368984,6.363,10/31/2019 12:00:00 AM,0757,2,2,0,0,RAINING,WET,True,HEAD-ON COLLISION,HEAD ON,STRAIGHT & LEVEL,DAWN,,,11/1/2019 8:42:19 AM,False,7356,Accepted,
25866189,0568000,LOUISVILLE METRO POLICE DEPT,Accepted,JEFFERSON,I 0064,,I64 E,,,,,,,,,38.258723411,-85.764928216,4.067,10/31/2019 12:00:00 AM,0648,6,6,0,1,RAINING,WET,False,SIDESWIPE COLLISION - SAME DIRECTION,SIDESWIPE-SAME DIRECTION,STRAIGHT & LEVEL,DARK-HWY LIGHTED/ON,,,11/1/2019 8:54:04 AM,False,5172,Accepted,
25906797,0568000,LOUISVILLE METRO POLICE DEPT,Accepted,JEFFERSON,I 0065,121,I65 S,,,,,,,,,38.107166283,-85.701458876,124.617,10/31/2019 12:00:00 AM,0935,2,2,0,0,RAINING,WET,False,SIDESWIPE COLLISION - SAME DIRECTION,SIDESWIPE-SAME DIRECTION,STRAIGHT & LEVEL,DAYLIGHT,,,11/11/2019 8:33:50 AM,False,5268,Accepted,
25866170,0568000,LOUISVILLE METRO POLICE DEPT,Accepted,JEFFERSON,,4331,HAZELWOOD,AVE,,,,,,,,38.179173451,-85.788443001,0.797,10/31/2019 12:00:00 AM,1257,2,2,0,0,CLOUDY,WET,False,REAR END IN TRAFFIC LANES BOTH VEHICLES MOVING,REAR END,STRAIGHT & LEVEL,DAYLIGHT,,,11/1/2019 8:50:16 AM,False,7468,Accepted,