IncidentID,AgencyORI,AgencyName,IncidentStatusDesc,County,RdwyNumber,Street,RoadwayName,StreetSfx,StreetDir,IntersectionRdwy,IntersectionRdwyName,BetweenStRdwy1,BetweenStRdwyName1,BetweenStRdwy2,BetweenStRdwyName2,Latitude,Longitude,Milepoint,CollisionDate,CollisionTime,UnitsInvolved,MotorVehiclesInvolved,NumberKilled,NumberInjured,Weather,RdwyConditionCode,HitandRun,DirAnalysisCode,MannerofCollision,RdwyCharacter,LightCondition,RampFromRdwyId,RampToRdwyId,AcceptedDate,IsSecondaryCollision,OwnerBadge,IncidentStatus,
25866172,0568000,LOUISVILLE METRO POLICE DEPT,Accepted,JEFFERSON,KY1447,,WESTPORT,RD,,,,KY1747,HURSTBOURNE,,CREEKSIDE,38.288204230,-85.570894818,5.315,10/31/2019 12:00:00 AM,1925,2,2,0,0,CLOUDY,DRY,False,REAR END IN TRAFFIC LANES BOTH VEHICLES MOVING,REAR END,STRAIGHT & LEVEL,DARK (UNKNOWN ROADWAY LIGHTING),,,11/1/2019 8:50:37 AM,False,5228,Accepted,
25896589,0568000,LOUISVILLE METRO POLICE DEPT,Accepted,JEFFERSON,I 0264,,I264 E,,,,,,,,,38.222729312,-85.822280495,4.024,10/31/2019 12:00:00 AM,0829,3,3,0,3,RAINING,WET,False,REAR END IN TRAFFIC LANES BOTH VEHICLES MOVING,REAR END,CURVE & LEVEL,DAYLIGHT,,,11/8/2019 8:23:43 AM,False,7772,Accepted,
25896579,0568000,LOUISVILLE METRO POLICE DEPT,Accepted,JEFFERSON,I 0264,,I264 W,,,,,I 0065,I264 W EXIT12 OFF RAMP TO,I 0264,I264 W EXIT14 ON RAMP FROM KY864,38.191715246,-85.714998531,12.891,10/31/2019 12:00:00 AM,0721,2,2,0,0,RAINING,WET,False,REAR END IN TRAFFIC LANES BOTH VEHICLES MOVING,REAR END,CURVE & HILLCREST,DAWN,,,11/8/2019 8:21:00 AM,False,7840,Accepted,
25876534,0568000,LOUISVILLE METRO POLICE DEPT,Accepted,JEFFERSON,I 0065,,I65 N,,,,,,,,,38.224724081,-85.751270919,133.785,10/31/2019 12:00:00 AM,0807,2,2,0,0,CLOUDY,DRY,True,REAR END IN TRAFFIC LANES BOTH VEHICLES MOVING,REAR END,STRAIGHT & LEVEL,DAYLIGHT,,,11/4/2019 9:56:07 AM,False,2403,Accepted,
25864524,0561000,JEFFERSONTOWN POLICE DEPT,Accepted,JEFFERSON,I 0064,,I64 W,,,,,I 0064,I64 W EXIT17 ON RAMP FROM KY913 S,I 0064,I64 W EXIT15 OFF RAMP FROM KY1747,38.223964443,-85.545000701,16.721,10/31/2019 12:00:00 AM,0801,4,4,0,0,RAINING,WET,True,REAR END IN TRAFFIC LANES BOTH VEHICLES MOVING,REAR END,,DARK-HWY LIGHTED/ON,,,10/31/2019 9:18:44 PM,False,8284,Accepted,
25921796,0568000,LOUISVILLE METRO POLICE DEPT,Accepted,JEFFERSON,I 0065,,I65 N,,,,,,,,,38.115728981,-85.701573844,125.210,10/31/2019 12:00:00 AM,0603,3,3,0,2,FOG WITH RAIN,WET,False,REAR END IN TRAFFIC LANES BOTH VEHICLES MOVING,REAR END,STRAIGHT & LEVEL,DARK-HWY LIGHTED/ON,,,11/14/2019 8:21:43 AM,True,5198,Accepted,
25876521,0568000,LOUISVILLE METRO POLICE DEPT,Accepted,JEFFERSON,KY1747,,HURSTBOURNE,PKWY,S,,SIX MILE,,,,,38.199088267,-85.603148030,9.616,10/31/2019 12:00:00 AM,0830,2,2,0,0,FOG WITH RAIN,WET,False,OTHER INTERSECTION COLLISIONS,REAR END,STRAIGHT & LEVEL,DAWN,,,11/4/2019 9:55:17 AM,False,7253,Accepted,
25876327,0568000,LOUISVILLE METRO POLICE DEPT,Accepted,JEFFERSON,KY0155,,TAYLORSVILLE,RD,,,FURMAN,,,,,38.221067194,-85.646267664,14.441,10/31/2019 12:00:00 AM,1523,2,2,0,1,CLOUDY,DRY,False,OTHER INTERSECTION COLLISIONS,REAR END,STRAIGHT & LEVEL,DAYLIGHT,,,11/4/2019 9:41:56 AM,False,2429,Accepted,
25886199,0568000,LOUISVILLE METRO POLICE DEPT,Accepted,JEFFERSON,KY1020,,3RD,ST,S,US0060A,EASTERN,,,,,38.213771577,-85.762290499,9.869,10/31/2019 12:00:00 AM,1337,1,1,0,0,CLOUDY,DRY,False,OTHER INTERSECTION COLLISIONS,SINGLE VEHICLE,STRAIGHT & HILLCREST,DAYLIGHT,,,11/6/2019 8:32:32 AM,False,5273,Accepted,
25866144,0568000,LOUISVILLE METRO POLICE DEPT,Accepted,JEFFERSON,US0031W,,DIXIE,HWY,,,BARRETT,,,,,38.102876595,-85.869699695,8.268,10/31/2019 12:00:00 AM,1710,2,2,0,0,CLOUDY,WET,False,OTHER INTERSECTION COLLISIONS,REAR END,STRAIGHT & LEVEL,DAYLIGHT,,,11/1/2019 8:46:10 AM,False,2936,Accepted,
25866184,0568000,LOUISVILLE METRO POLICE DEPT,Accepted,JEFFERSON,KY0907,,3RD ST,RD,,,MAE,,,,,38.143435678,-85.778172095,6.082,10/31/2019 12:00:00 AM,0720,2,2,0,0,RAINING,WET,False,OTHER INTERSECTION COLLISIONS,REAR END,STRAIGHT & LEVEL,DARK-HWY LIGHTED/ON,,,11/1/2019 8:53:24 AM,False,7444,Accepted,
25866101,0568000,LOUISVILLE METRO POLICE DEPT,Accepted,JEFFERSON,US0031E,,BARDSTOWN,RD,,,FERN CREEK,,,,,38.157824662,-85.591074089,6.156,10/31/2019 12:00:00 AM,0835,2,2,0,0,RAINING,WET,False,OTHER INTERSECTION COLLISIONS,REAR END,STRAIGHT & LEVEL,DAYLIGHT,,,11/1/2019 8:36:52 AM,False,2017,Accepted,
25866158,0568000,LOUISVILLE METRO POLICE DEPT,Accepted,JEFFERSON,I 0065,,I65 N,,,I 0065,I65 N EXIT136 ON RAMP,,,,,38.253797831,-85.742745370,136.112,10/31/2019 12:00:00 AM,1656,2,2,0,0,CLOUDY,DRY,False,SIDESWIPE-SAME DIRECTION,SIDESWIPE-SAME DIRECTION,CURVE & LEVEL,DAYLIGHT,,,11/1/2019 8:48:26 AM,False,7266,Accepted,
25866116,0568000,LOUISVILLE METRO POLICE DEPT,Accepted,JEFFERSON,,,FEGENBUSH,LN,,,BELRAD,,,,,38.180031070,-85.638676809,0.497,10/31/2019 12:00:00 AM,1402,2,2,0,0,RAINING,WET,False,SIDESWIPE-SAME DIRECTION,SIDESWIPE-SAME DIRECTION,STRAIGHT & LEVEL,DAYLIGHT,,,11/1/2019 8:39:13 AM,False,7307,Accepted,
25861616,0568000,LOUISVILLE METRO POLICE DEPT,Accepted,JEFFERSON,KY1703,,NEWBURG,RD,,,,,TARTAN,,DUNBARTON WYNDE,38.208527275,-85.693657822,2.818,10/31/2019 12:00:00 AM,0225,1,1,0,0,FOG,WET,False,COLLISION WITH FIXED OBJECT NON - INTERSECTION - FIRST EVENT COLLISION 09 - 32 EXCLUDING 16,SINGLE VEHICLE,CURVE & GRADE,DARK-HWY LIGHTED/ON,,,10/31/2019 9:07:11 AM,False,6947,Accepted,
25861550,0568000,LOUISVILLE METRO POLICE DEPT,Accepted,JEFFERSON,,,HIGHLAND,AVE,,,,,,,,38.239665724,-85.725417177,0.667,10/31/2019 12:00:00 AM,0058,1,1,0,0,FOG,WET,False,COLLISION WITH FIXED OBJECT NON - INTERSECTION - FIRST EVENT COLLISION 09 - 32 EXCLUDING 16,SINGLE VEHICLE,STRAIGHT & LEVEL,DARK-HWY LIGHTED/ON,,,10/31/2019 9:04:56 AM,False,5258,Accepted,
25866154,0568000,LOUISVILLE METRO POLICE DEPT,Accepted,JEFFERSON,KY1703,,NEWBURG,RD,,,,,,,,38.202621884,-85.690101117,2.335,10/31/2019 12:00:00 AM,0701,2,2,0,0,RAINING,WET,False,COLLISION WITH FIXED OBJECT NON - INTERSECTION - FIRST EVENT COLLISION 09 - 32 EXCLUDING 16,REAR END,STRAIGHT & GRADE,DARK-HWY NOT LIGHTED,,,11/1/2019 8:47:39 AM,False,6813,Accepted,
26062439,0568000,LOUISVILLE METRO POLICE DEPT,Accepted,JEFFERSON,,600,SOUTHERN HEIGHTS,AVE,W,,,,6TH,,BELLEVUE,38.189383108,-85.770754355,0.528,10/31/2019 12:00:00 AM,0443,2,2,1,0,RAINING,WATER (STANDING OR MOVING),False,1 VEHICLE PARKED POSITION (NOT PARKING LOT/DRIVEWAY),ANGLE,STRAIGHT & LEVEL,DARK-HWY LIGHTED/ON,,,12/16/2019 10:32:55 AM,False,7720,Accepted,
25866094,0568000,LOUISVILLE METRO POLICE DEPT,Accepted,JEFFERSON,I 0065,,I65 N,,,,,,,,,38.165712052,-85.720579218,128.868,10/31/2019 12:00:00 AM,1110,1,1,0,0,CLEAR,WET,False,RAN OFF ROADWAY (1 VEHICLE WITH/EARTH EMBANKMENT/DITCH),SINGLE VEHICLE,STRAIGHT & LEVEL,DAYLIGHT,,,11/1/2019 8:35:01 AM,False,7628,Accepted,
25866181,0568000,LOUISVILLE METRO POLICE DEPT,Accepted,JEFFERSON,US0031W,10609,DIXIE,HWY,,,,,,,,38.104470865,-85.868783560,8.389,10/31/2019 12:00:00 AM,1940,2,1,1,0,CLOUDY,DRY,False,COLLISION WITH PEDESTRIAN NON - INTERSECTION,SINGLE VEHICLE,STRAIGHT & LEVEL,DARK (UNKNOWN ROADWAY LIGHTING),,,11/1/2019 8:52:03 AM,False,7786,Accepted,
25876491,0568000,LOUISVILLE METRO POLICE DEPT,Accepted,JEFFERSON,KY1020,,2ND,ST,S,,,,,,,38.252724705,-85.753986304,12.579,10/31/2019 12:00:00 AM,1215,2,1,0,1,CLEAR,DRY,False,COLLISION WITH PEDESTRIAN NON - INTERSECTION,SINGLE VEHICLE,STRAIGHT & LEVEL,DAYLIGHT,,,11/4/2019 9:52:52 AM,False,7626,Accepted,
25926612,0568000,LOUISVILLE METRO POLICE DEPT,Accepted,JEFFERSON,,,3RD,ST,S,KY2801,FLORENCE,,,,,38.191182389,-85.764888116,0.650,10/31/2019 12:00:00 AM,1643,2,2,0,0,CLEAR,DRY,False,OTHER INTERSECTION COLLISIONS,REAR END,STRAIGHT & LEVEL,DAYLIGHT,,,11/15/2019 8:04:53 AM,False,7251,Accepted,
25866129,0568000,LOUISVILLE METRO POLICE DEPT,Accepted,JEFFERSON,KY2048,,CANNONS,LN,,,PEE WEE REESE,,,,,38.246290077,-85.664308508,2.090,10/31/2019 12:00:00 AM,1228,2,2,0,0,RAINING,WET,False,OTHER INTERSECTION COLLISIONS,REAR END,STRAIGHT & LEVEL,DAYLIGHT,,,11/1/2019 8:42:00 AM,False,7632,Accepted,
25866203,0568000,LOUISVILLE METRO POLICE DEPT,Accepted,JEFFERSON,US0031E,,BARDSTOWN,RD,,,CEDAR SPRINGS,,,,,38.145176808,-85.584952036,5.192,10/31/2019 12:00:00 AM,1100,2,2,0,0,RAINING,WET,False,OTHER INTERSECTION COLLISIONS,REAR END,STRAIGHT & LEVEL,DAYLIGHT,,,11/1/2019 8:57:15 AM,False,2017,Accepted,
25876222,0568000,LOUISVILLE METRO POLICE DEPT,Accepted,JEFFERSON,US0031E,,BARDSTOWN,RD,,KY1747,HURSTBOURNE,,,,,38.168991848,-85.605323581,7.260,10/31/2019 12:00:00 AM,1410,2,2,0,0,CLOUDY,WET,False,OTHER INTERSECTION COLLISIONS,REAR END,STRAIGHT & GRADE,DAYLIGHT,,,11/4/2019 9:32:48 AM,False,2017,Accepted,
25866163,0568000,LOUISVILLE METRO POLICE DEPT,Accepted,JEFFERSON,KY1931,,ST ANDREWS CHURCH,RD,,,WINDEMERE,,,,,38.153492703,-85.806466614,5.188,10/31/2019 12:00:00 AM,1656,2,2,0,0,CLOUDY,DRY,True,OTHER INTERSECTION COLLISIONS,REAR END,STRAIGHT & LEVEL,DAYLIGHT,,,11/1/2019 8:48:51 AM,False,7356,Accepted,
25866128,0568000,LOUISVILLE METRO POLICE DEPT,Accepted,JEFFERSON,KY1932,,BRECKENRIDGE,LN,,,BERKSHIRE,,,,,38.222468274,-85.632667259,3.065,10/31/2019 12:00:00 AM,1508,2,2,0,0,CLOUDY,DRY,False,OPPOSING LEFT TURN,OPPOSING LEFT TURN,STRAIGHT & LEVEL,DAYLIGHT,,,11/1/2019 8:41:46 AM,False,7303,Accepted,
25866164,0568000,LOUISVILLE METRO POLICE DEPT,Accepted,JEFFERSON,US0060A,,EASTERN,PKWY,,US0031E,BARDSTOWN,,,,,38.231991907,-85.709312633,6.831,10/31/2019 12:00:00 AM,1550,2,2,0,0,CLOUDY,DRY,True,SIDESWIPE-SAME DIRECTION,SIDESWIPE-SAME DIRECTION,STRAIGHT & LEVEL,DAYLIGHT,,,11/1/2019 8:49:02 AM,False,7403,Accepted,
25876690,0568000,LOUISVILLE METRO POLICE DEPT,Accepted,JEFFERSON,,,26TH,ST,N,,GRIFFITHS,,,,,38.266945238,-85.792335485,0.432,10/31/2019 12:00:00 AM,1758,2,2,0,4,CLEAR,DRY,True,SIDESWIPE-SAME DIRECTION,SIDESWIPE-SAME DIRECTION,STRAIGHT & LEVEL,DUSK,,,11/4/2019 10:13:43 AM,False,5276,Accepted,
25866112,0568000,LOUISVILLE METRO POLICE DEPT,Accepted,JEFFERSON,,,CHAMBERLAIN,LN,,KY1447,WESTPORT,,,,,38.299452558,-85.541751021,2.110,10/31/2019 12:00:00 AM,1356,2,2,0,0,RAINING,WET,False,VEHICLE BACKING IN INTERSECTION,BACKING,STRAIGHT & LEVEL,DAYLIGHT,,,11/1/2019 8:38:48 AM,False,7765,Accepted,
25886113,0568000,LOUISVILLE METRO POLICE DEPT,Accepted,JEFFERSON,,,FEGENBUSH,LN,,US0031E,BARDSTOWN,,,,,38.186811104,-85.638077713,0.025,10/31/2019 12:00:00 AM,1419,2,2,0,0,CLEAR,DRY,False,OPPOSING LEFT TURN,OPPOSING LEFT TURN,STRAIGHT & LEVEL,DAYLIGHT,,,11/6/2019 8:25:02 AM,False,7303,Accepted,
25862340,0568000,LOUISVILLE METRO POLICE DEPT,Accepted,JEFFERSON,,,FEGENBUSH,LN,,US0031E,BARDSTOWN,,,,,38.186557711,-85.638078605,0.021,10/31/2019 12:00:00 AM,0841,3,3,0,1,RAINING,WET,False,OPPOSING LEFT TURN,OPPOSING LEFT TURN,STRAIGHT & LEVEL,DAYLIGHT,,,10/31/2019 11:19:28 AM,False,7303,Accepted,
25866135,0568000,LOUISVILLE METRO POLICE DEPT,Accepted,JEFFERSON,,,SHELBY,PKWY,,,CLAY,,,,,38.232094093,-85.743765368,0.107,10/31/2019 12:00:00 AM,0810,2,2,0,0,RAINING,WET,True,REAR END - ONE VEHICLE TURNING RIGHT,REAR END,STRAIGHT & LEVEL,DAYLIGHT,,,11/1/2019 8:44:22 AM,False,5245,Accepted,
25938292,0568000,LOUISVILLE METRO POLICE DEPT,Accepted,JEFFERSON,KY1447,,WESTPORT,RD,,,SPRINGHURST,,,,,38.293511985,-85.559731740,5.997,10/31/2019 12:00:00 AM,1320,2,2,0,0,CLOUDY,WET,False,OPPOSING LEFT TURN,OPPOSING LEFT TURN,STRAIGHT & LEVEL,DAYLIGHT,,,11/18/2019 10:55:28 AM,False,7631,Accepted,
25866183,0568000,LOUISVILLE METRO POLICE DEPT,Accepted,JEFFERSON,KY1865,,TAYLOR,BLVD,,,LYNNHURST,,,,,38.178559526,-85.783033112,4.957,10/31/2019 12:00:00 AM,0729,2,2,0,1,RAINING,WET,False,ANGLE COLLISION - OTHER,ANGLE,STRAIGHT & LEVEL,DUSK,,,11/1/2019 8:53:04 AM,False,5237,Accepted,
25866126,0568000,LOUISVILLE METRO POLICE DEPT,Accepted,JEFFERSON,US0060A,,LEXINGTON,RD,,,WALLACE,,,,,38.252749906,-85.657854801,10.508,10/31/2019 12:00:00 AM,1230,2,2,0,0,RAINING,WET,False,ANGLE COLLISION - OTHER,ANGLE,STRAIGHT & LEVEL,DAYLIGHT,,,11/1/2019 8:41:10 AM,False,5285,Accepted,
25866127,0568000,LOUISVILLE METRO POLICE DEPT,Accepted,JEFFERSON,,,LEE,ST,W,KY1020,3RD,,,,,38.223202236,-85.760731663,1.225,10/31/2019 12:00:00 AM,1451,2,2,0,1,CLEAR,DRY,False,ANGLE COLLISION - OTHER,ANGLE,STRAIGHT & LEVEL,DAYLIGHT,,,11/1/2019 8:41:31 AM,False,5263,Accepted,
25866151,0568000,LOUISVILLE METRO POLICE DEPT,Accepted,JEFFERSON,,,WEBER,LN,,,UPPER HUNTERS,,,,,38.166974112,-85.841077034,0.007,10/31/2019 12:00:00 AM,0822,2,2,0,0,RAINING,WET,True,ANGLE COLLISION - OTHER,ANGLE,STRAIGHT & LEVEL,DAYLIGHT,,,11/1/2019 8:47:28 AM,False,7485,Accepted,
25881421,0568000,LOUISVILLE METRO POLICE DEPT,Accepted,JEFFERSON,,,7TH,ST,S,,HILL,,,,,38.226700349,-85.769074680,0.596,10/31/2019 12:00:00 AM,1238,2,2,0,1,CLOUDY,DRY,False,ANGLE COLLISION - OTHER,ANGLE,STRAIGHT & GRADE,DAYLIGHT,,,11/5/2019 8:19:15 AM,False,5153,Accepted,
25866086,0568000,LOUISVILLE METRO POLICE DEPT,Accepted,JEFFERSON,,,SMYRNA,PKWY,,KY2845,MANSLICK,,,,,38.122843732,-85.643151842,1.044,10/31/2019 12:00:00 AM,1130,2,2,0,0,CLOUDY,DRY,False,ANGLE COLLISION - OTHER,ANGLE,STRAIGHT & LEVEL,DAYLIGHT,,,11/1/2019 8:33:45 AM,False,4693,Accepted,
25866136,0568000,LOUISVILLE METRO POLICE DEPT,Accepted,JEFFERSON,KY0864,,POPLAR LEVEL,RD,,,SHADY VILLA,,,,,38.163158003,-85.678746213,8.549,10/31/2019 12:00:00 AM,1349,2,2,0,0,CLOUDY,WET,False,ANGLE COLLISION - OTHER,ANGLE,STRAIGHT & LEVEL,DAYLIGHT,,,11/1/2019 8:44:40 AM,False,2796,Accepted,
25866123,0568000,LOUISVILLE METRO POLICE DEPT,Accepted,JEFFERSON,,,FAIRGROUND,RD,,,MICHAEL EDWARD,,,,,38.172670044,-85.584597039,1.240,10/31/2019 12:00:00 AM,0830,2,2,0,0,RAINING,WET,False,ANGLE COLLISION - OTHER,ANGLE,STRAIGHT & LEVEL,DAYLIGHT,,,11/1/2019 8:40:44 AM,False,5284,Accepted,
25862336,0568000,LOUISVILLE METRO POLICE DEPT,Accepted,JEFFERSON,KY1020,,NATIONAL,TPKE,,KY1065,OUTER,,,,,38.126976671,-85.748903460,3.664,10/31/2019 12:00:00 AM,0753,2,2,0,0,RAINING,WET,True,ANGLE COLLISION - OTHER,ANGLE,STRAIGHT & LEVEL,DAYLIGHT,,,10/31/2019 11:18:35 AM,False,7424,Accepted,
25866125,0568000,LOUISVILLE METRO POLICE DEPT,Accepted,JEFFERSON,,,PAYNE,ST,,,JANE,,,,,38.252130456,-85.703663108,1.614,10/31/2019 12:00:00 AM,0700,2,2,0,0,RAINING,WET,False,COLLISION WITH PARKED VEHICLE,REAR END,STRAIGHT & GRADE,DARK (UNKNOWN ROADWAY LIGHTING),,,11/1/2019 8:40:57 AM,False,5285,Accepted,
25866088,0568000,LOUISVILLE METRO POLICE DEPT,Accepted,JEFFERSON,,,GRAY,ST,E,,BROOK,,,,,38.246916309,-85.751418083,0.088,10/31/2019 12:00:00 AM,1200,2,2,0,0,RAINING,WET,True,COLLISION WITH PARKED VEHICLE,BACKING,STRAIGHT & LEVEL,DAYLIGHT,,,11/1/2019 8:33:55 AM,False,5276,Accepted,
25896790,0568000,LOUISVILLE METRO POLICE DEPT,Accepted,JEFFERSON,KY3064,,PORTLAND,AVE,,,29TH,,,,,38.272588625,-85.794286259,0.701,10/31/2019 12:00:00 AM,1250,2,2,0,0,CLOUDY,WET,False,ANGLE COLLISION - OTHER,ANGLE,STRAIGHT & LEVEL,DAYLIGHT,,,11/8/2019 8:52:01 AM,False,7323,Accepted,
25866168,0568000,LOUISVILLE METRO POLICE DEPT,Accepted,JEFFERSON,KY1865,,TAYLOR,BLVD,,,OAKWOOD,,,,,38.176712504,-85.782746131,4.827,10/31/2019 12:00:00 AM,1018,1,1,0,0,RAINING,WET,False,COLLISION WITH FIXED OBJECT IN INTERSECTION - FIRST EVENT COLLISION 09 - 32,SINGLE VEHICLE,STRAIGHT & LEVEL,DAYLIGHT,,,11/1/2019 8:49:54 AM,False,5286,Accepted,
25862472,0564500,PROSPECT POLICE DEPARTMENT,Accepted,JEFFERSON,KY3222,,ROSE ISLAND,RD,,US0042,US42,,,,,38.356525515,-85.611408111,0.014,10/31/2019 12:00:00 AM,0747,1,1,0,0,RAINING,WET,False,COLLISION WITH FIXED OBJECT IN INTERSECTION - FIRST EVENT COLLISION 09 - 32,SINGLE VEHICLE,CURVE & GRADE,DARK-HWY NOT LIGHTED,,,10/31/2019 11:37:28 AM,False,1143,Accepted,
25866169,0568000,LOUISVILLE METRO POLICE DEPT,Accepted,JEFFERSON,,,WOODLAWN,AVE,E,,ALLMOND,,,,,38.180818006,-85.759158231,0.206,10/31/2019 12:00:00 AM,1010,1,1,0,1,RAINING,WET,False,COLLISION WITH FIXED OBJECT IN INTERSECTION - FIRST EVENT COLLISION 09 - 32,SINGLE VEHICLE,STRAIGHT & LEVEL,DAYLIGHT,,,11/1/2019 8:50:05 AM,False,7468,Accepted,
25866133,0568000,LOUISVILLE METRO POLICE DEPT,Accepted,JEFFERSON,US0060A,,LEXINGTON,RD,,,CROSS HILL,,,,,38.245076224,-85.696419981,8.273,10/31/2019 12:00:00 AM,1625,1,1,0,0,CLOUDY,DRY,False,COLLISION WITH FIXED OBJECT IN INTERSECTION - FIRST EVENT COLLISION 09 - 32,SINGLE VEHICLE,STRAIGHT & LEVEL,DAYLIGHT,,,11/1/2019 8:44:08 AM,False,7740,Accepted,
25861446,0568000,LOUISVILLE METRO POLICE DEPT,Accepted,JEFFERSON,KY0864,,FEGENBUSH,LN,,,SHERLOCK,,,,,38.158755558,-85.637587338,6.350,10/30/2019 12:00:00 AM,1609,1,1,0,0,RAINING,WET,False,COLLISION WITH FIXED OBJECT IN INTERSECTION - FIRST EVENT COLLISION 09 - 32,SINGLE VEHICLE,CURVE & GRADE,DAYLIGHT,,,10/31/2019 8:56:16 AM,False,7442,Accepted,
25861530,0568000,LOUISVILLE METRO POLICE DEPT,Accepted,JEFFERSON,KY0155,,TAYLORSVILLE LAKE,RD,,KY1531,ROUTT,,,,,38.177154509,-85.463957347,2.987,10/30/2019 12:00:00 AM,1945,1,1,0,0,RAINING,WET,False,COLLISION WITH FIXED OBJECT IN INTERSECTION - FIRST EVENT COLLISION 09 - 32,SINGLE VEHICLE,STRAIGHT & LEVEL,DARK-HWY NOT LIGHTED,,,10/31/2019 9:02:59 AM,False,5141,Accepted,
25861406,0568000,LOUISVILLE METRO POLICE DEPT,Accepted,JEFFERSON,,,1ST,ST,S,,BRECKINRIDGE,,,,,38.241402464,-85.754194498,1.021,10/30/2019 12:00:00 AM,1300,2,2,0,2,RAINING,WET,False,COLLISION WITH FIXED OBJECT IN INTERSECTION - FIRST EVENT COLLISION 09 - 32,ANGLE,STRAIGHT & LEVEL,DAYLIGHT,,,10/31/2019 8:51:36 AM,False,5271,Accepted,
25861475,0568000,LOUISVILLE METRO POLICE DEPT,Accepted,JEFFERSON,US0031W,,MAIN,ST,W,,13TH,,,,,38.258264805,-85.771415368,21.116,10/30/2019 12:00:00 AM,1643,1,1,0,0,RAINING,WET,False,COLLISION WITH FIXED OBJECT IN INTERSECTION - FIRST EVENT COLLISION 09 - 32,SINGLE VEHICLE,STRAIGHT & LEVEL,DAYLIGHT,,,10/31/2019 8:59:44 AM,False,5040,Accepted,
26119837,0568000,LOUISVILLE METRO POLICE DEPT,Accepted,JEFFERSON,,,MARSHALL,CT,,KY0061,JACKSON,,,,,38.250442083,-85.744653460,0.001,10/30/2019 12:00:00 AM,2307,1,1,0,0,CLEAR,DRY,False,COLLISION WITH FIXED OBJECT IN INTERSECTION - FIRST EVENT COLLISION 09 - 32,SINGLE VEHICLE,STRAIGHT & LEVEL,DARK-HWY LIGHTED/ON,,,12/31/2019 8:17:13 AM,False,5172,Accepted,
25861389,0568000,LOUISVILLE METRO POLICE DEPT,Accepted,JEFFERSON,,,LIBERTY,ST,E,,1ST,,,,,38.252527000,-85.752198170,,10/30/2019 12:00:00 AM,1428,2,2,0,0,RAINING,WET,False,ANGLE COLLISION - ONE VEHICLE TURNING RIGHT,ANGLE,STRAIGHT & LEVEL,DAYLIGHT,,,10/31/2019 8:49:45 AM,False,7266,Accepted,
25861509,0568000,LOUISVILLE METRO POLICE DEPT,Accepted,JEFFERSON,I 0065,,I65 N,,,I 0064,I64 S EXIT137 RAMP TO I71 N,,,,,38.256818539,-85.741789579,136.329,10/30/2019 12:00:00 AM,0818,2,2,0,0,RAINING,WET,False,COLLISION WITH PARKED VEHICLE,REAR END,CURVE & GRADE,DAWN,,,10/31/2019 9:02:35 AM,False,7969,Accepted,
25861456,0568000,LOUISVILLE METRO POLICE DEPT,Accepted,JEFFERSON,US0031W,,DIXIE,HWY,,,BETHANY,,,,,38.095693984,-85.873893121,7.722,10/30/2019 12:00:00 AM,1515,2,2,0,0,RAINING,WET,False,ANGLE COLLISION - ONE VEHICLE TURNING LEFT,ANGLE,STRAIGHT & LEVEL,DAYLIGHT,,,10/31/2019 8:57:28 AM,False,5100,Accepted,
25861486,0568000,LOUISVILLE METRO POLICE DEPT,Accepted,JEFFERSON,KY3084,,OLD HENRY,RD,,,AVOCA,,,,,38.259796117,-85.516424994,0.010,10/30/2019 12:00:00 AM,1808,2,2,0,0,RAINING,WET,False,ANGLE COLLISION - ONE VEHICLE TURNING LEFT,ANGLE,CURVE & GRADE,DUSK,,,10/31/2019 9:00:15 AM,False,2346,Accepted,
25861567,0568000,LOUISVILLE METRO POLICE DEPT,Accepted,JEFFERSON,US0031E,,BARDSTOWN,RD,,KY1932,BRECKENRIDGE,,,,,38.181215837,-85.626758429,8.700,10/30/2019 12:00:00 AM,2342,2,2,0,1,FOG WITH RAIN,WET,False,ANGLE COLLISION - ONE VEHICLE TURNING LEFT,ANGLE,STRAIGHT & LEVEL,DARK-HWY LIGHTED/ON,,,10/31/2019 9:06:31 AM,False,5191,Accepted,
25861542,0568000,LOUISVILLE METRO POLICE DEPT,Accepted,JEFFERSON,KY0146,,LA GRANGE,RD,,,FACTORY,,,,,38.289449443,-85.512212847,7.558,10/30/2019 12:00:00 AM,2110,2,2,0,0,FOG,WET,False,ANGLE COLLISION - OTHER,ANGLE,STRAIGHT & LEVEL,DARK-HWY LIGHTED/ON,,,10/31/2019 9:04:37 AM,False,7408,Accepted,
25861482,0568000,LOUISVILLE METRO POLICE DEPT,Accepted,JEFFERSON,KY1865,,TAYLOR,BLVD,,,WOODLAWN,,,,,38.181405649,-85.783548356,5.158,10/30/2019 12:00:00 AM,1450,2,2,0,1,RAINING,WET,False,ANGLE COLLISION - OTHER,ANGLE,STRAIGHT & LEVEL,DAYLIGHT,,,10/31/2019 9:00:03 AM,False,7495,Accepted,
25861493,0568000,LOUISVILLE METRO POLICE DEPT,Accepted,JEFFERSON,,,ROY WILKINS,AVE,,,MUHAMMAD ALI,,,,,38.252090964,-85.765844700,0.381,10/30/2019 12:00:00 AM,1519,2,2,0,1,RAINING,WET,False,ANGLE COLLISION - OTHER,ANGLE,STRAIGHT & LEVEL,DAYLIGHT,,,10/31/2019 9:01:34 AM,False,7229,Accepted,