IncidentID,AgencyORI,AgencyName,IncidentStatusDesc,County,RdwyNumber,Street,RoadwayName,StreetSfx,StreetDir,IntersectionRdwy,IntersectionRdwyName,BetweenStRdwy1,BetweenStRdwyName1,BetweenStRdwy2,BetweenStRdwyName2,Latitude,Longitude,Milepoint,CollisionDate,CollisionTime,UnitsInvolved,MotorVehiclesInvolved,NumberKilled,NumberInjured,Weather,RdwyConditionCode,HitandRun,DirAnalysisCode,MannerofCollision,RdwyCharacter,LightCondition,RampFromRdwyId,RampToRdwyId,AcceptedDate,IsSecondaryCollision,OwnerBadge,IncidentStatus,
25861459,0568000,LOUISVILLE METRO POLICE DEPT,Accepted,JEFFERSON,KY1934,,GREENBELT,HWY,,,RIVERPORT,,,,,38.161186636,-85.881679662,5.501,10/30/2019 12:00:00 AM,0731,2,2,0,1,RAINING,WET,False,ANGLE COLLISION - OTHER,ANGLE,STRAIGHT & LEVEL,DARK-HWY NOT LIGHTED,,,10/31/2019 8:57:52 AM,False,7177,Accepted,
25861341,0568000,LOUISVILLE METRO POLICE DEPT,Accepted,JEFFERSON,US0031W,,DIXIE,HWY,,,ASHBY,,,,,38.102450462,-85.869919893,8.237,10/30/2019 12:00:00 AM,1045,2,2,0,0,RAINING,WET,False,ANGLE COLLISION - OTHER,ANGLE,STRAIGHT & LEVEL,DAYLIGHT,,,10/31/2019 8:45:40 AM,False,5100,Accepted,
25861460,0568000,LOUISVILLE METRO POLICE DEPT,Accepted,JEFFERSON,KY0146,,LA GRANGE,RD,,,STANLEY GAULT,,,,,38.277737269,-85.518087657,6.727,10/30/2019 12:00:00 AM,1734,2,2,0,0,RAINING,WET,False,ANGLE COLLISION - OTHER,ANGLE,STRAIGHT & LEVEL,DAYLIGHT,,,10/31/2019 8:58:04 AM,False,7899,Accepted,
25866173,0568000,LOUISVILLE METRO POLICE DEPT,Accepted,JEFFERSON,US0060A,,EASTERN,PKWY,,,NORRIS,,,,,38.230752989,-85.711578965,6.678,10/30/2019 12:00:00 AM,2020,2,2,0,0,CLOUDY,WET,False,ANGLE COLLISION - OTHER,ANGLE,STRAIGHT & GRADE,DARK-HWY LIGHTED/ON,,,11/1/2019 8:50:47 AM,True,2816,Accepted,
25861619,0568000,LOUISVILLE METRO POLICE DEPT,Accepted,JEFFERSON,KY0864,,POPLAR LEVEL,RD,,,HESS,,,,,38.211999609,-85.720974897,12.720,10/30/2019 12:00:00 AM,0628,2,2,0,1,CLOUDY,DRY,False,ANGLE COLLISION - OTHER,ANGLE,STRAIGHT & LEVEL,DARK-HWY LIGHTED/ON,,,10/31/2019 9:07:33 AM,False,4656,Accepted,
25906908,0568000,LOUISVILLE METRO POLICE DEPT,Accepted,JEFFERSON,,,ST RITA,DR,,,SMITHTON,,,,,38.130807665,-85.674700172,0.392,10/30/2019 12:00:00 AM,0930,2,2,0,0,RAINING,WET,False,ANGLE COLLISION - OTHER,ANGLE,STRAIGHT & LEVEL,DAYLIGHT,,,11/11/2019 8:48:13 AM,False,5268,Accepted,
25861614,0568000,LOUISVILLE METRO POLICE DEPT,Accepted,JEFFERSON,,,ORMSBY,AVE,W,KY1020,3RD,,,,,38.232705155,-85.759054721,0.181,10/30/2019 12:00:00 AM,2143,2,2,0,0,CLEAR,DRY,False,ANGLE COLLISION - OTHER,ANGLE,STRAIGHT & GRADE,DARK-HWY LIGHTED/ON,,,10/31/2019 9:06:58 AM,False,5166,Accepted,
25861621,0568000,LOUISVILLE METRO POLICE DEPT,Accepted,JEFFERSON,,,5TH,ST,S,,MUHAMMAD ALI,,,,,38.251319533,-85.759149642,3.427,10/30/2019 12:00:00 AM,0305,2,2,0,1,RAINING,WET,False,ANGLE COLLISION - OTHER,ANGLE,STRAIGHT & LEVEL,DAWN,,,10/31/2019 9:07:47 AM,False,7241,Accepted,
25861622,0568000,LOUISVILLE METRO POLICE DEPT,Accepted,JEFFERSON,,,MUHAMMAD ALI,BLVD,W,,32ND,,,,,38.256393823,-85.804922278,2.878,10/30/2019 12:00:00 AM,1400,2,2,0,0,RAINING,WET,False,ANGLE COLLISION - OTHER,ANGLE,STRAIGHT & LEVEL,DAYLIGHT,,,10/31/2019 9:08:00 AM,False,7241,Accepted,
25861463,0568000,LOUISVILLE METRO POLICE DEPT,Accepted,JEFFERSON,,,CEDAR SPRINGS,BLVD,,,WILL,,,,,38.144723592,-85.585581006,0.052,10/30/2019 12:00:00 AM,1452,2,2,0,0,RAINING,WET,False,ANGLE COLLISION - OTHER,ANGLE,CURVE & LEVEL,DAYLIGHT,,,10/31/2019 8:58:38 AM,False,4693,Accepted,
25861469,0568000,LOUISVILLE METRO POLICE DEPT,Accepted,JEFFERSON,,,CHESTNUT,ST,W,,7TH,,,,,38.249492767,-85.762840345,2.091,10/30/2019 12:00:00 AM,1059,2,2,0,0,RAINING,WET,False,ANGLE COLLISION - OTHER,ANGLE,STRAIGHT & LEVEL,DAYLIGHT,,,10/31/2019 8:59:36 AM,False,5040,Accepted,
25861564,0568000,LOUISVILLE METRO POLICE DEPT,Accepted,JEFFERSON,KY1230,,CANE RUN,RD,,,GREENWOOD,,,,,38.147586144,-85.896400461,4.817,10/30/2019 12:00:00 AM,2046,2,2,0,1,CLOUDY,WET,False,ANGLE COLLISION - OTHER,ANGLE,STRAIGHT & LEVEL,DARK-HWY LIGHTED/ON,,,10/31/2019 9:06:21 AM,False,5170,Accepted,
25861021,0566900,LOUISVILLE AIRPORT POLICE,Accepted,JEFFERSON,,,AIRFREIGHT,DR,,,MARTHA MOLONEY,,,,,38.186776330,-85.746650495,0.191,10/30/2019 12:00:00 AM,1913,2,2,0,0,RAINING,WET,False,ANGLE COLLISION - OTHER,ANGLE,CURVE & LEVEL,DARK-HWY LIGHTED/ON,,,10/31/2019 7:29:45 AM,False,5752,Accepted,
25861405,0568000,LOUISVILLE METRO POLICE DEPT,Accepted,JEFFERSON,KY0913C,,BLANKENBAKER ACCESS,DR,,KY0913,BLANKENBAKER,,,,,38.196166803,-85.548150002,0.491,10/30/2019 12:00:00 AM,1533,2,2,0,0,RAINING,WET,False,ANGLE COLLISION - OTHER,ANGLE,STRAIGHT & GRADE,DAYLIGHT,,,10/31/2019 8:51:20 AM,False,6337,Accepted,
25861380,0568000,LOUISVILLE METRO POLICE DEPT,Accepted,JEFFERSON,KY2054,,ALGONQUIN,PKWY,,,7TH,,,,,38.220055554,-85.777441079,2.516,10/30/2019 12:00:00 AM,0948,2,2,0,0,RAINING,WET,False,ANGLE COLLISION - OTHER,ANGLE,STRAIGHT & LEVEL,DAYLIGHT,,,10/31/2019 8:48:27 AM,False,5260,Accepted,
25861430,0568000,LOUISVILLE METRO POLICE DEPT,Accepted,JEFFERSON,KY1450,,BLUE LICK,RD,,,FREEDOM,,,,,38.113444400,-85.689573757,1.966,10/30/2019 12:00:00 AM,1702,2,2,0,0,RAINING,WET,True,ANGLE COLLISION - OTHER,ANGLE,STRAIGHT & LEVEL,DAYLIGHT,,,10/31/2019 8:54:35 AM,False,5026,Accepted,
25861490,0568000,LOUISVILLE METRO POLICE DEPT,Accepted,JEFFERSON,US0031E,,BARDSTOWN,RD,,,BANNON CROSSINGS,,,,,38.182256643,-85.628718257,8.814,10/30/2019 12:00:00 AM,1847,2,2,0,3,RAINING,WET,False,OPPOSING LEFT TURN,OPPOSING LEFT TURN,STRAIGHT & LEVEL,DARK-HWY LIGHTED/ON,,,10/31/2019 9:00:37 AM,False,7307,Accepted,
25861426,0568000,LOUISVILLE METRO POLICE DEPT,Accepted,JEFFERSON,KY0155,,TAYLORSVILLE,RD,,,WALLACE,,,,,38.223572047,-85.682461077,16.413,10/30/2019 12:00:00 AM,1558,2,2,0,0,RAINING,WET,False,OPPOSING LEFT TURN,OPPOSING LEFT TURN,STRAIGHT & LEVEL,DAYLIGHT,,,10/31/2019 8:53:57 AM,False,7740,Accepted,
25866120,0568000,LOUISVILLE METRO POLICE DEPT,Accepted,JEFFERSON,US0031E,,MARKET,ST,E,KY0061,PRESTON,,,,,38.254097653,-85.746127519,17.372,10/30/2019 12:00:00 AM,1109,2,2,0,0,RAINING,WET,False,OPPOSING LEFT TURN,OPPOSING LEFT TURN,STRAIGHT & LEVEL,DAYLIGHT,,,11/1/2019 8:40:10 AM,False,7239,Accepted,
25861378,0568000,LOUISVILLE METRO POLICE DEPT,Accepted,JEFFERSON,,,ENDEAVOR,WAY,,,MARSHWOOD,,,,,38.129451470,-85.699858665,0.415,10/30/2019 12:00:00 AM,1258,2,2,0,1,RAINING,WET,False,VEHICLE BACKING IN INTERSECTION,BACKING,STRAIGHT & LEVEL,DAYLIGHT,,,10/31/2019 8:47:59 AM,False,2017,Accepted,
25856764,0568000,LOUISVILLE METRO POLICE DEPT,Accepted,JEFFERSON,KY1065,,OUTER,LOOP,,KY1020,NATIONAL,,,,,38.126930945,-85.748815967,2.522,10/30/2019 12:00:00 AM,0547,2,2,0,0,CLEAR,DRY,True,SIDESWIPE-SAME DIRECTION,SIDESWIPE-SAME DIRECTION,STRAIGHT & LEVEL,DARK-HWY LIGHTED/ON,,,10/30/2019 9:14:43 AM,False,5048,Accepted,
25861418,0568000,LOUISVILLE METRO POLICE DEPT,Accepted,JEFFERSON,KY1934,,CANE RUN,RD,,,VAN WINKLE,,,,,38.202232800,-85.833845269,9.470,10/30/2019 12:00:00 AM,1607,2,2,0,0,RAINING,WET,False,SIDESWIPE-SAME DIRECTION,SIDESWIPE-SAME DIRECTION,STRAIGHT & LEVEL,OTHER,,,10/31/2019 8:53:17 AM,False,7467,Accepted,
25861407,0568000,LOUISVILLE METRO POLICE DEPT,Accepted,JEFFERSON,,,4TH,ST,S,,OAKDALE,,,,,38.204395485,-85.765681355,3.636,10/30/2019 12:00:00 AM,1439,2,2,0,0,RAINING,WET,False,SIDESWIPE-SAME DIRECTION,SIDESWIPE-SAME DIRECTION,CURVE & LEVEL,DAYLIGHT,,,10/31/2019 8:51:49 AM,False,2499,Accepted,
25856808,0568000,LOUISVILLE METRO POLICE DEPT,Accepted,JEFFERSON,,,MORTON,AVE,,,EDWARD,,,,,38.239838885,-85.728367679,0.202,10/30/2019 12:00:00 AM,0725,2,2,0,0,CLOUDY,DRY,False,OPPOSITE DIRECTION - BOTH VEHICLES GOING STRAIGHT AHEAD,SIDESWIPE-OPPOSITE DIRECTION,STRAIGHT & LEVEL,DARK-HWY LIGHTED/ON,,,10/30/2019 9:18:34 AM,False,7900,Accepted,
25876325,0568000,LOUISVILLE METRO POLICE DEPT,Accepted,JEFFERSON,KY1747,,HURSTBOURNE,PKWY,S,,HURSTBOURNE,,,,,38.217643371,-85.587112714,11.302,10/30/2019 12:00:00 AM,1819,2,2,0,0,CLOUDY,WET,False,OTHER INTERSECTION COLLISIONS,REAR END,STRAIGHT & LEVEL,DARK-HWY LIGHTED/ON,,,11/4/2019 9:41:37 AM,False,2429,Accepted,
25861491,0568000,LOUISVILLE METRO POLICE DEPT,Accepted,JEFFERSON,I 0064,,,,,US0031W,MARKET,,,,,38.256172367,-85.765400846,0.029,10/30/2019 12:00:00 AM,1446,2,2,0,0,RAINING,WET,True,OTHER INTERSECTION COLLISIONS,REAR END,STRAIGHT & GRADE,DAYLIGHT,,,10/31/2019 9:00:53 AM,False,7229,Accepted,
25861518,0568000,LOUISVILLE METRO POLICE DEPT,Accepted,JEFFERSON,KY1819,,BILLTOWN,RD,,,EASUM,,,,,38.163790084,-85.566840615,6.922,10/30/2019 12:00:00 AM,1915,2,2,0,0,RAINING,WET,False,OTHER INTERSECTION COLLISIONS,REAR END,CURVE & LEVEL,DARK-HWY LIGHTED/OFF,,,10/31/2019 9:02:46 AM,False,2321,Accepted,
25866062,0568000,LOUISVILLE METRO POLICE DEPT,Accepted,JEFFERSON,US0060,,FRANKFORT,AVE,,KY2048,CANNONS,,,,,38.254045530,-85.670458134,2.734,10/30/2019 12:00:00 AM,1501,2,2,0,0,RAINING,WET,False,OTHER INTERSECTION COLLISIONS,REAR END,STRAIGHT & LEVEL,DAYLIGHT,,,11/1/2019 8:30:35 AM,False,7632,Accepted,
25866073,0568000,LOUISVILLE METRO POLICE DEPT,Accepted,JEFFERSON,I 0071,,I71 S,,,I 0071,I71 S EXIT35B ON RAMP FROM KY841 S,,,,,38.312369112,-85.587229171,8.755,10/30/2019 12:00:00 AM,1155,2,2,0,0,RAINING,WET,False,OTHER INTERSECTION COLLISIONS,REAR END,STRAIGHT & LEVEL,DAYLIGHT,,,11/1/2019 8:32:14 AM,False,4656,Accepted,
25861465,0568000,LOUISVILLE METRO POLICE DEPT,Accepted,JEFFERSON,KY1934,,CANE RUN,RD,,,TRAPPERS,,,,,38.203443577,-85.832029790,9.592,10/30/2019 12:00:00 AM,1821,2,2,0,0,RAINING,WET,False,OTHER INTERSECTION COLLISIONS,REAR END,STRAIGHT & LEVEL,DAWN,,,10/31/2019 8:59:07 AM,False,5208,Accepted,
25861477,0568000,LOUISVILLE METRO POLICE DEPT,Accepted,JEFFERSON,US0031W,,MAIN,ST,W,,13TH,,,,,38.258264805,-85.771415368,21.116,10/30/2019 12:00:00 AM,1643,1,1,0,0,RAINING,WET,False,OTHER INTERSECTION COLLISIONS,SINGLE VEHICLE,STRAIGHT & LEVEL,DAYLIGHT,,,10/31/2019 8:59:49 AM,False,5040,Accepted,
25861534,0568000,LOUISVILLE METRO POLICE DEPT,Accepted,JEFFERSON,US0060A,,EASTERN,PKWY,,KY0864,POPLAR LEVEL,,,,,38.223877797,-85.730171957,5.516,10/30/2019 12:00:00 AM,2319,3,3,0,1,CLEAR,WET,False,OTHER INTERSECTION COLLISIONS,REAR END,STRAIGHT & HILLCREST,DARK-HWY LIGHTED/ON,,,10/31/2019 9:04:02 AM,False,7359,Accepted,
25861423,0568000,LOUISVILLE METRO POLICE DEPT,Accepted,JEFFERSON,I 0264,,I264 E,,,I 0264,I264 E EXIT18 OFF RAMP TO KY1932,,,,,38.224740858,-85.643634559,17.444,10/30/2019 12:00:00 AM,1450,2,2,0,0,RAINING,WET,False,OTHER INTERSECTION COLLISIONS,REAR END,STRAIGHT & LEVEL,DAYLIGHT,,,10/31/2019 8:53:49 AM,False,7740,Accepted,
25861432,0568000,LOUISVILLE METRO POLICE DEPT,Accepted,JEFFERSON,KY1703,,BAXTER,AVE,,US0060A,EASTERN,,,,,38.228769811,-85.715312733,4.754,10/30/2019 12:00:00 AM,1541,2,2,0,0,RAINING,WET,False,OTHER INTERSECTION COLLISIONS,REAR END,STRAIGHT & LEVEL,DAYLIGHT,,,10/31/2019 8:54:59 AM,False,5020,Accepted,
25861442,0568000,LOUISVILLE METRO POLICE DEPT,Accepted,JEFFERSON,KY1020,,SOUTHERN,PKWY,,,ASHLAND,,,,,38.185237870,-85.767426266,8.076,10/30/2019 12:00:00 AM,1730,2,2,0,0,RAINING,WET,False,OTHER INTERSECTION COLLISIONS,REAR END,STRAIGHT & LEVEL,DAYLIGHT,,,10/31/2019 8:55:58 AM,False,5240,Accepted,
25856803,0568000,LOUISVILLE METRO POLICE DEPT,Accepted,JEFFERSON,KY1447,,WESTPORT,RD,,,NORTHUMBERLAND,,,,,38.304866812,-85.521939965,8.161,10/30/2019 12:00:00 AM,0750,2,2,0,0,RAINING,WET,False,OTHER INTERSECTION COLLISIONS,REAR END,STRAIGHT & LEVEL,DAWN,,,10/30/2019 9:18:18 AM,False,6862,Accepted,
25861326,0568000,LOUISVILLE METRO POLICE DEPT,Accepted,JEFFERSON,US0060,,SHELBYVILLE,RD,,,CAMBRIDGE STATION,,,,,38.245852793,-85.569573132,8.240,10/30/2019 12:00:00 AM,0909,2,2,0,0,RAINING,WET,False,OTHER INTERSECTION COLLISIONS,REAR END,STRAIGHT & LEVEL,DAYLIGHT,,,10/31/2019 8:43:52 AM,False,2346,Accepted,
25861403,0568000,LOUISVILLE METRO POLICE DEPT,Accepted,JEFFERSON,KY0864,,POPLAR LEVEL,RD,,,FINCASTLE,,,,,38.207181873,-85.714782225,12.229,10/30/2019 12:00:00 AM,1319,3,3,0,0,RAINING,WET,False,OTHER INTERSECTION COLLISIONS,REAR END,STRAIGHT & LEVEL,DAYLIGHT,,,10/31/2019 8:51:00 AM,False,7400,Accepted,
25861377,0568000,LOUISVILLE METRO POLICE DEPT,Accepted,JEFFERSON,I 0065,,I65 N,,,I 0065,I65 N EXIT128 ON RAMP FROM KY1631,,,,,38.157141092,-85.717929546,128.248,10/30/2019 12:00:00 AM,1329,1,1,0,0,RAINING,WET,False,OTHER INTERSECTION COLLISIONS,SINGLE VEHICLE,STRAIGHT & LEVEL,DAYLIGHT,,,10/31/2019 8:47:52 AM,False,2017,Accepted,
25881415,0568000,LOUISVILLE METRO POLICE DEPT,Accepted,JEFFERSON,US0031E,,BARDSTOWN,RD,,,BUECHEL,,,,,38.188265632,-85.640018988,9.549,10/30/2019 12:00:00 AM,1725,2,2,0,0,RAINING,WET,False,OTHER INTERSECTION COLLISIONS,REAR END,STRAIGHT & LEVEL,DAYLIGHT,,,11/5/2019 8:17:30 AM,False,7303,Accepted,
25861536,0568000,LOUISVILLE METRO POLICE DEPT,Accepted,JEFFERSON,I 0064,,I64 W,,,,,,,,,38.253020593,-85.718387847,6.738,10/30/2019 12:00:00 AM,2117,1,1,0,0,RAINING,WET,False,RAN OFF ROADWAY (1 VEHICLE WITH/EARTH EMBANKMENT/DITCH),SINGLE VEHICLE,CURVE & GRADE,DARK-HWY LIGHTED/ON,,,10/31/2019 9:04:20 AM,False,7243,Accepted,
25861402,0568000,LOUISVILLE METRO POLICE DEPT,Accepted,JEFFERSON,US0060,,SHELBYVILLE,RD,,,,,WHITTINGTON,,EDEN,38.246716931,-85.580006301,7.691,10/30/2019 12:00:00 AM,1310,1,1,0,1,RAINING,WATER (STANDING OR MOVING),False,RAN OFF ROADWAY (1 VEHICLE WITH/EARTH EMBANKMENT/DITCH),SINGLE VEHICLE,STRAIGHT & LEVEL,DAYLIGHT,,,10/31/2019 8:50:51 AM,False,7751,Accepted,
25861502,0568000,LOUISVILLE METRO POLICE DEPT,Accepted,JEFFERSON,,819,BRENTWOOD,AVE,,,,,,,,38.194795760,-85.773733377,0.292,10/30/2019 12:00:00 AM,1700,2,2,0,0,RAINING,WET,True,1 VEHICLE PARKED POSITION (NOT PARKING LOT/DRIVEWAY),SIDESWIPE-OPPOSITE DIRECTION,STRAIGHT & LEVEL,DAYLIGHT,,,10/31/2019 9:02:01 AM,False,7360,Accepted,
25861374,0568000,LOUISVILLE METRO POLICE DEPT,Accepted,JEFFERSON,,1900,CHESTNUT,ST,W,,,,,,,38.251938832,-85.784932604,0.878,10/30/2019 12:00:00 AM,1304,3,3,0,0,RAINING,WET,False,1 VEHICLE PARKED POSITION (NOT PARKING LOT/DRIVEWAY),SIDESWIPE-SAME DIRECTION,STRAIGHT & LEVEL,DAYLIGHT,,,10/31/2019 8:46:58 AM,False,7463,Accepted,
25861382,0568000,LOUISVILLE METRO POLICE DEPT,Accepted,JEFFERSON,,1176,CASTLEVALE,DR,,,,,,,,38.223497092,-85.724302089,0.109,10/30/2019 12:00:00 AM,0230,2,2,0,0,CLOUDY,DRY,True,1 VEHICLE PARKED POSITION (NOT PARKING LOT/DRIVEWAY),ANGLE,STRAIGHT & LEVEL,DARK-HWY LIGHTED/ON,,,10/31/2019 8:48:55 AM,False,7900,Accepted,
25856766,0568000,LOUISVILLE METRO POLICE DEPT,Accepted,JEFFERSON,,2301,OAK,ST,W,,,,,,,38.237716167,-85.792724205,2.041,10/30/2019 12:00:00 AM,0100,2,2,0,0,CLEAR,DRY,True,1 VEHICLE PARKED POSITION (NOT PARKING LOT/DRIVEWAY),SIDESWIPE-OPPOSITE DIRECTION,STRAIGHT & LEVEL,DARK-HWY LIGHTED/ON,,,10/30/2019 9:14:56 AM,False,5256,Accepted,
25861339,0568000,LOUISVILLE METRO POLICE DEPT,Accepted,JEFFERSON,US0031E,641,BAXTER,AVE,,,,US0150,BROADWAY,,ROGERS,38.244606982,-85.727635444,15.970,10/30/2019 12:00:00 AM,1212,1,1,0,0,RAINING,WET,False,COLLISION WITH FIXED OBJECT NON - INTERSECTION - FIRST EVENT COLLISION 09 - 32 EXCLUDING 16,SINGLE VEHICLE,STRAIGHT & LEVEL,DAYLIGHT,,,10/31/2019 8:45:34 AM,False,7900,Accepted,
25861383,0568000,LOUISVILLE METRO POLICE DEPT,Accepted,JEFFERSON,,2100 BLK,LEXINGTON,RD,,,,,,,,38.247822537,-85.708742657,1.456,10/30/2019 12:00:00 AM,1203,1,1,0,1,CLOUDY,WET,False,COLLISION WITH FIXED OBJECT NON - INTERSECTION - FIRST EVENT COLLISION 09 - 32 EXCLUDING 16,SINGLE VEHICLE,CURVE & LEVEL,DAYLIGHT,,,10/31/2019 8:49:05 AM,False,5020,Accepted,
25861335,0568000,LOUISVILLE METRO POLICE DEPT,Accepted,JEFFERSON,KY2860,,GRINSTEAD,DR,,,,,WILLOW,,HILLIARD,38.240512617,-85.715304323,0.356,10/30/2019 12:00:00 AM,1146,1,1,0,0,RAINING,WET,False,COLLISION WITH FIXED OBJECT NON - INTERSECTION - FIRST EVENT COLLISION 09 - 32 EXCLUDING 16,SINGLE VEHICLE,CURVE & GRADE,DAYLIGHT,,,10/31/2019 8:45:10 AM,False,7900,Accepted,
25866187,0568000,LOUISVILLE METRO POLICE DEPT,Accepted,JEFFERSON,,,SOUTHVIEW,DR,,,,,SOUTHVIEW,,SOUTHVIEW,38.151534585,-85.782658353,0.006,10/30/2019 12:00:00 AM,2215,1,1,0,0,FOG WITH RAIN,WET,False,COLLISION WITH FIXED OBJECT NON - INTERSECTION - FIRST EVENT COLLISION 09 - 32 EXCLUDING 16,SINGLE VEHICLE,CURVE & HILLCREST,DARK-HWY LIGHTED/OFF,,,11/1/2019 8:53:54 AM,False,7666,Accepted,
25856761,0568000,LOUISVILLE METRO POLICE DEPT,Accepted,JEFFERSON,KY0841,,GENE SNYDER,FWY,,,,,,,,38.118225393,-85.762980303,6.829,10/30/2019 12:00:00 AM,0217,1,1,0,0,CLEAR,DRY,False,COLLISION WITH ANIMAL NON INTERSECTION,SINGLE VEHICLE,STRAIGHT & LEVEL,DARK-HWY LIGHTED/OFF,,,10/30/2019 9:14:15 AM,False,7321,Accepted,
25861437,0568000,LOUISVILLE METRO POLICE DEPT,Accepted,JEFFERSON,US0031E,,BARDSTOWN,RD,,,HAWTHORNE,,,,,38.216982405,-85.676340089,12.509,10/30/2019 12:00:00 AM,1553,2,2,0,0,RAINING,WET,False,SIDESWIPE-SAME DIRECTION,SIDESWIPE-SAME DIRECTION,STRAIGHT & LEVEL,DAYLIGHT,,,10/31/2019 8:55:37 AM,False,7403,Accepted,
25861479,0568000,LOUISVILLE METRO POLICE DEPT,Accepted,JEFFERSON,US0031W,,MARKET,ST,W,,ROY WILKINS,,,,,38.256214978,-85.765371118,21.344,10/30/2019 12:00:00 AM,1815,2,2,0,0,RAINING,WET,True,SIDESWIPE-SAME DIRECTION,SIDESWIPE-SAME DIRECTION,STRAIGHT & LEVEL,DAYLIGHT,,,10/31/2019 8:59:55 AM,False,5276,Accepted,
25862339,0568000,LOUISVILLE METRO POLICE DEPT,Accepted,JEFFERSON,I 0071,,I71 S,,,I 0071,I71 S EXIT9A RAMP TO I265 W,,,,,38.313645014,-85.584645671,8.912,10/30/2019 12:00:00 AM,1800,3,3,0,0,RAINING,WET,False,SIDESWIPE-SAME DIRECTION,SIDESWIPE-SAME DIRECTION,STRAIGHT & LEVEL,DAYLIGHT,,,10/31/2019 11:19:05 AM,False,7631,Accepted,
25861431,0568000,LOUISVILLE METRO POLICE DEPT,Accepted,JEFFERSON,US0060A,,GRINSTEAD,DR,,,ETLEY,,,,,38.243752998,-85.704614660,7.801,10/30/2019 12:00:00 AM,1523,2,2,0,0,RAINING,WET,False,SIDESWIPE-SAME DIRECTION,SIDESWIPE-SAME DIRECTION,STRAIGHT & LEVEL,DAYLIGHT,,,10/31/2019 8:54:44 AM,False,5020,Accepted,
25861420,0568000,LOUISVILLE METRO POLICE DEPT,Accepted,JEFFERSON,,,DOVER,RD,,,DONNA,,,,,38.183020687,-85.833317869,0.795,10/30/2019 12:00:00 AM,1618,2,2,0,0,RAINING,WET,False,SIDESWIPE-SAME DIRECTION,SIDESWIPE-SAME DIRECTION,STRAIGHT & LEVEL,OTHER,,,10/31/2019 8:53:24 AM,False,7467,Accepted,
25866118,0568000,LOUISVILLE METRO POLICE DEPT,Accepted,JEFFERSON,KY1447,,WESTPORT,RD,,,OLD LA GRANGE,,,,,38.297083337,-85.506389466,9.204,10/30/2019 12:00:00 AM,1624,2,2,0,0,RAINING,WET,False,OTHER INTERSECTION COLLISIONS,REAR END,STRAIGHT & HILLCREST,DAYLIGHT,,,11/1/2019 8:39:28 AM,False,2109,Accepted,
25866142,0568000,LOUISVILLE METRO POLICE DEPT,Accepted,JEFFERSON,,,BISHOP,LN,,,GARDINER,,,,,38.198098250,-85.686345156,1.279,10/30/2019 12:00:00 AM,0819,2,2,0,0,RAINING,WET,False,OTHER INTERSECTION COLLISIONS,REAR END,STRAIGHT & LEVEL,DAYLIGHT,,,11/1/2019 8:45:37 AM,False,7250,Accepted,
25861488,0568000,LOUISVILLE METRO POLICE DEPT,Accepted,JEFFERSON,,,STONESTREET,RD,,,VALLEY COLLEGE,,,,,38.117997193,-85.844419689,0.678,10/30/2019 12:00:00 AM,1205,2,2,0,0,RAINING,WET,False,OTHER INTERSECTION COLLISIONS,REAR END,STRAIGHT & LEVEL,DAYLIGHT,,,10/31/2019 9:00:24 AM,False,7427,Accepted,
25861496,0568000,LOUISVILLE METRO POLICE DEPT,Accepted,JEFFERSON,KY1020,,NATIONAL,TPKE,,KY1065,OUTER,,,,,38.127422500,-85.749208308,3.696,10/30/2019 12:00:00 AM,0732,2,2,0,0,RAINING,WET,False,OTHER INTERSECTION COLLISIONS,REAR END,STRAIGHT & LEVEL,DAYLIGHT,,,10/31/2019 9:01:49 AM,False,7373,Accepted,
25861439,0568000,LOUISVILLE METRO POLICE DEPT,Accepted,JEFFERSON,I 0264,,I264 W,,,I 0065,I65 W EXIT11 OFF RAMP,,,,,38.190684997,-85.724953517,12.344,10/30/2019 12:00:00 AM,1547,2,2,0,0,RAINING,WET,False,OTHER INTERSECTION COLLISIONS,REAR END,STRAIGHT & LEVEL,DAYLIGHT,,,10/31/2019 8:55:50 AM,False,2142,Accepted,
25866090,0568000,LOUISVILLE METRO POLICE DEPT,Accepted,JEFFERSON,KY1931,,MANSLICK,RD,,,MARCH,,,,,38.191672743,-85.800763829,8.105,10/30/2019 12:00:00 AM,0919,2,2,0,1,CLOUDY,WET,False,OTHER INTERSECTION COLLISIONS,REAR END,STRAIGHT & LEVEL,DAYLIGHT,,,11/1/2019 8:34:08 AM,False,5153,Accepted,
25881653,0568000,LOUISVILLE METRO POLICE DEPT,Accepted,JEFFERSON,US0031E,,BARDSTOWN,RD,,,CEDAR CREEK,,,,,38.134164940,-85.579619525,4.371,10/30/2019 12:00:00 AM,1930,2,2,0,0,FOG,WET,False,OTHER INTERSECTION COLLISIONS,REAR END,STRAIGHT & LEVEL,DARK-HWY LIGHTED/ON,,,11/5/2019 8:35:47 AM,False,5014,Accepted,