IncidentID,AgencyORI,AgencyName,IncidentStatusDesc,County,RdwyNumber,Street,RoadwayName,StreetSfx,StreetDir,IntersectionRdwy,IntersectionRdwyName,BetweenStRdwy1,BetweenStRdwyName1,BetweenStRdwy2,BetweenStRdwyName2,Latitude,Longitude,Milepoint,CollisionDate,CollisionTime,UnitsInvolved,MotorVehiclesInvolved,NumberKilled,NumberInjured,Weather,RdwyConditionCode,HitandRun,DirAnalysisCode,MannerofCollision,RdwyCharacter,LightCondition,RampFromRdwyId,RampToRdwyId,AcceptedDate,IsSecondaryCollision,OwnerBadge,IncidentStatus,
25927911,0560000,JEFFERSON COUNTY SHERIFF DEPT.,Accepted,JEFFERSON,US0031E,,BARDSTOWN,RD,,,,,,,,38.152601286,-85.588539711,5.751,10/30/2019 12:00:00 AM,1945,2,2,0,0,CLEAR,WET,False,REAR END IN TRAFFIC LANES BOTH VEHICLES MOVING,REAR END,STRAIGHT & GRADE,DARK-HWY NOT LIGHTED,,,11/15/2019 12:18:05 PM,False,4021,Accepted,
25876623,0568000,LOUISVILLE METRO POLICE DEPT,Accepted,JEFFERSON,I 0264,,I264 W,,,,,,,,,38.208877778,-85.675412675,15.394,10/30/2019 12:00:00 AM,1555,3,3,0,0,RAINING,WET,False,REAR END IN TRAFFIC LANES BOTH VEHICLES MOVING,REAR END,STRAIGHT & LEVEL,DAYLIGHT,,,11/4/2019 10:07:02 AM,False,7944,Accepted,
25861448,0568000,LOUISVILLE METRO POLICE DEPT,Accepted,JEFFERSON,KY0907,,3RD ST,RD,,,,,,,,38.120404935,-85.804563771,3.918,10/30/2019 12:00:00 AM,1007,2,2,0,0,CLOUDY,WET,False,REAR END IN TRAFFIC LANES BOTH VEHICLES MOVING,REAR END,STRAIGHT & LEVEL,DAYLIGHT,,,10/31/2019 8:56:35 AM,False,7234,Accepted,
25861449,0568000,LOUISVILLE METRO POLICE DEPT,Accepted,JEFFERSON,KY1142,,PALATKA,RD,,,,,,,,38.150850140,-85.777190894,1.400,10/30/2019 12:00:00 AM,1007,2,2,0,1,RAINING,WET,True,REAR END IN TRAFFIC LANES BOTH VEHICLES MOVING,REAR END,STRAIGHT & LEVEL,DAYLIGHT,,,10/31/2019 8:56:42 AM,False,7234,Accepted,
25861450,0568000,LOUISVILLE METRO POLICE DEPT,Accepted,JEFFERSON,KY1865,,NEW CUT,RD,,,,,,,,38.146923178,-85.775410470,2.743,10/30/2019 12:00:00 AM,1528,2,2,0,0,RAINING,WET,False,REAR END IN TRAFFIC LANES BOTH VEHICLES MOVING,REAR END,STRAIGHT & LEVEL,DAYLIGHT,,,10/31/2019 8:56:53 AM,False,7234,Accepted,
25861373,0568000,LOUISVILLE METRO POLICE DEPT,Accepted,JEFFERSON,KY1931,7009,MANSLICK,RD,,,,,,,,38.158238171,-85.799056345,5.737,10/30/2019 12:00:00 AM,0951,2,2,0,0,RAINING,WET,False,REAR END IN TRAFFIC LANES BOTH VEHICLES MOVING,REAR END,STRAIGHT & HILLCREST,DAYLIGHT,,,10/31/2019 8:46:46 AM,False,7356,Accepted,
25856814,0568000,LOUISVILLE METRO POLICE DEPT,Accepted,JEFFERSON,,4615,FEGENBUSH,LN,,,,,,,,38.182303081,-85.638484124,0.340,10/30/2019 12:00:00 AM,0836,2,2,0,0,RAINING,WET,False,REAR END IN TRAFFIC LANES BOTH VEHICLES MOVING,REAR END,STRAIGHT & LEVEL,DAWN,,,10/30/2019 9:19:07 AM,False,7307,Accepted,
25861398,0568000,LOUISVILLE METRO POLICE DEPT,Accepted,JEFFERSON,KY0155,,TAYLORSVILLE,RD,,,,,NEW HOPEWELL,I 0265,I265 E EXIT23 OFF RAMP TO KY155,38.189944927,-85.503478993,5.749,10/30/2019 12:00:00 AM,1500,2,2,0,0,RAINING,WET,False,REAR END IN TRAFFIC LANES BOTH VEHICLES MOVING,REAR END,STRAIGHT & LEVEL,DAYLIGHT,,,10/31/2019 8:50:20 AM,False,6878,Accepted,
25861415,0568000,LOUISVILLE METRO POLICE DEPT,Accepted,JEFFERSON,I 0065,,I65 N,,,,,,,,,38.214069175,-85.752438159,133.038,10/30/2019 12:00:00 AM,1532,2,2,0,0,RAINING,WET,False,REAR END IN TRAFFIC LANES BOTH VEHICLES MOVING,REAR END,CURVE & GRADE,DAYLIGHT,,,10/31/2019 8:52:41 AM,False,8278,Accepted,
25861416,0568000,LOUISVILLE METRO POLICE DEPT,Accepted,JEFFERSON,KY2860,2119,GRINSTEAD,DR,,,,,EVERETT,,CHEROKEE,38.239485950,-85.719054773,0.128,10/30/2019 12:00:00 AM,1621,4,4,0,0,RAINING,WET,False,REAR END IN TRAFFIC LANES BOTH VEHICLES MOVING,REAR END,STRAIGHT & GRADE,DAYLIGHT,,,10/31/2019 8:52:54 AM,False,7900,Accepted,
25856791,0568000,LOUISVILLE METRO POLICE DEPT,Accepted,JEFFERSON,I 0265,,I265 N,,,,,,,,,38.306931674,-85.567330653,33.757,10/30/2019 12:00:00 AM,0726,2,2,0,0,CLEAR,DRY,False,REAR END IN TRAFFIC LANES BOTH VEHICLES MOVING,REAR END,STRAIGHT & GRADE,DARK-HWY NOT LIGHTED,,,10/30/2019 9:17:11 AM,False,7313,Accepted,
25906909,0568000,LOUISVILLE METRO POLICE DEPT,Accepted,JEFFERSON,KY2052,,SHEPHERDSVILLE,RD,,,,,GEORGIA,,CAROLINA CROSSINGS,38.147047686,-85.660004072,0.581,10/30/2019 12:00:00 AM,0850,2,2,0,0,RAINING,WET,False,REAR END IN TRAFFIC LANES BOTH VEHICLES MOVING,REAR END,STRAIGHT & LEVEL,DAYLIGHT,,,11/11/2019 8:48:18 AM,False,5268,Accepted,
25862342,0568000,LOUISVILLE METRO POLICE DEPT,Accepted,JEFFERSON,KY2251,,BARDSTOWN,RD,,,,,,,,38.193479325,-85.649645512,0.368,10/30/2019 12:00:00 AM,1417,2,2,0,0,RAINING,WET,False,REAR END IN TRAFFIC LANES BOTH VEHICLES MOVING,REAR END,STRAIGHT & LEVEL,DAYLIGHT,,,10/31/2019 11:20:14 AM,False,5119,Accepted,
25861379,0568000,LOUISVILLE METRO POLICE DEPT,Accepted,JEFFERSON,,,ASHBY,LN,,,,,,,,38.106741818,-85.879656870,0.607,10/30/2019 12:00:00 AM,1206,1,1,0,0,RAINING,WET,False,OTHER COLLISIONS ON SHOULDER,SINGLE VEHICLE,CURVE & LEVEL,DAYLIGHT,,,10/31/2019 8:48:10 AM,False,7841,Accepted,
25861381,0568000,LOUISVILLE METRO POLICE DEPT,Accepted,JEFFERSON,KY1447,12800,WESTPORT,RD,,,,,,,,38.297202428,-85.509381823,9.062,10/30/2019 12:00:00 AM,1400,1,1,0,0,RAINING,WET,False,OTHER COLLISIONS ON SHOULDER,SINGLE VEHICLE,CURVE & LEVEL,DAYLIGHT,,,10/31/2019 8:48:45 AM,False,7615,Accepted,
25876360,0568000,LOUISVILLE METRO POLICE DEPT,Accepted,JEFFERSON,KY1865,,TAYLOR,BLVD,,,,,,,,38.169763995,-85.781216587,4.346,10/30/2019 12:00:00 AM,0718,2,2,0,0,CLEAR,DRY,True,SIDESWIPE COLLISION - SAME DIRECTION,SIDESWIPE-SAME DIRECTION,STRAIGHT & LEVEL,DAWN,,,11/4/2019 9:43:33 AM,False,7560,Accepted,
25876330,0568000,LOUISVILLE METRO POLICE DEPT,Accepted,JEFFERSON,KY1934,,CANE RUN,RD,,,,,,,,38.201381757,-85.834582024,9.393,10/30/2019 12:00:00 AM,2000,2,2,0,0,CLEAR,DRY,False,SIDESWIPE COLLISION - SAME DIRECTION,SIDESWIPE-SAME DIRECTION,STRAIGHT & LEVEL,DARK-HWY LIGHTED/ON,,,11/4/2019 9:42:15 AM,False,7154,Accepted,
25876621,0568000,LOUISVILLE METRO POLICE DEPT,Accepted,JEFFERSON,I 0065,,I65 S,,,,,,,,,38.235377321,-85.751648970,134.521,10/30/2019 12:00:00 AM,1445,2,2,0,0,RAINING,WATER (STANDING OR MOVING),False,SIDESWIPE COLLISION - SAME DIRECTION,SIDESWIPE-SAME DIRECTION,CURVE & LEVEL,DAYLIGHT,,,11/4/2019 10:06:15 AM,False,7944,Accepted,
25876320,0568000,LOUISVILLE METRO POLICE DEPT,Accepted,JEFFERSON,US0042,,STORY,AVE,,,,,ADAMS,,SPRING,38.257369176,-85.724869374,0.450,10/30/2019 12:00:00 AM,1617,2,2,0,0,CLOUDY,DRY,False,SIDESWIPE COLLISION - SAME DIRECTION,SIDESWIPE-SAME DIRECTION,STRAIGHT & LEVEL,DAYLIGHT,,,11/4/2019 9:40:47 AM,False,7058,Accepted,
25861328,0568000,LOUISVILLE METRO POLICE DEPT,Accepted,JEFFERSON,KY1020,,NATIONAL,TPKE,,,,KY1065,OUTER,,HAY,38.127206292,-85.749028914,3.679,10/30/2019 12:00:00 AM,0910,2,2,0,0,RAINING,WET,False,SIDESWIPE COLLISION - SAME DIRECTION,SIDESWIPE-SAME DIRECTION,STRAIGHT & LEVEL,DAYLIGHT,,,10/31/2019 8:44:04 AM,False,7232,Accepted,
25876624,0568000,LOUISVILLE METRO POLICE DEPT,Accepted,JEFFERSON,I 0065,,I65 S,,,,,,,,,38.197327111,-85.733866294,131.284,10/30/2019 12:00:00 AM,1757,2,2,0,0,RAINING,WET,False,SIDESWIPE COLLISION - SAME DIRECTION,SIDESWIPE-SAME DIRECTION,CURVE & LEVEL,DAYLIGHT,,,11/4/2019 10:07:17 AM,False,7944,Accepted,
25861408,0568000,LOUISVILLE METRO POLICE DEPT,Accepted,JEFFERSON,,6914,WATSON,LN,,,,,,,,38.058061429,-85.894261870,0.212,10/30/2019 12:00:00 AM,1516,2,2,0,0,RAINING,WET,True,SIDESWIPE COLLISION - SAME DIRECTION,SIDESWIPE-SAME DIRECTION,STRAIGHT & LEVEL,DAYLIGHT,,,10/31/2019 8:51:58 AM,False,6141,Accepted,
25861434,0568000,LOUISVILLE METRO POLICE DEPT,Accepted,JEFFERSON,US0060,,SHELBYVILLE,RD,,,,,ARTERBURN,,CHRISTIAN,38.249064360,-85.609243199,6.085,10/30/2019 12:00:00 AM,1223,2,2,0,0,CLEAR,WET,False,SIDESWIPE COLLISION - SAME DIRECTION,SIDESWIPE-SAME DIRECTION,STRAIGHT & LEVEL,DAYLIGHT,,,10/31/2019 8:55:17 AM,False,5109,Accepted,
25861325,0568000,LOUISVILLE METRO POLICE DEPT,Accepted,JEFFERSON,I 0064,,I64 E,,,,,,,,,38.225157864,-85.585309023,14.669,10/30/2019 12:00:00 AM,0621,2,2,0,0,RAINING,WET,False,SIDESWIPE COLLISION - SAME DIRECTION,SIDESWIPE-SAME DIRECTION,STRAIGHT & LEVEL,DARK-HWY LIGHTED/ON,,,10/31/2019 8:43:33 AM,False,4903,Accepted,
25861333,0568000,LOUISVILLE METRO POLICE DEPT,Accepted,JEFFERSON,I 0065,,I65 N,,,,,,,,,38.138676417,-85.707628706,126.855,10/30/2019 12:00:00 AM,0905,2,2,0,0,RAINING,WET,True,SIDESWIPE COLLISION - SAME DIRECTION,SIDESWIPE-SAME DIRECTION,STRAIGHT & LEVEL,DAYLIGHT,,,10/31/2019 8:44:57 AM,False,7840,Accepted,
25861458,0568000,LOUISVILLE METRO POLICE DEPT,Accepted,JEFFERSON,US0060,,SHELBYVILLE,RD,,,,,WHIPPS MILL,,CHRISTIAN,38.248810273,-85.606505764,6.236,10/30/2019 12:00:00 AM,1815,2,2,0,0,RAINING,WET,True,SIDESWIPE COLLISION - SAME DIRECTION,SIDESWIPE-SAME DIRECTION,STRAIGHT & LEVEL,DAYLIGHT,,,10/31/2019 8:57:44 AM,False,6862,Accepted,
25861467,0568000,LOUISVILLE METRO POLICE DEPT,Accepted,JEFFERSON,US0031W,,MARKET,ST,W,,,,6TH,,7TH,38.255587917,-85.760088930,21.655,10/30/2019 12:00:00 AM,0900,2,2,0,0,RAINING,WET,True,SIDESWIPE COLLISION - SAME DIRECTION,SIDESWIPE-SAME DIRECTION,STRAIGHT & LEVEL,DAYLIGHT,,,10/31/2019 8:59:23 AM,False,5040,Accepted,
25881747,0568000,LOUISVILLE METRO POLICE DEPT,Accepted,JEFFERSON,,,PEE WEE REESE,RD,,,,,SENECA PARK,,SENECA PARK,38.234818191,-85.675112470,0.998,10/30/2019 12:00:00 AM,1520,2,2,0,1,RAINING,WET,False,HEAD-ON COLLISION,HEAD ON,CURVE & GRADE,DAYLIGHT,,,11/5/2019 8:49:03 AM,False,2228,Accepted,
25891735,0568000,LOUISVILLE METRO POLICE DEPT,Accepted,JEFFERSON,I 0064,,I64 E,,,,,,,,,38.228658834,-85.595702619,14.066,10/30/2019 12:00:00 AM,2321,2,2,0,0,CLEAR,DRY,False,SIDESWIPE COLLISION - SAME DIRECTION,SIDESWIPE-SAME DIRECTION,STRAIGHT & LEVEL,DARK-HWY LIGHTED/ON,,,11/7/2019 8:46:17 AM,False,7786,Accepted,
25861429,0568000,LOUISVILLE METRO POLICE DEPT,Accepted,JEFFERSON,KY2845,7607,MANSLICK,RD,E,,,,,,,38.126771834,-85.620228583,3.445,10/30/2019 12:00:00 AM,1700,2,2,0,4,RAINING,WET,False,HEAD-ON COLLISION,HEAD ON,CURVE & LEVEL,DAYLIGHT,,,10/31/2019 8:54:20 AM,False,7486,Accepted,
25861613,0568000,LOUISVILLE METRO POLICE DEPT,Accepted,JEFFERSON,KY1142,,PALATKA,RD,,,DOGWOOD,,,,,38.154021845,-85.795511876,0.369,10/30/2019 12:00:00 AM,2207,2,2,0,2,RAINING,WET,False,HEAD-ON COLLISION,HEAD ON,CURVE & GRADE,DARK-HWY LIGHTED/ON,,,10/31/2019 9:06:51 AM,False,7444,Accepted,
25881416,0568000,LOUISVILLE METRO POLICE DEPT,Accepted,JEFFERSON,,,WATTERSON,TRL,,,STONY BROOK,,,,,38.183736195,-85.595965728,1.663,10/30/2019 12:00:00 AM,1833,2,2,0,0,RAINING,WET,True,HEAD-ON COLLISION,HEAD ON,STRAIGHT & LEVEL,DARK-HWY LIGHTED/ON,,,11/5/2019 8:17:43 AM,False,7303,Accepted,
25866074,0568000,LOUISVILLE METRO POLICE DEPT,Accepted,JEFFERSON,I 0064,,I64 E,,,,,,,,,38.260929057,-85.769906621,3.736,10/30/2019 12:00:00 AM,0743,2,2,0,0,RAINING,WET,False,REAR END IN TRAFFIC LANES BOTH VEHICLES MOVING,REAR END,STRAIGHT & LEVEL,DAYLIGHT,,,11/1/2019 8:32:26 AM,False,4903,Accepted,
25861453,0568000,LOUISVILLE METRO POLICE DEPT,Accepted,JEFFERSON,KY1865,,NEW CUT,RD,,,,,,,,38.156734036,-85.777863144,3.353,10/30/2019 12:00:00 AM,1458,2,2,0,0,RAINING,WET,False,REAR END IN TRAFFIC LANES BOTH VEHICLES MOVING,REAR END,STRAIGHT & LEVEL,DAYLIGHT,,,10/31/2019 8:57:02 AM,False,7234,Accepted,
25861454,0568000,LOUISVILLE METRO POLICE DEPT,Accepted,JEFFERSON,,,SHANKS,LN,,,,,,,,38.195834387,-85.842115557,0.004,10/30/2019 12:00:00 AM,1805,2,2,0,0,RAINING,WET,False,REAR END IN TRAFFIC LANES BOTH VEHICLES MOVING,REAR END,STRAIGHT & LEVEL,DAYLIGHT,,,10/31/2019 8:57:12 AM,False,7234,Accepted,
25861461,0568000,LOUISVILLE METRO POLICE DEPT,Accepted,JEFFERSON,KY1065,,OUTER,LOOP,,,,,,,,38.137926799,-85.641369227,8.544,10/30/2019 12:00:00 AM,1252,2,2,0,0,RAINING,WET,False,REAR END IN TRAFFIC LANES BOTH VEHICLES MOVING,REAR END,STRAIGHT & LEVEL,DAYLIGHT,,,10/31/2019 8:58:14 AM,False,4693,Accepted,
25881442,0568000,LOUISVILLE METRO POLICE DEPT,Accepted,JEFFERSON,US0031E,,BARDSTOWN,RD,,,,,PATTERSON,,LUCIA,38.237123387,-85.718615049,15.311,10/30/2019 12:00:00 AM,1331,2,2,0,0,RAINING,WET,False,REAR END IN TRAFFIC LANES BOTH VEHICLES MOVING,REAR END,STRAIGHT & LEVEL,DAYLIGHT,,,11/5/2019 8:25:51 AM,False,2228,Accepted,
25876622,0568000,LOUISVILLE METRO POLICE DEPT,Accepted,JEFFERSON,I 0264,,I264 W,,,,,,,,,38.209707890,-85.674082510,15.486,10/30/2019 12:00:00 AM,1555,2,2,0,0,RAINING,WET,False,REAR END IN TRAFFIC LANES BOTH VEHICLES MOVING,REAR END,STRAIGHT & LEVEL,DAYLIGHT,,,11/4/2019 10:06:47 AM,False,7944,Accepted,
25866199,0568000,LOUISVILLE METRO POLICE DEPT,Accepted,JEFFERSON,I 0065,,I65 N,,,,,,,,,38.220456677,-85.751518068,133.483,10/30/2019 12:00:00 AM,0756,2,2,0,0,RAINING,WET,False,REAR END IN TRAFFIC LANES BOTH VEHICLES MOVING,REAR END,CURVE & LEVEL,DAWN,,,11/1/2019 8:55:07 AM,False,6886,Accepted,
25866177,0568000,LOUISVILLE METRO POLICE DEPT,Accepted,JEFFERSON,KY1703,,BAXTER,AVE,,,,,,,,38.237667583,-85.722276352,5.478,10/30/2019 12:00:00 AM,1945,2,2,0,0,CLOUDY,WET,True,1 VEHICLE PARKED POSITION (NOT PARKING LOT/DRIVEWAY),SIDESWIPE-SAME DIRECTION,STRAIGHT & GRADE,DARK-HWY NOT LIGHTED,,,11/1/2019 8:51:52 AM,False,7376,Accepted,
25876691,0568000,LOUISVILLE METRO POLICE DEPT,Accepted,JEFFERSON,US0060,,SHELBYVILLE,RD,,,,,,,,38.233596034,-85.453276975,14.904,10/30/2019 12:00:00 AM,1830,2,2,0,2,CLOUDY,WET,False,1 VEHICLE ENTERING/LEAVING ENTRANCE,ANGLE,STRAIGHT & GRADE,DAYLIGHT,,,11/4/2019 10:13:52 AM,False,6532,Accepted,
25861324,0568000,LOUISVILLE METRO POLICE DEPT,Accepted,JEFFERSON,,,WATTERSON,TRL,S,,,,FERN,,VILLAGE POINT,38.159687196,-85.613315041,1.702,10/30/2019 12:00:00 AM,0733,2,2,0,0,CLEAR,DRY,False,SIDESWIPE COLLISION - OPPOSITE DIRECTION,SIDESWIPE-OPPOSITE DIRECTION,CURVE & LEVEL,DARK (UNKNOWN ROADWAY LIGHTING),,,10/31/2019 8:43:05 AM,False,5295,Accepted,
25906933,0568000,LOUISVILLE METRO POLICE DEPT,Accepted,JEFFERSON,,4960,NORTON HEALTHCARE,BLVD,,,,,,,,38.312392210,-85.571982036,0.144,10/30/2019 12:00:00 AM,1830,2,2,0,0,RAINING,WET,False,1 VEHICLE ENTERING/LEAVING ENTRANCE,ANGLE,STRAIGHT & LEVEL,DUSK,,,11/11/2019 8:51:57 AM,False,7615,Accepted,
25937543,0568000,LOUISVILLE METRO POLICE DEPT,Accepted,JEFFERSON,US0031E,,BUECHEL,BYP,,,,KY2251,KY2251 CROSSOVER,KY2052,HIKES,38.198835224,-85.661641747,11.025,10/30/2019 12:00:00 AM,1430,2,2,1,2,RAINING,WET,False,1 VEHICLE ENTERING/LEAVING ENTRANCE,ANGLE,STRAIGHT & LEVEL,DAYLIGHT,,,11/18/2019 9:16:33 AM,False,7944,Accepted,
25866080,0568000,LOUISVILLE METRO POLICE DEPT,Accepted,JEFFERSON,I 0065,,I65 N,,,,,,,,,38.126372882,-85.701921765,125.945,10/30/2019 12:00:00 AM,1547,3,3,0,1,RAINING,WET,False,1 VEHICLE ENTERING/LEAVING ENTRANCE,ANGLE,STRAIGHT & LEVEL,DAYLIGHT,,,11/1/2019 8:33:12 AM,False,4693,Accepted,
25856805,0568000,LOUISVILLE METRO POLICE DEPT,Accepted,JEFFERSON,I 0265,,I265 E,,,,,,,,,38.206011011,-85.507070978,24.322,10/30/2019 12:00:00 AM,0652,2,2,0,0,CLOUDY,DRY,False,1 VEHICLE ENTERING/LEAVING ENTRANCE,ANGLE,CURVE & LEVEL,DARK-HWY LIGHTED/ON,,,10/30/2019 9:18:27 AM,False,7720,Accepted,
25866137,0568000,LOUISVILLE METRO POLICE DEPT,Accepted,JEFFERSON,KY0061,11202,PRESTON,HWY,,,,,,,,38.087883897,-85.667668487,0.248,10/30/2019 12:00:00 AM,1535,2,2,0,0,RAINING,WET,True,1 VEHICLE ENTERING/LEAVING ENTRANCE,ANGLE,STRAIGHT & LEVEL,DAYLIGHT,,,11/1/2019 8:44:55 AM,False,7799,Accepted,
25861462,0568000,LOUISVILLE METRO POLICE DEPT,Accepted,JEFFERSON,,,BATES,RD,,,,,,,,38.115274395,-85.622521398,0.555,10/30/2019 12:00:00 AM,1342,2,2,0,0,RAINING,WET,True,SIDESWIPE COLLISION - OPPOSITE DIRECTION,SIDESWIPE-OPPOSITE DIRECTION,STRAIGHT & LEVEL,DAYLIGHT,,,10/31/2019 8:58:28 AM,False,4693,Accepted,
25861368,0568000,LOUISVILLE METRO POLICE DEPT,Accepted,JEFFERSON,KY2052,,SHEPHERDSVILLE,RD,,,,,POPLAR PARK,KY1747,FERN VALLEY,38.155205805,-85.659764232,1.148,10/30/2019 12:00:00 AM,0729,2,2,0,0,CLOUDY,DRY,False,OTHER ROADWAY OR MID-BLOCK COLLISION,REAR END,STRAIGHT & LEVEL,DARK-HWY NOT LIGHTED,,,10/31/2019 8:46:28 AM,False,2017,Accepted,
25861617,0568000,LOUISVILLE METRO POLICE DEPT,Accepted,JEFFERSON,US0060,,SHELBYVILLE,RD,,,,,,,,38.245029331,-85.558997966,8.836,10/30/2019 12:00:00 AM,1956,2,2,0,0,CLEAR,WET,False,OTHER ROADWAY OR MID-BLOCK COLLISION,OPPOSING LEFT TURN,STRAIGHT & LEVEL,DARK-HWY LIGHTED/ON,,,10/31/2019 9:07:18 AM,False,5041,Accepted,
25881423,0568000,LOUISVILLE METRO POLICE DEPT,Accepted,JEFFERSON,I 0264,,I264 E,,,,,,,,,38.224668215,-85.643690638,17.439,10/30/2019 12:00:00 AM,0804,3,3,0,1,RAINING,WET,False,OTHER ROADWAY OR MID-BLOCK COLLISION,REAR END,STRAIGHT & LEVEL,DAYLIGHT,,,11/5/2019 8:20:06 AM,False,4656,Accepted,
25866093,0568000,LOUISVILLE METRO POLICE DEPT,Accepted,JEFFERSON,KY1865,,TAYLOR,BLVD,,,,,,,,38.196116867,-85.782967813,6.180,10/30/2019 12:00:00 AM,1050,2,2,0,4,CLOUDY,WET,False,1 VEHICLE ENTERING/LEAVING ENTRANCE,ANGLE,STRAIGHT & LEVEL,DAYLIGHT,,,11/1/2019 8:34:38 AM,False,7628,Accepted,
25862341,0568000,LOUISVILLE METRO POLICE DEPT,Accepted,JEFFERSON,KY1747,1901,HURSTBOURNE,PKWY,S,,,,,,,38.218215654,-85.585188476,11.396,10/30/2019 12:00:00 AM,1247,2,2,0,1,RAINING,WET,False,1 VEHICLE ENTERING/LEAVING ENTRANCE,ANGLE,STRAIGHT & LEVEL,DAYLIGHT,,,10/31/2019 11:20:00 AM,False,5119,Accepted,
25861445,0568000,LOUISVILLE METRO POLICE DEPT,Accepted,JEFFERSON,KY0864,,POPLAR LEVEL,RD,,,,,,,,38.172476474,-85.685753469,9.291,10/30/2019 12:00:00 AM,1610,2,2,0,0,RAINING,WET,False,1 VEHICLE ENTERING/LEAVING ENTRANCE,ANGLE,STRAIGHT & GRADE,DAYLIGHT,,,10/31/2019 8:56:07 AM,False,5130,Accepted,
25861562,0568000,LOUISVILLE METRO POLICE DEPT,Accepted,JEFFERSON,US0060A,3277,TAYLOR,BLVD,,,,,EARL,,CALHOUN,38.202964649,-85.780450163,1.970,10/30/2019 12:00:00 AM,1906,2,2,0,1,RAINING,WET,False,1 VEHICLE ENTERING/LEAVING ENTRANCE,ANGLE,STRAIGHT & LEVEL,DARK-HWY LIGHTED/ON,,,10/31/2019 9:06:01 AM,False,5052,Accepted,
25861329,0568000,LOUISVILLE METRO POLICE DEPT,Accepted,JEFFERSON,KY0061,4800,PRESTON,HWY,,,,,,,,38.177849891,-85.716022196,7.158,10/30/2019 12:00:00 AM,0901,2,2,0,0,RAINING,WET,False,1 VEHICLE ENTERING/LEAVING ENTRANCE,ANGLE,STRAIGHT & LEVEL,DAYLIGHT,,,10/31/2019 8:44:16 AM,False,2796,Accepted,
25861568,0568000,LOUISVILLE METRO POLICE DEPT,Accepted,JEFFERSON,I 0064,,,,,,,,,,,38.259977305,-85.767523730,0.332,10/30/2019 12:00:00 AM,2059,1,1,0,1,RAINING,WET,False,OTHER RAMP RELATED COLLISIONS NOT LISTED ABOVE,SINGLE VEHICLE,CURVE & GRADE,DARK-HWY LIGHTED/ON,US31W,I 0064,10/31/2019 9:06:40 AM,False,5025,Accepted,
25866095,0568000,LOUISVILLE METRO POLICE DEPT,Accepted,JEFFERSON,I 0064,,,,,,,,,,,38.257142596,-85.740977168,0.180,10/30/2019 12:00:00 AM,0806,2,2,0,2,RAINING,WET,False,OTHER RAMP RELATED COLLISIONS NOT LISTED ABOVE,SIDESWIPE-SAME DIRECTION,CURVE & GRADE,DAYLIGHT,I 0065,I 0064,11/1/2019 8:35:21 AM,False,2764,Accepted,
25866119,0568000,LOUISVILLE METRO POLICE DEPT,Accepted,JEFFERSON,I 0265,,,,,,,,,,,38.270636475,-85.499087806,0.351,10/30/2019 12:00:00 AM,1809,2,2,0,0,RAINING,WET,True,OTHER RAMP RELATED COLLISIONS NOT LISTED ABOVE,SIDESWIPE-SAME DIRECTION,STRAIGHT & LEVEL,DUSK,I 0265,KY3084,11/1/2019 8:39:53 AM,False,2109,Accepted,
25876243,0568000,LOUISVILLE METRO POLICE DEPT,Accepted,JEFFERSON,I 0065,,,,,,,,,,,38.114919153,-85.700523277,0.334,10/30/2019 12:00:00 AM,0911,1,1,0,0,CLOUDY,WET,False,COLLISION WITH FIXED OBJECT NOT IN GORE ,SINGLE VEHICLE,CURVE & GRADE,DAYLIGHT,I 0065,KY0481,11/4/2019 9:34:37 AM,False,7772,Accepted,
25866097,0568000,LOUISVILLE METRO POLICE DEPT,Accepted,JEFFERSON,I 0064,,,,,,,,,,,38.260515411,-85.732354285,0.215,10/30/2019 12:00:00 AM,1512,1,1,0,1,RAINING,WATER (STANDING OR MOVING),False,COLLISION WITH FIXED OBJECT NOT IN GORE ,SINGLE VEHICLE,CURVE & GRADE,DAYLIGHT,I 0064,I 0071,11/1/2019 8:35:40 AM,False,2764,Accepted,
25861457,0568000,LOUISVILLE METRO POLICE DEPT,Accepted,JEFFERSON,I 0064,,,,,,,,,,,38.236728775,-85.660117370,0.076,10/30/2019 12:00:00 AM,1715,1,1,0,0,RAINING,WET,False,COLLISION WITH FIXED OBJECT NOT IN GORE ,SINGLE VEHICLE,CURVE & GRADE,DAYLIGHT,KY2048,I 0064,10/31/2019 8:57:37 AM,False,7632,Accepted,
25876686,0568000,LOUISVILLE METRO POLICE DEPT,Accepted,JEFFERSON,I 0064,,,,,,,,,,,38.239990116,-85.621497978,0.600,10/30/2019 12:00:00 AM,2040,2,2,0,1,CLEAR,DRY,False,OTHER RAMP RELATED COLLISIONS NOT LISTED ABOVE,REAR END,CURVE & GRADE,DARK-HWY LIGHTED/ON,I 0064,I 0264,11/4/2019 10:13:09 AM,False,7633,Accepted,