IncidentID,AgencyORI,AgencyName,IncidentStatusDesc,County,RdwyNumber,Street,RoadwayName,StreetSfx,StreetDir,IntersectionRdwy,IntersectionRdwyName,BetweenStRdwy1,BetweenStRdwyName1,BetweenStRdwy2,BetweenStRdwyName2,Latitude,Longitude,Milepoint,CollisionDate,CollisionTime,UnitsInvolved,MotorVehiclesInvolved,NumberKilled,NumberInjured,Weather,RdwyConditionCode,HitandRun,DirAnalysisCode,MannerofCollision,RdwyCharacter,LightCondition,RampFromRdwyId,RampToRdwyId,AcceptedDate,IsSecondaryCollision,OwnerBadge,IncidentStatus,
25861413,0568000,LOUISVILLE METRO POLICE DEPT,Accepted,JEFFERSON,I 0064,,,,,,,,,,,38.258245892,-85.740508613,0.162,10/30/2019 12:00:00 AM,1354,2,2,0,1,RAINING,WET,False,OTHER RAMP RELATED COLLISIONS NOT LISTED ABOVE,ANGLE,CURVE & GRADE,DAYLIGHT,I 0064,I 0071,10/31/2019 8:52:31 AM,False,8278,Accepted,
25861422,0568000,LOUISVILLE METRO POLICE DEPT,Accepted,JEFFERSON,I 0065,125,I65N RAMP TO I265N,,,,,,,,,38.110192562,-85.701043275,0.066,10/30/2019 12:00:00 AM,1627,3,3,0,0,RAINING,WET,False,OTHER RAMP RELATED COLLISIONS NOT LISTED ABOVE,REAR END,STRAIGHT & HILLCREST,DAYLIGHT,I 0065,I 0265,10/31/2019 8:53:38 AM,False,7799,Accepted,
25861345,0568000,LOUISVILLE METRO POLICE DEPT,Accepted,JEFFERSON,I 0265,,,,,,,,,,,38.110955951,-85.677669921,0.347,10/30/2019 12:00:00 AM,0725,3,3,0,0,CLOUDY,DRY,False,OTHER RAMP RELATED COLLISIONS NOT LISTED ABOVE,REAR END,STRAIGHT & GRADE,DARK-HWY NOT LIGHTED,KY0061,I 0265,10/31/2019 8:46:01 AM,False,2017,Accepted,
25921708,0568000,LOUISVILLE METRO POLICE DEPT,Accepted,JEFFERSON,I 0264,,,,,,,,,,,38.213810446,-85.666818837,0.022,10/30/2019 12:00:00 AM,1653,2,2,0,0,CLEAR,DRY,False,OTHER RAMP RELATED COLLISIONS NOT LISTED ABOVE,REAR END,STRAIGHT & LEVEL,DAYLIGHT,I 0264,US31E,11/14/2019 8:08:33 AM,False,2228,Accepted,
25861464,0568000,LOUISVILLE METRO POLICE DEPT,Accepted,JEFFERSON,US0031E,,BARDSTOWN,RD,,,,,CEDAR SPRINGS,,CEDARLOOK,38.145762288,-85.585226781,5.234,10/30/2019 12:00:00 AM,1823,2,2,0,0,CLOUDY,WET,True,OTHER ROADWAY OR MID-BLOCK COLLISION,REAR END,STRAIGHT & LEVEL,DUSK,,,10/31/2019 8:58:57 AM,False,6337,Accepted,
25861531,0568000,LOUISVILLE METRO POLICE DEPT,Accepted,JEFFERSON,KY1142,,PALATKA,RD,,,,,,,,38.152589995,-85.789124785,0.740,10/30/2019 12:00:00 AM,2044,2,2,0,0,RAINING,WET,False,OTHER ROADWAY OR MID-BLOCK COLLISION,REAR END,STRAIGHT & HILLCREST,DARK-HWY NOT LIGHTED,,,10/31/2019 9:03:16 AM,False,7362,Accepted,
25861428,0568000,LOUISVILLE METRO POLICE DEPT,Accepted,JEFFERSON,KY0864,4000,POPLAR LEVEL,RD,,,,,,,,38.201052395,-85.709568929,11.719,10/30/2019 12:00:00 AM,1449,2,2,0,0,RAINING,WET,False,OTHER ROADWAY OR MID-BLOCK COLLISION,OPPOSING LEFT TURN,STRAIGHT & LEVEL,DAYLIGHT,,,10/31/2019 8:54:12 AM,False,5290,Accepted,
25861411,0568000,LOUISVILLE METRO POLICE DEPT,Accepted,JEFFERSON,I 0064,,I64 W,,,,,,,,,38.259084943,-85.751098278,4.600,10/30/2019 12:00:00 AM,1320,1,1,0,0,RAINING,WET,False,OTHER ROADWAY OR MID-BLOCK COLLISION,SINGLE VEHICLE,STRAIGHT & LEVEL,DAYLIGHT,,,10/31/2019 8:52:23 AM,False,8278,Accepted,
25861372,0568000,LOUISVILLE METRO POLICE DEPT,Accepted,JEFFERSON,US0031E,,BARDSTOWN,RD,,,,,BRENTLINGER,,WINGFIELD,38.135716594,-85.580387232,4.490,10/30/2019 12:00:00 AM,0922,2,2,0,0,RAINING,WET,False,OTHER ROADWAY OR MID-BLOCK COLLISION,REAR END,STRAIGHT & LEVEL,DAYLIGHT,,,10/31/2019 8:46:37 AM,False,2017,Accepted,
25866185,0568000,LOUISVILLE METRO POLICE DEPT,Accepted,JEFFERSON,,,SANDERS GATE,RD,,,,,DOGWOOD,KY1142,PALATKA,38.154549787,-85.791948176,0.127,10/30/2019 12:00:00 AM,2240,1,1,0,0,RAINING,WET,False,OTHER ROADWAY OR MID-BLOCK COLLISION,SINGLE VEHICLE,CURVE & LEVEL,DARK-HWY LIGHTED/OFF,,,11/1/2019 8:53:40 AM,False,7666,Accepted,
25886338,0568000,LOUISVILLE METRO POLICE DEPT,Accepted,JEFFERSON,I 0064,,I64 E,,,,,,,,,38.272321516,-85.784494913,2.522,10/30/2019 12:00:00 AM,0755,2,2,0,0,RAINING,WET,False,OTHER ROADWAY OR MID-BLOCK COLLISION,REAR END,CURVE & GRADE,DARK-HWY LIGHTED/ON,,,11/6/2019 8:50:36 AM,False,7292,Accepted,
25918236,0561900,AUDUBON PARK POLICE DEPARTMENT,Accepted,JEFFERSON,,1,AUDUBON PLAZA,DR,,,,,,,,38.214463674,-85.722465012,0.042,10/30/2019 12:00:00 AM,1146,1,1,0,0,CLOUDY,DRY,True,COLLISION IN PARKING LOT,SINGLE VEHICLE,STRAIGHT & LEVEL,DAYLIGHT,,,11/13/2019 1:40:59 PM,False,5105,Accepted,
25856793,0568000,LOUISVILLE METRO POLICE DEPT,Accepted,JEFFERSON,KY0864,,FEGENBUSH,LN,,,,,,,,38.138432953,-85.616582356,4.429,10/30/2019 12:00:00 AM,0623,1,1,0,1,CLEAR,DRY,False,COLLISION IN PARKING LOT,SINGLE VEHICLE,STRAIGHT & LEVEL,OTHER,,,10/30/2019 9:17:33 AM,False,7449,Accepted,
25856693,0568000,LOUISVILLE METRO POLICE DEPT,Accepted,JEFFERSON,US0031W,6804,DIXIE,HWY,,,,,,,,38.152278750,-85.836384171,12.207,10/29/2019 12:00:00 AM,1322,2,2,0,0,CLOUDY,DRY,True,COLLISION IN PARKING LOT,BACKING,STRAIGHT & LEVEL,DAYLIGHT,,,10/30/2019 9:09:07 AM,False,7234,Accepted,
25856662,0568000,LOUISVILLE METRO POLICE DEPT,Accepted,JEFFERSON,KY1065,1860,OUTER,LOOP,,,,,,,,38.132172324,-85.727803509,3.723,10/29/2019 12:00:00 AM,0818,2,2,0,0,CLOUDY,DRY,False,COLLISION IN PARKING LOT,SIDESWIPE-SAME DIRECTION,STRAIGHT & LEVEL,DAYLIGHT,,,10/30/2019 9:04:13 AM,False,2017,Accepted,
25856672,0568000,LOUISVILLE METRO POLICE DEPT,Accepted,JEFFERSON,,1000,BECKLEY STATION,RD,N,,,,,,,38.249892136,-85.478908531,0.957,10/29/2019 12:00:00 AM,1505,1,1,0,0,CLOUDY,DRY,False,COLLISION IN PARKING LOT,SINGLE VEHICLE,STRAIGHT & LEVEL,DAYLIGHT,,,10/30/2019 9:06:07 AM,False,6334,Accepted,
25876338,0568000,LOUISVILLE METRO POLICE DEPT,Accepted,JEFFERSON,,3200,LEMMAH,DR,,,,,,,,38.172431006,-85.865945536,,10/29/2019 12:00:00 AM,1540,2,2,0,0,CLEAR,DRY,False,OTHER ROADWAY OR MID-BLOCK COLLISION,REAR END,STRAIGHT & LEVEL,DAYLIGHT,,,11/4/2019 9:42:39 AM,False,7524,Accepted,
25856708,0568000,LOUISVILLE METRO POLICE DEPT,Accepted,JEFFERSON,KY1631,,CRITTENDEN,DR,,,,,BOXLEY,,KFEC GATE4 DR,38.204649093,-85.750748536,1.151,10/29/2019 12:00:00 AM,1301,2,2,0,2,CLOUDY,DRY,False,OTHER ROADWAY OR MID-BLOCK COLLISION,OPPOSING LEFT TURN,STRAIGHT & LEVEL,DAYLIGHT,,,10/30/2019 9:11:59 AM,False,5204,Accepted,
25856667,0568000,LOUISVILLE METRO POLICE DEPT,Accepted,JEFFERSON,I 0065,,I65 N,,,,,,,,,38.169947636,-85.720726958,129.159,10/29/2019 12:00:00 AM,0746,2,2,0,1,CLOUDY,DRY,False,OTHER ROADWAY OR MID-BLOCK COLLISION,REAR END,STRAIGHT & LEVEL,DAYLIGHT,,,10/30/2019 9:05:10 AM,False,4656,Accepted,
25856659,0568000,LOUISVILLE METRO POLICE DEPT,Accepted,JEFFERSON,US0060,10701,SHELBYVILLE,RD,,,,,,,,38.244956062,-85.557714319,8.905,10/29/2019 12:00:00 AM,1203,2,2,0,0,CLOUDY,DRY,False,OTHER ROADWAY OR MID-BLOCK COLLISION,REAR END,STRAIGHT & LEVEL,DAYLIGHT,,,10/30/2019 9:03:52 AM,False,7337,Accepted,
25856760,0568000,LOUISVILLE METRO POLICE DEPT,Accepted,JEFFERSON,I 0065,,,,,,,,,,,38.253012174,-85.750144944,0.072,10/29/2019 12:00:00 AM,2323,2,2,0,0,CLEAR,DRY,False,OTHER RAMP RELATED COLLISIONS NOT LISTED ABOVE,SIDESWIPE-SAME DIRECTION,STRAIGHT & LEVEL,DARK-HWY LIGHTED/ON,I 0065,E JEFFERSON ST,10/30/2019 9:14:06 AM,False,5135,Accepted,
25851001,0568000,LOUISVILLE METRO POLICE DEPT,Accepted,JEFFERSON,I 0264,,,,,,,,,,,38.191666770,-85.750852214,0.246,10/29/2019 12:00:00 AM,0711,2,2,0,0,CLOUDY,DRY,True,OTHER RAMP RELATED COLLISIONS NOT LISTED ABOVE,SIDESWIPE-SAME DIRECTION,CURVE & LEVEL,DARK-HWY LIGHTED/ON,I 0264,CRITTENDEN DR,10/29/2019 8:33:29 AM,False,7872,Accepted,
25891638,0568000,LOUISVILLE METRO POLICE DEPT,Accepted,JEFFERSON,I 0064,,,,,,,,,,,38.259044982,-85.753981516,0.194,10/29/2019 12:00:00 AM,0736,2,2,0,0,CLEAR,DRY,False,OTHER RAMP RELATED COLLISIONS NOT LISTED ABOVE,REAR END,STRAIGHT & GRADE,DAYLIGHT,I 0064,N  3RD ST,11/7/2019 8:32:18 AM,False,5173,Accepted,
25856735,0568000,LOUISVILLE METRO POLICE DEPT,Accepted,JEFFERSON,I 0265,,,,,,,,,,,38.270625133,-85.499078965,0.351,10/29/2019 12:00:00 AM,1726,2,2,0,0,CLOUDY,DRY,False,OTHER RAMP RELATED COLLISIONS NOT LISTED ABOVE,REAR END,CURVE & LEVEL,DAYLIGHT,I 0265,KY3084,10/30/2019 9:12:24 AM,False,6334,Accepted,
25856674,0568000,LOUISVILLE METRO POLICE DEPT,Accepted,JEFFERSON,US0150,,BROADWAY,,E,,,,CLAY,KY0864,SHELBY,38.244812182,-85.740657333,3.348,10/29/2019 12:00:00 AM,0903,2,2,0,0,CLOUDY,DRY,False,1 VEHICLE ENTERING/LEAVING ENTRANCE,ANGLE,STRAIGHT & LEVEL,DAYLIGHT,,,10/30/2019 9:06:18 AM,False,2403,Accepted,
25856741,0568000,LOUISVILLE METRO POLICE DEPT,Accepted,JEFFERSON,,,CHAMBERLAIN,LN,,,,,,,,38.298437832,-85.541403448,2.044,10/29/2019 12:00:00 AM,1620,2,2,0,1,CLOUDY,DRY,False,1 VEHICLE ENTERING/LEAVING ENTRANCE,ANGLE,STRAIGHT & LEVEL,DAYLIGHT,,,10/30/2019 9:13:11 AM,False,6830,Accepted,
25856740,0568000,LOUISVILLE METRO POLICE DEPT,Accepted,JEFFERSON,,,ST CATHERINE,ST,W,KY1020,3RD,,,,,38.237234021,-85.758248428,0.182,10/29/2019 12:00:00 AM,1332,2,2,0,0,CLEAR,DRY,False,VEHICLE BACKING NON INTERSECTION,BACKING,STRAIGHT & LEVEL,DAYLIGHT,,,10/30/2019 9:13:03 AM,False,5213,Accepted,
25856688,0568000,LOUISVILLE METRO POLICE DEPT,Accepted,JEFFERSON,,,MCCAWLEY,RD,,,,,,,,38.143797833,-85.674749956,0.845,10/29/2019 12:00:00 AM,1401,2,2,0,0,CLOUDY,DRY,False,OTHER ROADWAY OR MID-BLOCK COLLISION,REAR END,STRAIGHT & LEVEL,DAYLIGHT,,,10/30/2019 9:08:04 AM,False,4693,Accepted,
25856696,0568000,LOUISVILLE METRO POLICE DEPT,Accepted,JEFFERSON,I 0264,,I264 W,,,,,I 0264,I264 W EXIT18B OFF RAMP TO KY1932 N,I 0064,I64 W EXIT19 RAMP TO I64,38.231666432,-85.630389479,18.290,10/29/2019 12:00:00 AM,1640,1,1,0,0,CLOUDY,DRY,False,OTHER ROADWAY OR MID-BLOCK COLLISION,SINGLE VEHICLE,STRAIGHT & LEVEL,DAYLIGHT,,,10/30/2019 9:09:52 AM,False,6406,Accepted,
25856638,0568000,LOUISVILLE METRO POLICE DEPT,Accepted,JEFFERSON,I 0065,,I65 N,,,,,,,,,38.143867695,-85.710371085,127.244,10/29/2019 12:00:00 AM,0836,2,2,0,0,CLOUDY,DRY,False,OTHER ROADWAY OR MID-BLOCK COLLISION,REAR END,STRAIGHT & LEVEL,DAYLIGHT,,,10/30/2019 9:00:08 AM,True,4903,Accepted,
25856661,0568000,LOUISVILLE METRO POLICE DEPT,Accepted,JEFFERSON,KY0864,,FEGENBUSH,LN,,,,,LORENZO,,NORLYNN,38.145520702,-85.627841006,5.216,10/29/2019 12:00:00 AM,0651,2,2,0,0,CLOUDY,DRY,False,OTHER ROADWAY OR MID-BLOCK COLLISION,REAR END,STRAIGHT & LEVEL,DAYLIGHT,,,10/30/2019 9:04:05 AM,False,2017,Accepted,
25856678,0568000,LOUISVILLE METRO POLICE DEPT,Accepted,JEFFERSON,KY1934,4441,CANE RUN,RD,,,,,RICHMONT,,SHANKS,38.195956723,-85.841543531,8.851,10/29/2019 12:00:00 AM,1255,2,2,0,2,CLEAR,DRY,False,1 VEHICLE ENTERING/LEAVING ENTRANCE,ANGLE,STRAIGHT & LEVEL,DAYLIGHT,,,10/30/2019 9:06:34 AM,False,7420,Accepted,
25861433,0568000,LOUISVILLE METRO POLICE DEPT,Accepted,JEFFERSON,I 0065,,I65 N,,,,,,,,,38.169541209,-85.720836148,129.131,10/29/2019 12:00:00 AM,0802,2,2,0,1,CLOUDY,DRY,False,SIDESWIPE COLLISION - SAME DIRECTION,SIDESWIPE-SAME DIRECTION,STRAIGHT & LEVEL,DAYLIGHT,,,10/31/2019 8:55:09 AM,False,4656,Accepted,
25856656,0568000,LOUISVILLE METRO POLICE DEPT,Accepted,JEFFERSON,US0060,,FRANKFORT,AVE,,,,,,,,38.254740150,-85.691245720,1.569,10/29/2019 12:00:00 AM,0904,2,2,0,0,CLEAR,DRY,False,SIDESWIPE COLLISION - SAME DIRECTION,SIDESWIPE-SAME DIRECTION,STRAIGHT & LEVEL,DAYLIGHT,,,10/30/2019 9:03:26 AM,False,5289,Accepted,
25917107,0568000,LOUISVILLE METRO POLICE DEPT,Accepted,JEFFERSON,US0150,,22ND,ST,N,,,,,,,38.261315371,-85.786074183,0.645,10/29/2019 12:00:00 AM,1445,2,2,0,0,CLEAR,DRY,True,OTHER COLLISIONS ON SHOULDER,SIDESWIPE-SAME DIRECTION,STRAIGHT & LEVEL,DAYLIGHT,,,11/13/2019 10:00:13 AM,False,7288,Accepted,
25856666,0568000,LOUISVILLE METRO POLICE DEPT,Accepted,JEFFERSON,I 0065,,I65 N,,,,,,,,,38.121116260,-85.701565299,125.504,10/29/2019 12:00:00 AM,0635,2,2,0,1,CLOUDY,DRY,False,REAR END IN TRAFFIC LANES BOTH VEHICLES MOVING,REAR END,STRAIGHT & LEVEL,DARK-HWY LIGHTED/ON,,,10/30/2019 9:05:00 AM,False,4656,Accepted,
25856631,0568000,LOUISVILLE METRO POLICE DEPT,Accepted,JEFFERSON,I 0064,,I64 E,,,,,,,,,38.275000821,-85.789980823,2.161,10/29/2019 12:00:00 AM,0657,2,2,0,1,CLOUDY,DRY,False,REAR END IN TRAFFIC LANES BOTH VEHICLES MOVING,REAR END,STRAIGHT & LEVEL,DARK-HWY LIGHTED/ON,,,10/30/2019 8:59:51 AM,False,4903,Accepted,
25851000,0568000,LOUISVILLE METRO POLICE DEPT,Accepted,JEFFERSON,KY1703,,NEWBURG,RD,,,,,,,,38.203641543,-85.691371898,2.436,10/29/2019 12:00:00 AM,0718,2,2,0,0,CLEAR,DRY,False,REAR END IN TRAFFIC LANES BOTH VEHICLES MOVING,REAR END,STRAIGHT & GRADE,DARK-HWY LIGHTED/ON,,,10/29/2019 8:33:03 AM,False,2278,Accepted,
25856707,0568000,LOUISVILLE METRO POLICE DEPT,Accepted,JEFFERSON,I 0065,,I65 S,,,,,,,I 0065,I65 S EXIT135 OFF RAMP TO  E SAINT CATHERINE ST,38.239524525,-85.753314279,134.775,10/29/2019 12:00:00 AM,1700,2,2,0,0,CLOUDY,DRY,False,REAR END IN TRAFFIC LANES BOTH VEHICLES MOVING,REAR END,STRAIGHT & LEVEL,DAYLIGHT,,,10/30/2019 9:11:50 AM,False,7418,Accepted,
25856682,0568000,LOUISVILLE METRO POLICE DEPT,Accepted,JEFFERSON,KY0022,,BROWNSBORO,RD,,,,,WARRINGTON,,CROSSGATE,38.281710979,-85.631977227,0.180,10/29/2019 12:00:00 AM,0722,2,2,0,0,CLEAR,DRY,False,REAR END IN TRAFFIC LANES BOTH VEHICLES MOVING,REAR END,STRAIGHT & LEVEL,DARK (UNKNOWN ROADWAY LIGHTING),,,10/30/2019 9:06:52 AM,False,6929,Accepted,
25861375,0568000,LOUISVILLE METRO POLICE DEPT,Accepted,JEFFERSON,I 0071,,I71 S,,,,,I 0071,I71 TURN AROUND8,I 0071,I71 TURN AROUND6,38.308975851,-85.593260066,8.335,10/29/2019 12:00:00 AM,0724,3,3,0,1,CLOUDY,DRY,False,REAR END IN TRAFFIC LANES BOTH VEHICLES MOVING,REAR END,STRAIGHT & GRADE,DAWN,,,10/31/2019 8:47:08 AM,False,7840,Accepted,
25858583,0560300,ST. MATTHEWS POLICE DEPARTMENT,Accepted,JEFFERSON,US0060,5005,SHELBYVILLE,RD,,,,,,,,38.250116475,-85.620904637,5.450,10/29/2019 12:00:00 AM,1810,2,2,0,0,CLEAR,DRY,False,REAR END IN TRAFFIC LANES BOTH VEHICLES MOVING,REAR END,STRAIGHT & LEVEL,DAYLIGHT,,,10/30/2019 3:30:53 PM,False,9160,Accepted,
25856691,0568000,LOUISVILLE METRO POLICE DEPT,Accepted,JEFFERSON,,,JEFFERSON,ST,E,KY0061,PRESTON,,,,,38.252764445,-85.747033343,0.774,10/29/2019 12:00:00 AM,1119,2,2,0,1,CLEAR,DRY,False,SIDESWIPE-SAME DIRECTION,SIDESWIPE-SAME DIRECTION,STRAIGHT & LEVEL,DAYLIGHT,,,10/30/2019 9:08:46 AM,False,5249,Accepted,
25856692,0568000,LOUISVILLE METRO POLICE DEPT,Accepted,JEFFERSON,,,BROOK,ST,S,US0150,BROADWAY,,,,,38.245626104,-85.751702841,2.854,10/29/2019 12:00:00 AM,1219,2,2,0,0,CLEAR,DRY,False,SIDESWIPE-SAME DIRECTION,SIDESWIPE-SAME DIRECTION,STRAIGHT & LEVEL,DAYLIGHT,,,10/30/2019 9:08:56 AM,False,5249,Accepted,
25856615,0568000,LOUISVILLE METRO POLICE DEPT,Accepted,JEFFERSON,US0150,,22ND,ST,N,,PORTLAND,,,,,38.268419003,-85.782532337,0.122,10/29/2019 12:00:00 AM,0725,2,2,0,0,CLEAR,DRY,False,SIDESWIPE-SAME DIRECTION,SIDESWIPE-SAME DIRECTION,STRAIGHT & LEVEL,DAWN,,,10/30/2019 8:58:55 AM,False,5108,Accepted,
25850968,0568000,LOUISVILLE METRO POLICE DEPT,Accepted,JEFFERSON,KY1934,,CANE RUN,RD,,,ROCKFORD,,,,,38.183642032,-85.855365843,7.733,10/29/2019 12:00:00 AM,0510,2,2,0,0,CLOUDY,DRY,False,SIDESWIPE-SAME DIRECTION,SIDESWIPE-SAME DIRECTION,STRAIGHT & LEVEL,DARK-HWY LIGHTED/ON,,,10/29/2019 8:24:50 AM,False,5212,Accepted,
25856090,0566700,MIDDLETOWN POLICE DEPARTMENT,Accepted,JEFFERSON,,,AIKEN,RD,,,,,AVOCA,,INTEGRAL,38.255721167,-85.502993539,1.149,10/29/2019 12:00:00 AM,0815,1,1,0,0,CLEAR,DRY,False,COLLISION WITH ANIMAL NON INTERSECTION,SINGLE VEHICLE,STRAIGHT & HILLCREST,DAWN,,,10/30/2019 7:42:12 AM,False,2007,Accepted,
25856684,0568000,LOUISVILLE METRO POLICE DEPT,Accepted,JEFFERSON,,5107,MARYVIEW,DR,,,,,,,,38.162805794,-85.820702285,0.039,10/29/2019 12:00:00 AM,0816,1,1,0,0,CLOUDY,DRY,True,COLLISION WITH FIXED OBJECT NON - INTERSECTION - FIRST EVENT COLLISION 09 - 32 EXCLUDING 16,SINGLE VEHICLE,CURVE & LEVEL,DAWN,,,10/30/2019 9:07:07 AM,False,5257,Accepted,
25876444,0568000,LOUISVILLE METRO POLICE DEPT,Accepted,JEFFERSON,US0031E,3500,BARDSTOWN,RD,,,,,,,,38.204920491,-85.666246979,11.519,10/29/2019 12:00:00 AM,1709,1,1,0,0,CLEAR,DRY,False,COLLISION WITH FIXED OBJECT NON - INTERSECTION - FIRST EVENT COLLISION 09 - 32 EXCLUDING 16,SINGLE VEHICLE,STRAIGHT & LEVEL,DAYLIGHT,,,11/4/2019 9:49:15 AM,False,7448,Accepted,
25856733,0568000,LOUISVILLE METRO POLICE DEPT,Accepted,JEFFERSON,,1948,DUKER,AVE,,,,,,,,38.230034725,-85.703954011,0.016,10/29/2019 12:00:00 AM,1541,2,2,0,0,CLEAR,DRY,False,1 VEHICLE PARKED POSITION (NOT PARKING LOT/DRIVEWAY),ANGLE,STRAIGHT & HILLCREST,DAYLIGHT,,,10/30/2019 9:12:06 AM,False,7960,Accepted,
25856683,0568000,LOUISVILLE METRO POLICE DEPT,Accepted,JEFFERSON,KY0061,550,JACKSON,ST,S,,,,CHESTNUT,,MUHAMMAD ALI,38.249184718,-85.744944755,12.570,10/29/2019 12:00:00 AM,1255,2,2,0,0,CLOUDY,DRY,False,1 VEHICLE PARKED POSITION (NOT PARKING LOT/DRIVEWAY),SIDESWIPE-SAME DIRECTION,STRAIGHT & LEVEL,DAYLIGHT,,,10/30/2019 9:06:58 AM,False,2406,Accepted,
25856763,0568000,LOUISVILLE METRO POLICE DEPT,Accepted,JEFFERSON,,1620,CHESTNUT,ST,W,,,,16TH,,17TH,38.251247293,-85.778563502,1.227,10/29/2019 12:00:00 AM,2014,3,3,0,0,CLEAR,DRY,True,1 VEHICLE PARKED POSITION (NOT PARKING LOT/DRIVEWAY),REAR END,STRAIGHT & LEVEL,DARK-HWY LIGHTED/ON,,,10/30/2019 9:14:36 AM,False,7253,Accepted,
25856695,0568000,LOUISVILLE METRO POLICE DEPT,Accepted,JEFFERSON,,671,42ND,ST,S,,,,,,,38.252113067,-85.822461434,0.696,10/29/2019 12:00:00 AM,1657,2,2,0,0,CLEAR,DRY,False,1 VEHICLE PARKED POSITION (NOT PARKING LOT/DRIVEWAY),REAR END,STRAIGHT & LEVEL,DAYLIGHT,,,10/30/2019 9:09:37 AM,False,5243,Accepted,
25856630,0568000,LOUISVILLE METRO POLICE DEPT,Accepted,JEFFERSON,KY0061,931,JACKSON,ST,S,,,,BRECKINRIDGE,,CALDWELL,38.239408487,-85.746578331,11.890,10/29/2019 12:00:00 AM,0921,2,2,0,0,CLEAR,DRY,True,1 VEHICLE PARKED POSITION (NOT PARKING LOT/DRIVEWAY),SIDESWIPE-SAME DIRECTION,STRAIGHT & LEVEL,UNKNOWN,,,10/30/2019 8:59:42 AM,False,7391,Accepted,
25856737,0568000,LOUISVILLE METRO POLICE DEPT,Accepted,JEFFERSON,,,KENTUCKY,ST,E,,HANCOCK,,,,,38.237334365,-85.744866657,0.535,10/29/2019 12:00:00 AM,1710,2,2,0,0,CLOUDY,DRY,True,OTHER INTERSECTION COLLISIONS,REAR END,STRAIGHT & LEVEL,DAYLIGHT,,,10/30/2019 9:12:40 AM,False,7407,Accepted,
25856670,0568000,LOUISVILLE METRO POLICE DEPT,Accepted,JEFFERSON,,,7TH,ST,S,,HILL,,,,,38.226760266,-85.768999291,0.658,10/29/2019 12:00:00 AM,1406,2,2,0,0,CLEAR,DRY,False,OTHER INTERSECTION COLLISIONS,REAR END,STRAIGHT & LEVEL,DAYLIGHT,,,10/30/2019 9:05:53 AM,False,7433,Accepted,
25856658,0568000,LOUISVILLE METRO POLICE DEPT,Accepted,JEFFERSON,US0060,,SHELBYVILLE,RD,,,LA FONTENAY,,,,,38.245078202,-85.559218227,8.827,10/29/2019 12:00:00 AM,1158,2,2,0,0,CLOUDY,DRY,False,OTHER INTERSECTION COLLISIONS,REAR END,STRAIGHT & LEVEL,DAYLIGHT,,,10/30/2019 9:03:44 AM,False,7337,Accepted,
25856639,0568000,LOUISVILLE METRO POLICE DEPT,Accepted,JEFFERSON,KY1020,,SOUTHERN,PKWY,,,WOODLAWN,,,,,38.181837754,-85.768426336,7.839,10/29/2019 12:00:00 AM,0742,3,3,0,0,CLOUDY,DRY,True,OTHER INTERSECTION COLLISIONS,REAR END,STRAIGHT & LEVEL,DAYLIGHT,,,10/30/2019 9:00:20 AM,False,7472,Accepted,
25856759,0568000,LOUISVILLE METRO POLICE DEPT,Accepted,JEFFERSON,US0031W,,DIXIE,HWY,,,ELEENA,,,,,38.018591767,-85.920879409,1.666,10/29/2019 12:00:00 AM,2308,1,1,0,1,CLEAR,DRY,False,OTHER INTERSECTION COLLISIONS,SINGLE VEHICLE,CURVE & HILLCREST,DARK-HWY NOT LIGHTED,,,10/30/2019 9:13:59 AM,False,5103,Accepted,
25856676,0568000,LOUISVILLE METRO POLICE DEPT,Accepted,JEFFERSON,,,JEFFERSON,ST,W,,8TH,,,,,38.254525520,-85.763196327,0.612,10/29/2019 12:00:00 AM,1327,2,2,0,0,CLEAR,DRY,False,OTHER INTERSECTION COLLISIONS,REAR END,STRAIGHT & LEVEL,DAYLIGHT,,,10/30/2019 9:06:25 AM,False,5168,Accepted,
25856689,0568000,LOUISVILLE METRO POLICE DEPT,Accepted,JEFFERSON,,,GRADE,LN,,KY1065,OUTER,,,,,38.130014224,-85.737498558,0.032,10/29/2019 12:00:00 AM,1604,2,2,0,0,CLOUDY,DRY,False,OTHER INTERSECTION COLLISIONS,REAR END,CURVE & GRADE,DAYLIGHT,,,10/30/2019 9:08:26 AM,False,4693,Accepted,
25856690,0568000,LOUISVILLE METRO POLICE DEPT,Accepted,JEFFERSON,,,GOLDSMITH,LN,,US0031E,BARDSTOWN,,,,,38.208637731,-85.668802700,1.067,10/29/2019 12:00:00 AM,1411,2,2,0,0,CLEAR,DRY,False,OTHER INTERSECTION COLLISIONS,REAR END,STRAIGHT & LEVEL,DAYLIGHT,,,10/30/2019 9:08:36 AM,False,7540,Accepted,
25856657,0568000,LOUISVILLE METRO POLICE DEPT,Accepted,JEFFERSON,KY1747,,FERN VALLEY,RD,,KY6319,SIGNATURE,,,,,38.157279325,-85.714558962,0.966,10/29/2019 12:00:00 AM,1107,2,2,0,0,CLOUDY,DRY,True,OTHER INTERSECTION COLLISIONS,REAR END,STRAIGHT & GRADE,DAYLIGHT,,,10/30/2019 9:03:37 AM,False,7872,Accepted,