IncidentID,AgencyORI,AgencyName,IncidentStatusDesc,County,RdwyNumber,Street,RoadwayName,StreetSfx,StreetDir,IntersectionRdwy,IntersectionRdwyName,BetweenStRdwy1,BetweenStRdwyName1,BetweenStRdwy2,BetweenStRdwyName2,Latitude,Longitude,Milepoint,CollisionDate,CollisionTime,UnitsInvolved,MotorVehiclesInvolved,NumberKilled,NumberInjured,Weather,RdwyConditionCode,HitandRun,DirAnalysisCode,MannerofCollision,RdwyCharacter,LightCondition,RampFromRdwyId,RampToRdwyId,AcceptedDate,IsSecondaryCollision,OwnerBadge,IncidentStatus,
25856736,0568000,LOUISVILLE METRO POLICE DEPT,Accepted,JEFFERSON,I 0065,,I65 N,,,I 0065,I65 N EXIT132 ON RAMP FROM  CRITTENDEN DR,,,,,38.206672523,-85.747461550,132.342,10/29/2019 12:00:00 AM,1334,2,2,0,0,CLOUDY,DRY,False,OTHER INTERSECTION COLLISIONS,REAR END,CURVE & GRADE,DAYLIGHT,,,10/30/2019 9:12:30 AM,False,7407,Accepted,
25912521,0568000,LOUISVILLE METRO POLICE DEPT,Accepted,JEFFERSON,US0031E,,BARDSTOWN,RD,,,GOLDSMITH,,,,,38.208316048,-85.668814290,11.760,10/29/2019 12:00:00 AM,1507,2,1,0,1,CLOUDY,DRY,False,OTHER INTERSECTION COLLISIONS,REAR END,STRAIGHT & LEVEL,DAYLIGHT,,,11/12/2019 11:13:21 AM,False,7482,Accepted,
25891776,0568000,LOUISVILLE METRO POLICE DEPT,Accepted,JEFFERSON,KY1934,,CANE RUN,RD,,,SHANKS,,,,,38.195500260,-85.842562500,8.794,10/29/2019 12:00:00 AM,0003,2,2,0,0,CLEAR,DRY,False,OTHER INTERSECTION COLLISIONS,REAR END,STRAIGHT & LEVEL,DARK-HWY LIGHTED/ON,,,11/7/2019 8:48:22 AM,False,5160,Accepted,
25856738,0568000,LOUISVILLE METRO POLICE DEPT,Accepted,JEFFERSON,KY2056,,BELLS,LN,,,35TH,,,,,38.221398028,-85.814453889,1.477,10/29/2019 12:00:00 AM,1646,2,2,0,0,CLOUDY,DRY,False,OPPOSITE DIRECTION - BOTH VEHICLES GOING STRAIGHT AHEAD,SIDESWIPE-OPPOSITE DIRECTION,STRAIGHT & LEVEL,DAYLIGHT,,,10/30/2019 9:12:46 AM,False,2569,Accepted,
25876317,0568000,LOUISVILLE METRO POLICE DEPT,Accepted,JEFFERSON,KY0022C,,SEMINARY,DR,,KY0022,BROWNSBORO,,,,,38.288430094,-85.621047499,0.519,10/29/2019 12:00:00 AM,1920,2,2,0,0,CLEAR,DRY,True,SIDESWIPE-SAME DIRECTION,SIDESWIPE-SAME DIRECTION,CURVE & LEVEL,DUSK,,,11/4/2019 9:40:21 AM,False,5030,Accepted,
25856642,0568000,LOUISVILLE METRO POLICE DEPT,Accepted,JEFFERSON,,,CENTRAL,AVE,,KY1020,3RD,,,,,38.204736012,-85.763906927,0.352,10/29/2019 12:00:00 AM,1130,2,2,0,0,CLOUDY,DRY,False,VEHICLE BACKING IN INTERSECTION,BACKING,STRAIGHT & GRADE,DAYLIGHT,,,10/30/2019 9:01:49 AM,False,7872,Accepted,
25856706,0568000,LOUISVILLE METRO POLICE DEPT,Accepted,JEFFERSON,KY0146,,LA GRANGE,RD,,,NELSON MILLER,,,,,38.280820584,-85.515731105,6.972,10/29/2019 12:00:00 AM,1746,2,2,0,0,CLOUDY,DRY,False,OPPOSING LEFT TURN,OPPOSING LEFT TURN,STRAIGHT & HILLCREST,DAYLIGHT,,,10/30/2019 9:11:36 AM,False,7337,Accepted,
25856686,0568000,LOUISVILLE METRO POLICE DEPT,Accepted,JEFFERSON,KY0864,,POPLAR LEVEL,RD,,,JEFFERSON,,,,,38.160060323,-85.671362753,8.058,10/29/2019 12:00:00 AM,0729,2,2,0,0,CLEAR,DRY,False,OPPOSING LEFT TURN,OPPOSING LEFT TURN,STRAIGHT & LEVEL,DAYLIGHT,,,10/30/2019 9:07:28 AM,False,7451,Accepted,
25856665,0568000,LOUISVILLE METRO POLICE DEPT,Accepted,JEFFERSON,KY0864,,LOGAN,ST,,,KENTUCKY,,,,,38.236238482,-85.739450459,14.830,10/29/2019 12:00:00 AM,1235,2,2,0,0,CLOUDY,DRY,False,ANGLE COLLISION - OTHER,ANGLE,STRAIGHT & LEVEL,DAYLIGHT,,,10/30/2019 9:04:43 AM,False,7391,Accepted,
25861336,0568000,LOUISVILLE METRO POLICE DEPT,Accepted,JEFFERSON,,,WOODLAWN,AVE,W,,3RD,,,,,38.181569860,-85.766218665,0.778,10/29/2019 12:00:00 AM,1108,2,2,0,0,CLOUDY,DRY,False,ANGLE COLLISION - OTHER,ANGLE,STRAIGHT & LEVEL,DAYLIGHT,,,10/31/2019 8:45:27 AM,False,7944,Accepted,
25856762,0568000,LOUISVILLE METRO POLICE DEPT,Accepted,JEFFERSON,,,INDIAN,TRL,E,,WARWICKSHIRE,,,,,38.168689352,-85.702150718,0.239,10/29/2019 12:00:00 AM,0900,2,2,0,0,CLEAR,DRY,False,ANGLE COLLISION - OTHER,ANGLE,STRAIGHT & LEVEL,DARK-HWY LIGHTED/ON,,,10/30/2019 9:14:28 AM,False,5165,Accepted,
25856705,0568000,LOUISVILLE METRO POLICE DEPT,Accepted,JEFFERSON,,,HITE,AVE,N,,CHICKASAW,,,,,38.259812711,-85.698732153,0.460,10/29/2019 12:00:00 AM,0919,2,2,0,0,CLEAR,DRY,False,ANGLE COLLISION - OTHER,ANGLE,STRAIGHT & HILLCREST,DAYLIGHT,,,10/30/2019 9:11:18 AM,False,7833,Accepted,
25856660,0568000,LOUISVILLE METRO POLICE DEPT,Accepted,JEFFERSON,KY1747,,HURSTBOURNE,PKWY,S,,STONY BROOK,,,,,38.171146907,-85.604351273,7.635,10/29/2019 12:00:00 AM,0656,2,2,0,0,CLOUDY,DRY,False,ANGLE COLLISION - ONE VEHICLE TURNING LEFT,ANGLE,STRAIGHT & GRADE,DARK-HWY NOT LIGHTED,,,10/30/2019 9:03:58 AM,False,2017,Accepted,
25876541,0568000,LOUISVILLE METRO POLICE DEPT,Accepted,JEFFERSON,,,CHESTNUT,ST,E,,FLOYD,,,,,38.248054224,-85.749581274,0.183,10/29/2019 12:00:00 AM,1906,2,2,0,0,CLEAR,DRY,True,COLLISION WITH PARKED VEHICLE,SIDESWIPE-SAME DIRECTION,STRAIGHT & LEVEL,DARK-HWY LIGHTED/ON,,,11/4/2019 9:56:23 AM,False,7386,Accepted,
25850992,0568000,LOUISVILLE METRO POLICE DEPT,Accepted,JEFFERSON,,,DATURA,LN,,KY1931,GREENWOOD,,,,,38.144220773,-85.854988341,0.004,10/29/2019 12:00:00 AM,0705,2,1,0,1,CLEAR,DRY,False,COLLISION WITH PEDESTRIAN IN INTERSECTION,SINGLE VEHICLE,STRAIGHT & LEVEL,DARK-HWY LIGHTED/ON,,,10/29/2019 8:28:37 AM,False,7073,Accepted,
25856734,0568000,LOUISVILLE METRO POLICE DEPT,Accepted,JEFFERSON,KY2048,,CANNONS,LN,,,KLEMPNER,,,,,38.225438511,-85.651845783,0.406,10/28/2019 12:00:00 AM,1719,2,1,0,1,CLEAR,DRY,False,COLLISION WITH BICYCLE IN INTERSECTION,SINGLE VEHICLE,STRAIGHT & LEVEL,DAYLIGHT,,,10/30/2019 9:12:14 AM,False,5275,Accepted,
25856628,0568000,LOUISVILLE METRO POLICE DEPT,Accepted,JEFFERSON,,,MARY,ST,,,SWAN,,,,,38.233928529,-85.737094931,0.188,10/28/2019 12:00:00 AM,1715,1,1,0,1,CLEAR,DRY,False,NON-COLLISION OBJECT COLLISION,SINGLE VEHICLE,STRAIGHT & HILLCREST,DAYLIGHT,,,10/30/2019 8:59:35 AM,False,7391,Accepted,
25850689,0568000,LOUISVILLE METRO POLICE DEPT,Accepted,JEFFERSON,,,HOERTZ,AVE,,,ASH,,,,,38.226939577,-85.737283936,0.077,10/28/2019 12:00:00 AM,1403,2,2,0,0,CLEAR,DRY,False,COLLISION WITH PARKED VEHICLE,SIDESWIPE-SAME DIRECTION,STRAIGHT & LEVEL,DAYLIGHT,,,10/29/2019 8:00:51 AM,False,7391,Accepted,
25847683,0568000,LOUISVILLE METRO POLICE DEPT,Accepted,JEFFERSON,KY0864,,POPLAR LEVEL,RD,,,GARDINER,,,,,38.192683079,-85.706014337,11.093,10/28/2019 12:00:00 AM,0424,2,1,0,0,CLEAR,DRY,False,COLLISION WITH PARKED VEHICLE,OPPOSING LEFT TURN,STRAIGHT & LEVEL,DARK-HWY LIGHTED/ON,,,10/28/2019 3:31:16 PM,True,5265,Accepted,
25953571,0568000,LOUISVILLE METRO POLICE DEPT,Accepted,JEFFERSON,,,FORDHAVEN,RD,,,ST ANTHONY CHURCH,,,,,38.148116865,-85.818172089,0.084,10/28/2019 12:00:00 AM,1533,2,2,0,0,CLEAR,DRY,False,ANGLE COLLISION - ONE VEHICLE TURNING LEFT,ANGLE,STRAIGHT & GRADE,DAYLIGHT,,,11/21/2019 8:24:16 AM,False,5280,Accepted,
25850933,0568000,LOUISVILLE METRO POLICE DEPT,Accepted,JEFFERSON,KY1447,,WESTPORT,RD,,KY1747,HURSTBOURNE,,,,,38.287636045,-85.572220936,5.245,10/28/2019 12:00:00 AM,2217,2,2,0,0,CLEAR,DRY,False,ANGLE COLLISION - ONE VEHICLE TURNING LEFT,ANGLE,STRAIGHT & LEVEL,DUSK,,,10/29/2019 8:18:05 AM,False,5030,Accepted,
25856643,0568000,LOUISVILLE METRO POLICE DEPT,Accepted,JEFFERSON,,,COOPER CHAPEL,RD,,,PRICE,,,,,38.104645397,-85.649649300,1.318,10/28/2019 12:00:00 AM,1520,2,2,0,0,CLEAR,DRY,False,ANGLE COLLISION - ONE VEHICLE TURNING LEFT,ANGLE,STRAIGHT & LEVEL,DAYLIGHT,,,10/30/2019 9:02:02 AM,False,4693,Accepted,
25850728,0568000,LOUISVILLE METRO POLICE DEPT,Accepted,JEFFERSON,US0031W,,22ND,ST,S,,BROADWAY,,,,,38.249269099,-85.788226417,19.555,10/28/2019 12:00:00 AM,1700,2,2,0,0,CLEAR,DRY,False,ANGLE COLLISION - OTHER,ANGLE,STRAIGHT & LEVEL,DAYLIGHT,,,10/29/2019 8:04:43 AM,False,7988,Accepted,
25850680,0568000,LOUISVILLE METRO POLICE DEPT,Accepted,JEFFERSON,KY2048,,CANNONS,LN,,,PEE WEE REESE,,,,,38.246293041,-85.664311710,2.090,10/28/2019 12:00:00 AM,1051,2,2,0,0,CLEAR,DRY,False,ANGLE COLLISION - OTHER,ANGLE,STRAIGHT & LEVEL,DAYLIGHT,,,10/29/2019 7:59:29 AM,False,7043,Accepted,
25856635,0568000,LOUISVILLE METRO POLICE DEPT,Accepted,JEFFERSON,US0042,,STORY,AVE,,I 0064,I64 E EXIT7 OFF RAMP TO  STORY AVE,,,,,38.257857066,-85.723691567,0.534,10/28/2019 12:00:00 AM,1639,2,2,0,0,CLEAR,DRY,False,ANGLE COLLISION - OTHER,ANGLE,STRAIGHT & LEVEL,DAYLIGHT,,,10/30/2019 8:59:59 AM,False,7944,Accepted,
25876238,0568000,LOUISVILLE METRO POLICE DEPT,Accepted,JEFFERSON,KY1819,,BILLTOWN,RD,,I 0265,I265 W EXIT19 ON RAMP FROM KY1819 N,,,,,38.147665336,-85.546665351,5.281,10/28/2019 12:00:00 AM,0726,2,2,0,2,FOG,DRY,False,ANGLE COLLISION - OTHER,ANGLE,STRAIGHT & LEVEL,DARK-HWY NOT LIGHTED,,,11/4/2019 9:34:14 AM,False,7772,Accepted,
25850658,0568000,LOUISVILLE METRO POLICE DEPT,Accepted,JEFFERSON,,,19TH,ST,S,,CEDAR,,,,,38.255206461,-85.782120597,0.284,10/28/2019 12:00:00 AM,0906,2,2,0,1,FOG,DRY,False,ANGLE COLLISION - OTHER,ANGLE,STRAIGHT & LEVEL,OTHER,,,10/29/2019 7:56:57 AM,False,7988,Accepted,
25850668,0568000,LOUISVILLE METRO POLICE DEPT,Accepted,JEFFERSON,,,LANDSIDE,DR,,KY1932,BRECKENRIDGE,,,,,38.200412027,-85.623558905,0.403,10/28/2019 12:00:00 AM,0857,2,2,0,0,CLEAR,DRY,False,ANGLE COLLISION - OTHER,ANGLE,STRAIGHT & LEVEL,DAYLIGHT,,,10/29/2019 7:57:57 AM,False,7448,Accepted,
25856648,0568000,LOUISVILLE METRO POLICE DEPT,Accepted,JEFFERSON,KY0155,,TAYLORSVILLE,RD,,,CARRINGTON GREENE,,,,,38.186408969,-85.531289780,7.294,10/28/2019 12:00:00 AM,1607,2,2,0,0,CLEAR,DRY,False,ANGLE COLLISION - OTHER,ANGLE,STRAIGHT & LEVEL,DAYLIGHT,,,10/30/2019 9:02:36 AM,False,4693,Accepted,
25850965,0568000,LOUISVILLE METRO POLICE DEPT,Accepted,JEFFERSON,KY2803,,ARTHUR,ST,,,BRANDEIS,,,,,38.218373006,-85.752824827,,10/28/2019 12:00:00 AM,1338,2,2,0,2,CLEAR,DRY,False,ANGLE COLLISION - OTHER,ANGLE,STRAIGHT & LEVEL,DAYLIGHT,,,10/29/2019 8:23:51 AM,False,5279,Accepted,
25850748,0568000,LOUISVILLE METRO POLICE DEPT,Accepted,JEFFERSON,KY1932,,BRECKENRIDGE,LN,,,HIKES,,,,,38.218864474,-85.629158073,2.751,10/28/2019 12:00:00 AM,1633,2,2,0,0,CLEAR,DRY,True,ANGLE COLLISION - OTHER,ANGLE,STRAIGHT & LEVEL,DAYLIGHT,,,10/29/2019 8:10:31 AM,False,5203,Accepted,
25850967,0568000,LOUISVILLE METRO POLICE DEPT,Accepted,JEFFERSON,,,BROWNS,LN,,,LYNNBROOK,,,,,38.230662694,-85.625012281,1.950,10/28/2019 12:00:00 AM,0939,2,2,0,1,CLEAR,DRY,False,ANGLE COLLISION - OTHER,ANGLE,STRAIGHT & LEVEL,DAYLIGHT,,,10/29/2019 8:24:16 AM,False,5203,Accepted,
25845793,0568000,LOUISVILLE METRO POLICE DEPT,Accepted,JEFFERSON,,,WILLOW,AVE,,US0060A,CHEROKEE,,,,,38.236802038,-85.709683533,0.001,10/28/2019 12:00:00 AM,0812,2,2,0,0,CLEAR,DRY,False,ANGLE COLLISION - OTHER,ANGLE,STRAIGHT & LEVEL,DAWN,,,10/28/2019 9:51:45 AM,False,5293,Accepted,
25856798,0568000,LOUISVILLE METRO POLICE DEPT,Accepted,JEFFERSON,I 0065,,I65 N EXIT130 TRANSIT,,,I 0065,I65 N EXIT131A RAMP TO I264 E,,,,,38.184783504,-85.723577291,0.624,10/28/2019 12:00:00 AM,1026,3,3,0,0,CLEAR,DRY,True,ANGLE COLLISION - OTHER,ANGLE,STRAIGHT & LEVEL,DAYLIGHT,,,10/30/2019 9:18:10 AM,False,7720,Accepted,
25850663,0568000,LOUISVILLE METRO POLICE DEPT,Accepted,JEFFERSON,,,MARY DELL,LN,,KY1819,BILLTOWN,,,,,38.167631659,-85.570242031,0.455,10/28/2019 12:00:00 AM,0916,3,3,0,2,CLEAR,DRY,False,ANGLE COLLISION - OTHER,ANGLE,STRAIGHT & GRADE,DAYLIGHT,,,10/29/2019 7:57:17 AM,False,5261,Accepted,
25850715,0568000,LOUISVILLE METRO POLICE DEPT,Accepted,JEFFERSON,KY1932,,BRECKENRIDGE,LN,,US0031E,BARDSTOWN,,,,,38.181523051,-85.626653430,0.015,10/28/2019 12:00:00 AM,1535,2,2,0,0,CLEAR,DRY,False,OPPOSING LEFT TURN,OPPOSING LEFT TURN,STRAIGHT & LEVEL,DAYLIGHT,,,10/29/2019 8:03:28 AM,False,7294,Accepted,
27786995,0568000,LOUISVILLE METRO POLICE DEPT,Accepted,JEFFERSON,KY1934,,GREENBELT,HWY,,KY6146,DOVER,,,,,38.175944424,-85.868643210,6.792,10/28/2019 12:00:00 AM,0809,2,2,0,3,FOG,DRY,False,OPPOSING LEFT TURN,OPPOSING LEFT TURN,STRAIGHT & LEVEL,DAYLIGHT,,,2/16/2021 10:50:10 AM,False,7339,Accepted,
25850952,0568000,LOUISVILLE METRO POLICE DEPT,Accepted,JEFFERSON,,,HEATHER,LN,,US0031E,BARDSTOWN,,,,,38.205705980,-85.666613409,0.002,10/28/2019 12:00:00 AM,1902,2,2,0,0,CLEAR,DRY,True,OPPOSITE DIRECTION - BOTH VEHICLES GOING STRAIGHT AHEAD,SIDESWIPE-OPPOSITE DIRECTION,STRAIGHT & LEVEL,DARK-HWY LIGHTED/ON,,,10/29/2019 8:21:21 AM,False,5146,Accepted,
25850940,0568000,LOUISVILLE METRO POLICE DEPT,Accepted,JEFFERSON,,,IMPERIAL,TER,,KY2051,ROCKFORD,,,,,38.176861034,-85.845439124,0.003,10/28/2019 12:00:00 AM,2043,2,2,0,0,CLEAR,DRY,False,OPPOSITE DIRECTION - BOTH VEHICLES GOING STRAIGHT AHEAD,SIDESWIPE-OPPOSITE DIRECTION,STRAIGHT & LEVEL,DARK (UNKNOWN ROADWAY LIGHTING),,,10/29/2019 8:18:52 AM,False,5211,Accepted,
25850950,0568000,LOUISVILLE METRO POLICE DEPT,Accepted,JEFFERSON,,6707,SIX MILE,LN,,,WOODGATE,,,,,38.197579202,-85.626170552,1.529,10/28/2019 12:00:00 AM,1000,3,3,0,2,CLEAR,DRY,False,OPPOSITE DIRECTION - BOTH VEHICLES GOING STRAIGHT AHEAD,SIDESWIPE-OPPOSITE DIRECTION,STRAIGHT & LEVEL,DARK-HWY LIGHTED/ON,,,10/29/2019 8:20:27 AM,False,5024,Accepted,
25876389,0568000,LOUISVILLE METRO POLICE DEPT,Accepted,JEFFERSON,,,INDIAN LAKE,DR,,KY1447,WESTPORT,,,,,38.296148713,-85.553260836,0.002,10/28/2019 12:00:00 AM,1036,2,2,0,0,CLEAR,DRY,False,OTHER INTERSECTION COLLISIONS,REAR END,STRAIGHT & LEVEL,DAYLIGHT,,,11/4/2019 9:47:17 AM,False,7858,Accepted,
25850775,0568000,LOUISVILLE METRO POLICE DEPT,Accepted,JEFFERSON,KY1934,,CANE RUN,RD,,,DONALD,,,,,38.191660489,-85.847680597,8.424,10/28/2019 12:00:00 AM,1745,2,2,0,0,CLEAR,DRY,False,OTHER INTERSECTION COLLISIONS,REAR END,STRAIGHT & LEVEL,DAYLIGHT,,,10/29/2019 8:14:19 AM,False,7420,Accepted,
25850949,0568000,LOUISVILLE METRO POLICE DEPT,Accepted,JEFFERSON,,,FLOYD,ST,S,,WARNOCK,,,,,38.214558711,-85.755128813,2.832,10/28/2019 12:00:00 AM,1958,2,2,0,0,CLEAR,DRY,False,OTHER INTERSECTION COLLISIONS,REAR END,STRAIGHT & LEVEL,DAYLIGHT,,,10/29/2019 8:20:06 AM,False,5196,Accepted,
25850749,0568000,LOUISVILLE METRO POLICE DEPT,Accepted,JEFFERSON,KY1703,,NEWBURG,RD,,,MEADOWCREEK,,,,,38.198872389,-85.683407328,1.883,10/28/2019 12:00:00 AM,0741,2,2,0,0,CLEAR,DRY,False,OTHER INTERSECTION COLLISIONS,REAR END,STRAIGHT & LEVEL,DAYLIGHT,,,10/29/2019 8:11:01 AM,False,7319,Accepted,
25850783,0568000,LOUISVILLE METRO POLICE DEPT,Accepted,JEFFERSON,KY1065,,OUTER,LOOP,,,VAUGHN MILL,,,,,38.137331588,-85.628290526,9.247,10/28/2019 12:00:00 AM,2315,2,2,0,0,CLEAR,DRY,False,OTHER INTERSECTION COLLISIONS,REAR END,STRAIGHT & LEVEL,DARK-HWY LIGHTED/ON,,,10/29/2019 8:16:02 AM,False,5011,Accepted,
25850741,0568000,LOUISVILLE METRO POLICE DEPT,Accepted,JEFFERSON,,,6TH,ST,S,,KENTUCKY,,,,,38.239878498,-85.762855657,1.190,10/28/2019 12:00:00 AM,1623,2,2,0,0,CLEAR,DRY,True,OTHER INTERSECTION COLLISIONS,REAR END,STRAIGHT & LEVEL,DAYLIGHT,,,10/29/2019 8:07:47 AM,False,5232,Accepted,
25850734,0568000,LOUISVILLE METRO POLICE DEPT,Accepted,JEFFERSON,,,KENTUCKY,ST,E,KY0061,PRESTON,,,,,38.237777244,-85.748868494,0.318,10/28/2019 12:00:00 AM,1713,2,2,0,0,CLEAR,DRY,False,OTHER INTERSECTION COLLISIONS,REAR END,STRAIGHT & LEVEL,DUSK,,,10/29/2019 8:05:44 AM,False,7407,Accepted,
25856621,0568000,LOUISVILLE METRO POLICE DEPT,Accepted,JEFFERSON,,,MCMAHAN,BLVD,,KY0155,TAYLORSVILLE,,,,,38.219365267,-85.619595677,0.016,10/28/2019 12:00:00 AM,1816,2,2,0,0,CLEAR,DRY,False,OTHER INTERSECTION COLLISIONS,REAR END,STRAIGHT & LEVEL,DAYLIGHT,,,10/30/2019 8:59:20 AM,False,7448,Accepted,
25850687,0568000,LOUISVILLE METRO POLICE DEPT,Accepted,JEFFERSON,,,SHEPHERDSVILLE,RD,,KY1065,OUTER,,,,,38.139058468,-85.657637998,0.006,10/28/2019 12:00:00 AM,1315,2,2,0,0,CLEAR,DRY,True,OTHER INTERSECTION COLLISIONS,REAR END,STRAIGHT & LEVEL,DAYLIGHT,,,10/29/2019 8:00:37 AM,False,2017,Accepted,
25850713,0568000,LOUISVILLE METRO POLICE DEPT,Accepted,JEFFERSON,,,HESS,LN,,KY0061,PRESTON,,,,,38.204977411,-85.736273470,0.001,10/28/2019 12:00:00 AM,1648,2,2,0,0,CLEAR,DRY,False,OTHER INTERSECTION COLLISIONS,REAR END,STRAIGHT & LEVEL,DAYLIGHT,,,10/29/2019 8:03:21 AM,False,2532,Accepted,
25850695,0568000,LOUISVILLE METRO POLICE DEPT,Accepted,JEFFERSON,KY1932,,BRECKENRIDGE,LN,,KY0155,TAYLORSVILLE,,,,,38.220245321,-85.630582794,2.868,10/28/2019 12:00:00 AM,1416,2,2,0,0,CLEAR,DRY,True,OTHER INTERSECTION COLLISIONS,REAR END,STRAIGHT & LEVEL,DAYLIGHT,,,10/29/2019 8:01:37 AM,False,7448,Accepted,
25850753,0568000,LOUISVILLE METRO POLICE DEPT,Accepted,JEFFERSON,KY1703,,NEWBURG,RD,,,BISHOP,,,,,38.200731871,-85.685964850,2.097,10/28/2019 12:00:00 AM,0919,2,2,0,0,CLEAR,DRY,False,OTHER INTERSECTION COLLISIONS,REAR END,STRAIGHT & LEVEL,DAYLIGHT,,,10/29/2019 8:11:31 AM,False,7319,Accepted,
25845688,0568000,LOUISVILLE METRO POLICE DEPT,Accepted,JEFFERSON,KY0864,,POPLAR LEVEL,RD,,,GARDINER,,,,,38.192699738,-85.706022100,11.094,10/28/2019 12:00:00 AM,0330,2,2,0,0,CLEAR,DRY,True,OTHER INTERSECTION COLLISIONS,REAR END,STRAIGHT & LEVEL,DARK-HWY LIGHTED/ON,,,10/28/2019 9:45:02 AM,False,5265,Accepted,
25845772,0568000,LOUISVILLE METRO POLICE DEPT,Accepted,JEFFERSON,KY0061,,PRESTON,HWY,,KY2053,MT WASHINGTON,,,,,38.092851679,-85.669086693,0.650,10/28/2019 12:00:00 AM,0643,2,2,0,1,CLEAR,DRY,False,OTHER INTERSECTION COLLISIONS,REAR END,STRAIGHT & LEVEL,DARK-HWY LIGHTED/ON,,,10/28/2019 9:50:10 AM,False,5141,Accepted,
25850672,0568000,LOUISVILLE METRO POLICE DEPT,Accepted,JEFFERSON,I 0264,,I264 E,,,,,,,,,38.221476361,-85.650610966,16.999,10/28/2019 12:00:00 AM,0945,2,2,0,0,CLEAR,DRY,False,1 VEHICLE PARKED POSITION (NOT PARKING LOT/DRIVEWAY),SIDESWIPE-SAME DIRECTION,STRAIGHT & LEVEL,DAYLIGHT,,,10/29/2019 7:58:30 AM,False,4903,Accepted,
25845790,0568000,LOUISVILLE METRO POLICE DEPT,Accepted,JEFFERSON,,2231,DUMESNIL,ST,,,,,,,,38.236605373,-85.791566661,1.583,10/28/2019 12:00:00 AM,0744,2,2,0,0,FOG,DRY,True,1 VEHICLE PARKED POSITION (NOT PARKING LOT/DRIVEWAY),BACKING,STRAIGHT & LEVEL,DAWN,,,10/28/2019 9:51:25 AM,False,5180,Accepted,
25850779,0568000,LOUISVILLE METRO POLICE DEPT,Accepted,JEFFERSON,,1508,KENTUCKY,ST,W,,,,,,,38.241451396,-85.777919073,2.531,10/28/2019 12:00:00 AM,1753,2,2,0,0,CLEAR,DRY,False,1 VEHICLE PARKED POSITION (NOT PARKING LOT/DRIVEWAY),BACKING,STRAIGHT & LEVEL,DAYLIGHT,,,10/29/2019 8:15:08 AM,False,7481,Accepted,
25856685,0568000,LOUISVILLE METRO POLICE DEPT,Accepted,JEFFERSON,KY0841,,GENE SNYDER,FWY,,,,,,,,38.120242245,-85.779692702,5.916,10/28/2019 12:00:00 AM,1107,1,1,0,0,CLEAR,DRY,False,MEDIAN CROSS-OVER COLLISION ,SINGLE VEHICLE,STRAIGHT & LEVEL,DAYLIGHT,,,10/30/2019 9:07:17 AM,False,7578,Accepted,
25850709,0568000,LOUISVILLE METRO POLICE DEPT,Accepted,JEFFERSON,,,FLOYD,ST,S,,,,GRAY,,SPRINGER,38.247149074,-85.749428275,0.594,10/28/2019 12:00:00 AM,1305,2,2,0,0,CLEAR,DRY,False,1 VEHICLE PARKED POSITION (NOT PARKING LOT/DRIVEWAY),REAR END,STRAIGHT & LEVEL,DAYLIGHT,,,10/29/2019 8:02:50 AM,False,6907,Accepted,
25845629,0568000,LOUISVILLE METRO POLICE DEPT,Accepted,JEFFERSON,,,RUTLEDGE,RD,,,,,,,,38.147102156,-85.881096286,0.793,10/28/2019 12:00:00 AM,0006,1,1,0,0,CLEAR,DRY,True,1 VEHICLE PARKED POSITION (NOT PARKING LOT/DRIVEWAY),SINGLE VEHICLE,STRAIGHT & LEVEL,DARK-HWY NOT LIGHTED,,,10/28/2019 9:42:32 AM,False,7154,Accepted,
25850732,0568000,LOUISVILLE METRO POLICE DEPT,Accepted,JEFFERSON,,,BARRET,AVE,,,HIGHLAND,,,,,38.238030766,-85.729465716,0.821,10/28/2019 12:00:00 AM,1636,2,2,0,0,CLEAR,DRY,False,SIDESWIPE-SAME DIRECTION,SIDESWIPE-SAME DIRECTION,STRAIGHT & LEVEL,DAYLIGHT,,,10/29/2019 8:05:25 AM,False,5293,Accepted,
25876683,0568000,LOUISVILLE METRO POLICE DEPT,Accepted,JEFFERSON,KY0061,,PRESTON,HWY,,,HESS,,,,,38.204928660,-85.736364902,9.332,10/28/2019 12:00:00 AM,1734,2,2,0,0,CLEAR,DRY,False,SIDESWIPE-SAME DIRECTION,SIDESWIPE-SAME DIRECTION,STRAIGHT & LEVEL,DAYLIGHT,,,11/4/2019 10:12:03 AM,False,7938,Accepted,
25850730,0568000,LOUISVILLE METRO POLICE DEPT,Accepted,JEFFERSON,US0031E,,BUECHEL,BYP,,,BUECHEL BANK,,,,,38.190791177,-85.647717104,10.032,10/28/2019 12:00:00 AM,1630,2,2,0,0,CLEAR,DRY,True,SIDESWIPE-SAME DIRECTION,SIDESWIPE-SAME DIRECTION,STRAIGHT & LEVEL,DAYLIGHT,,,10/29/2019 8:05:07 AM,False,7338,Accepted,
25850931,0568000,LOUISVILLE METRO POLICE DEPT,Accepted,JEFFERSON,,,7TH,ST,S,,ZANE,,,,,38.238836549,-85.764546521,1.492,10/28/2019 12:00:00 AM,2113,2,2,0,0,CLEAR,DRY,True,SIDESWIPE-SAME DIRECTION,SIDESWIPE-SAME DIRECTION,,DARK-HWY LIGHTED/ON,,,10/29/2019 8:17:33 AM,False,7344,Accepted,
25876391,0568000,LOUISVILLE METRO POLICE DEPT,Accepted,JEFFERSON,KY3084,,OLD HENRY,RD,,,,,,,,38.270630248,-85.499444763,1.250,10/28/2019 12:00:00 AM,1353,2,2,0,0,CLEAR,DRY,False,REAR END IN TRAFFIC LANES BOTH VEHICLES MOVING,REAR END,STRAIGHT & LEVEL,DAYLIGHT,,,11/4/2019 9:47:27 AM,False,7858,Accepted,