IncidentID,AgencyORI,AgencyName,IncidentStatusDesc,County,RdwyNumber,Street,RoadwayName,StreetSfx,StreetDir,IntersectionRdwy,IntersectionRdwyName,BetweenStRdwy1,BetweenStRdwyName1,BetweenStRdwy2,BetweenStRdwyName2,Latitude,Longitude,Milepoint,CollisionDate,CollisionTime,UnitsInvolved,MotorVehiclesInvolved,NumberKilled,NumberInjured,Weather,RdwyConditionCode,HitandRun,DirAnalysisCode,MannerofCollision,RdwyCharacter,LightCondition,RampFromRdwyId,RampToRdwyId,AcceptedDate,IsSecondaryCollision,OwnerBadge,IncidentStatus,
25856739,0568000,LOUISVILLE METRO POLICE DEPT,Accepted,JEFFERSON,I 0264,,I264 E,,,,,,,,,38.216723445,-85.660465590,16.373,10/28/2019 12:00:00 AM,1811,2,2,0,0,CLEAR,DRY,False,REAR END IN TRAFFIC LANES BOTH VEHICLES MOVING,REAR END,STRAIGHT & LEVEL,DAYLIGHT,,,10/30/2019 9:12:57 AM,False,5293,Accepted,
25850773,0568000,LOUISVILLE METRO POLICE DEPT,Accepted,JEFFERSON,KY1865,4030,TAYLOR,BLVD,,,,,CARRICO,,CARRICO,38.184089110,-85.783923984,5.353,10/28/2019 12:00:00 AM,1413,2,2,0,2,CLEAR,DRY,False,REAR END IN TRAFFIC LANES BOTH VEHICLES MOVING,REAR END,STRAIGHT & LEVEL,DAYLIGHT,,,10/29/2019 8:13:41 AM,False,5266,Accepted,
25856614,0568000,LOUISVILLE METRO POLICE DEPT,Accepted,JEFFERSON,I 0264,,I264 E,,,,,,,,,38.224371672,-85.644317416,17.399,10/28/2019 12:00:00 AM,1630,2,2,0,0,CLEAR,DRY,False,REAR END IN TRAFFIC LANES BOTH VEHICLES MOVING,REAR END,STRAIGHT & LEVEL,DAYLIGHT,,,10/30/2019 8:58:44 AM,False,7628,Accepted,
25856616,0568000,LOUISVILLE METRO POLICE DEPT,Accepted,JEFFERSON,US0031W,,DIXIE,HWY,,,,,WITTEN,,JOHNSONTOWN,38.121806690,-85.855217142,9.798,10/28/2019 12:00:00 AM,1414,2,2,0,0,CLEAR,DRY,False,REAR END IN TRAFFIC LANES BOTH VEHICLES MOVING,REAR END,STRAIGHT & LEVEL,DAYLIGHT,,,10/30/2019 8:59:05 AM,False,7144,Accepted,
25856698,0568000,LOUISVILLE METRO POLICE DEPT,Accepted,JEFFERSON,I 0265,,I265 W,,,,,,,,,38.124816933,-85.614806348,15.173,10/28/2019 12:00:00 AM,1547,2,2,0,0,CLEAR,DRY,False,REAR END IN TRAFFIC LANES BOTH VEHICLES MOVING,REAR END,STRAIGHT & GRADE,DAYLIGHT,,,10/30/2019 9:10:30 AM,False,8278,Accepted,
25856699,0568000,LOUISVILLE METRO POLICE DEPT,Accepted,JEFFERSON,I 0265,,I265 E,,,,,,,,,38.123264320,-85.619813009,14.889,10/28/2019 12:00:00 AM,1607,3,3,0,0,CLEAR,DRY,False,REAR END IN TRAFFIC LANES BOTH VEHICLES MOVING,REAR END,STRAIGHT & GRADE,DAYLIGHT,,,10/30/2019 9:10:46 AM,False,8278,Accepted,
25850661,0568000,LOUISVILLE METRO POLICE DEPT,Accepted,JEFFERSON,I 0265,,I265 W,,,,,,,,,38.149508226,-85.540149890,19.758,10/28/2019 12:00:00 AM,0740,2,2,0,0,CLEAR,DRY,False,REAR END IN TRAFFIC LANES BOTH VEHICLES MOVING,REAR END,STRAIGHT & LEVEL,DAYLIGHT,,,10/29/2019 7:57:09 AM,False,7698,Accepted,
25850736,0568000,LOUISVILLE METRO POLICE DEPT,Accepted,JEFFERSON,KY0155,,TAYLORSVILLE,RD,,,,,,,,38.188435669,-85.510576767,6.146,10/28/2019 12:00:00 AM,1325,2,2,0,0,CLEAR,DRY,False,REAR END IN TRAFFIC LANES BOTH VEHICLES MOVING,REAR END,STRAIGHT & LEVEL,DAYLIGHT,,,10/29/2019 8:06:12 AM,False,4693,Accepted,
25850739,0568000,LOUISVILLE METRO POLICE DEPT,Accepted,JEFFERSON,I 0065,,I65 S,,,,,,,,,38.227925410,-85.751567412,134.000,10/28/2019 12:00:00 AM,1559,3,3,0,0,CLEAR,DRY,False,REAR END IN TRAFFIC LANES BOTH VEHICLES MOVING,REAR END,STRAIGHT & LEVEL,DAYLIGHT,,,10/29/2019 8:06:58 AM,False,2217,Accepted,
25850737,0568000,LOUISVILLE METRO POLICE DEPT,Accepted,JEFFERSON,KY0061,,PRESTON,HWY,,,,,,,,38.104607789,-85.673246127,1.488,10/28/2019 12:00:00 AM,1445,2,2,0,0,CLEAR,DRY,False,REAR END IN TRAFFIC LANES BOTH VEHICLES MOVING,REAR END,STRAIGHT & LEVEL,DAYLIGHT,,,10/29/2019 8:06:21 AM,False,4693,Accepted,
25856653,0568000,LOUISVILLE METRO POLICE DEPT,Accepted,JEFFERSON,US0031E,,BARDSTOWN,RD,,,,,,,,38.162885352,-85.595891368,6.585,10/28/2019 12:00:00 AM,1742,2,2,0,0,CLEAR,DRY,False,REAR END IN TRAFFIC LANES BOTH VEHICLES MOVING,REAR END,STRAIGHT & LEVEL,DAYLIGHT,,,10/30/2019 9:03:10 AM,False,4693,Accepted,
25850654,0568000,LOUISVILLE METRO POLICE DEPT,Accepted,JEFFERSON,,,SMYRNA,PKWY,,,,,SASKATCHEWAN,KY2845,MANSLICK,38.123713706,-85.643105143,0.984,10/28/2019 12:00:00 AM,0850,2,2,0,0,CLEAR,DRY,False,REAR END IN TRAFFIC LANES BOTH VEHICLES MOVING,REAR END,STRAIGHT & LEVEL,DAYLIGHT,,,10/29/2019 7:56:28 AM,False,2017,Accepted,
25850747,0568000,LOUISVILLE METRO POLICE DEPT,Accepted,JEFFERSON,I 0065,,I65 W EXIT11 TRANSIT,,,,,,,,,38.189732683,-85.744295242,0.643,10/28/2019 12:00:00 AM,0735,2,2,0,0,FOG,DRY,False,SIDESWIPE COLLISION - SAME DIRECTION,SIDESWIPE-SAME DIRECTION,STRAIGHT & LEVEL,DAWN,,,10/29/2019 8:09:31 AM,False,7398,Accepted,
25937472,0568000,LOUISVILLE METRO POLICE DEPT,Accepted,JEFFERSON,I 0265,,I265 E,,,,,I 0265,I265 E EXIT15 ON RAMP FROM KY864,I 0265,I265 E EXIT17 OFF RAMP TO US31E,38.126349271,-85.608941274,15.520,10/28/2019 12:00:00 AM,1530,2,2,0,0,CLEAR,DRY,False,SIDESWIPE COLLISION - SAME DIRECTION,SIDESWIPE-SAME DIRECTION,STRAIGHT & LEVEL,DAYLIGHT,,,11/18/2019 9:09:21 AM,False,7465,Accepted,
25899230,0568000,LOUISVILLE METRO POLICE DEPT,Accepted,JEFFERSON,KY1020,,NATIONAL,TPKE,,,,,,,,38.127056584,-85.749378522,3.683,10/28/2019 12:00:00 AM,1347,2,1,0,0,CLEAR,DRY,False,SIDESWIPE COLLISION - SAME DIRECTION,SIDESWIPE-SAME DIRECTION,STRAIGHT & LEVEL,DAYLIGHT,,,11/6/2019 1:04:10 PM,False,7234,Accepted,
25896722,0568000,LOUISVILLE METRO POLICE DEPT,Accepted,JEFFERSON,KY1865,,NEW CUT,RD,,,,,,,,38.128910061,-85.774418474,1.466,10/28/2019 12:00:00 AM,1008,2,2,0,0,CLEAR,DRY,False,SIDESWIPE COLLISION - SAME DIRECTION,SIDESWIPE-SAME DIRECTION,STRAIGHT & GRADE,DAYLIGHT,,,11/8/2019 8:43:47 AM,False,7221,Accepted,
25876505,0568000,LOUISVILLE METRO POLICE DEPT,Accepted,JEFFERSON,,,WASHINGTON,ST,E,,,,,,,38.256301331,-85.746560450,0.268,10/28/2019 12:00:00 AM,1231,2,2,0,0,CLEAR,DRY,True,1 VEHICLE PARKED POSITION (NOT PARKING LOT/DRIVEWAY),BACKING,STRAIGHT & LEVEL,DARK-HWY LIGHTED/ON,,,11/4/2019 9:54:23 AM,False,7325,Accepted,
25861547,0568000,LOUISVILLE METRO POLICE DEPT,Accepted,JEFFERSON,KY1934,,CANE RUN,RD,,,,,RICHELLE,I 0264,I264 E EXIT5 ON RAMP FROM KY1934 N,38.205040396,-85.829734196,9.757,10/28/2019 12:00:00 AM,0720,3,3,0,0,FOG,DRY,False,REAR END IN TRAFFIC LANES BOTH VEHICLES MOVING,REAR END,STRAIGHT & LEVEL,DAYLIGHT,,,10/31/2019 9:04:48 AM,False,5140,Accepted,
25850706,0568000,LOUISVILLE METRO POLICE DEPT,Accepted,JEFFERSON,KY1631,,CRITTENDEN,DR,,,,,BOXLEY,,KFEC GATE4 DR,38.204838893,-85.750781427,1.165,10/28/2019 12:00:00 AM,1459,2,2,0,0,CLEAR,DRY,False,REAR END IN TRAFFIC LANES BOTH VEHICLES MOVING,REAR END,STRAIGHT & LEVEL,DAYLIGHT,,,10/29/2019 8:02:38 AM,False,7872,Accepted,
25850717,0568000,LOUISVILLE METRO POLICE DEPT,Accepted,JEFFERSON,KY1931,,ST ANDREWS CHURCH,RD,,,,,,,,38.153511355,-85.805321857,5.144,10/28/2019 12:00:00 AM,1045,2,2,0,0,CLEAR,DRY,False,REAR END IN TRAFFIC LANES BOTH VEHICLES MOVING,REAR END,STRAIGHT & LEVEL,DAYLIGHT,,,10/29/2019 8:03:35 AM,False,7234,Accepted,
25850726,0568000,LOUISVILLE METRO POLICE DEPT,Accepted,JEFFERSON,US0031W,,DIXIE,HWY,,,,,,,,38.153206627,-85.836001366,12.263,10/28/2019 12:00:00 AM,1506,2,2,0,0,CLEAR,DRY,False,REAR END IN TRAFFIC LANES BOTH VEHICLES MOVING,REAR END,STRAIGHT & LEVEL,DAYLIGHT,,,10/29/2019 8:04:27 AM,False,7234,Accepted,
25850735,0568000,LOUISVILLE METRO POLICE DEPT,Accepted,JEFFERSON,KY0907,,VALLEY STATION,RD,,,,,,,,38.107092977,-85.841842458,1.420,10/28/2019 12:00:00 AM,1743,2,2,0,0,CLEAR,DRY,False,REAR END IN TRAFFIC LANES BOTH VEHICLES MOVING,REAR END,STRAIGHT & LEVEL,DAYLIGHT,,,10/29/2019 8:06:01 AM,False,5257,Accepted,
25850772,0568000,LOUISVILLE METRO POLICE DEPT,Accepted,JEFFERSON,,,7TH,ST,S,,,KY2054,ALGONQUIN,,INDUSTRY,38.220152098,-85.777403916,0.006,10/28/2019 12:00:00 AM,1237,2,2,0,0,CLEAR,DRY,True,1 VEHICLE ENTERING/LEAVING ENTRANCE,ANGLE,STRAIGHT & LEVEL,DAYLIGHT,,,10/29/2019 8:13:32 AM,False,7422,Accepted,
25850938,0568000,LOUISVILLE METRO POLICE DEPT,Accepted,JEFFERSON,US0060A,,WINKLER,AVE,,,,,,,,38.210342374,-85.764852985,3.061,10/28/2019 12:00:00 AM,1950,2,2,0,0,CLEAR,DRY,False,1 VEHICLE ENTERING/LEAVING ENTRANCE,ANGLE,STRAIGHT & LEVEL,DARK-HWY LIGHTED/ON,,,10/29/2019 8:18:43 AM,False,5252,Accepted,
25850738,0568000,LOUISVILLE METRO POLICE DEPT,Accepted,JEFFERSON,,,RIVERPORT,DR,,,,,INTERNATIONAL,KY1934,GREENBELT,38.162463634,-85.883281302,0.601,10/28/2019 12:00:00 AM,1632,2,2,0,0,CLEAR,DRY,False,1 VEHICLE ENTERING/LEAVING ENTRANCE,ANGLE,STRAIGHT & LEVEL,DAYLIGHT,,,10/29/2019 8:06:40 AM,False,7073,Accepted,
25850721,0568000,LOUISVILLE METRO POLICE DEPT,Accepted,JEFFERSON,KY1020,,NATIONAL,TPKE,,,,,,,,38.127344330,-85.748042785,3.705,10/28/2019 12:00:00 AM,1220,2,2,0,0,CLEAR,DRY,False,1 VEHICLE ENTERING/LEAVING ENTRANCE,ANGLE,STRAIGHT & LEVEL,DAYLIGHT,,,10/29/2019 8:03:43 AM,False,7234,Accepted,
25856669,0568000,LOUISVILLE METRO POLICE DEPT,Accepted,JEFFERSON,,9000B,INDEPENDENCE SCHOOL,RD,,,,,,,,38.101304284,-85.599559030,0.734,10/28/2019 12:00:00 AM,1647,2,2,0,0,CLEAR,DRY,False,SIDESWIPE COLLISION - OPPOSITE DIRECTION,SIDESWIPE-OPPOSITE DIRECTION,STRAIGHT & LEVEL,DAYLIGHT,,,10/30/2019 9:05:31 AM,False,7465,Accepted,
25850764,0568000,LOUISVILLE METRO POLICE DEPT,Accepted,JEFFERSON,,10221,STATIA LYNN,CT,,,,,,,,38.251277241,-85.564957372,0.088,10/28/2019 12:00:00 AM,1831,2,2,0,0,CLEAR,DRY,False,OTHER ROADWAY OR MID-BLOCK COLLISION,REAR END,STRAIGHT & GRADE,DAYLIGHT,,,10/29/2019 8:12:29 AM,False,7337,Accepted,
25856687,0568000,LOUISVILLE METRO POLICE DEPT,Accepted,JEFFERSON,KY1020,,SOUTHSIDE,DR,,,,,,,,38.154367250,-85.764950544,5.818,10/28/2019 12:00:00 AM,1730,2,2,0,0,CLEAR,DRY,False,OTHER ROADWAY OR MID-BLOCK COLLISION,REAR END,STRAIGHT & LEVEL,DAYLIGHT,,,10/30/2019 9:07:44 AM,False,7053,Accepted,
26013898,0568000,LOUISVILLE METRO POLICE DEPT,Accepted,JEFFERSON,KY0061,1057,PRESTON,ST,S,,,,,,,38.236032956,-85.748954936,11.606,10/28/2019 12:00:00 AM,0256,1,1,0,0,CLEAR,DRY,True,OTHER ROADWAY OR MID-BLOCK COLLISION,SINGLE VEHICLE,CURVE & LEVEL,DARK-HWY NOT LIGHTED,,,12/5/2019 8:22:24 AM,False,7407,Accepted,
25850655,0568000,LOUISVILLE METRO POLICE DEPT,Accepted,JEFFERSON,KY0841,,GENE SNYDER,FWY,,,,,,,,38.090955697,-85.868666673,0.378,10/28/2019 12:00:00 AM,0602,2,2,0,0,FOG,DRY,False,OTHER ROADWAY OR MID-BLOCK COLLISION,REAR END,STRAIGHT & GRADE,DARK-HWY LIGHTED/ON,,,10/29/2019 7:56:38 AM,False,4903,Accepted,
25850935,0568000,LOUISVILLE METRO POLICE DEPT,Accepted,JEFFERSON,US0060A,,TAYLOR,BLVD,,,,,,,,38.202137476,-85.781498946,1.890,10/28/2019 12:00:00 AM,1907,2,2,0,0,CLEAR,DRY,False,1 VEHICLE ENTERING/LEAVING ENTRANCE,ANGLE,CURVE & LEVEL,DARK-HWY LIGHTED/ON,,,10/29/2019 8:18:33 AM,False,5252,Accepted,
25850740,0568000,LOUISVILLE METRO POLICE DEPT,Accepted,JEFFERSON,KY1020,,3RD,ST,S,,,,UNITY,US0060A,EASTERN,38.217916252,-85.761668942,10.139,10/28/2019 12:00:00 AM,1728,2,2,0,0,CLEAR,DRY,True,1 VEHICLE ENTERING/LEAVING ENTRANCE,ANGLE,STRAIGHT & LEVEL,DAYLIGHT,,,10/29/2019 8:07:27 AM,False,5279,Accepted,
25850788,0568000,LOUISVILLE METRO POLICE DEPT,Accepted,JEFFERSON,I 0065,,,,,,,,,,,38.159269513,-85.721688601,0.366,10/28/2019 12:00:00 AM,2037,2,2,0,0,CLEAR,DRY,False,OTHER RAMP RELATED COLLISIONS NOT LISTED ABOVE,SIDESWIPE-SAME DIRECTION,STRAIGHT & LEVEL,DARK-HWY LIGHTED/ON,I 0065,KY1631,10/29/2019 8:16:14 AM,False,7786,Accepted,
25850665,0568000,LOUISVILLE METRO POLICE DEPT,Accepted,JEFFERSON,I 0065,,I65 N,,,,,,,,,38.237639564,-85.752738946,134.697,10/28/2019 12:00:00 AM,0821,2,2,0,0,FOG,DRY,False,OTHER ROADWAY OR MID-BLOCK COLLISION,REAR END,STRAIGHT & LEVEL,DAYLIGHT,,,10/29/2019 7:57:26 AM,False,4903,Accepted,
25876385,0568000,LOUISVILLE METRO POLICE DEPT,Accepted,JEFFERSON,KY0022,,BROWNSBORO,RD,,,,,,,,38.312862499,-85.567341708,4.444,10/28/2019 12:00:00 AM,0709,3,3,0,1,CLEAR,DRY,False,OTHER ROADWAY OR MID-BLOCK COLLISION,REAR END,STRAIGHT & LEVEL,DAWN,,,11/4/2019 9:46:35 AM,False,7858,Accepted,
25850928,0568000,LOUISVILLE METRO POLICE DEPT,Accepted,JEFFERSON,,217,CHESTNUT,ST,E,,,,,,,38.248321938,-85.751583596,,10/28/2019 12:00:00 AM,2147,1,1,0,0,CLEAR,DRY,False,COLLISION IN PARKING LOT,SINGLE VEHICLE,STRAIGHT & LEVEL,DARK-HWY LIGHTED/ON,,,10/29/2019 8:16:50 AM,False,7325,Accepted,
25850930,0568000,LOUISVILLE METRO POLICE DEPT,Accepted,JEFFERSON,,601,LIBERTY,ST,W,,,,,,,38.253541086,-85.761517855,0.368,10/28/2019 12:00:00 AM,2248,1,1,0,0,CLEAR,DRY,False,COLLISION IN PARKING LOT,SINGLE VEHICLE,STRAIGHT & GRADE,DARK-HWY LIGHTED/ON,,,10/29/2019 8:17:14 AM,False,7325,Accepted,
25856663,0568000,LOUISVILLE METRO POLICE DEPT,Accepted,JEFFERSON,US0150,1033,BROADWAY,,W,,,,,,,38.247707683,-85.769555070,1.770,10/28/2019 12:00:00 AM,1331,2,2,0,0,CLEAR,DRY,True,COLLISION IN PARKING LOT,BACKING,STRAIGHT & LEVEL,DAYLIGHT,,,10/30/2019 9:04:30 AM,False,5168,Accepted,
25850771,0568000,LOUISVILLE METRO POLICE DEPT,Accepted,JEFFERSON,KY1020,8161,NATIONAL,TPKE,,,,,,,,38.129836811,-85.750086066,3.867,10/28/2019 12:00:00 AM,1744,2,2,0,1,CLEAR,DRY,False,COLLISION IN PARKING LOT,BACKING,STRAIGHT & LEVEL,DAYLIGHT,,,10/29/2019 8:13:07 AM,False,7202,Accepted,
25881414,0568000,LOUISVILLE METRO POLICE DEPT,Accepted,JEFFERSON,US0031E,4306,BARDSTOWN,RD,,,,,,,,38.186905093,-85.637448411,9.404,10/27/2019 12:00:00 AM,1540,2,2,0,0,CLEAR,DRY,False,COLLISION IN PARKING LOT,SIDESWIPE-SAME DIRECTION,STRAIGHT & LEVEL,DAYLIGHT,,,11/5/2019 8:16:53 AM,False,7303,Accepted,
25845509,0568000,LOUISVILLE METRO POLICE DEPT,Accepted,JEFFERSON,US0031W,10445,DIXIE,HWY,,,,,,,,38.103811055,-85.867077510,,10/27/2019 12:00:00 AM,1726,2,2,0,1,CLOUDY,DRY,False,COLLISION IN PARKING LOT,ANGLE,STRAIGHT & LEVEL,DAYLIGHT,,,10/28/2019 9:31:59 AM,False,7232,Accepted,
25876627,0568000,LOUISVILLE METRO POLICE DEPT,Accepted,JEFFERSON,KY1932,2965,BRECKENRIDGE,LN,,,,,,,,38.218543663,-85.628853332,2.725,10/27/2019 12:00:00 AM,0639,2,1,0,0,CLEAR,DRY,True,COLLISION IN PARKING LOT,SINGLE VEHICLE,,OTHER,,,11/4/2019 10:07:53 AM,False,7200,Accepted,
25845394,0568000,LOUISVILLE METRO POLICE DEPT,Accepted,JEFFERSON,I 0065,,I65 N,,,,,,,,,38.225140136,-85.751190906,133.809,10/27/2019 12:00:00 AM,0130,1,1,0,1,CLEAR,DRY,False,OTHER ROADWAY OR MID-BLOCK COLLISION,SINGLE VEHICLE,STRAIGHT & GRADE,DARK-HWY LIGHTED/ON,,,10/28/2019 9:20:13 AM,False,5111,Accepted,
25845586,0568000,LOUISVILLE METRO POLICE DEPT,Accepted,JEFFERSON,,,GOOSE CREEK,RD,,,,KY0022,BROWNSBORO,,GLENFIELD,38.300134517,-85.592575937,0.021,10/27/2019 12:00:00 AM,1651,3,3,0,0,CLEAR,DRY,False,OTHER ROADWAY OR MID-BLOCK COLLISION,REAR END,STRAIGHT & LEVEL,DAYLIGHT,,,10/28/2019 9:35:40 AM,False,7751,Accepted,
25845587,0568000,LOUISVILLE METRO POLICE DEPT,Accepted,JEFFERSON,KY0022,,BROWNSBORO,RD,,,,,GOOSE CREEK,,RUNNING WATER,38.300651106,-85.592226727,2.767,10/27/2019 12:00:00 AM,1751,2,2,0,0,CLEAR,DRY,False,OTHER ROADWAY OR MID-BLOCK COLLISION,REAR END,STRAIGHT & HILLCREST,DAYLIGHT,,,10/28/2019 9:35:51 AM,False,7751,Accepted,
25848345,0560400,SHIVELY POLICE DEPARTMENT,Accepted,JEFFERSON,I 0264,,I264 E,,,,,,,,,38.187487325,-85.828996192,6.579,10/27/2019 12:00:00 AM,0859,1,1,0,1,CLOUDY,DRY,False,OTHER ROADWAY OR MID-BLOCK COLLISION,SINGLE VEHICLE,STRAIGHT & LEVEL,DAYLIGHT,,,10/28/2019 5:20:24 PM,False,7082,Accepted,
25845403,0568000,LOUISVILLE METRO POLICE DEPT,Accepted,JEFFERSON,I 0065,,,,,,,,,,,38.248176524,-85.751845275,0.007,10/27/2019 12:00:00 AM,0651,2,2,0,0,CLEAR,DRY,False,OTHER RAMP RELATED COLLISIONS NOT LISTED ABOVE,REAR END,STRAIGHT & GRADE,DARK-HWY LIGHTED/ON,I 0065,S BROOK ST,10/28/2019 9:20:43 AM,False,5148,Accepted,
25845436,0568000,LOUISVILLE METRO POLICE DEPT,Accepted,JEFFERSON,I 0064,,,,,,,,,,,38.258603616,-85.744077137,0.069,10/27/2019 12:00:00 AM,1010,1,1,0,1,CLOUDY,DRY,False,OTHER RAMP RELATED COLLISIONS NOT LISTED ABOVE,SINGLE VEHICLE,CURVE & GRADE,DAYLIGHT,I 0064,I 0065,10/28/2019 9:25:51 AM,False,2764,Accepted,
25845584,0568000,LOUISVILLE METRO POLICE DEPT,Accepted,JEFFERSON,I 0265,,,,,,,,,,,38.308642885,-85.572600002,0.049,10/27/2019 12:00:00 AM,1132,2,2,0,0,CLEAR,DRY,False,OTHER RAMP RELATED COLLISIONS NOT LISTED ABOVE,REAR END,CURVE & HILLCREST,DAYLIGHT,KY0022,I 0265,10/28/2019 9:35:19 AM,False,7751,Accepted,
25845595,0568000,LOUISVILLE METRO POLICE DEPT,Accepted,JEFFERSON,I 0071,,,,,,,,,,,38.275684368,-85.697768639,0.244,10/27/2019 12:00:00 AM,1528,2,2,0,0,CLEAR,DRY,False,OTHER RAMP RELATED COLLISIONS NOT LISTED ABOVE,REAR END,STRAIGHT & GRADE,DAYLIGHT,I 0071,ZORN AVE,10/28/2019 9:36:38 AM,False,5285,Accepted,
26115423,0568000,LOUISVILLE METRO POLICE DEPT,Accepted,JEFFERSON,I 0065,,,,,,,,,,,38.154023174,-85.716565513,0.220,10/27/2019 12:00:00 AM,1430,1,1,0,0,CLOUDY,DRY,False,COLLISION WITH FIXED OBJECT NOT IN GORE ,SINGLE VEHICLE,STRAIGHT & LEVEL,DAYLIGHT,I 0065,KY1065,12/30/2019 9:32:38 AM,False,2217,Accepted,
25912416,0568000,LOUISVILLE METRO POLICE DEPT,Accepted,JEFFERSON,I 0064,,,,,,,,,,,38.260034441,-85.742182529,0.102,10/27/2019 12:00:00 AM,1400,1,1,0,1,CLEAR,DRY,False,OTHER RAMP RELATED COLLISIONS NOT LISTED ABOVE,SINGLE VEHICLE,CURVE & HILLCREST,DAYLIGHT,I 0064,I 0064,11/12/2019 11:00:38 AM,False,7058,Accepted,
25845502,0568000,LOUISVILLE METRO POLICE DEPT,Accepted,JEFFERSON,US0031W,,DIXIE,HWY,,,,,CITATION,,KENDALL,38.114146173,-85.861772166,9.159,10/27/2019 12:00:00 AM,1319,2,2,0,0,CLOUDY,DRY,False,1 VEHICLE ENTERING/LEAVING ENTRANCE,ANGLE,STRAIGHT & LEVEL,DAYLIGHT,,,10/28/2019 9:31:41 AM,False,7232,Accepted,
25845610,0568000,LOUISVILLE METRO POLICE DEPT,Accepted,JEFFERSON,,,COLLINS,LN,,,,,,,,38.304146128,-85.524254176,0.006,10/27/2019 12:00:00 AM,1800,2,2,0,2,CLEAR,DRY,False,1 VEHICLE ENTERING/LEAVING ENTRANCE,ANGLE,STRAIGHT & LEVEL,DAYLIGHT,,,10/28/2019 9:38:11 AM,False,7615,Accepted,
25845464,0568000,LOUISVILLE METRO POLICE DEPT,Accepted,JEFFERSON,US0031W,7483,DIXIE,HWY,,,,,,,,38.140326151,-85.841376257,11.368,10/27/2019 12:00:00 AM,1311,2,2,0,0,CLEAR,DRY,False,VEHICLE BACKING NON INTERSECTION,BACKING,STRAIGHT & LEVEL,DAYLIGHT,,,10/28/2019 9:27:15 AM,False,6141,Accepted,
25845474,0568000,LOUISVILLE METRO POLICE DEPT,Accepted,JEFFERSON,,650,29TH,ST,S,,,,,,,38.252076833,-85.799501861,0.436,10/27/2019 12:00:00 AM,1540,2,2,0,0,CLEAR,DRY,False,VEHICLE BACKING NON INTERSECTION,BACKING,STRAIGHT & LEVEL,DAYLIGHT,,,10/28/2019 9:27:54 AM,False,7463,Accepted,
25845457,0568000,LOUISVILLE METRO POLICE DEPT,Accepted,JEFFERSON,US0031E,,BARDSTOWN,RD,,,,,CEDARLOOK,KY1065,BEULAH CHURCH,38.148495408,-85.586505824,5.446,10/27/2019 12:00:00 AM,1358,2,2,0,1,CLEAR,DRY,True,OTHER ROADWAY OR MID-BLOCK COLLISION,REAR END,STRAIGHT & LEVEL,DAYLIGHT,,,10/28/2019 9:26:53 AM,False,5284,Accepted,
25845449,0568000,LOUISVILLE METRO POLICE DEPT,Accepted,JEFFERSON,,,SMYRNA,PKWY,,,,KY2845,MANSLICK,,SASKATCHEWAN,38.123738894,-85.643121040,0.983,10/27/2019 12:00:00 AM,1243,2,2,0,0,CLEAR,DRY,False,OTHER ROADWAY OR MID-BLOCK COLLISION,REAR END,STRAIGHT & LEVEL,DAYLIGHT,,,10/28/2019 9:26:27 AM,False,5295,Accepted,
25845472,0568000,LOUISVILLE METRO POLICE DEPT,Accepted,JEFFERSON,KY1747,1963,HURSTBOURNE,PKWY,S,,,,,,,38.218083616,-85.584311069,11.493,10/27/2019 12:00:00 AM,1516,2,2,0,0,CLEAR,DRY,False,1 VEHICLE ENTERING/LEAVING ENTRANCE,ANGLE,STRAIGHT & LEVEL,DAYLIGHT,,,10/28/2019 9:27:41 AM,False,2429,Accepted,
25845521,0568000,LOUISVILLE METRO POLICE DEPT,Accepted,JEFFERSON,,328,42ND,ST,N,,,,,,,38.267651356,-85.816523509,0.438,10/27/2019 12:00:00 AM,1307,2,2,0,0,CLEAR,DRY,False,1 VEHICLE ENTERING/LEAVING ENTRANCE,ANGLE,STRAIGHT & LEVEL,DAYLIGHT,,,10/28/2019 9:32:27 AM,False,5129,Accepted,
25845573,0568000,LOUISVILLE METRO POLICE DEPT,Accepted,JEFFERSON,,3383,FREYS HILL,RD,,,,,,,,38.292562871,-85.558608260,0.089,10/27/2019 12:00:00 AM,1218,2,2,0,0,CLEAR,DRY,False,1 VEHICLE ENTERING/LEAVING ENTRANCE,ANGLE,STRAIGHT & LEVEL,DAYLIGHT,,,10/28/2019 9:35:00 AM,False,7751,Accepted,
25847610,0568000,LOUISVILLE METRO POLICE DEPT,Accepted,JEFFERSON,KY0061,,PRESTON,HWY,,,,,COOPER,,SPRINGVIEW,38.119887064,-85.677787216,2.584,10/27/2019 12:00:00 AM,1629,2,1,0,0,CLOUDY,DRY,False,1 VEHICLE ENTERING/LEAVING ENTRANCE,ANGLE,STRAIGHT & LEVEL,DAYLIGHT,,,10/28/2019 3:19:20 PM,False,7397,Accepted,
25845724,0568000,LOUISVILLE METRO POLICE DEPT,Accepted,JEFFERSON,KY2054,1776,ALGONQUIN,PKWY,,,,,,,,38.223023052,-85.790289130,1.760,10/27/2019 12:00:00 AM,1831,2,2,0,0,CLEAR,DRY,False,1 VEHICLE ENTERING/LEAVING ENTRANCE,ANGLE,STRAIGHT & LEVEL,DUSK,,,10/28/2019 9:47:41 AM,False,5239,Accepted,