IncidentID,AgencyORI,AgencyName,IncidentStatusDesc,County,RdwyNumber,Street,RoadwayName,StreetSfx,StreetDir,IntersectionRdwy,IntersectionRdwyName,BetweenStRdwy1,BetweenStRdwyName1,BetweenStRdwy2,BetweenStRdwyName2,Latitude,Longitude,Milepoint,CollisionDate,CollisionTime,UnitsInvolved,MotorVehiclesInvolved,NumberKilled,NumberInjured,Weather,RdwyConditionCode,HitandRun,DirAnalysisCode,MannerofCollision,RdwyCharacter,LightCondition,RampFromRdwyId,RampToRdwyId,AcceptedDate,IsSecondaryCollision,OwnerBadge,IncidentStatus,
25845487,0568000,LOUISVILLE METRO POLICE DEPT,Accepted,JEFFERSON,I 0265,,I265 W,,,,,,,,,38.124998061,-85.614287695,15.204,10/27/2019 12:00:00 AM,1630,2,2,0,0,CLEAR,DRY,False,REAR END IN TRAFFIC LANES BOTH VEHICLES MOVING,REAR END,STRAIGHT & LEVEL,DAYLIGHT,,,10/28/2019 9:28:58 AM,False,5268,Accepted,
25863403,0560000,JEFFERSON COUNTY SHERIFF DEPT.,Accepted,JEFFERSON,,4840,DIXIE,HWY,,,,,,,,38.245528440,-85.783455627,0.248,10/27/2019 12:00:00 AM,0218,2,2,0,0,CLEAR,DRY,False,REAR END IN TRAFFIC LANES BOTH VEHICLES MOVING,REAR END,STRAIGHT & LEVEL,DAYLIGHT,,,10/31/2019 3:21:45 PM,False,4064,Accepted,
25845496,0568000,LOUISVILLE METRO POLICE DEPT,Accepted,JEFFERSON,I 0065,,I65 S,,,,,,,,,38.182125551,-85.722122037,129.996,10/27/2019 12:00:00 AM,0918,2,2,0,1,CLEAR,DRY,False,SIDESWIPE COLLISION - SAME DIRECTION,SIDESWIPE-SAME DIRECTION,STRAIGHT & LEVEL,DAYLIGHT,,,10/28/2019 9:29:58 AM,False,5290,Accepted,
25845599,0568000,LOUISVILLE METRO POLICE DEPT,Accepted,JEFFERSON,KY0864,,POPLAR LEVEL,RD,,,,,,,,38.195751732,-85.707610912,11.341,10/27/2019 12:00:00 AM,1758,2,2,0,0,CLOUDY,DRY,False,SIDESWIPE COLLISION - SAME DIRECTION,SIDESWIPE-SAME DIRECTION,STRAIGHT & GRADE,DAYLIGHT,,,10/28/2019 9:37:00 AM,False,6100,Accepted,
25845456,0568000,LOUISVILLE METRO POLICE DEPT,Accepted,JEFFERSON,KY0155,,TAYLORSVILLE,RD,,,,,,,,38.222161030,-85.657513127,15.059,10/27/2019 12:00:00 AM,1450,2,2,0,0,CLEAR,DRY,False,SIDESWIPE COLLISION - SAME DIRECTION,SIDESWIPE-SAME DIRECTION,STRAIGHT & LEVEL,DAYLIGHT,,,10/28/2019 9:26:46 AM,False,7284,Accepted,
25881440,0568000,LOUISVILLE METRO POLICE DEPT,Accepted,JEFFERSON,,,EASTERN,PKWY,,,,,CHEROKEE,US0060A,WILLOW,38.235399822,-85.703778977,0.283,10/27/2019 12:00:00 AM,1915,2,2,0,0,CLOUDY,DRY,True,SIDESWIPE COLLISION - SAME DIRECTION,SIDESWIPE-SAME DIRECTION,STRAIGHT & GRADE,DARK-HWY LIGHTED/ON,,,11/5/2019 8:25:24 AM,False,2228,Accepted,
25845568,0568000,LOUISVILLE METRO POLICE DEPT,Accepted,JEFFERSON,I 0264,,I264 W,,,,,,,,,38.189401383,-85.775810687,9.652,10/27/2019 12:00:00 AM,1703,2,2,0,0,CLEAR,DRY,True,SIDESWIPE COLLISION - SAME DIRECTION,SIDESWIPE-SAME DIRECTION,CURVE & LEVEL,DAYLIGHT,,,10/28/2019 9:34:47 AM,False,5271,Accepted,
25849288,0560300,ST. MATTHEWS POLICE DEPARTMENT,Accepted,JEFFERSON,I 0264,,I264 W,,,,,,,,,38.256020819,-85.621191342,20.178,10/27/2019 12:00:00 AM,1655,2,2,0,0,CLEAR,DRY,True,SIDESWIPE COLLISION - SAME DIRECTION,SIDESWIPE-SAME DIRECTION,STRAIGHT & LEVEL,DAYLIGHT,,,10/28/2019 11:06:47 PM,False,9172,Accepted,
25845591,0568000,LOUISVILLE METRO POLICE DEPT,Accepted,JEFFERSON,US0031E,,BARDSTOWN,RD,,,,,COLONEL HANCOCK,,ICHABOD,38.130969591,-85.577769296,4.131,10/27/2019 12:00:00 AM,1230,2,2,0,0,CLEAR,DRY,False,REAR END IN TRAFFIC LANES BOTH VEHICLES MOVING,REAR END,STRAIGHT & LEVEL,DAYLIGHT,,,10/28/2019 9:36:29 AM,False,6878,Accepted,
25845656,0568000,LOUISVILLE METRO POLICE DEPT,Accepted,JEFFERSON,KY1065,,OUTER,LOOP,,,,,,,,38.137970236,-85.642049965,8.506,10/27/2019 12:00:00 AM,2024,2,2,0,0,CLEAR,DRY,False,REAR END IN TRAFFIC LANES BOTH VEHICLES MOVING,REAR END,STRAIGHT & LEVEL,DARK-HWY LIGHTED/OFF,,,10/28/2019 9:44:32 AM,False,7474,Accepted,
25845615,0568000,LOUISVILLE METRO POLICE DEPT,Accepted,JEFFERSON,KY1934,,CANE RUN,RD,,,,,,,,38.197329783,-85.839828912,9.022,10/27/2019 12:00:00 AM,1339,2,2,0,0,CLEAR,DRY,False,REAR END IN TRAFFIC LANES BOTH VEHICLES MOVING,REAR END,STRAIGHT & LEVEL,DAYLIGHT,,,10/28/2019 9:39:02 AM,False,7467,Accepted,
25845482,0568000,LOUISVILLE METRO POLICE DEPT,Accepted,JEFFERSON,I 0265,,I265 W,,,,,,,,,38.119116811,-85.638226967,13.831,10/27/2019 12:00:00 AM,1550,2,2,0,0,CLEAR,DRY,False,REAR END IN TRAFFIC LANES BOTH VEHICLES MOVING,REAR END,STRAIGHT & LEVEL,DAYLIGHT,,,10/28/2019 9:28:48 AM,False,5268,Accepted,
25845411,0568000,LOUISVILLE METRO POLICE DEPT,Accepted,JEFFERSON,KY0907,8407,3RD ST,RD,,,,,,,,38.120563778,-85.804286498,3.935,10/27/2019 12:00:00 AM,0900,1,1,0,0,RAINING,WET,True,OTHER COLLISIONS ON SHOULDER,SINGLE VEHICLE,CURVE & LEVEL,DARK-HWY LIGHTED/OFF,,,10/28/2019 9:22:47 AM,False,7424,Accepted,
25845535,0568000,LOUISVILLE METRO POLICE DEPT,Accepted,JEFFERSON,,,OXMOOR,LN,,,,,,,,38.248647047,-85.613651027,0.050,10/27/2019 12:00:00 AM,1800,2,2,0,0,CLEAR,DRY,False,REAR END IN TRAFFIC LANES BOTH VEHICLES MOVING,REAR END,STRAIGHT & LEVEL,DAYLIGHT,,,10/28/2019 9:32:55 AM,False,2346,Accepted,
25845608,0568000,LOUISVILLE METRO POLICE DEPT,Accepted,JEFFERSON,US0031W,,DIXIE,HWY,,,ABBOTTS BEACH,,,,,38.007023427,-85.935222378,0.573,10/27/2019 12:00:00 AM,1810,2,2,0,0,CLEAR,DRY,False,SIDESWIPE-SAME DIRECTION,SIDESWIPE-SAME DIRECTION,STRAIGHT & LEVEL,DAYLIGHT,,,10/28/2019 9:38:01 AM,False,2936,Accepted,
25845404,0568000,LOUISVILLE METRO POLICE DEPT,Accepted,JEFFERSON,US0042,,STORY,AVE,,I 0064,I64 E EXIT7 OFF RAMP TO  STORY AVE,,,,,38.257771336,-85.723892719,0.521,10/27/2019 12:00:00 AM,0222,2,2,0,0,CLEAR,WET,False,SIDESWIPE-SAME DIRECTION,SIDESWIPE-SAME DIRECTION,STRAIGHT & LEVEL,DARK-HWY LIGHTED/ON,,,10/28/2019 9:20:52 AM,False,5172,Accepted,
25845589,0568000,LOUISVILLE METRO POLICE DEPT,Accepted,JEFFERSON,KY0061,,PRESTON,HWY,,,COOPER,,,,,38.119812432,-85.677787289,2.564,10/27/2019 12:00:00 AM,1543,2,2,0,0,CLEAR,DRY,False,SIDESWIPE-SAME DIRECTION,SIDESWIPE-SAME DIRECTION,STRAIGHT & LEVEL,DAYLIGHT,,,10/28/2019 9:36:14 AM,False,7397,Accepted,
25845712,0568000,LOUISVILLE METRO POLICE DEPT,Accepted,JEFFERSON,KY0061,,PRESTON,HWY,,,FOREST,,,,,38.161668316,-85.699706596,5.723,10/27/2019 12:00:00 AM,2139,2,2,0,0,CLEAR,DRY,True,SIDESWIPE-SAME DIRECTION,SIDESWIPE-SAME DIRECTION,STRAIGHT & LEVEL,DARK-HWY LIGHTED/ON,,,10/28/2019 9:47:01 AM,False,5144,Accepted,
25845626,0568000,LOUISVILLE METRO POLICE DEPT,Accepted,JEFFERSON,,513,17TH,ST,N,,,,,,,38.262538894,-85.777277314,0.244,10/27/2019 12:00:00 AM,1930,2,2,0,0,CLEAR,DRY,False,1 VEHICLE PARKED POSITION (NOT PARKING LOT/DRIVEWAY),REAR END,STRAIGHT & LEVEL,OTHER,,,10/28/2019 9:42:03 AM,False,7173,Accepted,
25850733,0568000,LOUISVILLE METRO POLICE DEPT,Accepted,JEFFERSON,,405,MARRET,AVE,,,,,,,,38.229942213,-85.749682785,0.027,10/27/2019 12:00:00 AM,1900,2,2,0,0,CLEAR,DRY,True,1 VEHICLE PARKED POSITION (NOT PARKING LOT/DRIVEWAY),REAR END,STRAIGHT & LEVEL,DARK-HWY LIGHTED/ON,,,10/29/2019 8:05:38 AM,False,7407,Accepted,
25845585,0568000,LOUISVILLE METRO POLICE DEPT,Accepted,JEFFERSON,,4347,ACCOMACK,DR,,,,,,,,38.307657624,-85.549618563,0.914,10/27/2019 12:00:00 AM,1554,2,2,0,0,CLEAR,DRY,False,1 VEHICLE PARKED POSITION (NOT PARKING LOT/DRIVEWAY),BACKING,CURVE & HILLCREST,DAYLIGHT,,,10/28/2019 9:35:32 AM,False,7751,Accepted,
25845442,0568000,LOUISVILLE METRO POLICE DEPT,Accepted,JEFFERSON,,5108,STEWART,DR,,,,,,,,38.167757473,-85.833493357,0.062,10/27/2019 12:00:00 AM,0730,2,2,0,1,CLEAR,DRY,False,1 VEHICLE PARKED POSITION (NOT PARKING LOT/DRIVEWAY),ANGLE,STRAIGHT & LEVEL,DAWN,,,10/28/2019 9:26:15 AM,False,7841,Accepted,
25845491,0568000,LOUISVILLE METRO POLICE DEPT,Accepted,JEFFERSON,,200,CRESCENT,AVE,,,,,,,,38.259706204,-85.688076845,0.357,10/27/2019 12:00:00 AM,1520,2,2,0,0,CLEAR,DRY,False,1 VEHICLE PARKED POSITION (NOT PARKING LOT/DRIVEWAY),BACKING,STRAIGHT & LEVEL,DAYLIGHT,,,10/28/2019 9:29:19 AM,False,2413,Accepted,
25845477,0568000,LOUISVILLE METRO POLICE DEPT,Accepted,JEFFERSON,I 0265,,I265 W,,,,,,,,,38.119126986,-85.638008663,13.849,10/27/2019 12:00:00 AM,1600,1,1,0,1,CLEAR,DRY,False,COLLISION WITH FIXED OBJECT NON - INTERSECTION - FIRST EVENT COLLISION 09 - 32 EXCLUDING 16,SINGLE VEHICLE,STRAIGHT & LEVEL,DAYLIGHT,,,10/28/2019 9:28:07 AM,False,7573,Accepted,
25881710,0568000,LOUISVILLE METRO POLICE DEPT,Accepted,JEFFERSON,KY1703,,NEWBURG,RD,,,,,RICHMOND,,BELLARMINE,38.218071818,-85.708622446,3.931,10/27/2019 12:00:00 AM,0344,1,1,0,0,CLOUDY,DRY,True,COLLISION WITH FIXED OBJECT NON - INTERSECTION - FIRST EVENT COLLISION 09 - 32 EXCLUDING 16,SINGLE VEHICLE,STRAIGHT & HILLCREST,DARK-HWY LIGHTED/ON,,,11/5/2019 8:39:35 AM,False,2953,Accepted,
25845552,0568000,LOUISVILLE METRO POLICE DEPT,Accepted,JEFFERSON,I 0065,,I65 S,,,,,,,,,38.108213714,-85.701450065,124.690,10/27/2019 12:00:00 AM,0505,1,1,0,0,CLEAR,DRY,False,COLLISION WITH ANIMAL NON INTERSECTION,SINGLE VEHICLE,STRAIGHT & LEVEL,DARK-HWY LIGHTED/ON,,,10/28/2019 9:33:29 AM,False,7474,Accepted,
25845708,0568000,LOUISVILLE METRO POLICE DEPT,Accepted,JEFFERSON,,,RAGGARD,RD,,KY1727,TERRY,,,,,38.170909479,-85.867275944,0.334,10/27/2019 12:00:00 AM,1945,2,2,0,0,CLOUDY,DRY,False,OTHER INTERSECTION COLLISIONS,REAR END,STRAIGHT & LEVEL,DARK-HWY LIGHTED/ON,,,10/28/2019 9:46:46 AM,False,7340,Accepted,
25845719,0568000,LOUISVILLE METRO POLICE DEPT,Accepted,JEFFERSON,KY1447,,WESTPORT,RD,,,CHAMBERLAIN,,,,,38.299376376,-85.541728906,7.039,10/27/2019 12:00:00 AM,2120,2,2,0,0,CLEAR,DRY,False,OTHER INTERSECTION COLLISIONS,REAR END,STRAIGHT & LEVEL,DARK-HWY LIGHTED/ON,,,10/28/2019 9:47:23 AM,False,5056,Accepted,
25845618,0568000,LOUISVILLE METRO POLICE DEPT,Accepted,JEFFERSON,,,BEECH,ST,,,SOUTHERN,,,,,38.232086320,-85.805099849,0.442,10/27/2019 12:00:00 AM,1113,2,2,0,0,CLEAR,DRY,True,OTHER INTERSECTION COLLISIONS,REAR END,STRAIGHT & LEVEL,DAYLIGHT,,,10/28/2019 9:39:43 AM,False,5151,Accepted,
25845562,0568000,LOUISVILLE METRO POLICE DEPT,Accepted,JEFFERSON,,,GRADE,LN,,KY1065,OUTER,,,,,38.129878457,-85.737795855,0.051,10/27/2019 12:00:00 AM,1713,2,2,0,0,CLEAR,DRY,False,OTHER INTERSECTION COLLISIONS,REAR TO REAR,STRAIGHT & LEVEL,DAYLIGHT,,,10/28/2019 9:34:12 AM,False,7442,Accepted,
25845385,0568000,LOUISVILLE METRO POLICE DEPT,Accepted,JEFFERSON,US0031W,,MARKET,ST,W,,18TH,,,,,38.257740980,-85.779968882,20.550,10/27/2019 12:00:00 AM,0325,2,2,0,0,CLEAR,DRY,False,OTHER INTERSECTION COLLISIONS,REAR END,STRAIGHT & LEVEL,OTHER,,,10/28/2019 9:18:40 AM,False,7173,Accepted,
25845652,0568000,LOUISVILLE METRO POLICE DEPT,Accepted,JEFFERSON,KY1934,,CANE RUN,RD,,KY1727,TERRY,,,,,38.178108850,-85.861869932,7.185,10/27/2019 12:00:00 AM,1838,2,2,0,2,CLEAR,DRY,False,OPPOSING LEFT TURN,OPPOSING LEFT TURN,STRAIGHT & LEVEL,DUSK,,,10/28/2019 9:44:17 AM,False,5170,Accepted,
25881664,0568000,LOUISVILLE METRO POLICE DEPT,Accepted,JEFFERSON,,,ROY WILKINS,AVE,,,MAGAZINE,,,,,38.248547033,-85.766380045,0.629,10/27/2019 12:00:00 AM,1943,2,2,0,1,CLEAR,DRY,True,ANGLE COLLISION - OTHER,ANGLE,STRAIGHT & LEVEL,DARK-HWY LIGHTED/ON,,,11/5/2019 8:36:48 AM,False,5047,Accepted,
25846414,0568000,LOUISVILLE METRO POLICE DEPT,Accepted,JEFFERSON,,,UPPER HUNTERS,TRCE,,US0031W,DIXIE,,,,,38.168555047,-85.828976636,0.031,10/27/2019 12:00:00 AM,1554,2,1,0,0,CLEAR,DRY,False,ANGLE COLLISION - OTHER,ANGLE,STRAIGHT & LEVEL,DAYLIGHT,,,10/28/2019 9:30:46 AM,False,7485,Accepted,
25845622,0568000,LOUISVILLE METRO POLICE DEPT,Accepted,JEFFERSON,KY0061,,PRESTON,HWY,,I 0065,I264 W EXIT12 OFF RAMP TO,,,,,38.191480894,-85.727552932,8.289,10/27/2019 12:00:00 AM,1915,2,2,0,0,CLEAR,DRY,True,ANGLE COLLISION - OTHER,ANGLE,STRAIGHT & LEVEL,DAWN,,,10/28/2019 9:41:03 AM,False,6100,Accepted,
25845604,0568000,LOUISVILLE METRO POLICE DEPT,Accepted,JEFFERSON,,,BROOK,ST,S,,JEFFERSON,,,,,38.253110119,-85.750399197,3.390,10/27/2019 12:00:00 AM,1227,2,2,0,0,CLEAR,DRY,False,ANGLE COLLISION - ONE VEHICLE TURNING LEFT,ANGLE,STRAIGHT & LEVEL,DAYLIGHT,,,10/28/2019 9:37:26 AM,False,7266,Accepted,
26051302,0568000,LOUISVILLE METRO POLICE DEPT,Accepted,JEFFERSON,US0150,,BROADWAY,,W,,8TH,,,,,38.246727689,-85.765128594,2.023,10/27/2019 12:00:00 AM,2324,2,2,0,0,CLEAR,DRY,True,ANGLE COLLISION - ONE VEHICLE TURNING LEFT,ANGLE,STRAIGHT & LEVEL,DARK-HWY LIGHTED/ON,,,12/13/2019 8:36:11 AM,False,5148,Accepted,
25845611,0568000,LOUISVILLE METRO POLICE DEPT,Accepted,JEFFERSON,US0060A,,EASTERN,PKWY,,,BRADLEY,,,,,38.212451952,-85.747088059,4.281,10/27/2019 12:00:00 AM,1655,2,1,0,1,CLOUDY,DRY,False,COLLISION WITH PEDESTRIAN IN INTERSECTION,SINGLE VEHICLE,STRAIGHT & LEVEL,DAYLIGHT,,,10/28/2019 9:38:23 AM,False,5245,Accepted,
25845384,0568000,LOUISVILLE METRO POLICE DEPT,Accepted,JEFFERSON,,,STRATTON,CT,,,BOHNE,,,,,38.228591875,-85.815245826,0.142,10/26/2019 12:00:00 AM,2000,2,1,0,1,RAINING,WET,False,COLLISION WITH PEDESTRIAN IN INTERSECTION,SINGLE VEHICLE,STRAIGHT & LEVEL,DARK-HWY LIGHTED/ON,,,10/28/2019 9:18:36 AM,False,5181,Accepted,
25845263,0568000,LOUISVILLE METRO POLICE DEPT,Accepted,JEFFERSON,,,ROBBS,LN,,,GAYEWAY,,,,,38.135266282,-85.661864593,0.262,10/26/2019 12:00:00 AM,1230,1,1,0,0,RAINING,WET,True,COLLISION WITH FIXED OBJECT IN INTERSECTION - FIRST EVENT COLLISION 09 - 32,SINGLE VEHICLE,STRAIGHT & LEVEL,DAYLIGHT,,,10/28/2019 9:06:45 AM,False,7486,Accepted,
25845316,0568000,LOUISVILLE METRO POLICE DEPT,Accepted,JEFFERSON,,,MUHAMMAD ALI,BLVD,W,,17TH,,,,,38.253501624,-85.779007777,1.454,10/26/2019 12:00:00 AM,1806,1,1,0,0,RAINING,WET,True,COLLISION WITH FIXED OBJECT IN INTERSECTION - FIRST EVENT COLLISION 09 - 32,SINGLE VEHICLE,STRAIGHT & LEVEL,DUSK,,,10/28/2019 9:13:38 AM,False,7241,Accepted,
25845396,0568000,LOUISVILLE METRO POLICE DEPT,Accepted,JEFFERSON,I 0065,,I65 S,,,I 0065,I65 S EXIT134 OFF RAMP TO  ARTHUR ST,,,,,38.224472085,-85.751209256,133.759,10/26/2019 12:00:00 AM,2244,1,1,0,0,CLOUDY,WET,False,COLLISION WITH FIXED OBJECT IN INTERSECTION - FIRST EVENT COLLISION 09 - 32,SINGLE VEHICLE,CURVE & LEVEL,DARK-HWY LIGHTED/ON,,,10/28/2019 9:20:23 AM,False,5131,Accepted,
25845558,0568000,LOUISVILLE METRO POLICE DEPT,Accepted,JEFFERSON,,,PARK,RD,S,KY1450,BLUE LICK,,,,,38.116354368,-85.689505593,0.697,10/26/2019 12:00:00 AM,1546,2,2,0,1,RAINING,WET,False,ANGLE COLLISION - ONE VEHICLE TURNING LEFT,ANGLE,STRAIGHT & LEVEL,DAYLIGHT,,,10/28/2019 9:33:51 AM,False,7442,Accepted,
25845165,0568000,LOUISVILLE METRO POLICE DEPT,Accepted,JEFFERSON,,,FRANKFORT,AVE,,US0042,STORY,,,,,38.258867506,-85.721484864,0.002,10/26/2019 12:00:00 AM,0202,3,3,0,0,RAINING,WET,False,COLLISION WITH PARKED VEHICLE,SIDESWIPE-SAME DIRECTION,CURVE & GRADE,DARK-HWY NOT LIGHTED,,,10/28/2019 8:58:56 AM,False,5195,Accepted,
25845309,0568000,LOUISVILLE METRO POLICE DEPT,Accepted,JEFFERSON,KY1931,,GREENWOOD,RD,,,COLUMBINE,,,,,38.144414248,-85.864413133,1.790,10/26/2019 12:00:00 AM,1235,2,2,0,0,RAINING,WET,False,ANGLE COLLISION - ONE VEHICLE TURNING LEFT,ANGLE,STRAIGHT & LEVEL,DAYLIGHT,,,10/28/2019 9:13:04 AM,False,7356,Accepted,
25845314,0568000,LOUISVILLE METRO POLICE DEPT,Accepted,JEFFERSON,,,COOPER CROSSINGS,DR,,,OLDSHIRE,,,,,38.108933713,-85.669013259,0.189,10/26/2019 12:00:00 AM,1619,2,2,0,0,CLOUDY,WET,False,ANGLE COLLISION - OTHER,ANGLE,CURVE & LEVEL,DAYLIGHT,,,10/28/2019 9:13:30 AM,False,7442,Accepted,
25845323,0568000,LOUISVILLE METRO POLICE DEPT,Accepted,JEFFERSON,I 0071,,I71 S,,,I 0265,I265 N,,,,,38.315042439,-85.581828602,9.092,10/26/2019 12:00:00 AM,1515,2,2,0,0,RAINING,WET,False,ANGLE COLLISION - OTHER,ANGLE,STRAIGHT & LEVEL,DAYLIGHT,,,10/28/2019 9:14:10 AM,False,7018,Accepted,
25845287,0568000,LOUISVILLE METRO POLICE DEPT,Accepted,JEFFERSON,US0031W,,22ND,ST,S,,BROADWAY,,,,,38.249217343,-85.788201702,19.558,10/26/2019 12:00:00 AM,1432,2,2,0,1,RAINING,WET,False,ANGLE COLLISION - OTHER,ANGLE,STRAIGHT & LEVEL,DAYLIGHT,,,10/28/2019 9:10:35 AM,False,7241,Accepted,
25845196,0568000,LOUISVILLE METRO POLICE DEPT,Accepted,JEFFERSON,,,7TH,ST,S,,MAGNOLIA,,,,,38.229668638,-85.767572342,0.873,10/26/2019 12:00:00 AM,0151,2,2,0,1,RAINING,WET,False,ANGLE COLLISION - OTHER,ANGLE,STRAIGHT & GRADE,DARK-HWY LIGHTED/ON,,,10/28/2019 9:01:57 AM,False,5131,Accepted,
25845248,0568000,LOUISVILLE METRO POLICE DEPT,Accepted,JEFFERSON,,,1ST,ST,S,,JEFFERSON,,,,,38.253307206,-85.752127319,0.190,10/26/2019 12:00:00 AM,0245,2,2,0,0,RAINING,WET,False,ANGLE COLLISION - OTHER,ANGLE,STRAIGHT & LEVEL,DARK-HWY LIGHTED/ON,,,10/28/2019 9:03:37 AM,False,5162,Accepted,
25845295,0568000,LOUISVILLE METRO POLICE DEPT,Accepted,JEFFERSON,US0031E,,BARDSTOWN,RD,,,BRIGHTON,,,,,38.214050743,-85.673522274,12.252,10/26/2019 12:00:00 AM,1716,2,2,0,0,RAINING,WET,False,ANGLE COLLISION - OTHER,ANGLE,STRAIGHT & LEVEL,DAYLIGHT,,,10/28/2019 9:11:39 AM,False,7284,Accepted,
25845267,0568000,LOUISVILLE METRO POLICE DEPT,Accepted,JEFFERSON,US0042,,STORY,AVE,,,SPRING,,,,,38.257310772,-85.724935772,0.455,10/26/2019 12:00:00 AM,1239,2,2,0,0,RAINING,WET,False,ANGLE COLLISION - OTHER,ANGLE,STRAIGHT & LEVEL,DAYLIGHT,,,10/28/2019 9:07:07 AM,False,7266,Accepted,
25845392,0568000,LOUISVILLE METRO POLICE DEPT,Accepted,JEFFERSON,,,7TH,ST,S,,SHIPP,,,,,38.226211504,-85.769304039,0.616,10/26/2019 12:00:00 AM,1940,2,2,0,0,CLOUDY,WET,False,ANGLE COLLISION - OTHER,ANGLE,STRAIGHT & LEVEL,DARK-HWY LIGHTED/ON,,,10/28/2019 9:19:47 AM,False,5230,Accepted,
25845300,0568000,LOUISVILLE METRO POLICE DEPT,Accepted,JEFFERSON,,,PRODUCE,RD,,,PINEWOOD,,,,,38.181326766,-85.688630971,0.241,10/26/2019 12:00:00 AM,0040,2,2,0,0,RAINING,WET,False,ANGLE COLLISION - OTHER,ANGLE,STRAIGHT & LEVEL,DARK-HWY LIGHTED/ON,,,10/28/2019 9:12:10 AM,False,7371,Accepted,
25845425,0568000,LOUISVILLE METRO POLICE DEPT,Accepted,JEFFERSON,I 0065,,I65 S,,,I 0065,I65 S EXIT133 OFF RAMP TO  ARTHUR ST,,,,,38.213328106,-85.752729066,132.983,10/26/2019 12:00:00 AM,1834,2,2,0,0,CLEAR,DRY,True,ANGLE COLLISION - OTHER,ANGLE,STRAIGHT & LEVEL,DAYLIGHT,,,10/28/2019 9:24:38 AM,False,5263,Accepted,
25907042,0568000,LOUISVILLE METRO POLICE DEPT,Accepted,JEFFERSON,,,7TH,ST,S,,HILL,,,,,38.226809935,-85.769053911,0.654,10/26/2019 12:00:00 AM,0102,2,2,0,0,CLEAR,DRY,True,ANGLE COLLISION - OTHER,ANGLE,STRAIGHT & LEVEL,DARK-HWY LIGHTED/ON,,,11/11/2019 8:59:33 AM,False,5163,Accepted,
25845378,0568000,LOUISVILLE METRO POLICE DEPT,Accepted,JEFFERSON,KY0061,,PRESTON,HWY,,,COOPER,,,,,38.119936170,-85.677797112,2.587,10/26/2019 12:00:00 AM,2323,2,2,0,0,RAINING,WET,True,OPPOSING LEFT TURN,OPPOSING LEFT TURN,STRAIGHT & LEVEL,DARK-HWY LIGHTED/ON,,,10/28/2019 9:17:51 AM,False,7016,Accepted,
27108250,0568000,LOUISVILLE METRO POLICE DEPT,Accepted,JEFFERSON,KY0061,,PRESTON,HWY,,,BOERSTE,,,,,38.113926138,-85.676107518,2.125,10/26/2019 12:00:00 AM,2144,2,2,0,0,RAINING,WET,True,OPPOSING LEFT TURN,OPPOSING LEFT TURN,STRAIGHT & LEVEL,DARK-HWY LIGHTED/ON,,,8/21/2020 8:21:44 AM,False,7016,Accepted,
25845325,0568000,LOUISVILLE METRO POLICE DEPT,Accepted,JEFFERSON,KY1865,,TAYLOR,BLVD,,,BROOKLINE,,,,,38.175097408,-85.782556986,4.714,10/26/2019 12:00:00 AM,1112,2,2,0,0,RAINING,WET,True,REAR END - ONE VEHICLE TURNING RIGHT,REAR END,STRAIGHT & LEVEL,DAYLIGHT,,,10/28/2019 9:14:25 AM,False,5274,Accepted,
25845399,0568000,LOUISVILLE METRO POLICE DEPT,Accepted,JEFFERSON,KY1747,,FERN VALLEY,RD,,I 0065,I65 N EXIT128 OFF RAMP TO KY1631,,,,,38.157398532,-85.716395381,0.814,10/26/2019 12:00:00 AM,1925,2,2,0,0,RAINING,WET,False,REAR END - ONE VEHICLE TURNING RIGHT,REAR END,STRAIGHT & LEVEL,DARK-HWY LIGHTED/ON,,,10/28/2019 9:20:28 AM,False,5182,Accepted,
25845320,0568000,LOUISVILLE METRO POLICE DEPT,Accepted,JEFFERSON,KY1932,,BRECKENRIDGE,LN,,US0031E,BARDSTOWN,,,,,38.181212895,-85.626916316,0.003,10/26/2019 12:00:00 AM,1849,2,2,0,0,RAINING,WET,False,OPPOSITE DIRECTION - BOTH VEHICLES GOING STRAIGHT AHEAD,SIDESWIPE-OPPOSITE DIRECTION,STRAIGHT & LEVEL,DARK-HWY LIGHTED/ON,,,10/28/2019 9:13:50 AM,False,7307,Accepted,
25845372,0568000,LOUISVILLE METRO POLICE DEPT,Accepted,JEFFERSON,US0031W,,DIXIE,HWY,,,STONESTREET,,,,,38.121204066,-85.855690280,9.749,10/26/2019 12:00:00 AM,1842,2,2,0,0,RAINING,WET,False,OPPOSITE DIRECTION - BOTH VEHICLES GOING STRAIGHT AHEAD,SIDESWIPE-OPPOSITE DIRECTION,STRAIGHT & LEVEL,DARK-HWY LIGHTED/ON,,,10/28/2019 9:17:02 AM,False,7908,Accepted,
25845272,0568000,LOUISVILLE METRO POLICE DEPT,Accepted,JEFFERSON,,,GOLDSMITH,LN,,,GOLDEN TURTLE,,,,,38.203440807,-85.677706431,0.441,10/26/2019 12:00:00 AM,1209,2,2,0,0,RAINING,WET,False,OPPOSING LEFT TURN,OPPOSING LEFT TURN,STRAIGHT & LEVEL,DAYLIGHT,,,10/28/2019 9:07:48 AM,False,5233,Accepted,