IncidentID,AgencyORI,AgencyName,IncidentStatusDesc,County,RdwyNumber,Street,RoadwayName,StreetSfx,StreetDir,IntersectionRdwy,IntersectionRdwyName,BetweenStRdwy1,BetweenStRdwyName1,BetweenStRdwy2,BetweenStRdwyName2,Latitude,Longitude,Milepoint,CollisionDate,CollisionTime,UnitsInvolved,MotorVehiclesInvolved,NumberKilled,NumberInjured,Weather,RdwyConditionCode,HitandRun,DirAnalysisCode,MannerofCollision,RdwyCharacter,LightCondition,RampFromRdwyId,RampToRdwyId,AcceptedDate,IsSecondaryCollision,OwnerBadge,IncidentStatus,
25845277,0568000,LOUISVILLE METRO POLICE DEPT,Accepted,JEFFERSON,,,SPRINGHURST,BLVD,,,FISCHER PARK,,,,,38.296648625,-85.560070639,0.213,10/26/2019 12:00:00 AM,1520,2,2,0,0,RAINING,WET,False,ANGLE COLLISION - OTHER,ANGLE,CURVE & GRADE,DAYLIGHT,,,10/28/2019 9:08:25 AM,False,7313,Accepted,
25845285,0568000,LOUISVILLE METRO POLICE DEPT,Accepted,JEFFERSON,,,26TH,ST,S,,MAGAZINE,,,,,38.251685333,-85.794628615,0.627,10/26/2019 12:00:00 AM,1129,2,2,0,1,RAINING,WET,False,ANGLE COLLISION - OTHER,ANGLE,STRAIGHT & LEVEL,DAYLIGHT,,,10/28/2019 9:10:27 AM,False,7241,Accepted,
25845386,0568000,LOUISVILLE METRO POLICE DEPT,Accepted,JEFFERSON,KY2054,,ALGONQUIN,PKWY,,,35TH,,,,,38.224893512,-85.814176093,0.451,10/26/2019 12:00:00 AM,1445,2,2,0,0,CLOUDY,WET,True,OTHER INTERSECTION COLLISIONS,REAR END,STRAIGHT & LEVEL,DAYLIGHT,,,10/28/2019 9:18:44 AM,False,6860,Accepted,
25845292,0568000,LOUISVILLE METRO POLICE DEPT,Accepted,JEFFERSON,KY1932,,BRECKENRIDGE,LN,,,BERKSHIRE,,,,,38.222480973,-85.632687113,3.064,10/26/2019 12:00:00 AM,1706,2,2,0,0,RAINING,WET,False,OTHER INTERSECTION COLLISIONS,REAR END,STRAIGHT & LEVEL,DAYLIGHT,,,10/28/2019 9:11:13 AM,False,7307,Accepted,
25845327,0568000,LOUISVILLE METRO POLICE DEPT,Accepted,JEFFERSON,,,7TH,ST,S,,MAGNOLIA,,,,,38.229661928,-85.767554114,0.872,10/26/2019 12:00:00 AM,1520,2,2,0,0,RAINING,WET,False,OTHER INTERSECTION COLLISIONS,REAR END,STRAIGHT & HILLCREST,DAYLIGHT,,,10/28/2019 9:14:58 AM,False,7360,Accepted,
25845409,0568000,LOUISVILLE METRO POLICE DEPT,Accepted,JEFFERSON,KY1020,,NATIONAL,TPKE,,KY1065,OUTER,,,,,38.126888741,-85.748954683,3.665,10/26/2019 12:00:00 AM,2151,2,2,0,0,CLOUDY,WET,False,OTHER INTERSECTION COLLISIONS,REAR END,STRAIGHT & LEVEL,DARK (UNKNOWN ROADWAY LIGHTING),,,10/28/2019 9:22:24 AM,False,5121,Accepted,
25845467,0568000,LOUISVILLE METRO POLICE DEPT,Accepted,JEFFERSON,KY1747,,HURSTBOURNE,PKWY,S,,HURSTBOURNE,,,,,38.218006034,-85.586116778,11.342,10/26/2019 12:00:00 AM,1638,3,3,0,0,CLOUDY,WET,False,OTHER INTERSECTION COLLISIONS,REAR END,STRAIGHT & LEVEL,DAYLIGHT,,,10/28/2019 9:27:24 AM,False,2429,Accepted,
25881419,0568000,LOUISVILLE METRO POLICE DEPT,Accepted,JEFFERSON,KY1931,4801,MANSLICK,RD,,,GLENROCK,,,,,38.174788009,-85.797818080,6.878,10/26/2019 12:00:00 AM,1151,3,3,0,0,CLOUDY,DRY,True,OTHER INTERSECTION COLLISIONS,REAR END,STRAIGHT & LEVEL,DAYLIGHT,,,11/5/2019 8:18:44 AM,False,7094,Accepted,
25845728,0568000,LOUISVILLE METRO POLICE DEPT,Accepted,JEFFERSON,KY1932,,BRECKENRIDGE,LN,,KY0155,TAYLORSVILLE,,,,,38.220064159,-85.630400955,2.853,10/26/2019 12:00:00 AM,2240,2,2,0,0,CLOUDY,WET,False,OTHER INTERSECTION COLLISIONS,REAR END,STRAIGHT & LEVEL,DARK-HWY LIGHTED/ON,,,10/28/2019 9:48:03 AM,False,7200,Accepted,
25845469,0568000,LOUISVILLE METRO POLICE DEPT,Accepted,JEFFERSON,KY1747,,HURSTBOURNE,PKWY,S,,HURSTBOURNE,,,,,38.218275143,-85.585120830,11.403,10/26/2019 12:00:00 AM,1814,2,2,0,0,RAINING,WET,False,OTHER INTERSECTION COLLISIONS,REAR END,STRAIGHT & LEVEL,DARK-HWY LIGHTED/ON,,,10/28/2019 9:27:35 AM,False,2429,Accepted,
25845270,0568000,LOUISVILLE METRO POLICE DEPT,Accepted,JEFFERSON,I 0065,,I65 S,,,I 0065,I65 S EXIT135 OFF RAMP TO  E SAINT CATHERINE ST,,,,,38.239194753,-85.753314089,134.796,10/26/2019 12:00:00 AM,1008,1,1,0,0,RAINING,WET,False,OTHER INTERSECTION COLLISIONS,SINGLE VEHICLE,STRAIGHT & GRADE,DAYLIGHT,,,10/28/2019 9:07:33 AM,False,7619,Accepted,
25845274,0568000,LOUISVILLE METRO POLICE DEPT,Accepted,JEFFERSON,US0150,,BROADWAY,,W,,15TH,,,,,38.248206535,-85.776562163,1.374,10/26/2019 12:00:00 AM,1118,2,2,0,0,RAINING,WET,False,OTHER INTERSECTION COLLISIONS,REAR END,STRAIGHT & LEVEL,DAYLIGHT,,,10/28/2019 9:08:07 AM,False,7463,Accepted,
25845271,0568000,LOUISVILLE METRO POLICE DEPT,Accepted,JEFFERSON,,,GRADE,LN,,KY0061,PRESTON,,,,,38.180032066,-85.718715898,0.013,10/26/2019 12:00:00 AM,0619,2,2,0,0,RAINING,WET,False,OTHER INTERSECTION COLLISIONS,REAR END,STRAIGHT & LEVEL,DARK (UNKNOWN ROADWAY LIGHTING),,,10/28/2019 9:07:42 AM,False,5233,Accepted,
25845280,0568000,LOUISVILLE METRO POLICE DEPT,Accepted,JEFFERSON,KY1020,,NATIONAL,TPKE,,KY1065,OUTER,,,,,38.127000086,-85.748950477,3.664,10/26/2019 12:00:00 AM,1500,2,2,0,0,RAINING,WET,False,OTHER INTERSECTION COLLISIONS,REAR END,STRAIGHT & LEVEL,DAYLIGHT,,,10/28/2019 9:08:54 AM,False,7263,Accepted,
25845321,0568000,LOUISVILLE METRO POLICE DEPT,Accepted,JEFFERSON,US0031W,,DIXIE,HWY,,,MEYERS,,,,,38.164888746,-85.830243155,13.083,10/26/2019 12:00:00 AM,1435,2,2,0,0,RAINING,WET,False,OTHER INTERSECTION COLLISIONS,REAR END,STRAIGHT & LEVEL,DAYLIGHT,,,10/28/2019 9:13:58 AM,False,7177,Accepted,
25845291,0568000,LOUISVILLE METRO POLICE DEPT,Accepted,JEFFERSON,,,NORTON HEALTHCARE,BLVD,,,ANGIES,,,,,38.314016226,-85.572413895,0.600,10/26/2019 12:00:00 AM,1651,2,2,0,0,RAINING,WET,False,OTHER INTERSECTION COLLISIONS,REAR END,CURVE & LEVEL,DAYLIGHT,,,10/28/2019 9:11:03 AM,False,7313,Accepted,
25845389,0568000,LOUISVILLE METRO POLICE DEPT,Accepted,JEFFERSON,KY0061,,PRESTON,HWY,,KY6299,COMMERCE CROSSINGS,,,,,38.103651066,-85.672797912,1.385,10/26/2019 12:00:00 AM,1930,2,2,0,0,RAINING,WET,True,OTHER INTERSECTION COLLISIONS,REAR END,STRAIGHT & LEVEL,DARK-HWY LIGHTED/ON,,,10/28/2019 9:18:56 AM,False,7120,Accepted,
25845288,0568000,LOUISVILLE METRO POLICE DEPT,Accepted,JEFFERSON,,,MAGNOLIA,AVE,W,,7TH,,,,,38.229628130,-85.767554106,0.611,10/26/2019 12:00:00 AM,1540,2,2,0,0,RAINING,WET,False,OTHER INTERSECTION COLLISIONS,REAR END,STRAIGHT & LEVEL,DUSK,,,10/28/2019 9:10:42 AM,False,7298,Accepted,
25845616,0568000,LOUISVILLE METRO POLICE DEPT,Accepted,JEFFERSON,KY1065,,OUTER,LOOP,,,LAUREL RIDGE,,,,,38.137850438,-85.673753135,6.768,10/26/2019 12:00:00 AM,1943,2,2,0,0,RAINING,WET,False,OTHER INTERSECTION COLLISIONS,REAR END,STRAIGHT & LEVEL,DARK-HWY LIGHTED/ON,,,10/28/2019 9:39:16 AM,False,5107,Accepted,
25845180,0568000,LOUISVILLE METRO POLICE DEPT,Accepted,JEFFERSON,KY0061,,PRESTON,HWY,,,MUD,,,,,38.092835231,-85.669341511,0.662,10/26/2019 12:00:00 AM,0002,2,2,0,0,RAINING,WET,False,OTHER INTERSECTION COLLISIONS,REAR END,STRAIGHT & GRADE,DARK-HWY NOT LIGHTED,,,10/28/2019 9:00:22 AM,False,5184,Accepted,
25906879,0568000,LOUISVILLE METRO POLICE DEPT,Accepted,JEFFERSON,US0060A,,TAYLOR,BLVD,,,LONGFIELD,,,,,38.198637715,-85.782759341,1.617,10/26/2019 12:00:00 AM,1905,2,2,0,0,RAINING,WET,False,OTHER INTERSECTION COLLISIONS,REAR END,STRAIGHT & LEVEL,DARK-HWY LIGHTED/ON,,,11/11/2019 8:46:10 AM,False,7462,Accepted,
25906922,0568000,LOUISVILLE METRO POLICE DEPT,Accepted,JEFFERSON,US0031E,,BARDSTOWN,RD,,KY1747,HURSTBOURNE,,,,,38.168911421,-85.604953228,7.239,10/26/2019 12:00:00 AM,0759,2,2,0,0,RAINING,WET,False,OTHER INTERSECTION COLLISIONS,REAR END,STRAIGHT & LEVEL,DAYLIGHT,,,11/11/2019 8:49:53 AM,False,5295,Accepted,
25906807,0568000,LOUISVILLE METRO POLICE DEPT,Accepted,JEFFERSON,KY2056,,BELLS,LN,,,40TH,,,,,38.223169139,-85.823376716,0.975,10/26/2019 12:00:00 AM,1107,2,2,0,0,RAINING,WET,False,OTHER INTERSECTION COLLISIONS,REAR END,STRAIGHT & LEVEL,OTHER,,,11/11/2019 8:36:21 AM,False,7469,Accepted,
26229204,0561000,JEFFERSONTOWN POLICE DEPT,Accepted,JEFFERSON,I 0064,,I64 E,,,,,I 0064,I64 E EXIT15 ON RAMP FROM KY1747,I 0064,I64 E EXIT17 OFF RAMP TO KY913,38.223361882,-85.552897193,16.431,10/26/2019 12:00:00 AM,0821,1,1,0,1,RAINING,WET,False,COLLISION WITH FIXED OBJECT NON - INTERSECTION - FIRST EVENT COLLISION 09 - 32 EXCLUDING 16,SINGLE VEHICLE,STRAIGHT & LEVEL,DAYLIGHT,,,1/22/2020 5:41:36 PM,False,8267,Accepted,
25853320,0566900,LOUISVILLE AIRPORT POLICE,Accepted,JEFFERSON,,,CRITTENDEN,DR,,,,,,,,38.192181533,-85.755312358,0.379,10/26/2019 12:00:00 AM,1537,1,1,0,0,CLOUDY,WET,False,COLLISION WITH FIXED OBJECT NON - INTERSECTION - FIRST EVENT COLLISION 09 - 32 EXCLUDING 16,SINGLE VEHICLE,CURVE & LEVEL,DAYLIGHT,,,10/29/2019 3:35:03 PM,False,5848,Accepted,
25845614,0568000,LOUISVILLE METRO POLICE DEPT,Accepted,JEFFERSON,KY2051,,CAMP GROUND,RD,,,,,KRAMERS,,SCHMITT,38.207705553,-85.846764376,4.631,10/26/2019 12:00:00 AM,1730,1,1,0,0,RAINING,WET,False,COLLISION WITH FIXED OBJECT NON - INTERSECTION - FIRST EVENT COLLISION 09 - 32 EXCLUDING 16,SINGLE VEHICLE,STRAIGHT & LEVEL,DUSK,,,10/28/2019 9:38:50 AM,False,7467,Accepted,
25845282,0568000,LOUISVILLE METRO POLICE DEPT,Accepted,JEFFERSON,KY1819,,BILLTOWN,RD,,,,,,,,38.157209550,-85.561539580,6.379,10/26/2019 12:00:00 AM,1555,1,1,0,0,CLOUDY,WET,False,COLLISION WITH FIXED OBJECT NON - INTERSECTION - FIRST EVENT COLLISION 09 - 32 EXCLUDING 16,SINGLE VEHICLE,STRAIGHT & LEVEL,DAYLIGHT,,,10/28/2019 9:09:57 AM,False,7573,Accepted,
25845588,0568000,LOUISVILLE METRO POLICE DEPT,Accepted,JEFFERSON,KY1065,,OUTER,LOOP,,,,,SHEPHERDSVILLE,,DONEGAL,38.138950362,-85.657346883,7.669,10/26/2019 12:00:00 AM,2230,1,1,0,0,RAINING,WET,False,COLLISION WITH FIXED OBJECT NON - INTERSECTION - FIRST EVENT COLLISION 09 - 32 EXCLUDING 16,SINGLE VEHICLE,STRAIGHT & LEVEL,DARK-HWY NOT LIGHTED,,,10/28/2019 9:36:05 AM,False,7397,Accepted,
25845158,0568000,LOUISVILLE METRO POLICE DEPT,Accepted,JEFFERSON,KY1703,,NEWBURG,RD,,,,,,,,38.184547992,-85.665367035,0.505,10/26/2019 12:00:00 AM,0330,1,1,0,0,RAINING,WET,False,COLLISION WITH FIXED OBJECT NON - INTERSECTION - FIRST EVENT COLLISION 09 - 32 EXCLUDING 16,SINGLE VEHICLE,STRAIGHT & LEVEL,DARK-HWY LIGHTED/ON,,,10/28/2019 8:58:36 AM,False,7371,Accepted,
25845284,0568000,LOUISVILLE METRO POLICE DEPT,Accepted,JEFFERSON,,6411,MONTEGO BAY,RD,,,,,,,,38.154181794,-85.640903123,0.022,10/26/2019 12:00:00 AM,1609,1,1,0,0,RAINING,WET,False,COLLISION WITH FIXED OBJECT NON - INTERSECTION - FIRST EVENT COLLISION 09 - 32 EXCLUDING 16,SINGLE VEHICLE,STRAIGHT & LEVEL,DAYLIGHT,,,10/28/2019 9:10:23 AM,False,5268,Accepted,
25845265,0568000,LOUISVILLE METRO POLICE DEPT,Accepted,JEFFERSON,I 0071,,I71 N,,,,,,,,,38.317775016,-85.573285322,9.608,10/26/2019 12:00:00 AM,1049,1,1,0,0,RAINING,WET,False,COLLISION WITH FIXED OBJECT NON - INTERSECTION - FIRST EVENT COLLISION 09 - 32 EXCLUDING 16,SINGLE VEHICLE,STRAIGHT & LEVEL,DAYLIGHT,,,10/28/2019 9:06:55 AM,False,7751,Accepted,
25845266,0568000,LOUISVILLE METRO POLICE DEPT,Accepted,JEFFERSON,I 0265,,,,,,,I 0265,I265 S,KY1447,WESTPORT,38.297724927,-85.545981962,0.534,10/26/2019 12:00:00 AM,0958,1,1,0,0,CLOUDY,WET,False,COLLISION WITH FIXED OBJECT NON - INTERSECTION - FIRST EVENT COLLISION 09 - 32 EXCLUDING 16,SINGLE VEHICLE,CURVE & HILLCREST,DAYLIGHT,,,10/28/2019 9:07:01 AM,False,7751,Accepted,
25845281,0568000,LOUISVILLE METRO POLICE DEPT,Accepted,JEFFERSON,KY1020,,NATIONAL,TPKE,,,,,,,,38.135041697,-85.745962573,3.768,10/26/2019 12:00:00 AM,0217,2,2,0,1,RAINING,WET,False,1 VEHICLE PARKED POSITION (NOT PARKING LOT/DRIVEWAY),ANGLE,STRAIGHT & LEVEL,DARK-HWY LIGHTED/ON,,,10/28/2019 9:09:25 AM,False,7244,Accepted,
25845339,0568000,LOUISVILLE METRO POLICE DEPT,Accepted,JEFFERSON,KY1065,193,OUTER,LOOP,,,,,,,,38.127011178,-85.774959027,0.967,10/26/2019 12:00:00 AM,1301,2,2,0,0,RAINING,WET,True,1 VEHICLE PARKED POSITION (NOT PARKING LOT/DRIVEWAY),ANGLE,STRAIGHT & LEVEL,DAYLIGHT,,,10/28/2019 9:15:45 AM,False,7373,Accepted,
25845164,0568000,LOUISVILLE METRO POLICE DEPT,Accepted,JEFFERSON,,,BROADWAY,,W,,,,,,,38.249395487,-85.794235532,0.328,10/26/2019 12:00:00 AM,0110,2,2,0,0,RAINING,WET,False,1 VEHICLE PARKED POSITION (NOT PARKING LOT/DRIVEWAY),SIDESWIPE-SAME DIRECTION,STRAIGHT & LEVEL,DARK-HWY LIGHTED/ON,,,10/28/2019 8:58:49 AM,False,7173,Accepted,
25845690,0568000,LOUISVILLE METRO POLICE DEPT,Accepted,JEFFERSON,US0150,,BROADWAY,,W,,,KY1020,2ND,KY1020,3RD,38.245902494,-85.755718890,2.526,10/26/2019 12:00:00 AM,0521,2,2,0,0,RAINING,WET,True,1 VEHICLE PARKED POSITION (NOT PARKING LOT/DRIVEWAY),REAR END,STRAIGHT & LEVEL,DARK-HWY LIGHTED/ON,,,10/28/2019 9:46:11 AM,False,5008,Accepted,
25845400,0568000,LOUISVILLE METRO POLICE DEPT,Accepted,JEFFERSON,,11732,TAZWELL,DR,,,,,,,,38.307459083,-85.531821426,0.588,10/26/2019 12:00:00 AM,2030,2,2,0,0,RAINING,WET,True,1 VEHICLE PARKED POSITION (NOT PARKING LOT/DRIVEWAY),HEAD ON,STRAIGHT & LEVEL,DARK-HWY LIGHTED/ON,,,10/28/2019 9:20:34 AM,False,7098,Accepted,
25845168,0568000,LOUISVILLE METRO POLICE DEPT,Accepted,JEFFERSON,,5810,LISA,CT,,,,,,,,38.165455705,-85.606761613,0.040,10/26/2019 12:00:00 AM,0330,2,2,0,0,RAINING,WET,False,1 VEHICLE PARKED POSITION (NOT PARKING LOT/DRIVEWAY),BACKING,STRAIGHT & LEVEL,DARK-HWY LIGHTED/ON,,,10/28/2019 8:59:19 AM,False,5141,Accepted,
25881413,0568000,LOUISVILLE METRO POLICE DEPT,Accepted,JEFFERSON,,,BONNYCASTLE,AVE,,,,US0031E,BARDSTOWN,,PARSONS,38.230872947,-85.704089678,0.571,10/26/2019 12:00:00 AM,1340,2,2,0,0,CLEAR,DRY,False,1 VEHICLE PARKED POSITION (NOT PARKING LOT/DRIVEWAY),SIDESWIPE-SAME DIRECTION,STRAIGHT & LEVEL,DAYLIGHT,,,11/5/2019 8:16:32 AM,False,2100,Accepted,
25845326,0568000,LOUISVILLE METRO POLICE DEPT,Accepted,JEFFERSON,,,MUHAMMAD ALI,BLVD,W,KY1020,2ND,,,,,38.250779520,-85.754265333,0.091,10/26/2019 12:00:00 AM,1004,2,2,0,0,RAINING,WET,False,SIDESWIPE-SAME DIRECTION,SIDESWIPE-SAME DIRECTION,STRAIGHT & LEVEL,DAYLIGHT,,,10/28/2019 9:14:41 AM,False,2854,Accepted,
25845250,0568000,LOUISVILLE METRO POLICE DEPT,Accepted,JEFFERSON,US0031E,,MAIN,ST,E,US0042,STORY,,,,,38.254024427,-85.732649144,16.738,10/26/2019 12:00:00 AM,0620,2,2,0,0,RAINING,WET,False,SIDESWIPE-SAME DIRECTION,SIDESWIPE-SAME DIRECTION,CURVE & LEVEL,DARK-HWY LIGHTED/OFF,,,10/28/2019 9:04:00 AM,False,5195,Accepted,
25845151,0568000,LOUISVILLE METRO POLICE DEPT,Accepted,JEFFERSON,KY1065,,OUTER,LOOP,,,GRADE,,,,,38.129981091,-85.737073220,3.187,10/26/2019 12:00:00 AM,0129,2,2,0,2,RAINING,WET,False,SIDESWIPE-SAME DIRECTION,SIDESWIPE-SAME DIRECTION,STRAIGHT & HILLCREST,DARK-HWY NOT LIGHTED,,,10/28/2019 8:58:07 AM,False,7074,Accepted,
25845405,0568000,LOUISVILLE METRO POLICE DEPT,Accepted,JEFFERSON,,,SHELBY,ST,S,,JEFFERSON,,,,,38.251802528,-85.738249778,0.191,10/26/2019 12:00:00 AM,2008,2,2,0,0,RAINING,WET,False,SIDESWIPE-SAME DIRECTION,SIDESWIPE-SAME DIRECTION,STRAIGHT & LEVEL,DARK-HWY LIGHTED/ON,,,10/28/2019 9:20:59 AM,False,5172,Accepted,
25845273,0568000,LOUISVILLE METRO POLICE DEPT,Accepted,JEFFERSON,US0031E,,BARDSTOWN,RD,,,HARVARD,,,,,38.224364127,-85.693308814,13.602,10/26/2019 12:00:00 AM,1342,2,2,0,0,RAINING,WET,False,SIDESWIPE-SAME DIRECTION,SIDESWIPE-SAME DIRECTION,STRAIGHT & LEVEL,DAYLIGHT,,,10/28/2019 9:07:54 AM,False,7740,Accepted,
25845683,0568000,LOUISVILLE METRO POLICE DEPT,Accepted,JEFFERSON,KY0864,,POPLAR LEVEL,RD,,,GARDINER,,,,,38.192707063,-85.706030120,11.095,10/26/2019 12:00:00 AM,2051,2,2,0,0,RAINING,WET,True,SIDESWIPE-SAME DIRECTION,SIDESWIPE-SAME DIRECTION,STRAIGHT & LEVEL,DARK-HWY LIGHTED/ON,,,10/28/2019 9:44:50 AM,False,5265,Accepted,
25845452,0568000,LOUISVILLE METRO POLICE DEPT,Accepted,JEFFERSON,KY1747,,FERN VALLEY,RD,,KY0061,PRESTON,,,,,38.156699764,-85.696833810,1.917,10/26/2019 12:00:00 AM,1749,4,4,0,0,CLOUDY,WET,False,SIDESWIPE-SAME DIRECTION,SIDESWIPE-SAME DIRECTION,STRAIGHT & LEVEL,DAYLIGHT,,,10/28/2019 9:26:33 AM,False,5259,Accepted,
25845318,0568000,LOUISVILLE METRO POLICE DEPT,Accepted,JEFFERSON,US0031E,,BARDSTOWN,RD,,,,,,,,38.167824780,-85.603421553,7.124,10/26/2019 12:00:00 AM,1740,2,2,0,0,CLOUDY,WET,False,REAR END IN TRAFFIC LANES BOTH VEHICLES MOVING,REAR END,STRAIGHT & LEVEL,DUSK,,,10/28/2019 9:13:44 AM,False,5268,Accepted,
25856641,0568000,LOUISVILLE METRO POLICE DEPT,Accepted,JEFFERSON,I 0064,,I64 W,,,,,I 0064,I64 S EXIT137 RAMP TO I71 N,I 0064,I64 S EXIT1 RAMP TO I65 N,38.260777799,-85.739437731,5.267,10/26/2019 12:00:00 AM,1500,1,1,0,0,RAINING,WET,False,OTHER COLLISIONS ON SHOULDER,SINGLE VEHICLE,CURVE & LEVEL,DAYLIGHT,,,10/30/2019 9:00:57 AM,False,7058,Accepted,
25906974,0568000,LOUISVILLE METRO POLICE DEPT,Accepted,JEFFERSON,,,HALE,AVE,,,,,CEMETERY,,40TH,38.241214409,-85.819146934,2.137,10/26/2019 12:00:00 AM,0245,3,3,0,0,RAINING,WET,False,REAR END IN TRAFFIC LANES BOTH VEHICLES MOVING,REAR END,CURVE & LEVEL,DARK-HWY LIGHTED/ON,,,11/11/2019 8:54:54 AM,False,7948,Accepted,
25845390,0568000,LOUISVILLE METRO POLICE DEPT,Accepted,JEFFERSON,I 0264,,I264 W,,,,,I 0264,I264 W EXIT14 OFF RAMP TO KY864,I 0264,I264 W EXIT15 ON RAMP FROM KY1703,38.199642323,-85.700944814,13.836,10/26/2019 12:00:00 AM,0821,2,2,0,0,RAINING,WET,False,REAR END IN TRAFFIC LANES BOTH VEHICLES MOVING,REAR END,STRAIGHT & LEVEL,DAWN,,,10/28/2019 9:19:04 AM,False,7159,Accepted,
25845322,0568000,LOUISVILLE METRO POLICE DEPT,Accepted,JEFFERSON,US0060,,SHELBYVILLE,RD,,,,,DAVENTRY,,VIEUX CARRE,38.246274294,-85.574890935,7.968,10/26/2019 12:00:00 AM,1345,2,2,0,0,RAINING,WET,False,REAR END IN TRAFFIC LANES BOTH VEHICLES MOVING,REAR END,STRAIGHT & LEVEL,DAYLIGHT,,,10/28/2019 9:14:04 AM,False,7018,Accepted,
25845290,0568000,LOUISVILLE METRO POLICE DEPT,Accepted,JEFFERSON,US0060A,,3RD,ST,S,,,US0060A,WINKLER,US0060A,EASTERN,38.213345086,-85.762399771,3.381,10/26/2019 12:00:00 AM,1650,2,2,0,0,RAINING,WET,False,REAR END IN TRAFFIC LANES BOTH VEHICLES MOVING,REAR END,STRAIGHT & GRADE,DAYLIGHT,,,10/28/2019 9:10:54 AM,False,5245,Accepted,
25845377,0568000,LOUISVILLE METRO POLICE DEPT,Accepted,JEFFERSON,I 0265,,I265 S,,,,,I 0265,I265 S EXIT27 ON RAMP FROM US60,I 0064,I265 S EXIT25B RAMP TO I64 W,38.234605003,-85.504578232,26.267,10/26/2019 12:00:00 AM,2200,2,2,0,0,RAINING,WET,False,SIDESWIPE COLLISION - SAME DIRECTION,SIDESWIPE-SAME DIRECTION,STRAIGHT & LEVEL,DARK-HWY LIGHTED/ON,,,10/28/2019 9:17:46 AM,False,2013,Accepted,
25845401,0568000,LOUISVILLE METRO POLICE DEPT,Accepted,JEFFERSON,US0031W,,DIXIE,HWY,,,,,KINGSFORD,,LEWISTON,38.172306903,-85.825247399,13.633,10/26/2019 12:00:00 AM,1946,2,2,0,0,RAINING,WET,False,SIDESWIPE COLLISION - SAME DIRECTION,SIDESWIPE-SAME DIRECTION,STRAIGHT & LEVEL,DARK-HWY LIGHTED/ON,,,10/28/2019 9:20:38 AM,False,7941,Accepted,
25845298,0568000,LOUISVILLE METRO POLICE DEPT,Accepted,JEFFERSON,I 0065,,I65 N,,,,,,,,,38.156999128,-85.717972447,128.240,10/26/2019 12:00:00 AM,1510,2,2,0,0,RAINING,WET,False,SIDESWIPE COLLISION - SAME DIRECTION,SIDESWIPE-SAME DIRECTION,STRAIGHT & GRADE,DAYLIGHT,,,10/28/2019 9:11:51 AM,False,5130,Accepted,
25861331,0568000,LOUISVILLE METRO POLICE DEPT,Accepted,JEFFERSON,I 0065,,I65 N,,,,,I 0065,I65 N EXIT128 TRANSIT,I 0065,I65 N EXIT128 ON RAMP FROM KY1631,38.157478073,-85.718139142,128.274,10/26/2019 12:00:00 AM,0649,2,2,0,0,RAINING,WET,False,SIDESWIPE COLLISION - SAME DIRECTION,SIDESWIPE-SAME DIRECTION,STRAIGHT & HILLCREST,DARK-HWY LIGHTED/ON,,,10/31/2019 8:44:41 AM,False,7840,Accepted,
25845215,0568000,LOUISVILLE METRO POLICE DEPT,Accepted,JEFFERSON,I 0065,,I65 N,,,,,I 0065,I65 N EXIT132 ON RAMP FROM  CRITTENDEN DR,I 0065,I65 N EXIT132 ON RAMP FROM  CRITTENDEN DR,38.209467921,-85.752706737,132.712,10/26/2019 12:00:00 AM,0518,2,2,0,0,RAINING,WATER (STANDING OR MOVING),False,SIDESWIPE COLLISION - SAME DIRECTION,SIDESWIPE-SAME DIRECTION,CURVE & GRADE,DARK-HWY LIGHTED/ON,,,10/28/2019 9:02:37 AM,False,7462,Accepted,
25845262,0568000,LOUISVILLE METRO POLICE DEPT,Accepted,JEFFERSON,I 0264,,I264 W,,,,,,,,,38.225408673,-85.642736015,17.498,10/26/2019 12:00:00 AM,1309,2,2,0,0,RAINING,WET,False,SIDESWIPE COLLISION - SAME DIRECTION,SIDESWIPE-SAME DIRECTION,STRAIGHT & GRADE,DAYLIGHT,,,10/28/2019 9:06:34 AM,False,7284,Accepted,
25845299,0568000,LOUISVILLE METRO POLICE DEPT,Accepted,JEFFERSON,US0060A,,EASTERN,PKWY,,,BRADLEY,,,,,38.212457223,-85.747089675,4.281,10/26/2019 12:00:00 AM,0722,2,2,0,1,RAINING,WET,False,HEAD-ON COLLISION,HEAD ON,STRAIGHT & LEVEL,DARK-HWY LIGHTED/ON,,,10/28/2019 9:12:05 AM,False,5240,Accepted,
25845412,0568000,LOUISVILLE METRO POLICE DEPT,Accepted,JEFFERSON,,,ST ANTHONY CHURCH,RD,,,FORDHAVEN,,,,,38.147502097,-85.819274292,0.258,10/26/2019 12:00:00 AM,1556,2,2,0,0,RAINING,WET,False,HEAD-ON COLLISION,HEAD ON,STRAIGHT & LEVEL,DAYLIGHT,,,10/28/2019 9:22:55 AM,False,7232,Accepted,
25845301,0568000,LOUISVILLE METRO POLICE DEPT,Accepted,JEFFERSON,,5409,ROBBS,LN,,,,,,,,38.135004524,-85.661579455,0.285,10/26/2019 12:00:00 AM,1720,2,2,0,4,RAINING,WET,False,HEAD-ON COLLISION,HEAD ON,STRAIGHT & LEVEL,DAYLIGHT,,,10/28/2019 9:12:16 AM,False,7486,Accepted,