IncidentID,AgencyORI,AgencyName,IncidentStatusDesc,County,RdwyNumber,Street,RoadwayName,StreetSfx,StreetDir,IntersectionRdwy,IntersectionRdwyName,BetweenStRdwy1,BetweenStRdwyName1,BetweenStRdwy2,BetweenStRdwyName2,Latitude,Longitude,Milepoint,CollisionDate,CollisionTime,UnitsInvolved,MotorVehiclesInvolved,NumberKilled,NumberInjured,Weather,RdwyConditionCode,HitandRun,DirAnalysisCode,MannerofCollision,RdwyCharacter,LightCondition,RampFromRdwyId,RampToRdwyId,AcceptedDate,IsSecondaryCollision,OwnerBadge,IncidentStatus,
25845376,0568000,LOUISVILLE METRO POLICE DEPT,Accepted,JEFFERSON,US0031W,,DIXIE,HWY,,,DIXIE GARDEN,,,,,38.099150715,-85.872135551,7.989,10/26/2019 12:00:00 AM,1600,2,2,0,0,RAINING,WET,False,HEAD-ON COLLISION,HEAD ON,STRAIGHT & LEVEL,DAYLIGHT,,,10/28/2019 9:17:38 AM,False,7336,Accepted,
25845383,0568000,LOUISVILLE METRO POLICE DEPT,Accepted,JEFFERSON,,,SIX MILE,LN,,,,,ROXBURY,,ST THOMAS,38.198261506,-85.639374659,0.797,10/26/2019 12:00:00 AM,2058,3,3,0,0,RAINING,WET,False,REAR END IN TRAFFIC LANES BOTH VEHICLES MOVING,REAR END,STRAIGHT & LEVEL,DARK-HWY NOT LIGHTED,,,10/28/2019 9:18:25 AM,False,7383,Accepted,
25845144,0568000,LOUISVILLE METRO POLICE DEPT,Accepted,JEFFERSON,KY1450,9220,BLUE LICK,RD,,,,,,,,38.115687029,-85.689575826,2.129,10/26/2019 12:00:00 AM,0011,2,2,0,2,RAINING,WET,False,REAR END IN TRAFFIC LANES BOTH VEHICLES MOVING,REAR END,CURVE & LEVEL,DARK-HWY NOT LIGHTED,,,10/28/2019 8:57:33 AM,False,7074,Accepted,
25841960,0560300,ST. MATTHEWS POLICE DEPARTMENT,Accepted,JEFFERSON,US0060,5000,SHELBYVILLE,RD,,,,,,,,38.250176656,-85.623629365,5.302,10/26/2019 12:00:00 AM,1425,2,2,0,0,RAINING,WET,False,REAR END IN TRAFFIC LANES BOTH VEHICLES MOVING,REAR END,STRAIGHT & LEVEL,DAYLIGHT,,,10/27/2019 3:27:06 PM,False,9148,Accepted,
25845260,0568000,LOUISVILLE METRO POLICE DEPT,Accepted,JEFFERSON,KY1747,,HURSTBOURNE,PKWY,S,,,,,,,38.183156293,-85.606642292,8.495,10/26/2019 12:00:00 AM,1313,2,2,0,0,RAINING,WET,False,REAR END IN TRAFFIC LANES BOTH VEHICLES MOVING,REAR END,STRAIGHT & GRADE,DAYLIGHT,,,10/28/2019 9:06:23 AM,False,7307,Accepted,
25845261,0568000,LOUISVILLE METRO POLICE DEPT,Accepted,JEFFERSON,KY2048,,CANNONS,LN,,,,,ROCK CREEK,,PEE WEE REESE,38.246250885,-85.664268652,2.086,10/26/2019 12:00:00 AM,1220,2,2,0,0,RAINING,WET,False,REAR END IN TRAFFIC LANES BOTH VEHICLES MOVING,REAR END,STRAIGHT & LEVEL,DAYLIGHT,,,10/28/2019 9:06:29 AM,False,7632,Accepted,
25845268,0568000,LOUISVILLE METRO POLICE DEPT,Accepted,JEFFERSON,KY1065,4805,OUTER,LOOP,,,,,,,,38.137928740,-85.671014388,6.915,10/26/2019 12:00:00 AM,1300,2,2,0,0,RAINING,WET,True,REAR END IN TRAFFIC LANES BOTH VEHICLES MOVING,REAR END,STRAIGHT & LEVEL,DAYLIGHT,,,10/28/2019 9:07:18 AM,False,7486,Accepted,
25845269,0568000,LOUISVILLE METRO POLICE DEPT,Accepted,JEFFERSON,KY0155,,TAYLORSVILLE,RD,,,,,,,,38.188673021,-85.509331332,6.082,10/26/2019 12:00:00 AM,1439,2,2,0,0,RAINING,WET,False,REAR END IN TRAFFIC LANES BOTH VEHICLES MOVING,REAR END,STRAIGHT & LEVEL,DAYLIGHT,,,10/28/2019 9:07:24 AM,False,7755,Accepted,
25845293,0568000,LOUISVILLE METRO POLICE DEPT,Accepted,JEFFERSON,KY0907,,SOUTHSIDE,DR,,,,,,,,38.151994672,-85.766178965,6.986,10/26/2019 12:00:00 AM,1652,2,2,0,0,RAINING,WET,False,REAR END IN TRAFFIC LANES BOTH VEHICLES MOVING,REAR END,STRAIGHT & LEVEL,DAYLIGHT,,,10/28/2019 9:11:26 AM,False,7424,Accepted,
25845289,0568000,LOUISVILLE METRO POLICE DEPT,Accepted,JEFFERSON,US0060,,SHELBYVILLE,RD,,,,,,,,38.239118380,-85.489523551,12.826,10/26/2019 12:00:00 AM,1640,2,2,0,1,CLOUDY,WET,False,1 VEHICLE ENTERING/LEAVING ENTRANCE,ANGLE,STRAIGHT & GRADE,DAYLIGHT,,,10/28/2019 9:10:47 AM,False,6532,Accepted,
25845379,0568000,LOUISVILLE METRO POLICE DEPT,Accepted,JEFFERSON,KY2860,,GRINSTEAD,DR,,,,,,,,38.238808948,-85.720276084,0.047,10/26/2019 12:00:00 AM,0425,2,2,0,1,RAINING,WET,False,1 VEHICLE ENTERING/LEAVING ENTRANCE,ANGLE,STRAIGHT & LEVEL,DARK-HWY LIGHTED/ON,,,10/28/2019 9:17:58 AM,False,5258,Accepted,
25845332,0568000,LOUISVILLE METRO POLICE DEPT,Accepted,JEFFERSON,KY1747,2901,FERN VALLEY,RD,,,,,PARAMOUNT PARK,,HOLIDAY TOWERS,38.157101182,-85.711922662,1.068,10/26/2019 12:00:00 AM,1759,2,2,0,0,RAINING,WET,False,1 VEHICLE ENTERING/LEAVING ENTRANCE,ANGLE,STRAIGHT & LEVEL,DUSK,,,10/28/2019 9:15:09 AM,False,5284,Accepted,
25845373,0568000,LOUISVILLE METRO POLICE DEPT,Accepted,JEFFERSON,KY0907,,3RD ST,RD,,,,,,,,38.127749262,-85.794576838,4.675,10/26/2019 12:00:00 AM,0629,2,2,0,0,RAINING,WET,False,1 VEHICLE ENTERING/LEAVING ENTRANCE,ANGLE,STRAIGHT & LEVEL,DARK-HWY LIGHTED/ON,,,10/28/2019 9:17:16 AM,False,7332,Accepted,
25845431,0568000,LOUISVILLE METRO POLICE DEPT,Accepted,JEFFERSON,US0042,,STORY,AVE,,,,I 0064,I64 W EXIT7 ON RAMP FROM  STORY AVE,I 0064,I64 E EXIT7 OFF RAMP TO  STORY AVE,38.258088938,-85.723229469,0.564,10/26/2019 12:00:00 AM,1009,2,2,0,0,CLOUDY,WET,False,1 VEHICLE ENTERING/LEAVING ENTRANCE,ANGLE,STRAIGHT & LEVEL,DAYLIGHT,,,10/28/2019 9:25:24 AM,False,2764,Accepted,
25845264,0568000,LOUISVILLE METRO POLICE DEPT,Accepted,JEFFERSON,KY2845,4603,MANSLICK,RD,E,,,,,,,38.118233130,-85.676257709,0.051,10/26/2019 12:00:00 AM,1320,2,2,0,0,RAINING,WET,False,1 VEHICLE ENTERING/LEAVING ENTRANCE,ANGLE,STRAIGHT & LEVEL,DAYLIGHT,,,10/28/2019 9:06:52 AM,False,7486,Accepted,
25845432,0568000,LOUISVILLE METRO POLICE DEPT,Accepted,JEFFERSON,I 0064,,I64 W,,,,,I 0064,I64 W RAMP FROM I65,I 0064,I64 W EXIT5 OFF RAMP TO  N  3RD ST,38.259003561,-85.749583743,4.741,10/26/2019 12:00:00 AM,1215,1,1,0,0,CLOUDY,WET,False,OTHER ROADWAY OR MID-BLOCK COLLISION,SINGLE VEHICLE,STRAIGHT & LEVEL,DAYLIGHT,,,10/28/2019 9:25:29 AM,False,2764,Accepted,
25845304,0568000,LOUISVILLE METRO POLICE DEPT,Accepted,JEFFERSON,KY1065,,OUTER,LOOP,,,,,LAMBERT,,NOLTEMEYER WYNDE,38.138053193,-85.678400687,6.516,10/26/2019 12:00:00 AM,1235,2,2,0,0,RAINING,WET,True,OTHER ROADWAY OR MID-BLOCK COLLISION,REAR END,STRAIGHT & LEVEL,DAYLIGHT,,,10/28/2019 9:12:38 AM,False,7397,Accepted,
25845312,0568000,LOUISVILLE METRO POLICE DEPT,Accepted,JEFFERSON,I 0065,,I65 S,,,,,I 0065,I65 S EXIT133 ON RAMP FROM  EASTERN PKWY,I 0065,I65 S EXIT132 OFF RAMP TO  CRITTENDEN DR,38.209560014,-85.752977567,132.721,10/26/2019 12:00:00 AM,0857,1,1,0,0,RAINING,WATER (STANDING OR MOVING),False,OTHER ROADWAY OR MID-BLOCK COLLISION,SINGLE VEHICLE,CURVE & LEVEL,DAYLIGHT,,,10/28/2019 9:13:18 AM,False,7207,Accepted,
25861559,0568000,LOUISVILLE METRO POLICE DEPT,Accepted,JEFFERSON,KY2048,,DUTCHMANS,LN,,KY0155,TAYLORSVILLE,,,,,38.222194097,-85.658299524,0.002,10/26/2019 12:00:00 AM,0520,2,2,0,0,RAINING,WET,True,OTHER ROADWAY OR MID-BLOCK COLLISION,REAR END,CURVE & LEVEL,DARK-HWY LIGHTED/ON,,,10/31/2019 9:05:28 AM,False,2673,Accepted,
25845785,0568000,LOUISVILLE METRO POLICE DEPT,Accepted,JEFFERSON,,1054,BARRET,AVE,,,,,,,,38.235104017,-85.727158907,1.061,10/26/2019 12:00:00 AM,2248,2,2,0,0,CLOUDY,WET,False,1 VEHICLE ENTERING/LEAVING ENTRANCE,ANGLE,STRAIGHT & HILLCREST,DARK-HWY LIGHTED/ON,,,10/28/2019 9:50:19 AM,False,5152,Accepted,
25845435,0568000,LOUISVILLE METRO POLICE DEPT,Accepted,JEFFERSON,I 0064,,I64 E,,,,,I 0064,I64 E RAMP TO I71 N,I 0064,I64 E EXIT7 OFF RAMP TO  STORY AVE,38.260557111,-85.726191669,6.342,10/26/2019 12:00:00 AM,1548,2,2,0,0,CLOUDY,WET,False,1 VEHICLE ENTERING/LEAVING ENTRANCE,ANGLE,CURVE & GRADE,DAYLIGHT,,,10/28/2019 9:25:39 AM,False,2764,Accepted,
25845303,0568000,LOUISVILLE METRO POLICE DEPT,Accepted,JEFFERSON,,,ALLMOND,AVE,,,,,WOODLAWN,,STRAWBERRY,38.175442316,-85.756879225,1.270,10/26/2019 12:00:00 AM,1746,2,2,0,0,RAINING,WET,True,1 VEHICLE ENTERING/LEAVING ENTRANCE,ANGLE,CURVE & LEVEL,DAYLIGHT,,,10/28/2019 9:12:31 AM,False,2499,Accepted,
25845306,0568000,LOUISVILLE METRO POLICE DEPT,Accepted,JEFFERSON,I 0065,,,,,,,,,,,38.136756154,-85.708245028,0.528,10/26/2019 12:00:00 AM,1631,2,2,0,0,RAINING,WET,False,OTHER RAMP RELATED COLLISIONS NOT LISTED ABOVE,REAR END,CURVE & LEVEL,DAYLIGHT,I 0065,KY1065,10/28/2019 9:12:49 AM,False,7397,Accepted,
25845330,0568000,LOUISVILLE METRO POLICE DEPT,Accepted,JEFFERSON,I 0064,,,,,,,,,,,38.240765229,-85.621671293,0.654,10/26/2019 12:00:00 AM,1732,1,1,0,0,RAINING,WET,False,OTHER RAMP RELATED COLLISIONS NOT LISTED ABOVE,SINGLE VEHICLE,CURVE & LEVEL,DAYLIGHT,I 0064,I 0264,10/28/2019 9:15:05 AM,False,7765,Accepted,
25845313,0568000,LOUISVILLE METRO POLICE DEPT,Accepted,JEFFERSON,I 0065,,,,,,,,,,,38.116344968,-85.703721008,0.138,10/26/2019 12:00:00 AM,1209,1,1,0,0,RAINING,WET,False,COLLISION WITH FIXED OBJECT NOT IN GORE ,SINGLE VEHICLE,CURVE & LEVEL,DAYLIGHT,I 0065,I 0065,10/28/2019 9:13:24 AM,False,7442,Accepted,
25845461,0568000,LOUISVILLE METRO POLICE DEPT,Accepted,JEFFERSON,I 0064,,,,,,,,,,,38.236156337,-85.657409987,0.164,10/26/2019 12:00:00 AM,1246,3,3,0,1,RAINING,WET,False,OTHER RAMP RELATED COLLISIONS NOT LISTED ABOVE,REAR END,STRAIGHT & LEVEL,DAYLIGHT,I 0064,KY2048,10/28/2019 9:26:58 AM,False,7632,Accepted,
25845375,0568000,LOUISVILLE METRO POLICE DEPT,Accepted,JEFFERSON,US0031W,,DIXIE,HWY,,,,,VESPER,,ASHBY,38.105321416,-85.868283669,8.453,10/26/2019 12:00:00 AM,1545,2,2,0,0,RAINING,WET,False,OTHER ROADWAY OR MID-BLOCK COLLISION,REAR END,STRAIGHT & LEVEL,DAYLIGHT,,,10/28/2019 9:17:32 AM,False,7336,Accepted,
25845344,0568000,LOUISVILLE METRO POLICE DEPT,Accepted,JEFFERSON,,,BASHFORD MANOR,LN,,,,,,,,38.201125234,-85.668012505,0.229,10/26/2019 12:00:00 AM,1904,2,2,0,0,RAINING,WET,True,OTHER ROADWAY OR MID-BLOCK COLLISION,REAR END,STRAIGHT & LEVEL,DARK-HWY LIGHTED/ON,,,10/28/2019 9:16:12 AM,False,7371,Accepted,
25861330,0568000,LOUISVILLE METRO POLICE DEPT,Accepted,JEFFERSON,KY1065,,OUTER,LOOP,,,,,,,,38.136265135,-85.697100494,5.469,10/26/2019 12:00:00 AM,1630,2,2,0,0,RAINING,WET,False,OTHER ROADWAY OR MID-BLOCK COLLISION,REAR END,STRAIGHT & LEVEL,DAYLIGHT,,,10/31/2019 8:44:28 AM,False,5259,Accepted,
25845276,0568000,LOUISVILLE METRO POLICE DEPT,Accepted,JEFFERSON,KY0841,,GENE SNYDER,FWY,,,,,,,,38.092481550,-85.837159104,2.186,10/26/2019 12:00:00 AM,1312,1,1,0,1,RAINING,WET,False,OTHER ROADWAY OR MID-BLOCK COLLISION,SINGLE VEHICLE,STRAIGHT & LEVEL,DAYLIGHT,,,10/28/2019 9:08:16 AM,False,7252,Accepted,
25845099,0568000,LOUISVILLE METRO POLICE DEPT,Accepted,JEFFERSON,KY0155,,TAYLORSVILLE,RD,,,,,STONE LAKES,,HOPEWELL,38.187934694,-85.514286861,6.362,10/25/2019 12:00:00 AM,1640,3,3,0,0,CLOUDY,DRY,False,OTHER ROADWAY OR MID-BLOCK COLLISION,REAR END,STRAIGHT & LEVEL,DAYLIGHT,,,10/28/2019 8:54:55 AM,False,5295,Accepted,
25841949,0560300,ST. MATTHEWS POLICE DEPARTMENT,Accepted,JEFFERSON,US0060,5000,SHELBYVILLE,RD,,,,,,,,38.250242677,-85.622138695,5.382,10/25/2019 12:00:00 AM,1635,2,2,0,0,CLOUDY,DRY,False,OTHER ROADWAY OR MID-BLOCK COLLISION,REAR END,STRAIGHT & LEVEL,DAYLIGHT,,,10/27/2019 3:21:38 PM,False,9172,Accepted,
25845251,0568000,LOUISVILLE METRO POLICE DEPT,Accepted,JEFFERSON,KY1703,,NEWBURG,RD,,,,,,,,38.203712931,-85.691647672,2.449,10/25/2019 12:00:00 AM,2127,2,2,0,1,CLEAR,DRY,False,OTHER ROADWAY OR MID-BLOCK COLLISION,REAR TO REAR,STRAIGHT & LEVEL,DARK-HWY LIGHTED/ON,,,10/28/2019 9:04:26 AM,False,5104,Accepted,
25845636,0568000,LOUISVILLE METRO POLICE DEPT,Accepted,JEFFERSON,,1200,CANNONS,LN,,,,,,,,38.222655032,-85.653471900,0.118,10/25/2019 12:00:00 AM,1925,2,2,0,0,CLOUDY,DRY,False,OTHER ROADWAY OR MID-BLOCK COLLISION,REAR END,STRAIGHT & HILLCREST,DARK-HWY LIGHTED/ON,,,10/28/2019 9:43:31 AM,False,2673,Accepted,
25824813,0568000,LOUISVILLE METRO POLICE DEPT,Accepted,JEFFERSON,I 0264,,,,,,,,,,,38.195346534,-85.707327927,0.018,10/25/2019 12:00:00 AM,0720,2,2,0,0,CLEAR,DRY,False,OTHER RAMP RELATED COLLISIONS NOT LISTED ABOVE,REAR END,CURVE & LEVEL,DAYLIGHT,KY0864,I 0264,10/25/2019 8:59:33 AM,False,2796,Accepted,
25845488,0568000,LOUISVILLE METRO POLICE DEPT,Accepted,JEFFERSON,I 0064,,,,,,,,,,,38.236568598,-85.658762457,0.243,10/25/2019 12:00:00 AM,0840,2,2,0,0,CLOUDY,DRY,False,OTHER RAMP RELATED COLLISIONS NOT LISTED ABOVE,REAR END,CURVE & LEVEL,DAYLIGHT,I 0064,KY2048,10/28/2019 9:29:12 AM,False,4656,Accepted,
25845429,0568000,LOUISVILLE METRO POLICE DEPT,Accepted,JEFFERSON,I 0064,,,,,,,,,,,38.257908465,-85.723666171,0.124,10/25/2019 12:00:00 AM,1544,2,2,0,0,CLOUDY,DRY,False,OTHER RAMP RELATED COLLISIONS NOT LISTED ABOVE,REAR END,CURVE & GRADE,DAYLIGHT,I 0064,STORY AVE,10/28/2019 9:25:09 AM,False,2764,Accepted,
25845105,0568000,LOUISVILLE METRO POLICE DEPT,Accepted,JEFFERSON,I 0064,,,,,,,,,,,38.236568522,-85.658788143,0.244,10/25/2019 12:00:00 AM,1640,2,2,0,0,CLEAR,DRY,False,OTHER RAMP RELATED COLLISIONS NOT LISTED ABOVE,REAR END,CURVE & GRADE,DAYLIGHT,I 0064,KY2048,10/28/2019 8:55:50 AM,False,7632,Accepted,
25845145,0568000,LOUISVILLE METRO POLICE DEPT,Accepted,JEFFERSON,I 0265,,,,,,,,,,,38.301206973,-85.554700516,0.018,10/25/2019 12:00:00 AM,1742,2,2,0,0,CLEAR,DRY,False,OTHER RAMP RELATED COLLISIONS NOT LISTED ABOVE,REAR END,STRAIGHT & LEVEL,DUSK,I 0265,KY1447,10/28/2019 8:57:40 AM,False,7786,Accepted,
25845204,0568000,LOUISVILLE METRO POLICE DEPT,Accepted,JEFFERSON,I 0264,,,,,,,,,,,38.186633385,-85.783881138,0.289,10/25/2019 12:00:00 AM,2047,2,2,0,0,CLEAR,DRY,False,OTHER RAMP RELATED COLLISIONS NOT LISTED ABOVE,REAR END,CURVE & LEVEL,DARK-HWY LIGHTED/ON,I 0264,KY1865,10/28/2019 9:02:30 AM,False,7435,Accepted,
25844953,0568000,LOUISVILLE METRO POLICE DEPT,Accepted,JEFFERSON,I 0064,,,,,,,,,,,38.234600490,-85.657639111,0.280,10/25/2019 12:00:00 AM,0806,2,2,0,0,CLEAR,DRY,False,OTHER RAMP RELATED COLLISIONS NOT LISTED ABOVE,REAR END,STRAIGHT & LEVEL,DAYLIGHT,I 0064,KY2048,10/28/2019 8:43:57 AM,False,7632,Accepted,
25845080,0568000,LOUISVILLE METRO POLICE DEPT,Accepted,JEFFERSON,I 0264,,264W OFF RAMP TO TAYLOR BLVD,,,,,,,,,38.189453900,-85.783381083,0.176,10/25/2019 12:00:00 AM,1510,2,2,0,0,CLOUDY,DRY,False,OTHER RAMP RELATED COLLISIONS NOT LISTED ABOVE,REAR END,STRAIGHT & GRADE,DAYLIGHT,I 0264,KY1865,10/28/2019 8:52:41 AM,False,5245,Accepted,
25844963,0568000,LOUISVILLE METRO POLICE DEPT,Accepted,JEFFERSON,I 0065,,,,,,,,,,,38.157406067,-85.716380840,0.479,10/25/2019 12:00:00 AM,0749,2,2,0,0,CLOUDY,DRY,False,OTHER RAMP RELATED COLLISIONS NOT LISTED ABOVE,REAR END,STRAIGHT & LEVEL,DAWN,I 0065,KY1631,10/28/2019 8:45:34 AM,False,7397,Accepted,
25905235,0560600,WEST BUECHEL POLICE DEPT.,Accepted,JEFFERSON,US0031E,3616,BUECHEL,BYP,,,,,,,,38.198533009,-85.661346165,10.996,10/25/2019 12:00:00 AM,1920,2,1,0,1,CLEAR,DRY,False,COLLISION IN PARKING LOT,SINGLE VEHICLE,STRAIGHT & LEVEL,DARK-HWY LIGHTED/ON,,,11/10/2019 9:13:34 PM,False,1292,Accepted,
25824744,0568000,LOUISVILLE METRO POLICE DEPT,Accepted,JEFFERSON,KY1747,,HURSTBOURNE,PKWY,,,,,,,,38.168271333,-85.605718854,7.429,10/25/2019 12:00:00 AM,0015,2,2,0,1,CLEAR,DRY,False,1 VEHICLE ENTERING/LEAVING ENTRANCE,ANGLE,STRAIGHT & LEVEL,DARK-HWY LIGHTED/ON,,,10/25/2019 8:42:16 AM,False,7761,Accepted,
25845624,0568000,LOUISVILLE METRO POLICE DEPT,Accepted,JEFFERSON,KY1631,4300,CRITTENDEN,DR,,,,,,,,38.193108693,-85.750954159,0.358,10/25/2019 12:00:00 AM,1116,2,2,0,0,CLEAR,DRY,False,OTHER ROADWAY OR MID-BLOCK COLLISION,OPPOSING LEFT TURN,STRAIGHT & LEVEL,DAYLIGHT,,,10/28/2019 9:41:27 AM,False,5286,Accepted,
25824890,0568000,LOUISVILLE METRO POLICE DEPT,Accepted,JEFFERSON,I 0064,,I64 W,,,,,I 0064,I64 W EXIT10 ON RAMP FROM KY2048,I 0064,I64 W EXIT10 OFF RAMP TO KY2048,38.235714790,-85.657227728,10.374,10/25/2019 12:00:00 AM,0708,2,2,0,0,CLEAR,DRY,False,OTHER ROADWAY OR MID-BLOCK COLLISION,REAR END,STRAIGHT & LEVEL,DAYLIGHT,,,10/25/2019 9:16:32 AM,False,7632,Accepted,
25845231,0568000,LOUISVILLE METRO POLICE DEPT,Accepted,JEFFERSON,I 0064,,I64 W,,,,,,,,,38.232017081,-85.604908846,13.396,10/25/2019 12:00:00 AM,0823,2,2,0,0,CLOUDY,DRY,False,OTHER ROADWAY OR MID-BLOCK COLLISION,REAR END,STRAIGHT & LEVEL,DAYLIGHT,,,10/28/2019 9:03:03 AM,False,7751,Accepted,
25845081,0568000,LOUISVILLE METRO POLICE DEPT,Accepted,JEFFERSON,,,INDIAN,TRL,E,,,KY1703,NEWBURG,,ST CHARLES,38.184683840,-85.665209117,2.625,10/25/2019 12:00:00 AM,1657,2,2,0,0,CLEAR,DRY,False,OTHER ROADWAY OR MID-BLOCK COLLISION,REAR END,STRAIGHT & LEVEL,DAYLIGHT,,,10/28/2019 8:53:00 AM,False,7138,Accepted,
25845063,0568000,LOUISVILLE METRO POLICE DEPT,Accepted,JEFFERSON,,,ST CATHERINE,ST,E,,,,FLOYD,I 0065,I65 N EXIT135 OFF RAMP TO  E SAINT CATHERINE ST,38.236457718,-85.751062708,1.105,10/25/2019 12:00:00 AM,1425,2,2,0,1,CLOUDY,DRY,False,1 VEHICLE ENTERING/LEAVING ENTRANCE,ANGLE,STRAIGHT & LEVEL,DAYLIGHT,,,10/28/2019 8:50:42 AM,False,2499,Accepted,
25845122,0568000,LOUISVILLE METRO POLICE DEPT,Accepted,JEFFERSON,US0060,,SHELBYVILLE,RD,,,,,,,,38.248711093,-85.605677139,6.282,10/25/2019 12:00:00 AM,1800,2,2,0,0,CLEAR,DRY,True,1 VEHICLE ENTERING/LEAVING ENTRANCE,ANGLE,STRAIGHT & GRADE,DAYLIGHT,,,10/28/2019 8:56:13 AM,False,7899,Accepted,
25845255,0568000,LOUISVILLE METRO POLICE DEPT,Accepted,JEFFERSON,KY2251,,BARDSTOWN,RD,,,,,HIKES,,STEIER,38.198453175,-85.658894505,0.971,10/25/2019 12:00:00 AM,1222,2,2,0,0,CLOUDY,DRY,False,1 VEHICLE ENTERING/LEAVING ENTRANCE,ANGLE,STRAIGHT & LEVEL,DAYLIGHT,,,10/28/2019 9:05:25 AM,False,2429,Accepted,
25824844,0568000,LOUISVILLE METRO POLICE DEPT,Accepted,JEFFERSON,I 0265,,I265 E,,,,,,,,,38.189175471,-85.509013574,23.155,10/25/2019 12:00:00 AM,0735,2,2,0,0,CLOUDY,DRY,False,REAR END IN TRAFFIC LANES BOTH VEHICLES MOVING,REAR END,STRAIGHT & LEVEL,DAYLIGHT,,,10/25/2019 9:15:37 AM,False,4903,Accepted,
25845092,0568000,LOUISVILLE METRO POLICE DEPT,Accepted,JEFFERSON,,,FERN CREEK,RD,,,,,WOODBARK,KY1065,KY1065 TURN LANE,38.148619445,-85.594761972,0.094,10/25/2019 12:00:00 AM,1642,2,2,0,0,CLOUDY,DRY,False,REAR END IN TRAFFIC LANES BOTH VEHICLES MOVING,REAR END,STRAIGHT & LEVEL,DAYLIGHT,,,10/28/2019 8:54:15 AM,False,5284,Accepted,
25845225,0568000,LOUISVILLE METRO POLICE DEPT,Accepted,JEFFERSON,I 0064,,I64 W,,,,,,,,,38.227347525,-85.590717136,14.232,10/25/2019 12:00:00 AM,0738,2,2,0,0,CLOUDY,DRY,False,REAR END IN TRAFFIC LANES BOTH VEHICLES MOVING,REAR END,STRAIGHT & LEVEL,DAWN,,,10/28/2019 9:02:52 AM,False,7751,Accepted,
25845166,0568000,LOUISVILLE METRO POLICE DEPT,Accepted,JEFFERSON,,1051,MARY,ST,,,,,,,,38.233676862,-85.734665978,0.055,10/25/2019 12:00:00 AM,1951,3,3,0,0,CLEAR,DRY,False,1 VEHICLE PARKED POSITION (NOT PARKING LOT/DRIVEWAY),SIDESWIPE-SAME DIRECTION,STRAIGHT & LEVEL,DARK-HWY LIGHTED/ON,,,10/28/2019 8:59:06 AM,False,5230,Accepted,
25845079,0568000,LOUISVILLE METRO POLICE DEPT,Accepted,JEFFERSON,I 0064,,I64 E,,,,,,,,,38.222110749,-85.489822137,19.786,10/25/2019 12:00:00 AM,1337,2,2,0,0,CLOUDY,DRY,False,SIDESWIPE COLLISION - SAME DIRECTION,SIDESWIPE-SAME DIRECTION,STRAIGHT & LEVEL,DAYLIGHT,,,10/28/2019 8:52:36 AM,False,7944,Accepted,
25845107,0568000,LOUISVILLE METRO POLICE DEPT,Accepted,JEFFERSON,KY0061,,PRESTON,HWY,,,,,INDUSTRIAL,,FERN VALLEY,38.153260765,-85.694911264,5.002,10/25/2019 12:00:00 AM,1505,2,2,0,0,CLOUDY,DRY,False,SIDESWIPE COLLISION - SAME DIRECTION,SIDESWIPE-SAME DIRECTION,STRAIGHT & LEVEL,DAYLIGHT,,,10/28/2019 8:55:57 AM,False,7397,Accepted,
25845137,0568000,LOUISVILLE METRO POLICE DEPT,Accepted,JEFFERSON,I 0264,,I264 E,,,,,I 0264,I264 E EXIT21 ON RAMP FROM KY1447,I 0264,I264 E EXIT22 OFF RAMP TO US42,38.269592862,-85.626524116,21.216,10/25/2019 12:00:00 AM,1855,2,2,0,0,CLEAR,DRY,False,SIDESWIPE COLLISION - SAME DIRECTION,SIDESWIPE-SAME DIRECTION,CURVE & LEVEL,DARK-HWY LIGHTED/ON,,,10/28/2019 8:57:08 AM,False,5228,Accepted,
25906795,0568000,LOUISVILLE METRO POLICE DEPT,Accepted,JEFFERSON,,,JEFFERSON,ST,E,,,,FLOYD,,BROOK,38.253134334,-85.750315582,0.955,10/25/2019 12:00:00 AM,1223,2,2,0,0,CLOUDY,DRY,False,SIDESWIPE COLLISION - SAME DIRECTION,SIDESWIPE-SAME DIRECTION,STRAIGHT & LEVEL,DAYLIGHT,,,11/11/2019 8:33:40 AM,False,5040,Accepted,
25856703,0568000,LOUISVILLE METRO POLICE DEPT,Accepted,JEFFERSON,I 0064,,I64 E,,,,,,,,,38.248730038,-85.705137430,7.800,10/25/2019 12:00:00 AM,1445,3,3,0,0,CLEAR,DRY,False,SIDESWIPE COLLISION - SAME DIRECTION,SIDESWIPE-SAME DIRECTION,STRAIGHT & LEVEL,DAYLIGHT,,,10/30/2019 9:11:04 AM,False,8278,Accepted,
25845607,0568000,LOUISVILLE METRO POLICE DEPT,Accepted,JEFFERSON,,,MUHAMMAD ALI,BLVD,W,,,,39TH,,AMY,38.257426613,-85.814422961,3.400,10/25/2019 12:00:00 AM,2106,2,2,0,0,CLEAR,DRY,True,SIDESWIPE COLLISION - SAME DIRECTION,SIDESWIPE-SAME DIRECTION,STRAIGHT & LEVEL,DARK-HWY NOT LIGHTED,,,10/28/2019 9:37:52 AM,False,5229,Accepted,