IncidentID,AgencyORI,AgencyName,IncidentStatusDesc,County,RdwyNumber,Street,RoadwayName,StreetSfx,StreetDir,IntersectionRdwy,IntersectionRdwyName,BetweenStRdwy1,BetweenStRdwyName1,BetweenStRdwy2,BetweenStRdwyName2,Latitude,Longitude,Milepoint,CollisionDate,CollisionTime,UnitsInvolved,MotorVehiclesInvolved,NumberKilled,NumberInjured,Weather,RdwyConditionCode,HitandRun,DirAnalysisCode,MannerofCollision,RdwyCharacter,LightCondition,RampFromRdwyId,RampToRdwyId,AcceptedDate,IsSecondaryCollision,OwnerBadge,IncidentStatus,
25845493,0568000,LOUISVILLE METRO POLICE DEPT,Accepted,JEFFERSON,I 0065,,I65 S,,,,,,,,,38.266815009,-85.744760656,137.054,10/25/2019 12:00:00 AM,0744,2,2,0,0,CLEAR,DRY,False,SIDESWIPE COLLISION - SAME DIRECTION,SIDESWIPE-SAME DIRECTION,STRAIGHT & LEVEL,DARK-HWY LIGHTED/OFF,,,10/28/2019 9:29:37 AM,False,7292,Accepted,
25850731,0568000,LOUISVILLE METRO POLICE DEPT,Accepted,JEFFERSON,I 0064,,I64 W,,,,,,,,,38.242284415,-85.688486780,8.587,10/25/2019 12:00:00 AM,0603,2,2,0,1,CLEAR,DRY,True,SIDESWIPE COLLISION - SAME DIRECTION,SIDESWIPE-SAME DIRECTION,STRAIGHT & LEVEL,DARK-HWY LIGHTED/ON,,,10/29/2019 8:05:16 AM,False,4656,Accepted,
25845134,0568000,LOUISVILLE METRO POLICE DEPT,Accepted,JEFFERSON,KY0841,8.6,GENE SNYDER,FWY,,,,,,,,38.114337748,-85.722789211,9.069,10/25/2019 12:00:00 AM,1855,2,2,0,0,CLEAR,DRY,False,SIDESWIPE COLLISION - SAME DIRECTION,SIDESWIPE-SAME DIRECTION,STRAIGHT & LEVEL,DARK-HWY NOT LIGHTED,,,10/28/2019 8:56:50 AM,False,7074,Accepted,
25845094,0568000,LOUISVILLE METRO POLICE DEPT,Accepted,JEFFERSON,I 0065,,I65 S,,,,,I 0065,I65 S EXIT136 ON RAMP FROM  E JACOB ST,I 0065,I65 S EXIT135 OFF RAMP TO  E SAINT CATHERINE ST,38.242471106,-85.752845966,135.031,10/25/2019 12:00:00 AM,1740,2,2,0,0,CLOUDY,DRY,False,SIDESWIPE COLLISION - SAME DIRECTION,SIDESWIPE-SAME DIRECTION,STRAIGHT & LEVEL,DAYLIGHT,,,10/28/2019 8:54:25 AM,False,2499,Accepted,
25845086,0568000,LOUISVILLE METRO POLICE DEPT,Accepted,JEFFERSON,I 0264,,I264 E,,,,,,,,,38.189643572,-85.770978264,9.819,10/25/2019 12:00:00 AM,0720,2,2,0,1,CLEAR,DRY,False,SIDESWIPE COLLISION - SAME DIRECTION,SIDESWIPE-SAME DIRECTION,STRAIGHT & LEVEL,DAWN,,,10/28/2019 8:53:30 AM,False,7286,Accepted,
25845133,0568000,LOUISVILLE METRO POLICE DEPT,Accepted,JEFFERSON,US0031W,,DIXIE,HWY,,,,,,,,38.159070547,-85.833282882,12.659,10/25/2019 12:00:00 AM,1104,2,2,0,0,CLOUDY,DRY,False,SIDESWIPE COLLISION - SAME DIRECTION,SIDESWIPE-SAME DIRECTION,STRAIGHT & LEVEL,DAYLIGHT,,,10/28/2019 8:56:43 AM,False,7234,Accepted,
25881425,0568000,LOUISVILLE METRO POLICE DEPT,Accepted,JEFFERSON,KY1020,,2ND,ST,S,,,,,,,38.237056960,-85.756618076,11.506,10/25/2019 12:00:00 AM,0630,2,2,0,0,CLEAR,DRY,True,SIDESWIPE COLLISION - SAME DIRECTION,SIDESWIPE-SAME DIRECTION,STRAIGHT & LEVEL,DAWN,,,11/5/2019 8:20:35 AM,False,7296,Accepted,
25845146,0568000,LOUISVILLE METRO POLICE DEPT,Accepted,JEFFERSON,I 0264,,I264 E,,,,,,,,,38.229093290,-85.821613632,3.584,10/25/2019 12:00:00 AM,1922,2,2,0,0,CLOUDY,DRY,False,REAR END IN TRAFFIC LANES BOTH VEHICLES MOVING,REAR END,STRAIGHT & LEVEL,DUSK,,,10/28/2019 8:57:51 AM,False,2395,Accepted,
25845247,0568000,LOUISVILLE METRO POLICE DEPT,Accepted,JEFFERSON,I 0065,,I65 N,,,,,,,,,38.227965429,-85.751216301,133.942,10/25/2019 12:00:00 AM,0735,3,3,0,0,CLEAR,DRY,False,REAR END IN TRAFFIC LANES BOTH VEHICLES MOVING,REAR END,STRAIGHT & LEVEL,DAWN,,,10/28/2019 9:03:31 AM,False,7495,Accepted,
25844956,0568000,LOUISVILLE METRO POLICE DEPT,Accepted,JEFFERSON,US0031,,CLARK MEMORIAL,BRG,,,,,,,,38.266336564,-85.751034825,0.707,10/25/2019 12:00:00 AM,0725,2,2,0,0,CLEAR,DRY,False,REAR END IN TRAFFIC LANES BOTH VEHICLES MOVING,REAR END,STRAIGHT & LEVEL,DARK (UNKNOWN ROADWAY LIGHTING),,,10/28/2019 8:44:20 AM,False,7323,Accepted,
25845028,0568000,LOUISVILLE METRO POLICE DEPT,Accepted,JEFFERSON,KY3084,,OLD HENRY,RD,,,,,,,,38.269702454,-85.501894441,1.102,10/25/2019 12:00:00 AM,1252,4,4,0,0,CLOUDY,DRY,False,REAR END IN TRAFFIC LANES BOTH VEHICLES MOVING,REAR END,STRAIGHT & GRADE,DAYLIGHT,,,10/28/2019 8:49:36 AM,True,6532,Accepted,
25824767,0568000,LOUISVILLE METRO POLICE DEPT,Accepted,JEFFERSON,I 0064,,I64 W,,,,,,,,,38.238972916,-85.673001090,9.483,10/25/2019 12:00:00 AM,0629,3,3,0,0,OTHER,DRY,False,REAR END IN TRAFFIC LANES BOTH VEHICLES MOVING,REAR END,STRAIGHT & LEVEL,DARK-HWY NOT LIGHTED,,,10/25/2019 8:45:04 AM,False,4903,Accepted,
25921820,0568000,LOUISVILLE METRO POLICE DEPT,Accepted,JEFFERSON,,,3RD,ST,S,,,,,,,38.192630581,-85.764962062,0.549,10/25/2019 12:00:00 AM,2002,2,2,0,0,CLEAR,DRY,False,REAR END IN TRAFFIC LANES BOTH VEHICLES MOVING,REAR END,STRAIGHT & LEVEL,DARK-HWY LIGHTED/ON,,,11/14/2019 8:27:31 AM,False,5163,Accepted,
25845641,0568000,LOUISVILLE METRO POLICE DEPT,Accepted,JEFFERSON,US0060,,FRANKFORT,AVE,,,HILLCREST,,,,,38.254585511,-85.684280227,1.979,10/25/2019 12:00:00 AM,2245,2,2,0,0,CLOUDY,DRY,False,SIDESWIPE-SAME DIRECTION,SIDESWIPE-SAME DIRECTION,STRAIGHT & LEVEL,DARK-HWY LIGHTED/ON,,,10/28/2019 9:43:53 AM,False,2673,Accepted,
25850686,0568000,LOUISVILLE METRO POLICE DEPT,Accepted,JEFFERSON,US0150,,BROADWAY,,W,KY1020,3RD,,,,,38.246002816,-85.756729730,2.472,10/25/2019 12:00:00 AM,1810,2,2,0,0,CLEAR,DRY,False,SIDESWIPE-SAME DIRECTION,SIDESWIPE-SAME DIRECTION,STRAIGHT & LEVEL,DAYLIGHT,,,10/29/2019 8:00:12 AM,False,7058,Accepted,
25845131,0568000,LOUISVILLE METRO POLICE DEPT,Accepted,JEFFERSON,KY1931,,MANSLICK,RD,,,MARCH,,,,,38.191671103,-85.800877721,8.100,10/25/2019 12:00:00 AM,1158,2,2,0,0,CLEAR,DRY,True,SIDESWIPE-SAME DIRECTION,SIDESWIPE-SAME DIRECTION,,DAYLIGHT,,,10/28/2019 8:56:26 AM,False,7402,Accepted,
25845089,0568000,LOUISVILLE METRO POLICE DEPT,Accepted,JEFFERSON,KY1865,,TAYLOR,BLVD,,,HASKIN,,,,,38.172595014,-85.782052952,4.530,10/25/2019 12:00:00 AM,1300,2,2,0,0,CLEAR,DRY,False,SIDESWIPE-SAME DIRECTION,SIDESWIPE-SAME DIRECTION,STRAIGHT & LEVEL,DAYLIGHT,,,10/28/2019 8:53:45 AM,False,7286,Accepted,
25845070,0568000,LOUISVILLE METRO POLICE DEPT,Accepted,JEFFERSON,,,BROOK,ST,S,,MUHAMMAD ALI,,,,,38.250510670,-85.751582190,3.197,10/25/2019 12:00:00 AM,1256,2,2,0,0,CLOUDY,DRY,False,SIDESWIPE-SAME DIRECTION,SIDESWIPE-SAME DIRECTION,STRAIGHT & LEVEL,DAYLIGHT,,,10/28/2019 8:51:31 AM,False,7239,Accepted,
25850684,0568000,LOUISVILLE METRO POLICE DEPT,Accepted,JEFFERSON,,,5TH,ST,S,,LIBERTY,,,,,38.253246144,-85.758792671,3.560,10/25/2019 12:00:00 AM,1648,2,2,0,0,CLEAR,DRY,False,SIDESWIPE-SAME DIRECTION,SIDESWIPE-SAME DIRECTION,STRAIGHT & LEVEL,DAYLIGHT,,,10/29/2019 7:59:52 AM,False,7058,Accepted,
25861754,0566400,HURSTBOURNE ACRES PD,Accepted,JEFFERSON,KY1747,,HURSTBOURNE,PKWY,S,,HURSTBOURNE,,,,,38.218023910,-85.586169018,11.348,10/25/2019 12:00:00 AM,2040,2,2,0,0,CLOUDY,DRY,False,OTHER INTERSECTION COLLISIONS,REAR END,STRAIGHT & LEVEL,DARK-HWY NOT LIGHTED,,,10/31/2019 9:46:04 AM,False,9214,Accepted,
26067837,0568000,LOUISVILLE METRO POLICE DEPT,Accepted,JEFFERSON,,1025,28TH,ST,S,,,,,,,38.242512359,-85.799514535,1.248,10/25/2019 12:00:00 AM,1811,3,3,0,0,CLEAR,DRY,True,1 VEHICLE PARKED POSITION (NOT PARKING LOT/DRIVEWAY),SIDESWIPE-SAME DIRECTION,STRAIGHT & LEVEL,DAYLIGHT,,,12/17/2019 10:14:56 AM,False,7387,Accepted,
25845360,0568000,LOUISVILLE METRO POLICE DEPT,Accepted,JEFFERSON,,800,WHITNEY,AVE,W,,,,,,,38.193874193,-85.772692956,0.569,10/25/2019 12:00:00 AM,1943,2,2,0,0,CLEAR,DRY,False,1 VEHICLE PARKED POSITION (NOT PARKING LOT/DRIVEWAY),SIDESWIPE-SAME DIRECTION,STRAIGHT & LEVEL,DARK-HWY LIGHTED/OFF,,,10/28/2019 9:16:35 AM,False,7455,Accepted,
25845632,0568000,LOUISVILLE METRO POLICE DEPT,Accepted,JEFFERSON,,6805,BROOK BEND,WAY,,,,,,,,38.098636982,-85.650730488,0.311,10/25/2019 12:00:00 AM,2052,2,2,0,0,CLOUDY,DRY,False,1 VEHICLE PARKED POSITION (NOT PARKING LOT/DRIVEWAY),HEAD ON,STRAIGHT & LEVEL,DARK-HWY NOT LIGHTED,,,10/28/2019 9:43:01 AM,False,5198,Accepted,
25845374,0568000,LOUISVILLE METRO POLICE DEPT,Accepted,JEFFERSON,,2010,NOCTURNE,DR,,,,,,,,38.102897961,-85.877605104,0.308,10/25/2019 12:00:00 AM,2330,2,2,0,0,OTHER,WET,True,1 VEHICLE PARKED POSITION (NOT PARKING LOT/DRIVEWAY),SIDESWIPE-SAME DIRECTION,STRAIGHT & LEVEL,DARK (UNKNOWN ROADWAY LIGHTING),,,10/28/2019 9:17:23 AM,False,7336,Accepted,
25845071,0568000,LOUISVILLE METRO POLICE DEPT,Accepted,JEFFERSON,I 0265,14.6,I265 W,,,,,,,,,38.122712083,-85.623530877,14.676,10/25/2019 12:00:00 AM,1530,1,1,0,0,CLOUDY,WET,False,RAN OFF ROADWAY (1 VEHICLE WITH/EARTH EMBANKMENT/DITCH),SINGLE VEHICLE,STRAIGHT & LEVEL,DAYLIGHT,,,10/28/2019 8:51:43 AM,False,7486,Accepted,
25844990,0568000,LOUISVILLE METRO POLICE DEPT,Accepted,JEFFERSON,KY1065,175,OUTER,LOOP,,,,,,,,38.126630953,-85.780707778,0.775,10/25/2019 12:00:00 AM,0330,1,1,0,0,CLEAR,DRY,True,COLLISION WITH FIXED OBJECT NON - INTERSECTION - FIRST EVENT COLLISION 09 - 32 EXCLUDING 16,SINGLE VEHICLE,STRAIGHT & LEVEL,DARK-HWY LIGHTED/ON,,,10/28/2019 8:47:05 AM,False,7263,Accepted,
25845173,0568000,LOUISVILLE METRO POLICE DEPT,Accepted,JEFFERSON,KY0061,,PRESTON,HWY,,I 0065,I65 N EXIT130 OFF RAMP TO KY61,,,,,38.178605995,-85.716868793,7.227,10/25/2019 12:00:00 AM,2147,2,2,0,0,CLOUDY,DRY,False,OTHER INTERSECTION COLLISIONS,REAR END,STRAIGHT & LEVEL,DARK-HWY LIGHTED/ON,,,10/28/2019 8:59:42 AM,False,5265,Accepted,
25844995,0568000,LOUISVILLE METRO POLICE DEPT,Accepted,JEFFERSON,,,MELLWOOD,AVE,,,HIGHWOOD,,,,,38.270202851,-85.703169183,1.026,10/25/2019 12:00:00 AM,1130,2,2,0,0,CLEAR,DRY,False,OTHER INTERSECTION COLLISIONS,REAR END,STRAIGHT & LEVEL,DAYLIGHT,,,10/28/2019 8:47:39 AM,False,5275,Accepted,
25844955,0568000,LOUISVILLE METRO POLICE DEPT,Accepted,JEFFERSON,I 0264,,I264 E,,,I 0264,I264 E EXIT22 ON RAMP FROM US42,,,,,38.285852310,-85.642881193,22.648,10/25/2019 12:00:00 AM,0745,2,2,0,0,CLEAR,FLOODED,False,OTHER INTERSECTION COLLISIONS,REAR END,STRAIGHT & LEVEL,DAYLIGHT,,,10/28/2019 8:44:05 AM,False,7631,Accepted,
25824765,0568000,LOUISVILLE METRO POLICE DEPT,Accepted,JEFFERSON,US0031W,,22ND,ST,S,,OAK,,,,,38.237461017,-85.790277781,18.746,10/25/2019 12:00:00 AM,0301,1,1,0,0,CLEAR,DRY,False,OTHER INTERSECTION COLLISIONS,SINGLE VEHICLE,STRAIGHT & LEVEL,DARK-HWY LIGHTED/ON,,,10/25/2019 8:44:50 AM,False,5256,Accepted,
25845088,0568000,LOUISVILLE METRO POLICE DEPT,Accepted,JEFFERSON,,,FEGENBUSH,LN,,KY1747,FERN VALLEY,,,,,38.161140352,-85.640833775,1.795,10/25/2019 12:00:00 AM,1730,2,2,0,0,CLOUDY,DRY,False,OTHER INTERSECTION COLLISIONS,REAR END,STRAIGHT & LEVEL,DAYLIGHT,,,10/28/2019 8:53:37 AM,False,7486,Accepted,
25845084,0568000,LOUISVILLE METRO POLICE DEPT,Accepted,JEFFERSON,KY1020,,3RD,ST,S,US0060A,EASTERN,,,,,38.213752554,-85.762306500,9.868,10/25/2019 12:00:00 AM,1122,2,2,0,0,CLOUDY,DRY,False,OTHER INTERSECTION COLLISIONS,REAR END,STRAIGHT & LEVEL,DAYLIGHT,,,10/28/2019 8:53:20 AM,False,5240,Accepted,
25844950,0568000,LOUISVILLE METRO POLICE DEPT,Accepted,JEFFERSON,I 0265,,I265 W,,,I 0265,I265 W EXIT12 ON RAMP FROM KY61 N,,,,,38.110450071,-85.682061132,11.354,10/25/2019 12:00:00 AM,0638,2,2,0,0,CLEAR,DRY,False,OTHER INTERSECTION COLLISIONS,REAR TO REAR,CURVE & LEVEL,DARK-HWY LIGHTED/ON,,,10/28/2019 8:43:22 AM,False,7720,Accepted,
25824814,0568000,LOUISVILLE METRO POLICE DEPT,Accepted,JEFFERSON,US0031E,,BARDSTOWN,RD,,,GOLDSMITH,,,,,38.208346788,-85.669057918,11.772,10/25/2019 12:00:00 AM,0702,2,2,0,0,CLEAR,DRY,False,OTHER INTERSECTION COLLISIONS,REAR END,STRAIGHT & LEVEL,DAYLIGHT,,,10/25/2019 9:00:02 AM,False,5146,Accepted,
25845613,0568000,LOUISVILLE METRO POLICE DEPT,Accepted,JEFFERSON,KY1934,,CANE RUN,RD,,,VAN WINKLE,,,,,38.202130949,-85.833915174,9.466,10/25/2019 12:00:00 AM,1815,2,2,0,0,CLOUDY,DRY,False,OTHER INTERSECTION COLLISIONS,REAR END,STRAIGHT & LEVEL,DUSK,,,10/28/2019 9:38:36 AM,False,7467,Accepted,
25844991,0568000,LOUISVILLE METRO POLICE DEPT,Accepted,JEFFERSON,KY0022,,BROWNSBORO,RD,,,NORTON HEALTHCARE,,,,,38.310811746,-85.570622676,4.289,10/25/2019 12:00:00 AM,1200,2,2,0,0,CLEAR,DRY,False,OTHER INTERSECTION COLLISIONS,REAR END,STRAIGHT & LEVEL,DAYLIGHT,,,10/28/2019 8:47:22 AM,False,7631,Accepted,
25845143,0568000,LOUISVILLE METRO POLICE DEPT,Accepted,JEFFERSON,,,BUECHEL BANK,RD,,,PROGRESS,,,,,38.178186743,-85.653200870,1.231,10/25/2019 12:00:00 AM,2010,2,2,0,0,CLEAR,DRY,False,OTHER INTERSECTION COLLISIONS,REAR END,STRAIGHT & LEVEL,DARK-HWY NOT LIGHTED,,,10/28/2019 8:57:25 AM,False,5222,Accepted,
25845368,0568000,LOUISVILLE METRO POLICE DEPT,Accepted,JEFFERSON,KY1747,,HURSTBOURNE,PKWY,S,KY1747,KY1747 TURN LANE,,,,,38.215892981,-85.590684624,11.063,10/25/2019 12:00:00 AM,2046,2,2,0,0,CLEAR,DRY,False,OTHER INTERSECTION COLLISIONS,REAR END,STRAIGHT & LEVEL,DARK-HWY NOT LIGHTED,,,10/28/2019 9:16:51 AM,False,7383,Accepted,
25845074,0568000,LOUISVILLE METRO POLICE DEPT,Accepted,JEFFERSON,,,HITE,AVE,N,US0060,FRANKFORT,,,,,38.255047794,-85.694477319,0.041,10/25/2019 12:00:00 AM,1540,2,2,0,0,CLOUDY,DRY,False,ANGLE COLLISION - OTHER,ANGLE,STRAIGHT & LEVEL,DAYLIGHT,,,10/28/2019 8:52:14 AM,False,5275,Accepted,
25845025,0568000,LOUISVILLE METRO POLICE DEPT,Accepted,JEFFERSON,,,TENNY,AVE,W,,3RD,,,,,38.176894131,-85.767042879,0.080,10/25/2019 12:00:00 AM,0820,2,2,0,0,CLOUDY,DRY,False,ANGLE COLLISION - OTHER,ANGLE,STRAIGHT & LEVEL,DAYLIGHT,,,10/28/2019 8:49:24 AM,False,5245,Accepted,
25844960,0568000,LOUISVILLE METRO POLICE DEPT,Accepted,JEFFERSON,US0150,,BROADWAY,,E,KY0864,CAMPBELL,,,,,38.244534267,-85.737514264,3.459,10/25/2019 12:00:00 AM,0835,2,2,0,0,CLOUDY,DRY,False,ANGLE COLLISION - OTHER,ANGLE,STRAIGHT & LEVEL,DAYLIGHT,,,10/28/2019 8:45:01 AM,False,7239,Accepted,
25845069,0568000,LOUISVILLE METRO POLICE DEPT,Accepted,JEFFERSON,,,CHESTNUT,ST,W,,17TH,,,,,38.251132195,-85.777741068,1.273,10/25/2019 12:00:00 AM,1528,2,2,0,0,CLOUDY,DRY,False,ANGLE COLLISION - OTHER,ANGLE,STRAIGHT & LEVEL,DAYLIGHT,,,10/28/2019 8:51:15 AM,False,7241,Accepted,
25845167,0568000,LOUISVILLE METRO POLICE DEPT,Accepted,JEFFERSON,KY0864,,SHELBY,ST,S,,SHELBY,,,,,38.232087775,-85.741690319,14.612,10/25/2019 12:00:00 AM,2243,2,2,0,2,CLEAR,DRY,True,ANGLE COLLISION - OTHER,ANGLE,STRAIGHT & LEVEL,DARK-HWY LIGHTED/ON,,,10/28/2019 8:59:12 AM,False,5230,Accepted,
25845253,0568000,LOUISVILLE METRO POLICE DEPT,Accepted,JEFFERSON,KY1747,,HURSTBOURNE,PKWY,S,,HURSTBOURNE,,,,,38.217638315,-85.587018381,11.301,10/25/2019 12:00:00 AM,1115,2,2,0,0,CLOUDY,DRY,False,ANGLE COLLISION - OTHER,ANGLE,STRAIGHT & LEVEL,DAYLIGHT,,,10/28/2019 9:04:59 AM,False,2429,Accepted,
25845130,0568000,LOUISVILLE METRO POLICE DEPT,Accepted,JEFFERSON,KY1934,,CANE RUN,RD,,,KRISTIN,,,,,38.198020327,-85.839448640,9.042,10/25/2019 12:00:00 AM,1818,2,2,0,0,CLOUDY,DRY,False,REAR END - ONE VEHICLE TURNING RIGHT,REAR END,STRAIGHT & LEVEL,DARK-HWY NOT LIGHTED,,,10/28/2019 8:56:19 AM,False,5208,Accepted,
25845111,0568000,LOUISVILLE METRO POLICE DEPT,Accepted,JEFFERSON,,,GRADE,LN,,KY1065,OUTER,,,,,38.130084998,-85.737422315,0.026,10/25/2019 12:00:00 AM,1605,2,2,0,0,CLOUDY,DRY,False,REAR END - ONE VEHICLE TURNING RIGHT,REAR END,STRAIGHT & GRADE,DAYLIGHT,,,10/28/2019 8:56:06 AM,False,7397,Accepted,
25845076,0568000,LOUISVILLE METRO POLICE DEPT,Accepted,JEFFERSON,KY1747,,HURSTBOURNE,PKWY,S,,WATTERSON,,,,,38.183485206,-85.606823174,8.517,10/25/2019 12:00:00 AM,1554,2,2,0,0,RAINING,WET,False,REAR END - ONE VEHICLE TURNING LEFT,REAR END,STRAIGHT & GRADE,DAYLIGHT,,,10/28/2019 8:52:24 AM,False,7307,Accepted,
25845178,0568000,LOUISVILLE METRO POLICE DEPT,Accepted,JEFFERSON,,,QUAIL HOLLOW,RD,,KY0864,POPLAR LEVEL,,,,,38.180181102,-85.693953286,0.008,10/25/2019 12:00:00 AM,2245,2,2,0,0,RAINING,WET,False,OPPOSING LEFT TURN,OPPOSING LEFT TURN,STRAIGHT & LEVEL,DARK-HWY LIGHTED/ON,,,10/28/2019 9:00:06 AM,False,5265,Accepted,
25845422,0568000,LOUISVILLE METRO POLICE DEPT,Accepted,JEFFERSON,,,ST CATHERINE,ST,E,KY0061,JACKSON,,,,,38.235355176,-85.747325500,0.863,10/25/2019 12:00:00 AM,1027,2,2,0,1,CLEAR,DRY,False,ANGLE COLLISION - OTHER,ANGLE,STRAIGHT & LEVEL,DAYLIGHT,,,10/28/2019 9:24:19 AM,False,5263,Accepted,
25862345,0568000,LOUISVILLE METRO POLICE DEPT,Accepted,JEFFERSON,,,KLONDIKE,LN,,,MAMARONECK,,,,,38.203285888,-85.638468745,0.242,10/25/2019 12:00:00 AM,1224,2,2,0,0,CLEAR,DRY,False,ANGLE COLLISION - OTHER,ANGLE,STRAIGHT & LEVEL,DAYLIGHT,,,10/31/2019 11:20:28 AM,False,7303,Accepted,
25861395,0568000,LOUISVILLE METRO POLICE DEPT,Accepted,JEFFERSON,,,26TH,ST,S,,CHESTNUT,,,,,38.252998092,-85.794498105,0.536,10/25/2019 12:00:00 AM,1630,2,2,0,1,CLOUDY,DRY,False,ANGLE COLLISION - OTHER,ANGLE,STRAIGHT & LEVEL,DAYLIGHT,,,10/31/2019 8:50:05 AM,False,7463,Accepted,
25845188,0568000,LOUISVILLE METRO POLICE DEPT,Accepted,JEFFERSON,US0150,,BROADWAY,,W,,11TH,,,,,38.247400356,-85.769932485,1.750,10/25/2019 12:00:00 AM,2245,4,4,0,0,CLEAR,DRY,False,ANGLE COLLISION - OTHER,ANGLE,STRAIGHT & LEVEL,DARK-HWY LIGHTED/OFF,,,10/28/2019 9:00:53 AM,False,5148,Accepted,
25845132,0568000,LOUISVILLE METRO POLICE DEPT,Accepted,JEFFERSON,KY1931,,MANSLICK,RD,,,CONN,,,,,38.196130599,-85.799091718,8.449,10/25/2019 12:00:00 AM,1100,2,2,0,0,CLEAR,DRY,False,ANGLE COLLISION - OTHER,ANGLE,STRAIGHT & LEVEL,DAYLIGHT,,,10/28/2019 8:56:37 AM,False,7360,Accepted,
25845090,0568000,LOUISVILLE METRO POLICE DEPT,Accepted,JEFFERSON,,,LIBERTY,ST,E,,BROOK,,,,,38.252524527,-85.752194213,,10/25/2019 12:00:00 AM,1246,2,2,0,0,CLEAR,DRY,False,ANGLE COLLISION - OTHER,ANGLE,STRAIGHT & LEVEL,DAYLIGHT,,,10/28/2019 8:54:01 AM,False,7266,Accepted,
25845072,0568000,LOUISVILLE METRO POLICE DEPT,Accepted,JEFFERSON,US0031E,,BAXTER,AVE,,,CHEROKEE,,,,,38.243092053,-85.726513780,15.855,10/25/2019 12:00:00 AM,1516,2,2,0,0,CLOUDY,DRY,False,ANGLE COLLISION - OTHER,ANGLE,STRAIGHT & LEVEL,DAYLIGHT,,,10/28/2019 8:52:00 AM,False,5020,Accepted,
25845437,0568000,LOUISVILLE METRO POLICE DEPT,Accepted,JEFFERSON,US0031E,,BARDSTOWN,RD,,,EDENSIDE,,,,,38.232771091,-85.710700065,14.724,10/25/2019 12:00:00 AM,1651,2,2,0,0,CLOUDY,DRY,False,ANGLE COLLISION - ONE VEHICLE TURNING LEFT,ANGLE,STRAIGHT & LEVEL,DAYLIGHT,,,10/28/2019 9:25:54 AM,False,2228,Accepted,
25845423,0568000,LOUISVILLE METRO POLICE DEPT,Accepted,JEFFERSON,KY1020,,3RD,ST,S,US0060A,EASTERN,,,,,38.213743160,-85.762306954,9.868,10/25/2019 12:00:00 AM,1454,1,1,0,0,CLEAR,DRY,False,COLLISION WITH FIXED OBJECT IN INTERSECTION - FIRST EVENT COLLISION 09 - 32,SINGLE VEHICLE,STRAIGHT & LEVEL,DAYLIGHT,,,10/28/2019 9:24:27 AM,False,5263,Accepted,
25845036,0568000,LOUISVILLE METRO POLICE DEPT,Accepted,JEFFERSON,KY1020,,NATIONAL,TPKE,,,PARK,,,,,38.093080237,-85.725071281,0.616,10/25/2019 12:00:00 AM,1154,1,1,0,0,CLOUDY,DRY,False,COLLISION WITH FIXED OBJECT IN INTERSECTION - FIRST EVENT COLLISION 09 - 32,SINGLE VEHICLE,CURVE & HILLCREST,DAYLIGHT,,,10/28/2019 8:49:50 AM,False,7252,Accepted,
25845428,0568000,LOUISVILLE METRO POLICE DEPT,Accepted,JEFFERSON,,,WEBSTER,ST,,,WASHINGTON,,,,,38.257570732,-85.727119345,0.073,10/25/2019 12:00:00 AM,1248,2,1,0,1,CLOUDY,DRY,False,COLLISION WITH PEDESTRIAN IN INTERSECTION,SINGLE VEHICLE,STRAIGHT & LEVEL,DAYLIGHT,,,10/28/2019 9:24:59 AM,False,2764,Accepted,
25824766,0568000,LOUISVILLE METRO POLICE DEPT,Accepted,JEFFERSON,KY2052,,SHEPHERDSVILLE,RD,,,RURAL,,,,,38.171312943,-85.659392516,2.259,10/25/2019 12:00:00 AM,0648,2,1,0,1,CLOUDY,DRY,True,COLLISION WITH PEDESTRIAN IN INTERSECTION,SINGLE VEHICLE,STRAIGHT & LEVEL,DARK-HWY NOT LIGHTED,,,10/25/2019 8:44:58 AM,False,7492,Accepted,
25845091,0568000,LOUISVILLE METRO POLICE DEPT,Accepted,JEFFERSON,,,41ST,ST,S,,MAIN,,,,,38.264483405,-85.815953336,2.023,10/25/2019 12:00:00 AM,1712,2,1,0,1,CLOUDY,DRY,False,COLLISION WITH BICYCLE IN INTERSECTION,SINGLE VEHICLE,STRAIGHT & LEVEL,DAYLIGHT,,,10/28/2019 8:54:07 AM,False,7489,Accepted,
25877196,0561500,UNIV. OF LOUISVILLE POLICE,Accepted,JEFFERSON,,401,CARDINAL,BLVD,W,,,,,,,38.221708223,-85.764891419,0.299,10/25/2019 12:00:00 AM,0001,2,2,0,0,,,True,COLLISION IN PARKING LOT,SIDESWIPE-SAME DIRECTION,STRAIGHT & LEVEL,UNKNOWN,,,11/4/2019 11:34:34 AM,False,5650,Accepted,
25845393,0568000,LOUISVILLE METRO POLICE DEPT,Accepted,JEFFERSON,US0060,2350,FRANKFORT,AVE,,,,,,,,38.253667941,-85.700538458,1.084,10/25/2019 12:00:00 AM,2117,2,2,0,0,CLOUDY,DRY,True,COLLISION IN PARKING LOT,BACKING,STRAIGHT & LEVEL,DARK-HWY LIGHTED/ON,,,10/28/2019 9:19:52 AM,False,7304,Accepted,