IncidentID,AgencyORI,AgencyName,IncidentStatusDesc,County,RdwyNumber,Street,RoadwayName,StreetSfx,StreetDir,IntersectionRdwy,IntersectionRdwyName,BetweenStRdwy1,BetweenStRdwyName1,BetweenStRdwy2,BetweenStRdwyName2,Latitude,Longitude,Milepoint,CollisionDate,CollisionTime,UnitsInvolved,MotorVehiclesInvolved,NumberKilled,NumberInjured,Weather,RdwyConditionCode,HitandRun,DirAnalysisCode,MannerofCollision,RdwyCharacter,LightCondition,RampFromRdwyId,RampToRdwyId,AcceptedDate,IsSecondaryCollision,OwnerBadge,IncidentStatus,
25886231,0568000,LOUISVILLE METRO POLICE DEPT,Accepted,JEFFERSON,KY1065,4601,OUTER,LOOP,,,,,,,,38.138236082,-85.677756643,6.549,10/25/2019 12:00:00 AM,1528,2,2,0,0,CLOUDY,DRY,True,COLLISION IN PARKING LOT,REAR TO REAR,STRAIGHT & LEVEL,DAYLIGHT,,,11/6/2019 8:36:14 AM,False,2583,Accepted,
25845046,0568000,LOUISVILLE METRO POLICE DEPT,Accepted,JEFFERSON,,8605,SMYRNA,PKWY,,,,,,,,38.123803164,-85.643105177,0.978,10/25/2019 12:00:00 AM,1322,2,2,0,0,CLOUDY,DRY,True,COLLISION IN PARKING LOT,BACKING,STRAIGHT & LEVEL,DAYLIGHT,,,10/28/2019 8:49:55 AM,False,2017,Accepted,
25845171,0568000,LOUISVILLE METRO POLICE DEPT,Accepted,JEFFERSON,US0031E,,BARDSTOWN,RD,,,,,,,,38.236029176,-85.716657931,15.136,10/25/2019 12:00:00 AM,2117,2,2,0,0,CLEAR,DRY,False,COLLISION IN PARKING LOT,BACKING,STRAIGHT & LEVEL,DARK-HWY LIGHTED/ON,,,10/28/2019 8:59:24 AM,False,5258,Accepted,
25845407,0568000,LOUISVILLE METRO POLICE DEPT,Accepted,JEFFERSON,KY0061,9500,PRESTON,HWY,,,,,,,,38.113070547,-85.675907759,2.074,10/25/2019 12:00:00 AM,1051,2,2,0,0,CLOUDY,DRY,False,COLLISION IN PARKING LOT,ANGLE,STRAIGHT & LEVEL,DAYLIGHT,,,10/28/2019 9:21:52 AM,False,2274,Accepted,
25876232,0568000,LOUISVILLE METRO POLICE DEPT,Accepted,JEFFERSON,,,HEPBURN,AVE,,KY1703,BAXTER,,,,,38.238723672,-85.724253274,0.053,10/24/2019 12:00:00 AM,1600,2,1,0,1,CLEAR,DRY,False,COLLISION IN PARKING LOT,SINGLE VEHICLE,STRAIGHT & LEVEL,DAYLIGHT,,,11/4/2019 9:33:48 AM,False,5006,Accepted,
25850755,0568000,LOUISVILLE METRO POLICE DEPT,Accepted,JEFFERSON,,1501,DIXIE,HWY,,,,,,,,38.228290660,-85.790482159,1.497,10/24/2019 12:00:00 AM,0750,2,1,0,0,CLEAR,DRY,True,COLLISION IN PARKING LOT,SINGLE VEHICLE,STRAIGHT & LEVEL,DAYLIGHT,,,10/29/2019 8:12:02 AM,False,7070,Accepted,
25937569,0568000,LOUISVILLE METRO POLICE DEPT,Accepted,JEFFERSON,,,GLIMMER,WAY,,,,,,,,38.133915434,-85.778119541,0.546,10/24/2019 12:00:00 AM,0500,2,2,0,0,OTHER,DRY,True,COLLISION IN PARKING LOT,ANGLE,STRAIGHT & LEVEL,UNKNOWN,,,11/18/2019 9:20:18 AM,False,7221,Accepted,
25845278,0568000,LOUISVILLE METRO POLICE DEPT,Accepted,JEFFERSON,,9115,FERN CREEK,RD,,,,,,,,38.156025100,-85.591507111,0.816,10/24/2019 12:00:00 AM,1600,2,2,0,0,CLEAR,DRY,True,COLLISION IN PARKING LOT,SIDESWIPE-OPPOSITE DIRECTION,STRAIGHT & LEVEL,DAYLIGHT,,,10/28/2019 9:08:34 AM,False,5284,Accepted,
25819540,0568000,LOUISVILLE METRO POLICE DEPT,Accepted,JEFFERSON,,,BUCHANAN,ST,,,,,WASHINGTON,US0042,STORY,38.255933510,-85.730668364,0.068,10/24/2019 12:00:00 AM,0122,2,2,0,0,CLEAR,DRY,True,COLLISION IN PARKING LOT,SIDESWIPE-SAME DIRECTION,STRAIGHT & LEVEL,DARK-HWY NOT LIGHTED,,,10/24/2019 8:24:22 AM,False,7325,Accepted,
25876496,0568000,LOUISVILLE METRO POLICE DEPT,Accepted,JEFFERSON,,,INDIAN,TRL,E,,FOREST,,,,,38.170513582,-85.689480722,0.944,10/24/2019 12:00:00 AM,2208,2,2,0,0,CLEAR,DRY,False,,ANGLE,STRAIGHT & LEVEL,DARK-HWY LIGHTED/ON,,,11/4/2019 9:53:23 AM,False,5053,Accepted,
25856742,0568000,LOUISVILLE METRO POLICE DEPT,Accepted,JEFFERSON,,,7TH,ST,S,US0150,BROADWAY,,,,,38.246447832,-85.763409409,2.020,10/24/2019 12:00:00 AM,1850,1,1,0,0,CLEAR,DRY,False,COLLISION WITH FIXED OBJECT IN INTERSECTION - FIRST EVENT COLLISION 09 - 32,SINGLE VEHICLE,STRAIGHT & LEVEL,DUSK,,,10/30/2019 9:13:17 AM,False,5173,Accepted,
25824670,0568000,LOUISVILLE METRO POLICE DEPT,Accepted,JEFFERSON,,,KFEC GATE4 DR,,,KY1631,CRITTENDEN,,,,,38.204225658,-85.749656844,0.059,10/24/2019 12:00:00 AM,1437,1,1,0,0,CLEAR,DRY,False,COLLISION WITH FIXED OBJECT IN INTERSECTION - FIRST EVENT COLLISION 09 - 32,SINGLE VEHICLE,STRAIGHT & LEVEL,DAYLIGHT,,,10/25/2019 8:33:26 AM,False,7872,Accepted,
25824762,0568000,LOUISVILLE METRO POLICE DEPT,Accepted,JEFFERSON,,,CARDINAL,BLVD,W,KY1020,2ND,,,,,38.220573416,-85.761180563,0.180,10/24/2019 12:00:00 AM,1614,2,2,0,0,CLEAR,DRY,True,COLLISION WITH PARKED VEHICLE,BACKING,STRAIGHT & LEVEL,DAYLIGHT,,,10/25/2019 8:44:22 AM,False,5196,Accepted,
25824707,0568000,LOUISVILLE METRO POLICE DEPT,Accepted,JEFFERSON,,,ZORN,AVE,,,RIEDLING,,,,,38.262698666,-85.687521553,0.554,10/24/2019 12:00:00 AM,1705,2,2,0,0,CLEAR,DRY,False,ANGLE COLLISION - OTHER,ANGLE,STRAIGHT & HILLCREST,DAYLIGHT,,,10/25/2019 8:38:04 AM,False,7028,Accepted,
25824756,0568000,LOUISVILLE METRO POLICE DEPT,Accepted,JEFFERSON,KY0864,,POPLAR LEVEL,RD,,,MERCER,,,,,38.201409880,-85.709647142,11.746,10/24/2019 12:00:00 AM,2136,2,2,0,0,CLEAR,DRY,False,ANGLE COLLISION - OTHER,ANGLE,STRAIGHT & LEVEL,DAYLIGHT,,,10/25/2019 8:43:52 AM,False,5149,Accepted,
25824626,0568000,LOUISVILLE METRO POLICE DEPT,Accepted,JEFFERSON,KY1849,,MOORMAN,RD,,,TIERNEY,,,,,38.092569872,-85.884500793,0.528,10/24/2019 12:00:00 AM,0852,2,2,0,0,CLEAR,DRY,False,ANGLE COLLISION - OTHER,ANGLE,STRAIGHT & LEVEL,DAYLIGHT,,,10/25/2019 8:28:35 AM,False,5280,Accepted,
25824665,0568000,LOUISVILLE METRO POLICE DEPT,Accepted,JEFFERSON,KY1931,,GREENWOOD,RD,,US0031W,DIXIE,,,,,38.143481610,-85.839691247,3.138,10/24/2019 12:00:00 AM,0925,3,3,0,0,CLEAR,DRY,False,ANGLE COLLISION - OTHER,ANGLE,STRAIGHT & LEVEL,DAYLIGHT,,,10/25/2019 8:32:57 AM,False,7202,Accepted,
25824682,0568000,LOUISVILLE METRO POLICE DEPT,Accepted,JEFFERSON,,,ROY WILKINS,AVE,,,LIBERTY,,,,,38.253366627,-85.765269306,0.279,10/24/2019 12:00:00 AM,0840,2,2,0,0,CLEAR,DRY,False,ANGLE COLLISION - OTHER,ANGLE,STRAIGHT & LEVEL,DAYLIGHT,,,10/25/2019 8:35:19 AM,False,5168,Accepted,
25824658,0568000,LOUISVILLE METRO POLICE DEPT,Accepted,JEFFERSON,,,WELLER,AVE,,,UTAH,,,,,38.210882360,-85.776072339,0.221,10/24/2019 12:00:00 AM,1000,2,2,0,1,CLEAR,DRY,True,ANGLE COLLISION - OTHER,ANGLE,,DAYLIGHT,,,10/25/2019 8:32:03 AM,False,7433,Accepted,
25824664,0568000,LOUISVILLE METRO POLICE DEPT,Accepted,JEFFERSON,,,7TH,ST,S,,OAK,,,,,38.235641214,-85.765057389,1.247,10/24/2019 12:00:00 AM,1311,2,2,0,0,CLEAR,DRY,True,ANGLE COLLISION - OTHER,ANGLE,STRAIGHT & LEVEL,DAYLIGHT,,,10/25/2019 8:32:48 AM,False,5279,Accepted,
25824634,0568000,LOUISVILLE METRO POLICE DEPT,Accepted,JEFFERSON,,,MUHAMMAD ALI,BLVD,W,,32ND,,,,,38.256381838,-85.804891303,2.876,10/24/2019 12:00:00 AM,1131,2,2,0,0,CLEAR,DRY,False,ANGLE COLLISION - OTHER,ANGLE,STRAIGHT & LEVEL,DAYLIGHT,,,10/25/2019 8:29:46 AM,False,5124,Accepted,
25824637,0568000,LOUISVILLE METRO POLICE DEPT,Accepted,JEFFERSON,,,BROOK,ST,S,US0031E,MARKET,,,,,38.254546305,-85.750168342,3.490,10/24/2019 12:00:00 AM,1250,2,2,0,0,CLEAR,DRY,False,ANGLE COLLISION - OTHER,ANGLE,STRAIGHT & LEVEL,DAYLIGHT,,,10/25/2019 8:30:13 AM,False,2403,Accepted,
25824685,0568000,LOUISVILLE METRO POLICE DEPT,Accepted,JEFFERSON,US0060A,,LEXINGTON,RD,,,ELINE,,,,,38.249902549,-85.666042577,10.023,10/24/2019 12:00:00 AM,1456,2,2,0,0,CLEAR,DRY,False,ANGLE COLLISION - OTHER,ANGLE,STRAIGHT & LEVEL,DAYLIGHT,,,10/25/2019 8:35:27 AM,False,7043,Accepted,
26262720,0568000,LOUISVILLE METRO POLICE DEPT,Accepted,JEFFERSON,,,STRAWBERRY,LN,,,ESTELE,,,,,38.159594036,-85.762675180,0.144,10/24/2019 12:00:00 AM,1618,3,3,0,1,CLEAR,DRY,False,ANGLE COLLISION - OTHER,ANGLE,STRAIGHT & LEVEL,DAYLIGHT,,,1/29/2020 3:25:28 PM,False,7139,Accepted,
25845014,0568000,LOUISVILLE METRO POLICE DEPT,Accepted,JEFFERSON,KY1447,,WESTPORT,RD,,,HERMITAGE,,,,,38.280897631,-85.589018755,4.199,10/24/2019 12:00:00 AM,1631,2,2,0,0,CLEAR,DRY,False,OPPOSING LEFT TURN,OPPOSING LEFT TURN,CURVE & LEVEL,DAYLIGHT,,,10/28/2019 8:48:54 AM,False,7858,Accepted,
25824668,0568000,LOUISVILLE METRO POLICE DEPT,Accepted,JEFFERSON,,,FLOYD,ST,S,,OAK,,,,,38.234186045,-85.751690934,1.490,10/24/2019 12:00:00 AM,1241,2,2,0,0,CLEAR,DRY,False,OPPOSING LEFT TURN,OPPOSING LEFT TURN,STRAIGHT & LEVEL,DAYLIGHT,,,10/25/2019 8:33:17 AM,False,5269,Accepted,
25824635,0568000,LOUISVILLE METRO POLICE DEPT,Accepted,JEFFERSON,KY2053,,THIXTON,LN,,,HIDDEN CREEK,,,,,38.093368531,-85.578502411,6.195,10/24/2019 12:00:00 AM,0811,2,2,0,0,CLEAR,DRY,False,OPPOSITE DIRECTION - BOTH VEHICLES GOING STRAIGHT AHEAD,SIDESWIPE-OPPOSITE DIRECTION,STRAIGHT & LEVEL,DAYLIGHT,,,10/25/2019 8:29:54 AM,False,2017,Accepted,
25876230,0568000,LOUISVILLE METRO POLICE DEPT,Accepted,JEFFERSON,,,CHEROKEE,RD,,,EASTERN STAR,,,,,38.242751987,-85.724451410,0.147,10/24/2019 12:00:00 AM,1410,2,2,0,0,CLEAR,DRY,False,OPPOSITE DIRECTION - BOTH VEHICLES GOING STRAIGHT AHEAD,SIDESWIPE-OPPOSITE DIRECTION,STRAIGHT & LEVEL,DAYLIGHT,,,11/4/2019 9:33:39 AM,False,5006,Accepted,
25824730,0568000,LOUISVILLE METRO POLICE DEPT,Accepted,JEFFERSON,,,SKYLINE,DR,,,BROOKLEY,,,,,38.085359619,-85.675788430,,10/24/2019 12:00:00 AM,1653,2,2,0,0,CLEAR,DRY,False,VEHICLE BACKING IN INTERSECTION,BACKING,STRAIGHT & LEVEL,DAYLIGHT,,,10/25/2019 8:40:30 AM,False,5005,Accepted,
25896641,0568000,LOUISVILLE METRO POLICE DEPT,Accepted,JEFFERSON,,,34TH,ST,S,,MARKET,,,,,38.260951049,-85.806931729,0.086,10/24/2019 12:00:00 AM,1017,2,2,0,0,CLEAR,DRY,True,VEHICLE BACKING IN INTERSECTION,BACKING,STRAIGHT & LEVEL,DAYLIGHT,,,11/8/2019 8:29:44 AM,False,5003,Accepted,
25824728,0568000,LOUISVILLE METRO POLICE DEPT,Accepted,JEFFERSON,KY0907,,SOUTHSIDE,DR,,,MEADOWOOD,,,,,38.150641945,-85.768297091,6.825,10/24/2019 12:00:00 AM,0832,2,2,0,0,CLEAR,DRY,False,ANGLE COLLISION - OTHER,ANGLE,STRAIGHT & LEVEL,DAYLIGHT,,,10/25/2019 8:40:15 AM,False,7139,Accepted,
25824693,0568000,LOUISVILLE METRO POLICE DEPT,Accepted,JEFFERSON,KY1931,,MANSLICK,RD,,,PIKES PEAK,,,,,38.165772605,-85.797482791,6.273,10/24/2019 12:00:00 AM,1639,2,2,0,0,CLEAR,DRY,False,ANGLE COLLISION - OTHER,ANGLE,STRAIGHT & HILLCREST,DAYLIGHT,,,10/25/2019 8:36:19 AM,False,7205,Accepted,
25841392,0566900,LOUISVILLE AIRPORT POLICE,Accepted,JEFFERSON,,,GRADE,LN,,,OLD GRADE,,,,,38.169200192,-85.721242537,0.802,10/24/2019 12:00:00 AM,1435,2,2,0,0,CLEAR,DRY,False,ANGLE COLLISION - OTHER,ANGLE,STRAIGHT & GRADE,DAYLIGHT,,,10/27/2019 10:29:12 AM,False,5761,Accepted,
25845183,0568000,LOUISVILLE METRO POLICE DEPT,Accepted,JEFFERSON,KY1931,,MANSLICK,RD,,,STEPHAN,,,,,38.168183284,-85.797235852,6.438,10/24/2019 12:00:00 AM,1919,3,3,0,0,CLOUDY,DRY,False,OTHER INTERSECTION COLLISIONS,REAR END,CURVE & GRADE,DARK-HWY LIGHTED/ON,,,10/28/2019 9:00:40 AM,True,7340,Accepted,
25845024,0568000,LOUISVILLE METRO POLICE DEPT,Accepted,JEFFERSON,I 0265,,I265 N,,,I 0071,I71 N,,,,,38.314588517,-85.581078788,34.673,10/24/2019 12:00:00 AM,1800,2,2,0,0,CLEAR,DRY,False,OTHER INTERSECTION COLLISIONS,REAR END,STRAIGHT & LEVEL,DAYLIGHT,,,10/28/2019 8:49:15 AM,False,7858,Accepted,
25850777,0568000,LOUISVILLE METRO POLICE DEPT,Accepted,JEFFERSON,,,2ND,ST,N,US0031E,MAIN,,,,,38.256334958,-85.753305765,0.005,10/24/2019 12:00:00 AM,1723,3,3,0,0,CLEAR,DRY,False,OTHER INTERSECTION COLLISIONS,REAR END,STRAIGHT & LEVEL,DAYLIGHT,,,10/29/2019 8:14:48 AM,False,5173,Accepted,
25856697,0568000,LOUISVILLE METRO POLICE DEPT,Accepted,JEFFERSON,,,SHELBY,ST,S,,MERIWETHER,,,,,38.228626473,-85.741947277,0.150,10/24/2019 12:00:00 AM,1700,2,2,0,0,CLEAR,DRY,False,OTHER INTERSECTION COLLISIONS,REAR END,STRAIGHT & LEVEL,DAYLIGHT,,,10/30/2019 9:10:15 AM,False,5269,Accepted,
25824760,0568000,LOUISVILLE METRO POLICE DEPT,Accepted,JEFFERSON,KY0061,,PRESTON,HWY,,,GILMORE,,,,,38.174683084,-85.712740117,6.878,10/24/2019 12:00:00 AM,2034,4,4,0,2,CLEAR,DRY,False,OTHER INTERSECTION COLLISIONS,REAR TO REAR,STRAIGHT & LEVEL,DARK-HWY LIGHTED/ON,,,10/25/2019 8:44:11 AM,False,5247,Accepted,
25824763,0568000,LOUISVILLE METRO POLICE DEPT,Accepted,JEFFERSON,,,SIX MILE,LN,,,MANNER DALE,,,,,38.200582434,-85.614868972,2.201,10/24/2019 12:00:00 AM,1920,2,2,0,0,CLEAR,DRY,False,OTHER INTERSECTION COLLISIONS,REAR END,CURVE & LEVEL,DUSK,,,10/25/2019 8:44:34 AM,False,5117,Accepted,
25824636,0568000,LOUISVILLE METRO POLICE DEPT,Accepted,JEFFERSON,,,MINOR,LN,,,SHADESWOOD,,,,,38.130487428,-85.710616227,0.331,10/24/2019 12:00:00 AM,1120,2,2,0,0,CLEAR,DRY,False,OTHER INTERSECTION COLLISIONS,REAR END,STRAIGHT & LEVEL,DAYLIGHT,,,10/25/2019 8:30:02 AM,False,2017,Accepted,
25819535,0568000,LOUISVILLE METRO POLICE DEPT,Accepted,JEFFERSON,,,UPPER HUNTERS,TRCE,,US0031W,DIXIE,,,,,38.168674261,-85.828482137,0.117,10/24/2019 12:00:00 AM,0250,2,2,0,0,CLEAR,DRY,False,OTHER INTERSECTION COLLISIONS,REAR END,STRAIGHT & LEVEL,DARK-HWY LIGHTED/ON,,,10/24/2019 8:23:31 AM,False,5212,Accepted,
25824633,0568000,LOUISVILLE METRO POLICE DEPT,Accepted,JEFFERSON,US0060A,,EASTERN,PKWY,,US0031E,BARDSTOWN,,,,,38.231992689,-85.709318391,6.831,10/24/2019 12:00:00 AM,0948,2,2,0,0,CLEAR,DRY,False,OTHER INTERSECTION COLLISIONS,REAR END,STRAIGHT & GRADE,DAYLIGHT,,,10/25/2019 8:29:39 AM,False,5285,Accepted,
25824748,0568000,LOUISVILLE METRO POLICE DEPT,Accepted,JEFFERSON,KY0061,,PRESTON,HWY,,,GILMORE,,,,,38.174641950,-85.712737103,6.881,10/24/2019 12:00:00 AM,2123,3,3,0,0,CLEAR,DRY,False,OTHER INTERSECTION COLLISIONS,REAR END,STRAIGHT & LEVEL,DARK-HWY LIGHTED/ON,,,10/25/2019 8:43:01 AM,False,7431,Accepted,
25856792,0568000,LOUISVILLE METRO POLICE DEPT,Accepted,JEFFERSON,,,GRADE,LN,,,,,,,,38.130491003,-85.737327899,4.046,10/24/2019 12:00:00 AM,2028,2,1,0,0,CLEAR,DRY,False,COLLISION WITH PEDESTRIAN NON - INTERSECTION,SINGLE VEHICLE,STRAIGHT & LEVEL,DARK-HWY NOT LIGHTED,,,10/30/2019 9:17:24 AM,False,7449,Accepted,
25824704,0568000,LOUISVILLE METRO POLICE DEPT,Accepted,JEFFERSON,,1480,7TH,ST,S,,,,HILL,,BURNETT,38.227104520,-85.768837554,0.683,10/24/2019 12:00:00 AM,1230,1,1,0,0,CLEAR,DRY,True,COLLISION WITH FIXED OBJECT NON - INTERSECTION - FIRST EVENT COLLISION 09 - 32 EXCLUDING 16,SINGLE VEHICLE,STRAIGHT & LEVEL,DAYLIGHT,,,10/25/2019 8:37:31 AM,False,5279,Accepted,
25824690,0568000,LOUISVILLE METRO POLICE DEPT,Accepted,JEFFERSON,,,CHESTNUT,ST,W,,,,5TH,,4TH,38.248996978,-85.758328603,2.339,10/24/2019 12:00:00 AM,1405,1,1,0,0,CLEAR,DRY,False,COLLISION WITH FIXED OBJECT NON - INTERSECTION - FIRST EVENT COLLISION 09 - 32 EXCLUDING 16,SINGLE VEHICLE,STRAIGHT & LEVEL,DAYLIGHT,,,10/25/2019 8:35:54 AM,False,5187,Accepted,
25850746,0568000,LOUISVILLE METRO POLICE DEPT,Accepted,JEFFERSON,,4526,MERIDALE,AVE,,,,,,,,38.188822036,-85.762683603,0.034,10/24/2019 12:00:00 AM,0824,2,2,0,0,CLEAR,DRY,True,1 VEHICLE PARKED POSITION (NOT PARKING LOT/DRIVEWAY),REAR END,CURVE & LEVEL,DAYLIGHT,,,10/29/2019 8:09:01 AM,False,7301,Accepted,
25824692,0568000,LOUISVILLE METRO POLICE DEPT,Accepted,JEFFERSON,,,STRAWBERRY,LN,,,,,,,,38.159554388,-85.762705059,0.145,10/24/2019 12:00:00 AM,1445,3,3,0,2,CLEAR,DRY,False,1 VEHICLE PARKED POSITION (NOT PARKING LOT/DRIVEWAY),ANGLE,STRAIGHT & LEVEL,DAYLIGHT,,,10/25/2019 8:36:11 AM,False,7053,Accepted,
25824731,0568000,LOUISVILLE METRO POLICE DEPT,Accepted,JEFFERSON,,1756,ORMSBY,AVE,W,,,,,,,38.234935157,-85.783594028,1.351,10/24/2019 12:00:00 AM,1753,2,2,0,0,CLEAR,DRY,True,1 VEHICLE PARKED POSITION (NOT PARKING LOT/DRIVEWAY),SIDESWIPE-SAME DIRECTION,STRAIGHT & LEVEL,DAYLIGHT,,,10/25/2019 8:40:40 AM,False,5179,Accepted,
25824628,0568000,LOUISVILLE METRO POLICE DEPT,Accepted,JEFFERSON,,,BROADWAY,,W,,CECIL,,,,,38.250329139,-85.820639183,1.762,10/24/2019 12:00:00 AM,0840,2,2,0,0,CLEAR,DRY,False,SIDESWIPE-SAME DIRECTION,SIDESWIPE-SAME DIRECTION,STRAIGHT & LEVEL,DAYLIGHT,,,10/25/2019 8:29:01 AM,False,7458,Accepted,
25824719,0568000,LOUISVILLE METRO POLICE DEPT,Accepted,JEFFERSON,I 0265,,I265 N,,,I 0071,I71 N EXIT35A RAMP TO I71 N,,,,,38.311878450,-85.576308552,34.353,10/24/2019 12:00:00 AM,1720,2,2,0,0,CLEAR,DRY,False,SIDESWIPE-SAME DIRECTION,SIDESWIPE-SAME DIRECTION,STRAIGHT & LEVEL,DAYLIGHT,,,10/25/2019 8:39:00 AM,False,6830,Accepted,
25824662,0568000,LOUISVILLE METRO POLICE DEPT,Accepted,JEFFERSON,KY0061,,PRESTON,HWY,,KY1065,OUTER,,,,,38.138633318,-85.686756620,3.973,10/24/2019 12:00:00 AM,1354,2,2,0,0,CLEAR,DRY,False,SIDESWIPE-SAME DIRECTION,SIDESWIPE-SAME DIRECTION,STRAIGHT & LEVEL,DAYLIGHT,,,10/25/2019 8:32:27 AM,False,2017,Accepted,
25824689,0568000,LOUISVILLE METRO POLICE DEPT,Accepted,JEFFERSON,,,INDIAN,TRL,E,,DAHL,,,,,38.168747153,-85.698768241,0.426,10/24/2019 12:00:00 AM,0729,2,2,0,0,CLEAR,DRY,False,SIDESWIPE-SAME DIRECTION,SIDESWIPE-SAME DIRECTION,STRAIGHT & LEVEL,DAYLIGHT,,,10/25/2019 8:35:47 AM,False,7319,Accepted,
25824632,0568000,LOUISVILLE METRO POLICE DEPT,Accepted,JEFFERSON,,,MORTON,AVE,,,EDWARD,,,,,38.239799624,-85.728538909,0.212,10/24/2019 12:00:00 AM,0729,2,2,0,0,CLEAR,DRY,False,SIDESWIPE-SAME DIRECTION,SIDESWIPE-SAME DIRECTION,STRAIGHT & LEVEL,DAWN,,,10/25/2019 8:29:30 AM,False,5285,Accepted,
25824716,0568000,LOUISVILLE METRO POLICE DEPT,Accepted,JEFFERSON,US0031E,615A,BARDSTOWN,RD,,,GOLDSMITH,,,,,38.208141513,-85.668728736,11.749,10/24/2019 12:00:00 AM,1629,2,2,0,0,CLEAR,DRY,False,SIDESWIPE-SAME DIRECTION,SIDESWIPE-SAME DIRECTION,STRAIGHT & LEVEL,DAYLIGHT,,,10/25/2019 8:38:40 AM,False,5203,Accepted,
25824725,0568000,LOUISVILLE METRO POLICE DEPT,Accepted,JEFFERSON,KY1020,,3RD,ST,S,,OAK,,,,,38.234899265,-85.758637716,11.313,10/24/2019 12:00:00 AM,1233,2,2,0,0,CLEAR,DRY,False,SIDESWIPE-SAME DIRECTION,SIDESWIPE-SAME DIRECTION,STRAIGHT & LEVEL,DAYLIGHT,,,10/25/2019 8:39:55 AM,False,7407,Accepted,
25824733,0568000,LOUISVILLE METRO POLICE DEPT,Accepted,JEFFERSON,US0042,,STORY,AVE,,,WEBSTER,,,,,38.256697309,-85.726336371,0.372,10/24/2019 12:00:00 AM,2130,2,2,0,0,CLEAR,DRY,False,SIDESWIPE-SAME DIRECTION,SIDESWIPE-SAME DIRECTION,STRAIGHT & LEVEL,DARK-HWY LIGHTED/ON,,,10/25/2019 8:41:06 AM,False,7316,Accepted,
25891770,0568000,LOUISVILLE METRO POLICE DEPT,Accepted,JEFFERSON,KY1931,,7TH ST,RD,,KY2054,ALGONQUIN,,,,,38.219984555,-85.777517384,10.507,10/24/2019 12:00:00 AM,1955,2,2,0,0,CLEAR,DRY,False,SIDESWIPE-SAME DIRECTION,SIDESWIPE-SAME DIRECTION,STRAIGHT & LEVEL,DUSK,,,11/7/2019 8:48:12 AM,False,5160,Accepted,
25876406,0568000,LOUISVILLE METRO POLICE DEPT,Accepted,JEFFERSON,I 0265,,I265 N,,,,,,,,,38.301191590,-85.553991889,32.926,10/24/2019 12:00:00 AM,1718,3,3,0,0,CLEAR,DRY,False,REAR END IN TRAFFIC LANES BOTH VEHICLES MOVING,REAR END,STRAIGHT & LEVEL,DAYLIGHT,,,11/4/2019 9:47:58 AM,False,7858,Accepted,
25876418,0568000,LOUISVILLE METRO POLICE DEPT,Accepted,JEFFERSON,I 0265,,I265 N,,,,,,,,,38.314721256,-85.581334772,34.690,10/24/2019 12:00:00 AM,0735,2,2,0,0,CLEAR,DRY,False,REAR END IN TRAFFIC LANES BOTH VEHICLES MOVING,REAR END,STRAIGHT & LEVEL,DAYLIGHT,,,11/4/2019 9:48:23 AM,False,7858,Accepted,
25876426,0568000,LOUISVILLE METRO POLICE DEPT,Accepted,JEFFERSON,I 0064,,I64 W,,,,,,,,,38.233323972,-85.609599376,13.068,10/24/2019 12:00:00 AM,0717,2,2,0,0,CLEAR,DRY,False,REAR END IN TRAFFIC LANES BOTH VEHICLES MOVING,REAR END,STRAIGHT & LEVEL,DAWN,,,11/4/2019 9:48:28 AM,False,7858,Accepted,
25824718,0568000,LOUISVILLE METRO POLICE DEPT,Accepted,JEFFERSON,I 0264,,I264 W,,,,,,,,,38.216235112,-85.662031086,16.282,10/24/2019 12:00:00 AM,1746,2,2,0,0,CLEAR,DRY,True,REAR END IN TRAFFIC LANES BOTH VEHICLES MOVING,REAR END,STRAIGHT & LEVEL,DUSK,,,10/25/2019 8:38:49 AM,False,5112,Accepted,
25824759,0568000,LOUISVILLE METRO POLICE DEPT,Accepted,JEFFERSON,I 0065,,I65 N,,,,,,,,,38.162954231,-85.720621701,128.678,10/24/2019 12:00:00 AM,2346,2,2,0,0,CLEAR,DRY,False,REAR END IN TRAFFIC LANES BOTH VEHICLES MOVING,REAR END,STRAIGHT & LEVEL,DARK-HWY LIGHTED/ON,,,10/25/2019 8:43:58 AM,False,5149,Accepted,
25824750,0568000,LOUISVILLE METRO POLICE DEPT,Accepted,JEFFERSON,KY0864,,POPLAR LEVEL,RD,,,,,SELINDA,,SELINDA,38.189661262,-85.703556252,10.847,10/24/2019 12:00:00 AM,1858,2,2,0,0,CLEAR,DRY,True,REAR END IN TRAFFIC LANES BOTH VEHICLES MOVING,REAR END,STRAIGHT & GRADE,DARK-HWY NOT LIGHTED,,,10/25/2019 8:43:21 AM,False,7431,Accepted,
25824723,0568000,LOUISVILLE METRO POLICE DEPT,Accepted,JEFFERSON,I 0064,,I64 W,,,,,I 0064,I64 W EXIT12 RAMP TO I264 E,I 0064,I64 W EXIT15 ON RAMP TO KY1747,38.231098435,-85.602446602,13.486,10/24/2019 12:00:00 AM,1800,2,2,0,0,CLEAR,DRY,False,REAR END IN TRAFFIC LANES BOTH VEHICLES MOVING,REAR END,STRAIGHT & LEVEL,DAYLIGHT,,,10/25/2019 8:39:39 AM,False,6406,Accepted,