IncidentID,AgencyORI,AgencyName,IncidentStatusDesc,County,RdwyNumber,Street,RoadwayName,StreetSfx,StreetDir,IntersectionRdwy,IntersectionRdwyName,BetweenStRdwy1,BetweenStRdwyName1,BetweenStRdwy2,BetweenStRdwyName2,Latitude,Longitude,Milepoint,CollisionDate,CollisionTime,UnitsInvolved,MotorVehiclesInvolved,NumberKilled,NumberInjured,Weather,RdwyConditionCode,HitandRun,DirAnalysisCode,MannerofCollision,RdwyCharacter,LightCondition,RampFromRdwyId,RampToRdwyId,AcceptedDate,IsSecondaryCollision,OwnerBadge,IncidentStatus,
25824698,0568000,LOUISVILLE METRO POLICE DEPT,Accepted,JEFFERSON,I 0265,,I265 S,,,,,,,,,38.227203112,-85.505299457,25.756,10/24/2019 12:00:00 AM,1406,2,2,0,0,CLEAR,DRY,True,REAR END IN TRAFFIC LANES BOTH VEHICLES MOVING,REAR END,STRAIGHT & LEVEL,DAYLIGHT,,,10/25/2019 8:36:53 AM,False,8278,Accepted,
25824706,0568000,LOUISVILLE METRO POLICE DEPT,Accepted,JEFFERSON,,,GILMORE,LN,,,,,HELCK,,CRAFTY,38.175817187,-85.711010527,0.129,10/24/2019 12:00:00 AM,1741,2,2,0,0,CLEAR,DRY,False,REAR END IN TRAFFIC LANES BOTH VEHICLES MOVING,REAR END,STRAIGHT & LEVEL,DAYLIGHT,,,10/25/2019 8:37:49 AM,False,7451,Accepted,
25845160,0568000,LOUISVILLE METRO POLICE DEPT,Accepted,JEFFERSON,I 0064,,I64 W,,,,,,,,,38.276785812,-85.820071659,0.316,10/24/2019 12:00:00 AM,2000,2,2,0,0,CLEAR,DRY,True,SIDESWIPE COLLISION - SAME DIRECTION,SIDESWIPE-SAME DIRECTION,STRAIGHT & LEVEL,OTHER,,,10/28/2019 8:58:44 AM,False,7173,Accepted,
25876412,0568000,LOUISVILLE METRO POLICE DEPT,Accepted,JEFFERSON,I 0071,,I71 S,,,,,,,,,38.308501900,-85.594805216,8.245,10/24/2019 12:00:00 AM,1431,2,2,0,0,CLEAR,DRY,False,SIDESWIPE COLLISION - SAME DIRECTION,SIDESWIPE-SAME DIRECTION,STRAIGHT & LEVEL,DAYLIGHT,,,11/4/2019 9:48:16 AM,False,7858,Accepted,
25824727,0568000,LOUISVILLE METRO POLICE DEPT,Accepted,JEFFERSON,I 0065,,I65 S,,,,,,,,,38.251560244,-85.748719248,135.752,10/24/2019 12:00:00 AM,1724,2,2,0,0,CLEAR,DRY,False,SIDESWIPE COLLISION - SAME DIRECTION,SIDESWIPE-SAME DIRECTION,STRAIGHT & LEVEL,DAYLIGHT,,,10/25/2019 8:40:09 AM,False,6907,Accepted,
25819543,0568000,LOUISVILLE METRO POLICE DEPT,Accepted,JEFFERSON,I 0065,,I65S/ GRADE LN,,,,,,,,,38.160389284,-85.721492620,0.288,10/24/2019 12:00:00 AM,0611,2,2,0,0,CLEAR,DRY,True,SIDESWIPE COLLISION - SAME DIRECTION,SIDESWIPE-SAME DIRECTION,STRAIGHT & LEVEL,DARK-HWY LIGHTED/ON,I 0065,KY1631,10/24/2019 8:24:58 AM,False,7972,Accepted,
25824724,0568000,LOUISVILLE METRO POLICE DEPT,Accepted,JEFFERSON,US0031E,,BARDSTOWN,RD,,,,,,,,38.205880830,-85.666771575,11.578,10/24/2019 12:00:00 AM,1640,2,2,0,0,CLEAR,DRY,False,SIDESWIPE COLLISION - SAME DIRECTION,SIDESWIPE-SAME DIRECTION,STRAIGHT & LEVEL,DAYLIGHT,,,10/25/2019 8:39:47 AM,False,7497,Accepted,
25969830,0568000,LOUISVILLE METRO POLICE DEPT,Accepted,JEFFERSON,I 0064,,,,,,,,,,,38.259901166,-85.724901681,0.010,10/24/2019 12:00:00 AM,1700,2,2,0,0,CLEAR,DRY,False,SIDESWIPE COLLISION - SAME DIRECTION,SIDESWIPE-SAME DIRECTION,STRAIGHT & LEVEL,DAYLIGHT,I 0064,STORY AVE,11/25/2019 9:58:14 AM,False,2855,Accepted,
25980743,0568000,LOUISVILLE METRO POLICE DEPT,Accepted,JEFFERSON,I 0264,,I264 W,,,,,,,,,38.196779964,-85.706513886,13.473,10/24/2019 12:00:00 AM,2034,2,2,0,0,CLEAR,DRY,True,SIDESWIPE COLLISION - SAME DIRECTION,SIDESWIPE-SAME DIRECTION,STRAIGHT & LEVEL,DARK-HWY LIGHTED/ON,,,11/27/2019 8:35:40 AM,False,5045,Accepted,
25910787,0568000,LOUISVILLE METRO POLICE DEPT,Accepted,JEFFERSON,KY1934,4441,CANE RUN,RD,,,,,,,,38.196415647,-85.841109216,8.892,10/24/2019 12:00:00 AM,1333,2,2,0,0,CLEAR,DRY,False,SIDESWIPE COLLISION - SAME DIRECTION,SIDESWIPE-SAME DIRECTION,STRAIGHT & LEVEL,DAYLIGHT,,,11/12/2019 7:39:04 AM,False,7346,Accepted,
25824745,0568000,LOUISVILLE METRO POLICE DEPT,Accepted,JEFFERSON,US0042,,BROWNSBORO,RD,,,,,WINTON,,PENRUTH,38.262107788,-85.681134529,2.994,10/24/2019 12:00:00 AM,2215,2,2,0,0,CLEAR,DRY,True,REAR END IN TRAFFIC LANES BOTH VEHICLES MOVING,REAR END,STRAIGHT & LEVEL,DARK-HWY LIGHTED/ON,,,10/25/2019 8:42:40 AM,False,5171,Accepted,
25824695,0568000,LOUISVILLE METRO POLICE DEPT,Accepted,JEFFERSON,US0031W,,DIXIE,HWY,,,,,,,,38.108743641,-85.866057997,8.718,10/24/2019 12:00:00 AM,1431,2,2,0,0,CLEAR,DRY,False,REAR END IN TRAFFIC LANES BOTH VEHICLES MOVING,REAR END,STRAIGHT & LEVEL,DAYLIGHT,,,10/25/2019 8:36:35 AM,False,7234,Accepted,
25824722,0568000,LOUISVILLE METRO POLICE DEPT,Accepted,JEFFERSON,KY1065,,OUTER,LOOP,,,,KY1020,NATIONAL,KY3078,FRONTAGE RODD LEFT LINE A,38.126954126,-85.748957155,2.514,10/24/2019 12:00:00 AM,1642,2,2,0,0,CLEAR,DRY,False,REAR END IN TRAFFIC LANES BOTH VEHICLES MOVING,REAR END,STRAIGHT & LEVEL,DAYLIGHT,,,10/25/2019 8:39:24 AM,False,7202,Accepted,
25876429,0568000,LOUISVILLE METRO POLICE DEPT,Accepted,JEFFERSON,I 0064,,I64 E,,,,,,,,,38.222653518,-85.506154566,18.940,10/24/2019 12:00:00 AM,0757,2,2,0,0,CLEAR,DRY,False,REAR END IN TRAFFIC LANES BOTH VEHICLES MOVING,REAR END,STRAIGHT & LEVEL,DAYLIGHT,,,11/4/2019 9:48:37 AM,False,7858,Accepted,
25824764,0568000,LOUISVILLE METRO POLICE DEPT,Accepted,JEFFERSON,KY1865,4100,TAYLOR,BLVD,,,,,,,,38.182728455,-85.783717282,5.259,10/24/2019 12:00:00 AM,1942,2,2,0,0,CLEAR,DRY,True,1 VEHICLE ENTERING/LEAVING ENTRANCE,ANGLE,STRAIGHT & LEVEL,DARK-HWY LIGHTED/ON,,,10/25/2019 8:44:44 AM,False,5205,Accepted,
26062621,0568000,LOUISVILLE METRO POLICE DEPT,Accepted,JEFFERSON,KY1932,,BRECKENRIDGE,LN,,,,,MANNER GATE,,SUDBURY,38.207013149,-85.625041642,1.849,10/24/2019 12:00:00 AM,1255,2,2,0,0,CLEAR,DRY,False,1 VEHICLE ENTERING/LEAVING ENTRANCE,ANGLE,STRAIGHT & LEVEL,DAYLIGHT,,,12/16/2019 10:45:03 AM,False,5203,Accepted,
25896717,0568000,LOUISVILLE METRO POLICE DEPT,Accepted,JEFFERSON,,,GLENGARRY,DR,,,,,,,,38.123698519,-85.747910525,0.649,10/24/2019 12:00:00 AM,1602,2,2,0,0,CLEAR,DRY,True,SIDESWIPE COLLISION - OPPOSITE DIRECTION,SIDESWIPE-OPPOSITE DIRECTION,STRAIGHT & LEVEL,DAYLIGHT,,,11/8/2019 8:43:14 AM,False,7221,Accepted,
25824709,0568000,LOUISVILLE METRO POLICE DEPT,Accepted,JEFFERSON,I 0265,,I265 N,,,,,,,,,38.313938187,-85.579909335,34.595,10/24/2019 12:00:00 AM,1644,2,2,0,0,CLEAR,DRY,False,OTHER ROADWAY OR MID-BLOCK COLLISION,REAR END,STRAIGHT & LEVEL,DAYLIGHT,,,10/25/2019 8:38:22 AM,False,2489,Accepted,
25876334,0568000,LOUISVILLE METRO POLICE DEPT,Accepted,JEFFERSON,KY3206,,CANE RUN,RD,,,,,,,,38.177652161,-85.865405860,0.204,10/24/2019 12:00:00 AM,1706,2,2,0,0,CLEAR,DRY,True,OTHER ROADWAY OR MID-BLOCK COLLISION,REAR END,STRAIGHT & LEVEL,DAYLIGHT,,,11/4/2019 9:42:34 AM,False,7524,Accepted,
25824697,0568000,LOUISVILLE METRO POLICE DEPT,Accepted,JEFFERSON,,,ZORN,AVE,,,,I 0071,I71 S EXIT2 ON RAMP FROM  ZORN AVE,I 0071,I71 N EXIT2 OFF RAMP TO  ZORN AVE,38.274481989,-85.696975243,1.514,10/24/2019 12:00:00 AM,1704,2,2,0,0,CLEAR,DRY,False,VEHICLE BACKING NON INTERSECTION,BACKING,STRAIGHT & LEVEL,DAYLIGHT,,,10/25/2019 8:36:42 AM,False,5289,Accepted,
25824671,0568000,LOUISVILLE METRO POLICE DEPT,Accepted,JEFFERSON,US0031E,6500,BARDSTOWN,RD,,,,,,,,38.151468696,-85.588004711,5.670,10/24/2019 12:00:00 AM,1448,2,2,0,0,CLEAR,DRY,False,1 VEHICLE ENTERING/LEAVING ENTRANCE,ANGLE,STRAIGHT & LEVEL,DAYLIGHT,,,10/25/2019 8:33:36 AM,False,5282,Accepted,
25845004,0568000,LOUISVILLE METRO POLICE DEPT,Accepted,JEFFERSON,I 0264,,,,,,,,,,,38.249458114,-85.615977641,0.753,10/24/2019 12:00:00 AM,1257,2,2,0,0,CLEAR,DRY,False,OTHER RAMP RELATED COLLISIONS NOT LISTED ABOVE,SIDESWIPE-SAME DIRECTION,STRAIGHT & LEVEL,DAYLIGHT,I 0264,US0060,10/28/2019 8:48:29 AM,False,7858,Accepted,
25824667,0568000,LOUISVILLE METRO POLICE DEPT,Accepted,JEFFERSON,I 0064,,,,,,,,,,,38.257953755,-85.723658400,0.147,10/24/2019 12:00:00 AM,1415,2,2,0,0,CLEAR,DRY,False,OTHER RAMP RELATED COLLISIONS NOT LISTED ABOVE,REAR TO REAR,CURVE & GRADE,DAYLIGHT,I 0064,STORY AVE,10/25/2019 8:33:11 AM,False,6907,Accepted,
25824739,0568000,LOUISVILLE METRO POLICE DEPT,Accepted,JEFFERSON,I 0065,,,,,,,,,,,38.190728259,-85.730207312,0.448,10/24/2019 12:00:00 AM,1937,2,2,0,0,CLEAR,DRY,False,OTHER RAMP RELATED COLLISIONS NOT LISTED ABOVE,REAR END,STRAIGHT & LEVEL,DARK-HWY LIGHTED/ON,I 0065,I 0065,10/25/2019 8:41:48 AM,False,5252,Accepted,
25824740,0568000,LOUISVILLE METRO POLICE DEPT,Accepted,JEFFERSON,I 0264,,,,,,,,,,,38.189824730,-85.783410562,0.231,10/24/2019 12:00:00 AM,1900,2,2,0,0,CLEAR,DRY,False,OTHER RAMP RELATED COLLISIONS NOT LISTED ABOVE,REAR END,CURVE & LEVEL,DUSK,I 0264,KY1865,10/25/2019 8:41:57 AM,False,5252,Accepted,
25824606,0568000,LOUISVILLE METRO POLICE DEPT,Accepted,JEFFERSON,I 0264,,,,,,,,,,,38.186289250,-85.783888227,0.033,10/24/2019 12:00:00 AM,0707,2,2,0,0,CLEAR,DRY,False,OTHER RAMP RELATED COLLISIONS NOT LISTED ABOVE,REAR END,CURVE & GRADE,DAYLIGHT,I 0264,KY1865,10/25/2019 8:27:11 AM,False,4903,Accepted,
25819549,0568000,LOUISVILLE METRO POLICE DEPT,Accepted,JEFFERSON,KY1694,,BROWNSBORO,RD,,,,,,,,38.315658486,-85.561417120,0.010,10/24/2019 12:00:00 AM,0635,3,3,0,0,CLEAR,DRY,False,OTHER ROADWAY OR MID-BLOCK COLLISION,REAR END,STRAIGHT & LEVEL,DAWN,,,10/24/2019 8:25:35 AM,False,5155,Accepted,
25826157,0560000,JEFFERSON COUNTY SHERIFF DEPT.,Accepted,JEFFERSON,KY2251,,BARDSTOWN,RD,,,,,,,,38.191924420,-85.646691061,0.171,10/23/2019 12:00:00 AM,1801,2,2,0,0,CLEAR,DRY,False,OTHER ROADWAY OR MID-BLOCK COLLISION,OPPOSING LEFT TURN,STRAIGHT & LEVEL,DAYLIGHT,,,10/25/2019 2:36:23 PM,False,4023,Accepted,
25814725,0568000,LOUISVILLE METRO POLICE DEPT,Accepted,JEFFERSON,KY1934,,CANE RUN,RD,,,,,ROCKAWAY,KY2051,LEES,38.182519503,-85.856563817,7.628,10/23/2019 12:00:00 AM,0728,2,2,0,0,CLEAR,DRY,False,OTHER ROADWAY OR MID-BLOCK COLLISION,REAR END,STRAIGHT & LEVEL,DAWN,,,10/23/2019 8:53:03 AM,False,5267,Accepted,
25819509,0568000,LOUISVILLE METRO POLICE DEPT,Accepted,JEFFERSON,I 0065,,,,,,,,,,,38.227433243,-85.752063070,0.069,10/23/2019 12:00:00 AM,1714,2,2,0,0,CLEAR,DRY,False,OTHER RAMP RELATED COLLISIONS NOT LISTED ABOVE,REAR END,STRAIGHT & HILLCREST,DAYLIGHT,MAGNOLIA AVE,I 0065,10/24/2019 8:19:33 AM,False,5213,Accepted,
25824609,0568000,LOUISVILLE METRO POLICE DEPT,Accepted,JEFFERSON,I 0265,,,,,,,,,,,38.139518993,-85.583454629,0.332,10/23/2019 12:00:00 AM,1429,2,2,0,0,CLEAR,DRY,False,OTHER RAMP RELATED COLLISIONS NOT LISTED ABOVE,REAR END,CURVE & HILLCREST,DAYLIGHT,I 0265,US31E,10/25/2019 8:27:57 AM,False,7764,Accepted,
25819438,0568000,LOUISVILLE METRO POLICE DEPT,Accepted,JEFFERSON,I 0064,,,,,,,,,,,38.258079992,-85.723688961,0.138,10/23/2019 12:00:00 AM,0750,2,2,0,0,CLEAR,DRY,False,OTHER RAMP RELATED COLLISIONS NOT LISTED ABOVE,REAR TO REAR,CURVE & GRADE,DAYLIGHT,I 0064,STORY AVE,10/24/2019 8:09:42 AM,False,6907,Accepted,
25819538,0568000,LOUISVILLE METRO POLICE DEPT,Accepted,JEFFERSON,KY1932,,BRECKENRIDGE,LN,,,,,BERKSHIRE,KY0155,TAYLORSVILLE,38.221521776,-85.631904349,2.986,10/23/2019 12:00:00 AM,1717,2,2,0,0,CLEAR,DRY,False,1 VEHICLE ENTERING/LEAVING ENTRANCE,ANGLE,STRAIGHT & LEVEL,DAYLIGHT,,,10/24/2019 8:24:03 AM,False,5247,Accepted,
25824680,0568000,LOUISVILLE METRO POLICE DEPT,Accepted,JEFFERSON,US0031E,,BUECHEL,BYP,,,,KY2052,HIKES,US0031E,BUECHEL,38.198391206,-85.661266227,10.964,10/23/2019 12:00:00 AM,1713,2,2,0,0,CLEAR,DRY,False,1 VEHICLE ENTERING/LEAVING ENTRANCE,ANGLE,STRAIGHT & LEVEL,DAYLIGHT,,,10/25/2019 8:34:58 AM,False,7294,Accepted,
25824660,0568000,LOUISVILLE METRO POLICE DEPT,Accepted,JEFFERSON,,3510,PARAGON,CT,,,,,,,,38.197277330,-85.676890618,0.043,10/23/2019 12:00:00 AM,1658,2,2,0,0,CLEAR,DRY,False,VEHICLE BACKING NON INTERSECTION,BACKING,STRAIGHT & LEVEL,DAYLIGHT,,,10/25/2019 8:32:19 AM,False,5027,Accepted,
25824607,0568000,LOUISVILLE METRO POLICE DEPT,Accepted,JEFFERSON,,4423,STONE LAKES,DR,,,,,,,,38.180664942,-85.512724081,1.078,10/23/2019 12:00:00 AM,1355,2,2,0,0,CLEAR,DRY,True,VEHICLE BACKING NON INTERSECTION,BACKING,STRAIGHT & LEVEL,DAYLIGHT,,,10/25/2019 8:27:24 AM,False,2017,Accepted,
25819454,0568000,LOUISVILLE METRO POLICE DEPT,Accepted,JEFFERSON,US0031E,,BARDSTOWN,RD,,,,,FERN CREEK,,JEFFERSON,38.158390640,-85.591352419,6.167,10/23/2019 12:00:00 AM,1030,2,2,0,0,CLEAR,DRY,False,SIDESWIPE COLLISION - OPPOSITE DIRECTION,SIDESWIPE-OPPOSITE DIRECTION,STRAIGHT & LEVEL,DAYLIGHT,,,10/24/2019 8:12:20 AM,False,2017,Accepted,
25819489,0568000,LOUISVILLE METRO POLICE DEPT,Accepted,JEFFERSON,US0031,,CLARK MEMORIAL,BRG,,,,,,,,38.259113181,-85.752689503,0.201,10/23/2019 12:00:00 AM,1515,2,2,0,0,CLEAR,DRY,True,1 VEHICLE ENTERING/LEAVING ENTRANCE,ANGLE,STRAIGHT & GRADE,DAYLIGHT,,,10/24/2019 8:16:41 AM,False,5168,Accepted,
25819449,0568000,LOUISVILLE METRO POLICE DEPT,Accepted,JEFFERSON,KY0864,7201,FEGENBUSH,LN,,,,,,,,38.145331852,-85.627762122,5.166,10/23/2019 12:00:00 AM,0823,2,2,0,0,CLEAR,DRY,False,1 VEHICLE ENTERING/LEAVING ENTRANCE,ANGLE,CURVE & LEVEL,DAYLIGHT,,,10/24/2019 8:11:23 AM,False,7962,Accepted,
25824608,0568000,LOUISVILLE METRO POLICE DEPT,Accepted,JEFFERSON,,,NOLTEMEYER WYNDE,,,,,,BATES,KY1065,OUTER,38.139427745,-85.680381100,0.089,10/23/2019 12:00:00 AM,1247,2,2,0,0,CLEAR,DRY,False,1 VEHICLE ENTERING/LEAVING ENTRANCE,ANGLE,STRAIGHT & LEVEL,DAYLIGHT,,,10/25/2019 8:27:36 AM,False,2017,Accepted,
25819485,0568000,LOUISVILLE METRO POLICE DEPT,Accepted,JEFFERSON,US0060,,FRANKFORT,AVE,,,,KY2048,CANNONS,,INGLE,38.254027351,-85.669927047,2.765,10/23/2019 12:00:00 AM,1326,2,2,0,1,CLEAR,DRY,False,1 VEHICLE ENTERING/LEAVING ENTRANCE,ANGLE,STRAIGHT & LEVEL,DAYLIGHT,,,10/24/2019 8:16:20 AM,False,7043,Accepted,
25825362,0568000,LOUISVILLE METRO POLICE DEPT,Accepted,JEFFERSON,I 0264,,I264 W,,,,,,,,,38.190980999,-85.720249336,12.600,10/23/2019 12:00:00 AM,1607,2,1,0,0,CLEAR,DRY,False,REAR END IN TRAFFIC LANES BOTH VEHICLES MOVING,REAR END,STRAIGHT & LEVEL,DAYLIGHT,,,10/25/2019 11:14:24 AM,False,2142,Accepted,
25819547,0568000,LOUISVILLE METRO POLICE DEPT,Accepted,JEFFERSON,I 0071,,I71 S,,,,,,,,,38.264416783,-85.714449218,0.601,10/23/2019 12:00:00 AM,0851,3,3,0,1,CLEAR,DRY,True,REAR END IN TRAFFIC LANES BOTH VEHICLES MOVING,REAR END,STRAIGHT & LEVEL,DAYLIGHT,,,10/24/2019 8:25:21 AM,False,4656,Accepted,
25819530,0568000,LOUISVILLE METRO POLICE DEPT,Accepted,JEFFERSON,I 0264,,I264 W,,,,,,,,,38.223330779,-85.647295741,17.223,10/23/2019 12:00:00 AM,1732,3,3,0,0,CLEAR,DRY,True,REAR END IN TRAFFIC LANES BOTH VEHICLES MOVING,REAR END,STRAIGHT & LEVEL,DAYLIGHT,,,10/24/2019 8:22:37 AM,False,7839,Accepted,
25819531,0568000,LOUISVILLE METRO POLICE DEPT,Accepted,JEFFERSON,,,JEFFERSON,BLVD,,,,,,,,38.146316517,-85.677530113,1.145,10/23/2019 12:00:00 AM,1800,2,2,0,0,CLEAR,DRY,False,REAR END IN TRAFFIC LANES BOTH VEHICLES MOVING,REAR END,STRAIGHT & LEVEL,DARK (UNKNOWN ROADWAY LIGHTING),,,10/24/2019 8:22:46 AM,False,5248,Accepted,
25819490,0568000,LOUISVILLE METRO POLICE DEPT,Accepted,JEFFERSON,,,MUHAMMAD ALI,BLVD,W,,,,,,,38.256381016,-85.803500829,2.801,10/23/2019 12:00:00 AM,1720,2,2,0,0,CLOUDY,DRY,False,REAR END IN TRAFFIC LANES BOTH VEHICLES MOVING,REAR END,STRAIGHT & LEVEL,DAYLIGHT,,,10/24/2019 8:16:51 AM,False,7988,Accepted,
25819488,0568000,LOUISVILLE METRO POLICE DEPT,Accepted,JEFFERSON,,,BROADWAY,,W,,,,,,,38.249824213,-85.805702297,0.953,10/23/2019 12:00:00 AM,1600,3,3,0,3,CLEAR,DRY,False,REAR END IN TRAFFIC LANES BOTH VEHICLES MOVING,REAR END,STRAIGHT & LEVEL,DAYLIGHT,,,10/24/2019 8:16:27 AM,False,7988,Accepted,
25824627,0568000,LOUISVILLE METRO POLICE DEPT,Accepted,JEFFERSON,KY1020,,SOUTHSIDE,DR,,,,,,,,38.169150948,-85.764801482,6.800,10/23/2019 12:00:00 AM,1627,2,2,0,0,CLEAR,DRY,False,REAR END IN TRAFFIC LANES BOTH VEHICLES MOVING,REAR END,STRAIGHT & LEVEL,DAYLIGHT,,,10/25/2019 8:28:48 AM,False,7234,Accepted,
25819496,0568000,LOUISVILLE METRO POLICE DEPT,Accepted,JEFFERSON,,,BROOK,ST,S,,,,LEE,,BLOOM,38.222537610,-85.755817352,1.244,10/23/2019 12:00:00 AM,0815,2,2,0,0,CLEAR,DRY,True,1 VEHICLE PARKED POSITION (NOT PARKING LOT/DRIVEWAY),REAR END,STRAIGHT & LEVEL,DAYLIGHT,,,10/24/2019 8:17:34 AM,False,5269,Accepted,
25819492,0568000,LOUISVILLE METRO POLICE DEPT,Accepted,JEFFERSON,,,RANGELAND,RD,,,,,,,,38.166596899,-85.673152484,0.466,10/23/2019 12:00:00 AM,1656,2,2,0,2,CLEAR,DRY,False,HEAD-ON COLLISION,HEAD ON,STRAIGHT & LEVEL,DAYLIGHT,,,10/24/2019 8:17:06 AM,False,7497,Accepted,
25819451,0568000,LOUISVILLE METRO POLICE DEPT,Accepted,JEFFERSON,,1349,4TH,ST,S,,,,MAGNOLIA,,PARK,38.231085856,-85.761034455,1.778,10/23/2019 12:00:00 AM,1039,2,2,0,0,CLEAR,DRY,True,SIDESWIPE COLLISION - SAME DIRECTION,SIDESWIPE-SAME DIRECTION,STRAIGHT & LEVEL,DAYLIGHT,,,10/24/2019 8:11:58 AM,False,5279,Accepted,
25819453,0568000,LOUISVILLE METRO POLICE DEPT,Accepted,JEFFERSON,KY1065,,OUTER,LOOP,,,,,,,,38.136995231,-85.706859845,4.925,10/23/2019 12:00:00 AM,0739,3,3,0,0,CLEAR,DRY,True,SIDESWIPE COLLISION - SAME DIRECTION,SIDESWIPE-SAME DIRECTION,STRAIGHT & LEVEL,DAYLIGHT,,,10/24/2019 8:12:13 AM,False,2017,Accepted,
25819527,0568000,LOUISVILLE METRO POLICE DEPT,Accepted,JEFFERSON,I 0264,,I264 W,,,,,,,,,38.190980999,-85.720249336,12.600,10/23/2019 12:00:00 AM,1607,2,2,0,0,CLEAR,DRY,True,SIDESWIPE COLLISION - SAME DIRECTION,SIDESWIPE-SAME DIRECTION,STRAIGHT & LEVEL,DAWN,,,10/24/2019 8:22:17 AM,False,2142,Accepted,
25824726,0568000,LOUISVILLE METRO POLICE DEPT,Accepted,JEFFERSON,I 0065,,I65 S,,,,,,,,,38.185415749,-85.724944798,130.313,10/23/2019 12:00:00 AM,2155,2,2,0,0,CLEAR,DRY,False,SIDESWIPE COLLISION - SAME DIRECTION,SIDESWIPE-SAME DIRECTION,STRAIGHT & LEVEL,DARK-HWY LIGHTED/ON,,,10/25/2019 8:40:03 AM,False,7786,Accepted,
25819518,0568000,LOUISVILLE METRO POLICE DEPT,Accepted,JEFFERSON,US0060,,SHELBYVILLE,RD,,,,,,,,38.246591707,-85.578921827,7.749,10/23/2019 12:00:00 AM,1518,2,2,0,0,CLEAR,DRY,False,SIDESWIPE COLLISION - SAME DIRECTION,SIDESWIPE-SAME DIRECTION,STRAIGHT & LEVEL,DAYLIGHT,,,10/24/2019 8:21:21 AM,False,7802,Accepted,
25876213,0568000,LOUISVILLE METRO POLICE DEPT,Accepted,JEFFERSON,,,MARY DELL,LN,,,,,CHENOWETH PARK,,SLOANE,38.167392949,-85.572047361,0.534,10/23/2019 12:00:00 AM,1720,2,2,0,0,CLEAR,DRY,False,SIDESWIPE COLLISION - SAME DIRECTION,SIDESWIPE-SAME DIRECTION,STRAIGHT & HILLCREST,DAYLIGHT,,,11/4/2019 9:32:06 AM,False,6494,Accepted,
25845001,0568000,LOUISVILLE METRO POLICE DEPT,Accepted,JEFFERSON,,,CHAMBERLAIN,LN,,,,,,,,38.288424525,-85.528857578,0.999,10/23/2019 12:00:00 AM,1425,2,2,0,1,CLEAR,DRY,False,SIDESWIPE COLLISION - SAME DIRECTION,SIDESWIPE-SAME DIRECTION,STRAIGHT & LEVEL,DAYLIGHT,,,10/28/2019 8:48:03 AM,False,7858,Accepted,
25819516,0568000,LOUISVILLE METRO POLICE DEPT,Accepted,JEFFERSON,KY0864,7933,FEGENBUSH,LN,,,,,,,,38.137903058,-85.614549719,4.314,10/23/2019 12:00:00 AM,0747,2,2,0,0,CLEAR,DRY,False,SIDESWIPE COLLISION - SAME DIRECTION,SIDESWIPE-SAME DIRECTION,STRAIGHT & LEVEL,DAWN,,,10/24/2019 8:20:47 AM,False,5005,Accepted,
25819495,0568000,LOUISVILLE METRO POLICE DEPT,Accepted,JEFFERSON,I 0071,,I71 N,,,,,,,,,38.269671292,-85.704985972,1.207,10/23/2019 12:00:00 AM,1649,2,2,0,0,CLEAR,DRY,False,REAR END IN TRAFFIC LANES BOTH VEHICLES MOVING,REAR END,STRAIGHT & LEVEL,DAYLIGHT,,,10/24/2019 8:17:25 AM,False,5293,Accepted,
25819545,0568000,LOUISVILLE METRO POLICE DEPT,Accepted,JEFFERSON,KY1865,,TAYLOR,BLVD,,,,I 0264,I264 W EXIT9 ON RAMP FROM KY1865,,STRADER,38.190653773,-85.783336945,5.851,10/23/2019 12:00:00 AM,1750,2,2,0,0,CLEAR,DRY,False,REAR END IN TRAFFIC LANES BOTH VEHICLES MOVING,REAR END,STRAIGHT & LEVEL,DUSK,,,10/24/2019 8:25:13 AM,False,5175,Accepted,
25819444,0568000,LOUISVILLE METRO POLICE DEPT,Accepted,JEFFERSON,I 0071,,I71 S,,,,,,,,,38.266906498,-85.709553893,0.913,10/23/2019 12:00:00 AM,0717,2,2,0,0,CLEAR,DRY,True,REAR END IN TRAFFIC LANES BOTH VEHICLES MOVING,REAR END,STRAIGHT & LEVEL,DAWN,,,10/24/2019 8:10:44 AM,False,4903,Accepted,
25819445,0568000,LOUISVILLE METRO POLICE DEPT,Accepted,JEFFERSON,I 0064,,I64 E,,,,,,,,,38.242005270,-85.693490324,8.591,10/23/2019 12:00:00 AM,0817,2,2,0,0,CLEAR,DRY,False,REAR END IN TRAFFIC LANES BOTH VEHICLES MOVING,REAR END,STRAIGHT & LEVEL,DAYLIGHT,,,10/24/2019 8:10:57 AM,False,4903,Accepted,
25819478,0568000,LOUISVILLE METRO POLICE DEPT,Accepted,JEFFERSON,KY1703,,NEWBURG,RD,,,,,,,,38.201540272,-85.687601754,2.180,10/23/2019 12:00:00 AM,1519,2,2,0,0,CLEAR,DRY,False,REAR END IN TRAFFIC LANES BOTH VEHICLES MOVING,REAR END,STRAIGHT & LEVEL,DAYLIGHT,,,10/24/2019 8:14:35 AM,False,2278,Accepted,
25819483,0568000,LOUISVILLE METRO POLICE DEPT,Accepted,JEFFERSON,I 0265,,I265 W,,,,,,,,,38.148488766,-85.541457489,19.656,10/23/2019 12:00:00 AM,1450,2,2,0,0,CLEAR,DRY,False,REAR END IN TRAFFIC LANES BOTH VEHICLES MOVING,REAR END,STRAIGHT & GRADE,DAYLIGHT,,,10/24/2019 8:15:59 AM,False,8278,Accepted,