IncidentID,AgencyORI,AgencyName,IncidentStatusDesc,County,RdwyNumber,Street,RoadwayName,StreetSfx,StreetDir,IntersectionRdwy,IntersectionRdwyName,BetweenStRdwy1,BetweenStRdwyName1,BetweenStRdwy2,BetweenStRdwyName2,Latitude,Longitude,Milepoint,CollisionDate,CollisionTime,UnitsInvolved,MotorVehiclesInvolved,NumberKilled,NumberInjured,Weather,RdwyConditionCode,HitandRun,DirAnalysisCode,MannerofCollision,RdwyCharacter,LightCondition,RampFromRdwyId,RampToRdwyId,AcceptedDate,IsSecondaryCollision,OwnerBadge,IncidentStatus,
25814730,0568000,LOUISVILLE METRO POLICE DEPT,Accepted,JEFFERSON,I 0265,,I265 W,,,,,I 0265,I265 W EXIT12 OFF RAMP TO KY61,I 0265,I265 W EXIT14 ON RAMP FROM  COOPER CHAPEL RD,38.117295936,-85.650528762,13.154,10/23/2019 12:00:00 AM,0718,2,2,0,0,CLEAR,DRY,False,REAR END IN TRAFFIC LANES BOTH VEHICLES MOVING,REAR END,STRAIGHT & LEVEL,DARK-HWY LIGHTED/ON,,,10/23/2019 8:53:19 AM,False,7840,Accepted,
25824732,0568000,LOUISVILLE METRO POLICE DEPT,Accepted,JEFFERSON,KY1747,,HURSTBOURNE,PKWY,S,,,I 0064,I64 E EXIT15A OFF RAMP TO KY1747,,BUNSEN,38.219544175,-85.583360462,11.522,10/23/2019 12:00:00 AM,1436,4,4,0,3,CLEAR,DRY,False,REAR END IN TRAFFIC LANES BOTH VEHICLES MOVING,REAR END,STRAIGHT & LEVEL,DAYLIGHT,,,10/25/2019 8:40:51 AM,False,7482,Accepted,
25845023,0568000,LOUISVILLE METRO POLICE DEPT,Accepted,JEFFERSON,I 0265,,I265 E,,,,,,,,,38.199132495,-85.507733617,23.846,10/23/2019 12:00:00 AM,0641,1,1,0,0,CLEAR,DRY,False,OTHER COLLISIONS ON SHOULDER,SINGLE VEHICLE,STRAIGHT & GRADE,DARK-HWY NOT LIGHTED,,,10/28/2019 8:49:09 AM,False,7858,Accepted,
25866106,0568000,LOUISVILLE METRO POLICE DEPT,Accepted,JEFFERSON,I 0065,,I65 N,,,,,,,,,38.171829707,-85.720343625,129.291,10/23/2019 12:00:00 AM,0844,2,2,0,0,CLEAR,DRY,False,REAR END IN TRAFFIC LANES BOTH VEHICLES MOVING,REAR END,STRAIGHT & LEVEL,DAYLIGHT,,,11/1/2019 8:38:16 AM,False,7720,Accepted,
25949037,0568000,LOUISVILLE METRO POLICE DEPT,Accepted,JEFFERSON,,,PAGES,LN,W,,,,,,,38.130690318,-85.862294619,0.761,10/23/2019 12:00:00 AM,1232,2,2,0,0,CLEAR,DRY,False,REAR END IN TRAFFIC LANES BOTH VEHICLES MOVING,REAR END,STRAIGHT & LEVEL,DAYLIGHT,,,11/20/2019 10:04:56 AM,False,5250,Accepted,
25819458,0568000,LOUISVILLE METRO POLICE DEPT,Accepted,JEFFERSON,,,BROOK,ST,S,,JEFFERSON,,,,,38.253119177,-85.750479221,3.394,10/23/2019 12:00:00 AM,0800,2,2,0,0,CLEAR,DRY,False,SIDESWIPE-SAME DIRECTION,SIDESWIPE-SAME DIRECTION,STRAIGHT & LEVEL,DAYLIGHT,,,10/24/2019 8:13:26 AM,False,2403,Accepted,
25819462,0568000,LOUISVILLE METRO POLICE DEPT,Accepted,JEFFERSON,,,JEFFERSON,ST,W,KY1020,2ND,,,,,38.253499060,-85.753759011,0.088,10/23/2019 12:00:00 AM,0835,2,2,0,0,CLEAR,DRY,True,SIDESWIPE-SAME DIRECTION,SIDESWIPE-SAME DIRECTION,STRAIGHT & LEVEL,DAYLIGHT,,,10/24/2019 8:14:01 AM,False,2403,Accepted,
25819513,0568000,LOUISVILLE METRO POLICE DEPT,Accepted,JEFFERSON,,,MUHAMMAD ALI,BLVD,E,,1ST,,,,,38.250574714,-85.752512068,1.037,10/23/2019 12:00:00 AM,1649,2,2,0,0,CLEAR,DRY,False,SIDESWIPE-SAME DIRECTION,SIDESWIPE-SAME DIRECTION,STRAIGHT & LEVEL,DAYLIGHT,,,10/24/2019 8:20:32 AM,False,5122,Accepted,
25824630,0568000,LOUISVILLE METRO POLICE DEPT,Accepted,JEFFERSON,US0031W,,MARKET,ST,W,,4TH,,,,,38.255264096,-85.756876098,21.854,10/23/2019 12:00:00 AM,1732,2,2,0,0,CLEAR,DRY,False,SIDESWIPE-SAME DIRECTION,SIDESWIPE-SAME DIRECTION,STRAIGHT & LEVEL,DAYLIGHT,,,10/25/2019 8:29:19 AM,False,5168,Accepted,
25819505,0568000,LOUISVILLE METRO POLICE DEPT,Accepted,JEFFERSON,KY1747,,FERN VALLEY,RD,,I 0065,I65 S EXIT128 ON RAMP FROM KY1631 W,,,,,38.157962127,-85.719982699,0.671,10/23/2019 12:00:00 AM,0757,2,2,0,0,CLEAR,DRY,False,SIDESWIPE-SAME DIRECTION,SIDESWIPE-SAME DIRECTION,STRAIGHT & LEVEL,DAWN,,,10/24/2019 8:18:37 AM,False,7354,Accepted,
25819506,0568000,LOUISVILLE METRO POLICE DEPT,Accepted,JEFFERSON,US0060A,,EASTERN,PKWY,,KY0061,PRESTON,,,,,38.214610025,-85.743086433,4.548,10/23/2019 12:00:00 AM,1224,2,2,0,0,CLEAR,DRY,False,SIDESWIPE-SAME DIRECTION,SIDESWIPE-SAME DIRECTION,CURVE & LEVEL,DAYLIGHT,,,10/24/2019 8:18:45 AM,False,7407,Accepted,
25819507,0568000,LOUISVILLE METRO POLICE DEPT,Accepted,JEFFERSON,,,BRECKINRIDGE,ST,E,,FLOYD,,,,,38.241157836,-85.752456432,1.508,10/23/2019 12:00:00 AM,1530,2,2,0,0,CLEAR,DRY,True,SIDESWIPE-SAME DIRECTION,SIDESWIPE-SAME DIRECTION,STRAIGHT & LEVEL,DAYLIGHT,,,10/24/2019 8:18:54 AM,False,7407,Accepted,
25824677,0568000,LOUISVILLE METRO POLICE DEPT,Accepted,JEFFERSON,,,FEGENBUSH,LN,,,BURNT PINE,,,,,38.171758627,-85.639922198,1.072,10/23/2019 12:00:00 AM,1013,2,2,0,0,CLEAR,DRY,False,SIDESWIPE-SAME DIRECTION,SIDESWIPE-SAME DIRECTION,STRAIGHT & LEVEL,DAYLIGHT,,,10/25/2019 8:34:31 AM,False,7294,Accepted,
25824678,0568000,LOUISVILLE METRO POLICE DEPT,Accepted,JEFFERSON,US0031E,,BUECHEL,BYP,,,PROGRESS,,,,,38.191325501,-85.652777984,10.226,10/23/2019 12:00:00 AM,1651,2,2,0,0,CLEAR,DRY,True,SIDESWIPE-SAME DIRECTION,SIDESWIPE-SAME DIRECTION,CURVE & GRADE,DAYLIGHT,,,10/25/2019 8:34:47 AM,False,7294,Accepted,
25876221,0568000,LOUISVILLE METRO POLICE DEPT,Accepted,JEFFERSON,,,CHESTNUT,ST,E,,HANCOCK,,,,,38.247384801,-85.743198768,0.533,10/23/2019 12:00:00 AM,1125,2,2,0,0,CLEAR,DRY,False,OTHER INTERSECTION COLLISIONS,REAR END,STRAIGHT & GRADE,DAYLIGHT,,,11/4/2019 9:32:37 AM,False,2661,Accepted,
25819517,0568000,LOUISVILLE METRO POLICE DEPT,Accepted,JEFFERSON,,1026,PAYNE,ST,,,,,,,,38.252390750,-85.705728168,1.501,10/23/2019 12:00:00 AM,1731,2,2,0,0,CLEAR,DRY,True,1 VEHICLE PARKED POSITION (NOT PARKING LOT/DRIVEWAY),SIDESWIPE-SAME DIRECTION,STRAIGHT & LEVEL,DAYLIGHT,,,10/24/2019 8:20:59 AM,False,5006,Accepted,
25819459,0568000,LOUISVILLE METRO POLICE DEPT,Accepted,JEFFERSON,,571,FLOYD,ST,S,,,,ABRAHAM FLEXNER,,CHESTNUT,38.248636290,-85.749177316,0.439,10/23/2019 12:00:00 AM,1145,2,2,0,0,CLEAR,DRY,False,1 VEHICLE PARKED POSITION (NOT PARKING LOT/DRIVEWAY),SIDESWIPE-SAME DIRECTION,STRAIGHT & LEVEL,DAYLIGHT,,,10/24/2019 8:13:35 AM,False,6907,Accepted,
25824659,0568000,LOUISVILLE METRO POLICE DEPT,Accepted,JEFFERSON,,5419,ILEX,AVE,,,,,,,,38.173583132,-85.673795545,0.439,10/23/2019 12:00:00 AM,1441,2,2,0,0,CLEAR,DRY,False,1 VEHICLE ENTERING OR LEAVING PARKED POSITION (NOT PARKING LOT),SIDESWIPE-SAME DIRECTION,STRAIGHT & LEVEL,DAYLIGHT,,,10/25/2019 8:32:11 AM,False,5027,Accepted,
25850743,0568000,LOUISVILLE METRO POLICE DEPT,Accepted,JEFFERSON,,,NORTHWESTERN,PKWY,,,,,,,,38.274964531,-85.800601588,1.765,10/23/2019 12:00:00 AM,0800,3,3,0,0,CLEAR,DRY,True,1 VEHICLE PARKED POSITION (NOT PARKING LOT/DRIVEWAY),SIDESWIPE-SAME DIRECTION,STRAIGHT & LEVEL,DAYLIGHT,,,10/29/2019 8:08:21 AM,True,7288,Accepted,
25814697,0568000,LOUISVILLE METRO POLICE DEPT,Accepted,JEFFERSON,US0031E,800,MARKET,ST,E,,,,,,,38.253186392,-85.738051305,16.935,10/23/2019 12:00:00 AM,0004,1,1,0,0,CLEAR,DRY,True,COLLISION WITH FIXED OBJECT NON - INTERSECTION - FIRST EVENT COLLISION 09 - 32 EXCLUDING 16,SINGLE VEHICLE,STRAIGHT & LEVEL,DARK-HWY LIGHTED/ON,,,10/23/2019 8:50:14 AM,False,5122,Accepted,
25937462,0568000,LOUISVILLE METRO POLICE DEPT,Accepted,JEFFERSON,,,GOLDSMITH,LN,,,LEITH,,,,,38.201955927,-85.681412128,0.228,10/23/2019 12:00:00 AM,0734,3,3,0,1,CLEAR,DRY,True,OTHER INTERSECTION COLLISIONS,REAR END,STRAIGHT & LEVEL,DAWN,,,11/18/2019 9:08:14 AM,False,5027,Accepted,
25866105,0568000,LOUISVILLE METRO POLICE DEPT,Accepted,JEFFERSON,I 0264,,I264 W,,,I 0065,I65 W EXIT11 OFF RAMP,,,,,38.191113026,-85.718387786,12.690,10/23/2019 12:00:00 AM,0721,2,2,0,0,CLOUDY,DRY,False,OTHER INTERSECTION COLLISIONS,REAR END,STRAIGHT & LEVEL,DAYLIGHT,,,11/1/2019 8:37:54 AM,False,7720,Accepted,
25824640,0568000,LOUISVILLE METRO POLICE DEPT,Accepted,JEFFERSON,,,DIXIE,HWY,,,GARLAND,,,,,38.243467992,-85.784323252,0.398,10/23/2019 12:00:00 AM,1459,2,2,0,1,CLEAR,DRY,True,OTHER INTERSECTION COLLISIONS,REAR END,STRAIGHT & LEVEL,DAYLIGHT,,,10/25/2019 8:30:50 AM,False,5032,Accepted,
25819550,0568000,LOUISVILLE METRO POLICE DEPT,Accepted,JEFFERSON,US0031E,,BARDSTOWN,RD,,,BROOKRIDGE VILLAGE,,,,,38.145193609,-85.584964986,5.191,10/23/2019 12:00:00 AM,2034,3,3,0,0,CLEAR,DRY,False,OTHER INTERSECTION COLLISIONS,REAR END,STRAIGHT & LEVEL,DARK-HWY LIGHTED/ON,,,10/24/2019 8:25:45 AM,False,7306,Accepted,
25819497,0568000,LOUISVILLE METRO POLICE DEPT,Accepted,JEFFERSON,KY6304,,OLD PRESTON,HWY,,,INTERCHANGE,,,,,38.096299688,-85.670753217,0.028,10/23/2019 12:00:00 AM,1711,2,2,0,0,CLEAR,DRY,False,OTHER INTERSECTION COLLISIONS,REAR END,STRAIGHT & GRADE,DAYLIGHT,,,10/24/2019 8:17:42 AM,False,5261,Accepted,
25824672,0568000,LOUISVILLE METRO POLICE DEPT,Accepted,JEFFERSON,US0150,,BROADWAY,,W,,18TH,,,,,38.248897501,-85.781553721,1.099,10/23/2019 12:00:00 AM,1523,2,2,0,1,CLEAR,DRY,False,OTHER INTERSECTION COLLISIONS,REAR END,STRAIGHT & LEVEL,DAYLIGHT,,,10/25/2019 8:33:45 AM,False,7361,Accepted,
25824754,0568000,LOUISVILLE METRO POLICE DEPT,Accepted,JEFFERSON,,,FEGENBUSH,LN,,KY1747,HURSTBOURNE,,,,,38.161314252,-85.640915008,1.804,10/23/2019 12:00:00 AM,1947,2,2,0,0,CLEAR,DRY,False,OTHER INTERSECTION COLLISIONS,REAR END,STRAIGHT & LEVEL,DARK-HWY LIGHTED/ON,,,10/25/2019 8:43:46 AM,False,5116,Accepted,
25891656,0568000,LOUISVILLE METRO POLICE DEPT,Accepted,JEFFERSON,KY3064,,PORTLAND,AVE,,,26TH,,,,,38.271070287,-85.789983877,0.444,10/23/2019 12:00:00 AM,0930,2,2,0,0,CLEAR,DRY,False,SIDESWIPE-SAME DIRECTION,SIDESWIPE-SAME DIRECTION,STRAIGHT & LEVEL,DAYLIGHT,,,11/7/2019 8:36:25 AM,False,7405,Accepted,
25937480,0568000,LOUISVILLE METRO POLICE DEPT,Accepted,JEFFERSON,KY0061,,PRESTON,HWY,,,TRIO,,,,,38.129941025,-85.682068396,3.320,10/23/2019 12:00:00 AM,1453,2,2,0,0,CLEAR,DRY,False,SIDESWIPE-SAME DIRECTION,SIDESWIPE-SAME DIRECTION,STRAIGHT & LEVEL,DAYLIGHT,,,11/18/2019 9:10:15 AM,False,7269,Accepted,
25824721,0568000,LOUISVILLE METRO POLICE DEPT,Accepted,JEFFERSON,KY0061,,PRESTON,HWY,,KY2845,MANSLICK,,,,,38.118062969,-85.677242893,2.450,10/23/2019 12:00:00 AM,1030,2,2,0,0,CLEAR,DRY,False,OPPOSITE DIRECTION - BOTH VEHICLES GOING STRAIGHT AHEAD,SIDESWIPE-OPPOSITE DIRECTION,STRAIGHT & LEVEL,DAYLIGHT,,,10/25/2019 8:39:15 AM,False,7484,Accepted,
25814727,0568000,LOUISVILLE METRO POLICE DEPT,Accepted,JEFFERSON,KY1230,,CANE RUN,RD,,,INTERMODAL,,,,,38.158861200,-85.894507281,5.585,10/23/2019 12:00:00 AM,0710,2,2,0,0,CLEAR,DRY,False,OPPOSING LEFT TURN,OPPOSING LEFT TURN,STRAIGHT & LEVEL,DARK-HWY LIGHTED/OFF,,,10/23/2019 8:53:09 AM,False,7339,Accepted,
25814706,0568000,LOUISVILLE METRO POLICE DEPT,Accepted,JEFFERSON,KY0864,,POPLAR LEVEL,RD,,,GARDINER,,,,,38.193147927,-85.706333851,11.189,10/23/2019 12:00:00 AM,0019,2,2,0,0,CLEAR,DRY,True,ANGLE COLLISION - OTHER,ANGLE,STRAIGHT & GRADE,DARK-HWY LIGHTED/ON,,,10/23/2019 8:50:34 AM,False,7419,Accepted,
25819529,0568000,LOUISVILLE METRO POLICE DEPT,Accepted,JEFFERSON,,,PAGES,LN,W,US0031W,DIXIE,,,,,38.130169562,-85.847852584,,10/23/2019 12:00:00 AM,1845,2,2,0,0,CLEAR,DRY,False,ANGLE COLLISION - OTHER,ANGLE,STRAIGHT & LEVEL,DARK-HWY LIGHTED/ON,,,10/24/2019 8:22:27 AM,False,5033,Accepted,
25819532,0568000,LOUISVILLE METRO POLICE DEPT,Accepted,JEFFERSON,,,BROADWAY,,W,,27TH,,,,,38.249536810,-85.796685634,0.452,10/23/2019 12:00:00 AM,2137,2,2,0,0,CLEAR,DRY,True,ANGLE COLLISION - OTHER,ANGLE,STRAIGHT & LEVEL,DARK-HWY LIGHTED/ON,,,10/24/2019 8:23:01 AM,False,5223,Accepted,
25824629,0568000,LOUISVILLE METRO POLICE DEPT,Accepted,JEFFERSON,,,OLD BARDSTOWN,RD,,,FAIRMOUNT,,,,,38.116083354,-85.571741990,1.054,10/23/2019 12:00:00 AM,1900,2,2,0,0,CLEAR,DRY,False,ANGLE COLLISION - OTHER,ANGLE,STRAIGHT & GRADE,DAYLIGHT,,,10/25/2019 8:29:10 AM,False,2236,Accepted,
25819491,0568000,LOUISVILLE METRO POLICE DEPT,Accepted,JEFFERSON,,,JEANINE,DR,,,DELLAFAY,,,,,38.159075052,-85.688434317,0.099,10/23/2019 12:00:00 AM,0902,2,2,0,0,CLEAR,DRY,False,ANGLE COLLISION - OTHER,ANGLE,STRAIGHT & LEVEL,DAYLIGHT,,,10/24/2019 8:16:58 AM,False,7319,Accepted,
25819504,0568000,LOUISVILLE METRO POLICE DEPT,Accepted,JEFFERSON,KY0864,,POPLAR LEVEL,RD,,,CONTRACTORS,,,,,38.176019487,-85.688139468,9.565,10/23/2019 12:00:00 AM,0724,2,2,0,0,CLEAR,DRY,True,ANGLE COLLISION - OTHER,ANGLE,STRAIGHT & LEVEL,DAYLIGHT,,,10/24/2019 8:18:23 AM,False,7451,Accepted,
25819482,0568000,LOUISVILLE METRO POLICE DEPT,Accepted,JEFFERSON,,,BLUEGRASS,AVE,,,BELLEVUE,,,,,38.179351067,-85.775177814,1.290,10/23/2019 12:00:00 AM,1534,2,2,0,0,CLEAR,DRY,False,ANGLE COLLISION - OTHER,ANGLE,STRAIGHT & LEVEL,DAYLIGHT,,,10/24/2019 8:15:30 AM,False,7301,Accepted,
25819536,0568000,LOUISVILLE METRO POLICE DEPT,Accepted,JEFFERSON,,,ELLWOOD,AVE,,US0031E,BARDSTOWN,,,,,38.237740556,-85.719777275,0.001,10/23/2019 12:00:00 AM,2259,2,2,0,0,CLEAR,DRY,False,ANGLE COLLISION - OTHER,ANGLE,STRAIGHT & LEVEL,DARK-HWY LIGHTED/ON,,,10/24/2019 8:23:39 AM,False,5197,Accepted,
25819500,0568000,LOUISVILLE METRO POLICE DEPT,Accepted,JEFFERSON,KY0155,,TAYLORSVILLE,RD,,,MELBOURNE,,,,,38.220220661,-85.632531474,13.699,10/23/2019 12:00:00 AM,1705,2,2,0,0,CLEAR,DRY,False,ANGLE COLLISION - OTHER,ANGLE,STRAIGHT & LEVEL,DAYLIGHT,,,10/24/2019 8:17:59 AM,False,7448,Accepted,
25819503,0568000,LOUISVILLE METRO POLICE DEPT,Accepted,JEFFERSON,,,RIVER PARK,DR,,,32ND,,,,,38.254204119,-85.805287210,1.189,10/23/2019 12:00:00 AM,0948,2,2,0,1,CLEAR,DRY,False,ANGLE COLLISION - OTHER,ANGLE,STRAIGHT & LEVEL,DAYLIGHT,,,10/24/2019 8:18:11 AM,False,7479,Accepted,
25824674,0568000,LOUISVILLE METRO POLICE DEPT,Accepted,JEFFERSON,,,26TH,ST,S,,BROADWAY,,,,,38.249416760,-85.794948204,0.778,10/23/2019 12:00:00 AM,1241,2,2,0,0,CLEAR,DRY,True,COLLISION WITH PARKED VEHICLE,SIDESWIPE-SAME DIRECTION,STRAIGHT & LEVEL,DAYLIGHT,,,10/25/2019 8:34:03 AM,False,7361,Accepted,
25819526,0568000,LOUISVILLE METRO POLICE DEPT,Accepted,JEFFERSON,,,GLENMARY,AVE,,,RAY,,,,,38.241429337,-85.709940956,0.179,10/23/2019 12:00:00 AM,1655,2,2,0,0,CLEAR,DRY,True,COLLISION WITH PARKED VEHICLE,SIDESWIPE-SAME DIRECTION,STRAIGHT & LEVEL,DAYLIGHT,,,10/24/2019 8:21:55 AM,False,5285,Accepted,
25819436,0568000,LOUISVILLE METRO POLICE DEPT,Accepted,JEFFERSON,KY0907,,3RD ST,RD,,,JAMES HILL,,,,,38.115999535,-85.821389110,2.860,10/23/2019 12:00:00 AM,0647,2,2,0,0,CLEAR,DRY,False,ANGLE COLLISION - ONE VEHICLE TURNING LEFT,ANGLE,CURVE & HILLCREST,DARK-HWY LIGHTED/ON,,,10/24/2019 8:08:42 AM,False,7073,Accepted,
25819508,0568000,LOUISVILLE METRO POLICE DEPT,Accepted,JEFFERSON,,,OAK,ST,W,,13TH,,,,,38.236383944,-85.775471219,1.083,10/23/2019 12:00:00 AM,0949,1,1,0,0,CLEAR,DRY,False,COLLISION WITH FIXED OBJECT IN INTERSECTION - FIRST EVENT COLLISION 09 - 32,SINGLE VEHICLE,STRAIGHT & GRADE,DAYLIGHT,,,10/24/2019 8:19:08 AM,False,5190,Accepted,
25975432,0568000,LOUISVILLE METRO POLICE DEPT,Accepted,JEFFERSON,,,AMPHITHEATER,RD,,,KNOLL GATE,,,,,38.160473461,-85.779266997,0.075,10/23/2019 12:00:00 AM,2110,2,1,0,1,CLOUDY,DRY,False,COLLISION WITH PEDESTRIAN IN INTERSECTION,SINGLE VEHICLE,STRAIGHT & LEVEL,DARK-HWY LIGHTED/ON,,,11/26/2019 8:48:14 AM,False,7720,Accepted,
25819448,0568000,LOUISVILLE METRO POLICE DEPT,Accepted,JEFFERSON,US0060A,,LEXINGTON,RD,,,BAUER,,,,,38.251689113,-85.660894109,10.340,10/23/2019 12:00:00 AM,0905,2,1,0,1,CLEAR,DRY,False,COLLISION WITH PEDESTRIAN IN INTERSECTION,SINGLE VEHICLE,STRAIGHT & LEVEL,DAWN,,,10/24/2019 8:11:16 AM,False,7043,Accepted,
25819521,0568000,LOUISVILLE METRO POLICE DEPT,Accepted,JEFFERSON,US0031E,,BARDSTOWN,RD,,,GRINSTEAD,,,,,38.238412298,-85.720980267,15.423,10/23/2019 12:00:00 AM,1346,2,2,0,0,CLEAR,DRY,True,COLLISION IN PARKING LOT,BACKING,STRAIGHT & LEVEL,DAYLIGHT,,,10/24/2019 8:21:41 AM,False,5285,Accepted,
25819481,0568000,LOUISVILLE METRO POLICE DEPT,Accepted,JEFFERSON,KY1703,3528,NEWBURG,RD,,,,,,,,38.208332814,-85.693833098,2.805,10/23/2019 12:00:00 AM,1536,2,2,0,0,CLEAR,DRY,False,COLLISION IN PARKING LOT,REAR TO REAR,STRAIGHT & LEVEL,DAYLIGHT,,,10/24/2019 8:15:12 AM,False,7497,Accepted,
25819533,0568000,LOUISVILLE METRO POLICE DEPT,Accepted,JEFFERSON,KY0061,530,JACKSON,ST,S,,,,,,,38.248718575,-85.744950144,12.538,10/23/2019 12:00:00 AM,1941,2,2,0,0,CLEAR,DRY,False,COLLISION IN PARKING LOT,SIDESWIPE-SAME DIRECTION,STRAIGHT & LEVEL,DARK (UNKNOWN ROADWAY LIGHTING),,,10/24/2019 8:23:13 AM,False,5254,Accepted,
25824673,0568000,LOUISVILLE METRO POLICE DEPT,Accepted,JEFFERSON,US0150,,BROADWAY,,W,,15TH,,,,,38.248383103,-85.776623958,1.382,10/23/2019 12:00:00 AM,1329,2,2,0,0,CLEAR,DRY,False,COLLISION IN PARKING LOT,BACKING,STRAIGHT & LEVEL,DAYLIGHT,,,10/25/2019 8:33:57 AM,False,7361,Accepted,
25821698,0561500,UNIV. OF LOUISVILLE POLICE,Accepted,JEFFERSON,,414,CHESTNUT,ST,E,,,,,,,38.247541888,-85.746295372,0.287,10/23/2019 12:00:00 AM,1210,2,2,0,0,CLEAR,DRY,False,COLLISION IN PARKING LOT,REAR END,STRAIGHT & GRADE,DAYLIGHT,,,10/24/2019 3:53:24 PM,False,5680,Accepted,
25814518,0568000,LOUISVILLE METRO POLICE DEPT,Accepted,JEFFERSON,US0031W,5222,DIXIE,HWY,,,,,,,,38.162117856,-85.831748845,12.871,10/22/2019 12:00:00 AM,1530,2,2,0,0,CLEAR,DRY,False,COLLISION IN PARKING LOT,SIDESWIPE-SAME DIRECTION,STRAIGHT & LEVEL,DAYLIGHT,,,10/23/2019 8:38:25 AM,False,7356,Accepted,
25819452,0568000,LOUISVILLE METRO POLICE DEPT,Accepted,JEFFERSON,KY1747,,HURSTBOURNE,PKWY,S,,STONY BROOK,,,,,38.171146907,-85.604351273,7.635,10/22/2019 12:00:00 AM,1427,2,2,0,0,CLEAR,DRY,False,ANGLE COLLISION - ONE VEHICLE TURNING LEFT,ANGLE,STRAIGHT & GRADE,DAYLIGHT,,,10/24/2019 8:12:06 AM,False,2017,Accepted,
25814514,0568000,LOUISVILLE METRO POLICE DEPT,Accepted,JEFFERSON,KY0864,,POPLAR LEVEL,RD,,,RUSSELL,,,,,38.201493304,-85.709473918,11.748,10/22/2019 12:00:00 AM,1601,2,2,0,0,CLEAR,DRY,False,ANGLE COLLISION - ONE VEHICLE TURNING LEFT,ANGLE,STRAIGHT & LEVEL,DAYLIGHT,,,10/23/2019 8:37:50 AM,False,5290,Accepted,
25907123,0568000,LOUISVILLE METRO POLICE DEPT,Accepted,JEFFERSON,,,BROADWAY,,W,,23RD,,,,,38.249300892,-85.789900242,0.089,10/22/2019 12:00:00 AM,2300,2,2,0,0,CLEAR,DRY,True,COLLISION WITH PARKED VEHICLE,SIDESWIPE-SAME DIRECTION,STRAIGHT & LEVEL,DARK (UNKNOWN ROADWAY LIGHTING),,,11/11/2019 9:03:16 AM,False,7425,Accepted,
25814444,0568000,LOUISVILLE METRO POLICE DEPT,Accepted,JEFFERSON,KY1065,,OUTER,LOOP,,,SHEPHERDSVILLE,,,,,38.138976035,-85.657573911,7.657,10/22/2019 12:00:00 AM,0902,2,2,0,0,CLEAR,DRY,False,ANGLE COLLISION - ONE VEHICLE TURNING LEFT,ANGLE,STRAIGHT & LEVEL,DAYLIGHT,,,10/23/2019 8:29:44 AM,False,2017,Accepted,
25814532,0568000,LOUISVILLE METRO POLICE DEPT,Accepted,JEFFERSON,,,KENTUCKY,ST,E,,CLAY,,,,,38.237149381,-85.742875018,0.647,10/22/2019 12:00:00 AM,1640,2,2,0,0,CLEAR,DRY,False,ANGLE COLLISION - OTHER,ANGLE,STRAIGHT & LEVEL,DAYLIGHT,,,10/23/2019 8:40:33 AM,False,5240,Accepted,
25814644,0568000,LOUISVILLE METRO POLICE DEPT,Accepted,JEFFERSON,,,CLAY,ST,S,US0150,BROADWAY,,,,,38.244852061,-85.741539348,0.708,10/22/2019 12:00:00 AM,1025,2,2,0,0,CLEAR,DRY,False,ANGLE COLLISION - OTHER,ANGLE,STRAIGHT & LEVEL,DAYLIGHT,,,10/23/2019 8:46:50 AM,False,7239,Accepted,
25814709,0568000,LOUISVILLE METRO POLICE DEPT,Accepted,JEFFERSON,,,BURNETT,AVE,W,KY1020,2ND,,,,,38.226940634,-85.758361146,0.091,10/22/2019 12:00:00 AM,2130,2,2,0,1,CLEAR,DRY,False,ANGLE COLLISION - OTHER,ANGLE,STRAIGHT & LEVEL,DARK-HWY LIGHTED/ON,,,10/23/2019 8:50:48 AM,False,5038,Accepted,
25844958,0568000,LOUISVILLE METRO POLICE DEPT,Accepted,JEFFERSON,US0042,,BROWNSBORO,RD,,,HITE,,,,,38.258777095,-85.697820891,2.076,10/22/2019 12:00:00 AM,1722,2,2,0,0,CLEAR,DRY,False,ANGLE COLLISION - OTHER,ANGLE,STRAIGHT & LEVEL,DAYLIGHT,,,10/28/2019 8:44:37 AM,False,7632,Accepted,
25814566,0568000,LOUISVILLE METRO POLICE DEPT,Accepted,JEFFERSON,KY2049,,CRUMS,LN,,,FREEMAN,,,,,38.196820337,-85.831499776,0.328,10/22/2019 12:00:00 AM,1518,2,2,0,0,CLEAR,DRY,False,ANGLE COLLISION - OTHER,ANGLE,STRAIGHT & LEVEL,DAYLIGHT,,,10/23/2019 8:44:36 AM,False,5002,Accepted,
25814669,0568000,LOUISVILLE METRO POLICE DEPT,Accepted,JEFFERSON,,,CAMDEN,AVE,,,LENTZ,,,,,38.192762365,-85.785874305,0.955,10/22/2019 12:00:00 AM,1150,2,2,0,0,CLEAR,DRY,False,ANGLE COLLISION - OTHER,ANGLE,STRAIGHT & LEVEL,DAYLIGHT,,,10/23/2019 8:47:41 AM,False,7402,Accepted,
25814716,0568000,LOUISVILLE METRO POLICE DEPT,Accepted,JEFFERSON,,,CEDAR,ST,,,18TH,,,,,38.255056466,-85.780429815,0.364,10/22/2019 12:00:00 AM,0704,2,2,0,0,CLEAR,DRY,False,ANGLE COLLISION - OTHER,ANGLE,STRAIGHT & LEVEL,DAWN,,,10/23/2019 8:51:50 AM,False,7241,Accepted,