IncidentID,AgencyORI,AgencyName,IncidentStatusDesc,County,RdwyNumber,Street,RoadwayName,StreetSfx,StreetDir,IntersectionRdwy,IntersectionRdwyName,BetweenStRdwy1,BetweenStRdwyName1,BetweenStRdwy2,BetweenStRdwyName2,Latitude,Longitude,Milepoint,CollisionDate,CollisionTime,UnitsInvolved,MotorVehiclesInvolved,NumberKilled,NumberInjured,Weather,RdwyConditionCode,HitandRun,DirAnalysisCode,MannerofCollision,RdwyCharacter,LightCondition,RampFromRdwyId,RampToRdwyId,AcceptedDate,IsSecondaryCollision,OwnerBadge,IncidentStatus,
25814540,0568000,LOUISVILLE METRO POLICE DEPT,Accepted,JEFFERSON,US0060,,SHELBYVILLE,RD,,KY2841,EASTWOOD CUT OFF,,,,,38.235253449,-85.446660557,15.288,10/22/2019 12:00:00 AM,1159,2,2,0,0,CLEAR,DRY,False,OPPOSING LEFT TURN,OPPOSING LEFT TURN,STRAIGHT & LEVEL,DAYLIGHT,,,10/23/2019 8:41:29 AM,False,7751,Accepted,
25845066,0568000,LOUISVILLE METRO POLICE DEPT,Accepted,JEFFERSON,US0150,,BROADWAY,,W,,15TH,,,,,38.248205935,-85.776557401,1.374,10/22/2019 12:00:00 AM,1715,2,2,0,1,CLEAR,DRY,False,ANGLE COLLISION - OTHER,ANGLE,STRAIGHT & LEVEL,DAYLIGHT,,,10/28/2019 8:50:49 AM,False,7241,Accepted,
25844961,0568000,LOUISVILLE METRO POLICE DEPT,Accepted,JEFFERSON,,,JEFFERSON,ST,E,KY0061,PRESTON,,,,,38.252685067,-85.746349000,0.735,10/22/2019 12:00:00 AM,1518,2,2,0,1,CLOUDY,DRY,False,ANGLE COLLISION - OTHER,ANGLE,STRAIGHT & LEVEL,DAYLIGHT,,,10/28/2019 8:45:19 AM,False,7239,Accepted,
25814500,0568000,LOUISVILLE METRO POLICE DEPT,Accepted,JEFFERSON,,,WATTERSON,TRL,S,KY1747,HURSTBOURNE,,,,,38.163083599,-85.613046529,1.499,10/22/2019 12:00:00 AM,0841,2,2,0,0,CLEAR,DRY,False,OTHER INTERSECTION COLLISIONS,REAR END,STRAIGHT & HILLCREST,DAYLIGHT,,,10/23/2019 8:34:08 AM,False,2959,Accepted,
25814507,0568000,LOUISVILLE METRO POLICE DEPT,Accepted,JEFFERSON,KY1020,,3RD,ST,S,,MUHAMMAD ALI,,,,,38.250950110,-85.755838845,12.447,10/22/2019 12:00:00 AM,1530,2,2,0,0,CLEAR,DRY,False,OTHER INTERSECTION COLLISIONS,REAR END,STRAIGHT & LEVEL,DAYLIGHT,,,10/23/2019 8:35:55 AM,False,7463,Accepted,
25814561,0568000,LOUISVILLE METRO POLICE DEPT,Accepted,JEFFERSON,KY0061,,PRESTON,HWY,,I 0065,I65 N EXIT130 ON RAMP FROM KY61,,,,,38.178915207,-85.717196744,7.236,10/22/2019 12:00:00 AM,1405,2,2,0,0,CLEAR,DRY,False,OTHER INTERSECTION COLLISIONS,REAR END,STRAIGHT & LEVEL,DAYLIGHT,,,10/23/2019 8:43:31 AM,False,7473,Accepted,
25845758,0568000,LOUISVILLE METRO POLICE DEPT,Accepted,JEFFERSON,I 0064,,I64 E,,,I 0064,I64 E EXIT8 OFF RAMP TO  GRINSTEAD DR,,,,,38.246622418,-85.699619123,8.131,10/22/2019 12:00:00 AM,0749,2,2,0,0,CLEAR,DRY,False,OTHER INTERSECTION COLLISIONS,REAR END,CURVE & GRADE,DAYLIGHT,,,10/28/2019 9:49:50 AM,False,7720,Accepted,
25845067,0568000,LOUISVILLE METRO POLICE DEPT,Accepted,JEFFERSON,US0150,,BROADWAY,,W,,18TH,,,,,38.248965435,-85.781491052,1.096,10/22/2019 12:00:00 AM,1804,2,2,0,0,CLEAR,DRY,False,OTHER INTERSECTION COLLISIONS,REAR END,STRAIGHT & LEVEL,DAYLIGHT,,,10/28/2019 8:50:57 AM,False,7241,Accepted,
25845426,0568000,LOUISVILLE METRO POLICE DEPT,Accepted,JEFFERSON,,,LYNN,ST,,KY0061,PRESTON,,,,,38.217633123,-85.745941630,,10/22/2019 12:00:00 AM,1807,2,2,0,0,CLEAR,DRY,False,OTHER INTERSECTION COLLISIONS,REAR END,STRAIGHT & LEVEL,DAYLIGHT,,,10/28/2019 9:24:49 AM,False,5273,Accepted,
25814521,0568000,LOUISVILLE METRO POLICE DEPT,Accepted,JEFFERSON,,,NELSON MILLER,PKWY,,KY3084,OLD HENRY,,,,,38.268272279,-85.506445889,1.038,10/22/2019 12:00:00 AM,1450,2,2,0,0,CLEAR,DRY,False,OTHER INTERSECTION COLLISIONS,REAR END,STRAIGHT & LEVEL,DAYLIGHT,,,10/23/2019 8:38:52 AM,False,2346,Accepted,
25814528,0568000,LOUISVILLE METRO POLICE DEPT,Accepted,JEFFERSON,,301,FLOYD,ST,S,,WARNOCK,,,,,38.215224621,-85.755008455,2.787,10/22/2019 12:00:00 AM,1130,1,1,0,0,CLEAR,DRY,False,OTHER INTERSECTION COLLISIONS,SINGLE VEHICLE,STRAIGHT & LEVEL,DAYLIGHT,,,10/23/2019 8:40:09 AM,False,5240,Accepted,
25809008,0568000,LOUISVILLE METRO POLICE DEPT,Accepted,JEFFERSON,KY1931,,MANSLICK,RD,,,BLUEGRASS,,,,,38.179121824,-85.798948331,7.183,10/22/2019 12:00:00 AM,0614,2,2,0,0,CLEAR,DRY,False,OTHER INTERSECTION COLLISIONS,REAR END,STRAIGHT & HILLCREST,DARK-HWY LIGHTED/ON,,,10/22/2019 8:30:04 AM,False,5221,Accepted,
25850745,0568000,LOUISVILLE METRO POLICE DEPT,Accepted,JEFFERSON,KY0061,,PRESTON,HWY,,,,,TOWER,,OAKLAWN,38.151789140,-85.694136504,4.953,10/22/2019 12:00:00 AM,2305,2,1,1,0,CLOUDY,DRY,False,COLLISION WITH PEDESTRIAN NON - INTERSECTION,SINGLE VEHICLE,STRAIGHT & LEVEL,DARK-HWY NOT LIGHTED,,,10/29/2019 8:08:34 AM,False,7851,Accepted,
25814486,0568000,LOUISVILLE METRO POLICE DEPT,Accepted,JEFFERSON,,,GLOBAL,DR,,KY1934,GREENBELT,,,,,38.139551562,-85.887631647,0.006,10/22/2019 12:00:00 AM,0655,2,2,0,0,CLEAR,DRY,False,OTHER INTERSECTION COLLISIONS,REAR END,STRAIGHT & LEVEL,DARK (UNKNOWN ROADWAY LIGHTING),,,10/23/2019 8:33:22 AM,False,7336,Accepted,
25809050,0568000,LOUISVILLE METRO POLICE DEPT,Accepted,JEFFERSON,KY1865,,TAYLOR,BLVD,,,ASHLAND,,,,,38.186730319,-85.783773461,5.536,10/22/2019 12:00:00 AM,0433,2,2,0,0,CLEAR,DRY,False,OTHER INTERSECTION COLLISIONS,REAR TO REAR,STRAIGHT & LEVEL,DARK-HWY LIGHTED/ON,,,10/22/2019 8:34:21 AM,False,7435,Accepted,
25814506,0568000,LOUISVILLE METRO POLICE DEPT,Accepted,JEFFERSON,US0060A,,EASTERN,PKWY,,,NORRIS,,,,,38.230734877,-85.711598125,6.676,10/22/2019 12:00:00 AM,1520,2,2,0,0,CLEAR,DRY,False,OTHER INTERSECTION COLLISIONS,REAR END,STRAIGHT & GRADE,DAYLIGHT,,,10/23/2019 8:35:32 AM,False,7900,Accepted,
25814571,0568000,LOUISVILLE METRO POLICE DEPT,Accepted,JEFFERSON,I 0064,,I64 E,,,I 0064,I64 E EXIT8 OFF RAMP TO  GRINSTEAD DR,,,,,38.248996109,-85.706336018,7.835,10/22/2019 12:00:00 AM,1748,3,3,0,0,CLEAR,DRY,False,OTHER INTERSECTION COLLISIONS,REAR END,STRAIGHT & LEVEL,DAYLIGHT,,,10/23/2019 8:46:09 AM,False,7740,Accepted,
25826154,0560000,JEFFERSON COUNTY SHERIFF DEPT.,Accepted,JEFFERSON,KY2052,7311,SHEPHERDSVILLE,RD,,,,,,,,38.145321024,-85.660055109,0.461,10/22/2019 12:00:00 AM,1800,1,1,0,0,CLEAR,DRY,False,COLLISION WITH FIXED OBJECT NON - INTERSECTION - FIRST EVENT COLLISION 09 - 32 EXCLUDING 16,SINGLE VEHICLE,STRAIGHT & LEVEL,DAYLIGHT,,,10/25/2019 2:36:00 PM,False,3730,Accepted,
25845156,0568000,LOUISVILLE METRO POLICE DEPT,Accepted,JEFFERSON,,3304,BENT CREEK,DR,,,,,,,,38.205865596,-85.677268673,0.129,10/22/2019 12:00:00 AM,2008,1,1,0,0,CLEAR,DRY,False,COLLISION WITH FIXED OBJECT NON - INTERSECTION - FIRST EVENT COLLISION 09 - 32 EXCLUDING 16,SINGLE VEHICLE,STRAIGHT & LEVEL,DARK-HWY LIGHTED/ON,,,10/28/2019 8:58:29 AM,False,7371,Accepted,
25845153,0568000,LOUISVILLE METRO POLICE DEPT,Accepted,JEFFERSON,,,ALEXANDER,AVE,,,,,TEXAS,,FETTER,38.217004600,-85.741325988,0.268,10/22/2019 12:00:00 AM,0549,2,2,0,0,CLEAR,DRY,False,1 VEHICLE PARKED POSITION (NOT PARKING LOT/DRIVEWAY),REAR END,STRAIGHT & LEVEL,DARK (UNKNOWN ROADWAY LIGHTING),,,10/28/2019 8:58:13 AM,False,5111,Accepted,
25814419,0568000,LOUISVILLE METRO POLICE DEPT,Accepted,JEFFERSON,,1850,EDGELAND,AVE,,,,,,,,38.232602728,-85.711996862,,10/22/2019 12:00:00 AM,0936,2,2,0,0,CLEAR,DRY,True,1 VEHICLE PARKED POSITION (NOT PARKING LOT/DRIVEWAY),SIDESWIPE-OPPOSITE DIRECTION,STRAIGHT & LEVEL,DAYLIGHT,,,10/23/2019 8:25:19 AM,False,7900,Accepted,
25814664,0568000,LOUISVILLE METRO POLICE DEPT,Accepted,JEFFERSON,,,PARK,RD,S,,,,STINNETT,,ARIA,38.117046514,-85.728261203,3.001,10/22/2019 12:00:00 AM,1809,1,1,0,1,CLEAR,DRY,False,RAN OFF ROADWAY (1 VEHICLE WITH/EARTH EMBANKMENT/DITCH),SINGLE VEHICLE,CURVE & LEVEL,DUSK,,,10/23/2019 8:47:21 AM,False,5284,Accepted,
25861447,0568000,LOUISVILLE METRO POLICE DEPT,Accepted,JEFFERSON,KY1934,,GREENBELT,HWY,,,RIVER FIELD,,,,,38.142811049,-85.886968403,4.149,10/22/2019 12:00:00 AM,1643,2,2,0,0,CLEAR,DRY,False,OTHER INTERSECTION COLLISIONS,REAR END,STRAIGHT & LEVEL,DAYLIGHT,,,10/31/2019 8:56:26 AM,False,7485,Accepted,
25814426,0568000,LOUISVILLE METRO POLICE DEPT,Accepted,JEFFERSON,KY1931,,GREENWOOD,RD,,,SKY BLUE,,,,,38.144072933,-85.852055863,2.458,10/22/2019 12:00:00 AM,0753,2,2,0,0,CLEAR,DRY,False,SIDESWIPE-SAME DIRECTION,SIDESWIPE-SAME DIRECTION,STRAIGHT & LEVEL,DAYLIGHT,,,10/23/2019 8:26:53 AM,False,6326,Accepted,
25814510,0568000,LOUISVILLE METRO POLICE DEPT,Accepted,JEFFERSON,KY0864,,POPLAR LEVEL,RD,,KY0864,KY864 CROSSOVER,,,,,38.194400051,-85.707199603,11.236,10/22/2019 12:00:00 AM,1030,2,2,0,1,CLEAR,DRY,False,SIDESWIPE-SAME DIRECTION,SIDESWIPE-SAME DIRECTION,CURVE & LEVEL,DAYLIGHT,,,10/23/2019 8:36:46 AM,False,5119,Accepted,
25856795,0568000,LOUISVILLE METRO POLICE DEPT,Accepted,JEFFERSON,I 0065,,I65 N,,,,,,,,,38.209726994,-85.752847295,132.732,10/22/2019 12:00:00 AM,0901,3,3,0,0,CLEAR,DRY,False,REAR END IN TRAFFIC LANES BOTH VEHICLES MOVING,REAR END,STRAIGHT & LEVEL,DAYLIGHT,,,10/30/2019 9:18:02 AM,False,7251,Accepted,
25814672,0568000,LOUISVILLE METRO POLICE DEPT,Accepted,JEFFERSON,I 0264,,I264 E,,,,,,,,,38.231573048,-85.630050207,18.322,10/22/2019 12:00:00 AM,1717,2,2,0,0,CLEAR,DRY,False,REAR END IN TRAFFIC LANES BOTH VEHICLES MOVING,REAR END,STRAIGHT & LEVEL,DAYLIGHT,,,10/23/2019 8:48:15 AM,False,7839,Accepted,
25814563,0568000,LOUISVILLE METRO POLICE DEPT,Accepted,JEFFERSON,I 0064,,I64 E,,,,,I 0064,I64 E EXIT17 ON RAMP FROM KY913,I 0064,I64 E EXIT19A RAMP TO I265 S,38.223416779,-85.529530158,17.685,10/22/2019 12:00:00 AM,1601,3,3,0,1,CLEAR,DRY,False,REAR END IN TRAFFIC LANES BOTH VEHICLES MOVING,REAR END,STRAIGHT & LEVEL,DAYLIGHT,,,10/23/2019 8:44:02 AM,True,7751,Accepted,
25814522,0568000,LOUISVILLE METRO POLICE DEPT,Accepted,JEFFERSON,I 0064,,I64 E,,,,,,,,,38.223439167,-85.529338757,17.696,10/22/2019 12:00:00 AM,1601,2,2,0,0,CLEAR,DRY,False,REAR END IN TRAFFIC LANES BOTH VEHICLES MOVING,REAR END,STRAIGHT & GRADE,DAYLIGHT,,,10/23/2019 8:39:08 AM,False,2346,Accepted,
25814503,0568000,LOUISVILLE METRO POLICE DEPT,Accepted,JEFFERSON,I 0065,,I65 N,,,,,,,,,38.160726683,-85.720079309,128.521,10/22/2019 12:00:00 AM,1418,2,2,0,1,CLEAR,DRY,False,REAR END IN TRAFFIC LANES BOTH VEHICLES MOVING,REAR END,STRAIGHT & LEVEL,DAYLIGHT,,,10/23/2019 8:34:35 AM,False,7366,Accepted,
25814679,0568000,LOUISVILLE METRO POLICE DEPT,Accepted,JEFFERSON,KY1020,,NATIONAL,TPKE,,,,,,,,38.144980292,-85.757396276,4.985,10/22/2019 12:00:00 AM,2301,2,2,0,1,CLEAR,DRY,False,REAR END IN TRAFFIC LANES BOTH VEHICLES MOVING,REAR END,STRAIGHT & LEVEL,DARK-HWY LIGHTED/ON,,,10/23/2019 8:48:53 AM,False,7332,Accepted,
25814469,0568000,LOUISVILLE METRO POLICE DEPT,Accepted,JEFFERSON,I 0065,,I65 S,,,,,,,,,38.263283846,-85.742983473,136.789,10/22/2019 12:00:00 AM,1222,2,2,0,1,CLEAR,DRY,False,SIDESWIPE COLLISION - SAME DIRECTION,SIDESWIPE-SAME DIRECTION,STRAIGHT & LEVEL,DAYLIGHT,,,10/23/2019 8:32:37 AM,False,8278,Accepted,
25814568,0568000,LOUISVILLE METRO POLICE DEPT,Accepted,JEFFERSON,KY0864,,POPLAR LEVEL,RD,,,,,,,,38.177175800,-85.689255594,9.664,10/22/2019 12:00:00 AM,1630,2,2,0,0,CLEAR,DRY,False,SIDESWIPE COLLISION - SAME DIRECTION,SIDESWIPE-SAME DIRECTION,STRAIGHT & GRADE,DAYLIGHT,,,10/23/2019 8:45:16 AM,False,5130,Accepted,
25819457,0568000,LOUISVILLE METRO POLICE DEPT,Accepted,JEFFERSON,,,MUHAMMAD ALI,BLVD,E,,,,FLOYD,,BROOK,38.250374009,-85.750436664,0.924,10/22/2019 12:00:00 AM,1503,2,2,0,0,CLEAR,DRY,False,SIDESWIPE COLLISION - SAME DIRECTION,SIDESWIPE-SAME DIRECTION,STRAIGHT & LEVEL,DAYLIGHT,,,10/24/2019 8:13:19 AM,False,7058,Accepted,
25814422,0568000,LOUISVILLE METRO POLICE DEPT,Accepted,JEFFERSON,I 0264,,I264 E,,,,,,,,,38.199380784,-85.700920001,13.826,10/22/2019 12:00:00 AM,0910,2,2,0,0,CLEAR,DRY,False,SIDESWIPE COLLISION - SAME DIRECTION,SIDESWIPE-SAME DIRECTION,STRAIGHT & LEVEL,DAYLIGHT,,,10/23/2019 8:25:48 AM,False,4903,Accepted,
25814655,0568000,LOUISVILLE METRO POLICE DEPT,Accepted,JEFFERSON,,,CHESTNUT,ST,E,,,,,,,38.247709243,-85.746369373,0.359,10/22/2019 12:00:00 AM,1204,2,2,0,0,CLEAR,DRY,False,SIDESWIPE COLLISION - SAME DIRECTION,SIDESWIPE-SAME DIRECTION,STRAIGHT & LEVEL,DAYLIGHT,,,10/23/2019 8:47:01 AM,False,7239,Accepted,
25814707,0568000,LOUISVILLE METRO POLICE DEPT,Accepted,JEFFERSON,I 0265,,I265 W,,,,,,,,,38.172731935,-85.517248758,21.832,10/22/2019 12:00:00 AM,0231,2,2,0,1,CLOUDY,DRY,True,SIDESWIPE COLLISION - SAME DIRECTION,SIDESWIPE-SAME DIRECTION,STRAIGHT & GRADE,DARK-HWY LIGHTED/OFF,,,10/23/2019 8:50:42 AM,False,5169,Accepted,
25814689,0568000,LOUISVILLE METRO POLICE DEPT,Accepted,JEFFERSON,KY1865,,TAYLOR,BLVD,,,,,,,,38.173336369,-85.782118974,4.591,10/22/2019 12:00:00 AM,1951,2,2,0,0,CLEAR,DRY,False,SIDESWIPE COLLISION - SAME DIRECTION,SIDESWIPE-SAME DIRECTION,STRAIGHT & LEVEL,DARK-HWY LIGHTED/ON,,,10/23/2019 8:50:03 AM,False,5104,Accepted,
25814456,0568000,LOUISVILLE METRO POLICE DEPT,Accepted,JEFFERSON,US0031E,,BARDSTOWN,RD,,,CEDARLOOK,,,,,38.147047909,-85.585865440,5.333,10/22/2019 12:00:00 AM,1247,2,2,0,0,CLEAR,DRY,False,HEAD-ON COLLISION,HEAD ON,STRAIGHT & LEVEL,DAYLIGHT,,,10/23/2019 8:31:25 AM,False,2017,Accepted,
25814516,0568000,LOUISVILLE METRO POLICE DEPT,Accepted,JEFFERSON,,7607,FORT SUMTER,CT,,,,,,,,38.133598982,-85.760183996,0.044,10/22/2019 12:00:00 AM,1616,2,2,0,0,CLEAR,DRY,False,1 VEHICLE PARKED POSITION (NOT PARKING LOT/DRIVEWAY),BACKING,STRAIGHT & LEVEL,DAYLIGHT,,,10/23/2019 8:38:04 AM,False,7424,Accepted,
25819541,0568000,LOUISVILLE METRO POLICE DEPT,Accepted,JEFFERSON,I 0264,,I264 W,,,,,,,,,38.205862308,-85.679981445,15.069,10/22/2019 12:00:00 AM,0806,2,2,0,0,CLEAR,DRY,False,REAR END IN TRAFFIC LANES BOTH VEHICLES MOVING,REAR END,STRAIGHT & LEVEL,DAYLIGHT,,,10/24/2019 8:24:36 AM,False,4656,Accepted,
25814410,0568000,LOUISVILLE METRO POLICE DEPT,Accepted,JEFFERSON,KY1020,,SOUTHERN,PKWY,,,,,,,,38.188486882,-85.766836323,8.302,10/22/2019 12:00:00 AM,0751,3,3,0,0,CLEAR,DRY,False,REAR END IN TRAFFIC LANES BOTH VEHICLES MOVING,REAR END,STRAIGHT & LEVEL,DAYLIGHT,,,10/23/2019 8:23:18 AM,False,2499,Accepted,
25814533,0568000,LOUISVILLE METRO POLICE DEPT,Accepted,JEFFERSON,I 0064,,I64 E,,,,,,,,,38.230144925,-85.600371919,13.800,10/22/2019 12:00:00 AM,1502,2,2,0,0,CLEAR,DRY,False,REAR END IN TRAFFIC LANES BOTH VEHICLES MOVING,REAR END,STRAIGHT & LEVEL,DAYLIGHT,,,10/23/2019 8:40:46 AM,False,8278,Accepted,
25814534,0568000,LOUISVILLE METRO POLICE DEPT,Accepted,JEFFERSON,I 0265,,I265 E,,,,,,,,,38.138309487,-85.592872118,16.726,10/22/2019 12:00:00 AM,1551,2,2,0,0,CLEAR,DRY,False,REAR END IN TRAFFIC LANES BOTH VEHICLES MOVING,REAR END,STRAIGHT & GRADE,DAYLIGHT,,,10/23/2019 8:41:00 AM,False,8278,Accepted,
25814569,0568000,LOUISVILLE METRO POLICE DEPT,Accepted,JEFFERSON,KY1020,,SOUTHERN,PKWY,,,,,SOUTHERN PKWY FRONTAGE RD 1 CONN,,SOUTHERN PKWY FRONTAGE RD 2,38.188101689,-85.766906440,8.276,10/22/2019 12:00:00 AM,1810,2,2,0,0,CLEAR,DRY,False,REAR END IN TRAFFIC LANES BOTH VEHICLES MOVING,REAR END,STRAIGHT & LEVEL,DAYLIGHT,,,10/23/2019 8:45:57 AM,False,2499,Accepted,
25814558,0568000,LOUISVILLE METRO POLICE DEPT,Accepted,JEFFERSON,KY0864,,POPLAR LEVEL,RD,,,,KY3069,SANITA,I 0264,I264 E EXIT14 OFF RAMP TO KY864 S,38.193719050,-85.707011608,11.188,10/22/2019 12:00:00 AM,1236,2,2,0,0,CLEAR,DRY,False,REAR END IN TRAFFIC LANES BOTH VEHICLES MOVING,REAR END,STRAIGHT & GRADE,DAYLIGHT,,,10/23/2019 8:43:08 AM,False,7473,Accepted,
25814666,0568000,LOUISVILLE METRO POLICE DEPT,Accepted,JEFFERSON,,1514,CRUMS,LN,,,,,,,,38.189296689,-85.803019137,0.337,10/22/2019 12:00:00 AM,1100,2,2,0,0,CLEAR,DRY,False,REAR END IN TRAFFIC LANES BOTH VEHICLES MOVING,REAR END,STRAIGHT & LEVEL,DAYLIGHT,,,10/23/2019 8:47:30 AM,False,7402,Accepted,
25845439,0568000,LOUISVILLE METRO POLICE DEPT,Accepted,JEFFERSON,,2415,LIME KILN,CT,,,,,,,,38.286146736,-85.627330568,0.106,10/22/2019 12:00:00 AM,0925,2,2,0,1,CLEAR,DRY,False,1 VEHICLE ENTERING/LEAVING ENTRANCE,ANGLE,STRAIGHT & LEVEL,DAYLIGHT,,,10/28/2019 9:26:05 AM,False,7615,Accepted,
25844964,0568000,LOUISVILLE METRO POLICE DEPT,Accepted,JEFFERSON,,,RIVER,RD,,,,,MOCKINGBIRD VALLEY,,ZORN,38.277789251,-85.698594033,2.967,10/22/2019 12:00:00 AM,1740,2,2,0,0,CLEAR,DRY,False,1 VEHICLE ENTERING/LEAVING ENTRANCE,ANGLE,STRAIGHT & LEVEL,DAYLIGHT,,,10/28/2019 8:45:55 AM,False,7632,Accepted,
25814567,0568000,LOUISVILLE METRO POLICE DEPT,Accepted,JEFFERSON,KY2056,,BELLS,LN,,,,,,,,38.222845774,-85.822516761,1.091,10/22/2019 12:00:00 AM,1737,2,2,0,3,CLEAR,DRY,False,1 VEHICLE ENTERING/LEAVING ENTRANCE,ANGLE,STRAIGHT & LEVEL,DAYLIGHT,,,10/23/2019 8:45:01 AM,False,5002,Accepted,
25814519,0568000,LOUISVILLE METRO POLICE DEPT,Accepted,JEFFERSON,KY2049,,CRUMS,LN,,,,,POPPY,,SUNFLOWER,38.197796502,-85.834054685,0.205,10/22/2019 12:00:00 AM,1500,2,2,0,0,CLEAR,DRY,True,1 VEHICLE ENTERING/LEAVING ENTRANCE,ANGLE,STRAIGHT & LEVEL,DAYLIGHT,,,10/23/2019 8:38:34 AM,False,7328,Accepted,
25814562,0568000,LOUISVILLE METRO POLICE DEPT,Accepted,JEFFERSON,KY1931,,GREENWOOD,RD,,,,,,,,38.143561783,-85.840029757,3.119,10/22/2019 12:00:00 AM,1752,2,2,0,0,CLEAR,DRY,False,1 VEHICLE ENTERING/LEAVING ENTRANCE,ANGLE,STRAIGHT & LEVEL,DAYLIGHT,,,10/23/2019 8:43:42 AM,False,7841,Accepted,
25814450,0568000,LOUISVILLE METRO POLICE DEPT,Accepted,JEFFERSON,I 0264,,,,,,,,,,,38.210796972,-85.671453012,0.035,10/22/2019 12:00:00 AM,1153,2,2,0,0,CLEAR,DRY,False,OTHER RAMP RELATED COLLISIONS NOT LISTED ABOVE,REAR END,CURVE & GRADE,DAYLIGHT,I 0264,US31E N,10/23/2019 8:30:15 AM,False,7284,Accepted,
25913475,0568000,LOUISVILLE METRO POLICE DEPT,Accepted,JEFFERSON,I 0071,,,,,,,,,,,38.275688596,-85.697775510,0.245,10/22/2019 12:00:00 AM,0745,2,1,0,0,CLEAR,DRY,False,OTHER RAMP RELATED COLLISIONS NOT LISTED ABOVE,REAR END,CURVE & GRADE,DAYLIGHT,I 0071,ZORN AVE,11/12/2019 1:49:25 PM,False,5275,Accepted,
25845420,0568000,LOUISVILLE METRO POLICE DEPT,Accepted,JEFFERSON,KY0022,,BROWNSBORO,RD,,,,I 0265,I265 N EXIT34 ON RAMP FROM KY22 W,I 0265,I265 S EXIT34 OFF RAMP TO KY22 W,38.309666625,-85.572146424,4.130,10/22/2019 12:00:00 AM,1606,2,2,0,0,CLEAR,DRY,False,OTHER ROADWAY OR MID-BLOCK COLLISION,REAR END,STRAIGHT & LEVEL,DAYLIGHT,,,10/28/2019 9:24:05 AM,False,7765,Accepted,
25814677,0568000,LOUISVILLE METRO POLICE DEPT,Accepted,JEFFERSON,KY0061,7121,PRESTON,HWY,,,,,,,,38.147501204,-85.691708217,4.632,10/22/2019 12:00:00 AM,2030,2,2,0,0,CLEAR,DRY,True,OTHER ROADWAY OR MID-BLOCK COLLISION,OPPOSING LEFT TURN,STRAIGHT & LEVEL,DARK-HWY LIGHTED/ON,,,10/23/2019 8:48:46 AM,False,7016,Accepted,
25814425,0568000,LOUISVILLE METRO POLICE DEPT,Accepted,JEFFERSON,KY1065,,OUTER,LOOP,,,,,CANDLEWORTH,KY1865,NEW CUT,38.126659355,-85.778298717,0.907,10/22/2019 12:00:00 AM,0702,2,2,0,0,CLEAR,WET,False,OTHER ROADWAY OR MID-BLOCK COLLISION,REAR END,STRAIGHT & LEVEL,DARK (UNKNOWN ROADWAY LIGHTING),,,10/23/2019 8:26:35 AM,False,6326,Accepted,
25814557,0568000,LOUISVILLE METRO POLICE DEPT,Accepted,JEFFERSON,US0031,,CLARK MEMORIAL,BRG,,,,,,,,38.259843779,-85.752510222,0.252,10/22/2019 12:00:00 AM,1745,2,2,0,0,CLEAR,DRY,False,OTHER ROADWAY OR MID-BLOCK COLLISION,REAR END,STRAIGHT & LEVEL,DAYLIGHT,,,10/23/2019 8:42:49 AM,False,7463,Accepted,
25814676,0568000,LOUISVILLE METRO POLICE DEPT,Accepted,JEFFERSON,I 0065,,I65 S,,,,,,,,,38.266863519,-85.744813677,137.058,10/22/2019 12:00:00 AM,2118,2,2,0,1,CLEAR,DRY,False,OTHER ROADWAY OR MID-BLOCK COLLISION,REAR TO REAR,STRAIGHT & LEVEL,DARK-HWY LIGHTED/ON,,,10/23/2019 8:48:35 AM,False,5148,Accepted,
25814536,0568000,LOUISVILLE METRO POLICE DEPT,Accepted,JEFFERSON,KY1747,,HURSTBOURNE,PKWY,S,,,US0060,SHELBYVILLE,KY1747,KY1747 CROSSOVER,38.245389257,-85.576792872,13.433,10/22/2019 12:00:00 AM,0909,2,2,0,0,CLEAR,DRY,False,OTHER ROADWAY OR MID-BLOCK COLLISION,REAR END,STRAIGHT & LEVEL,DAYLIGHT,,,10/23/2019 8:41:14 AM,False,7751,Accepted,
25814545,0568000,LOUISVILLE METRO POLICE DEPT,Accepted,JEFFERSON,I 0064,,I64 E,,,,,,,,,38.231213031,-85.603706141,13.609,10/22/2019 12:00:00 AM,1700,2,2,0,0,CLEAR,DRY,False,OTHER ROADWAY OR MID-BLOCK COLLISION,REAR END,STRAIGHT & LEVEL,DAYLIGHT,,,10/23/2019 8:41:47 AM,False,6862,Accepted,
25814404,0568000,LOUISVILLE METRO POLICE DEPT,Accepted,JEFFERSON,KY0155,,TAYLORSVILLE,RD,,,,,,,,38.218948223,-85.605153241,12.206,10/22/2019 12:00:00 AM,0728,2,2,0,0,CLEAR,DRY,False,OTHER ROADWAY OR MID-BLOCK COLLISION,REAR END,STRAIGHT & LEVEL,DAWN,,,10/23/2019 8:22:21 AM,False,7864,Accepted,
25814505,0568000,LOUISVILLE METRO POLICE DEPT,Accepted,JEFFERSON,KY1931,7441,ST ANDREWS CHURCH,RD,,,,,BLANTON,,BROOKVIEW,38.152017503,-85.819036240,4.501,10/21/2019 12:00:00 AM,1843,3,3,0,0,RAINING,WET,True,OTHER ROADWAY OR MID-BLOCK COLLISION,REAR END,STRAIGHT & LEVEL,DAYLIGHT,,,10/23/2019 8:35:00 AM,False,7723,Accepted,