IncidentID,AgencyORI,AgencyName,IncidentStatusDesc,County,RdwyNumber,Street,RoadwayName,StreetSfx,StreetDir,IntersectionRdwy,IntersectionRdwyName,BetweenStRdwy1,BetweenStRdwyName1,BetweenStRdwy2,BetweenStRdwyName2,Latitude,Longitude,Milepoint,CollisionDate,CollisionTime,UnitsInvolved,MotorVehiclesInvolved,NumberKilled,NumberInjured,Weather,RdwyConditionCode,HitandRun,DirAnalysisCode,MannerofCollision,RdwyCharacter,LightCondition,RampFromRdwyId,RampToRdwyId,AcceptedDate,IsSecondaryCollision,OwnerBadge,IncidentStatus,
25808946,0568000,LOUISVILLE METRO POLICE DEPT,Accepted,JEFFERSON,I 0071,,I71 S,,,,,,,,,38.262426571,-85.723275784,0.102,10/21/2019 12:00:00 AM,0733,2,2,0,0,CLOUDY,DRY,False,OTHER ROADWAY OR MID-BLOCK COLLISION,REAR END,STRAIGHT & LEVEL,DAYLIGHT,,,10/22/2019 8:21:22 AM,False,4656,Accepted,
25808988,0568000,LOUISVILLE METRO POLICE DEPT,Accepted,JEFFERSON,KY1747,4500,HURSTBOURNE,PKWY,S,,,,,,,38.187950156,-85.605420263,8.888,10/21/2019 12:00:00 AM,1839,2,2,0,0,RAINING,WET,False,OTHER ROADWAY OR MID-BLOCK COLLISION,OPPOSING LEFT TURN,STRAIGHT & LEVEL,DUSK,,,10/22/2019 8:25:45 AM,False,7366,Accepted,
25808944,0568000,LOUISVILLE METRO POLICE DEPT,Accepted,JEFFERSON,KY1934,,CANE RUN,RD,,,,,BRIDWELL,,ROCKAWAY,38.181221135,-85.858178135,7.483,10/21/2019 12:00:00 AM,0903,2,2,0,0,CLOUDY,DRY,False,OTHER ROADWAY OR MID-BLOCK COLLISION,REAR END,STRAIGHT & LEVEL,DAYLIGHT,,,10/22/2019 8:21:00 AM,False,6326,Accepted,
25814701,0568000,LOUISVILLE METRO POLICE DEPT,Accepted,JEFFERSON,I 0264,,,,,,,,,,,38.196303503,-85.707734753,0.249,10/21/2019 12:00:00 AM,2011,2,2,0,0,CLEAR,DRY,False,OTHER RAMP RELATED COLLISIONS NOT LISTED ABOVE,ANGLE,STRAIGHT & GRADE,DARK-HWY LIGHTED/ON,I 0264,KY0864,10/23/2019 8:50:26 AM,False,7419,Accepted,
25809001,0568000,LOUISVILLE METRO POLICE DEPT,Accepted,JEFFERSON,I 0264,,,,,,,,,,,38.211117325,-85.672516391,0.127,10/21/2019 12:00:00 AM,2106,2,2,0,0,CLOUDY,DRY,False,OTHER RAMP RELATED COLLISIONS NOT LISTED ABOVE,REAR END,STRAIGHT & GRADE,DARK-HWY LIGHTED/ON,US31E,I 0264,10/22/2019 8:28:27 AM,False,6947,Accepted,
25808960,0568000,LOUISVILLE METRO POLICE DEPT,Accepted,JEFFERSON,I 0064,,,,,,,,,,,38.239503422,-85.621907573,0.159,10/21/2019 12:00:00 AM,1016,2,2,0,0,CLOUDY,DRY,False,OTHER RAMP RELATED COLLISIONS NOT LISTED ABOVE,REAR END,STRAIGHT & LEVEL,DAYLIGHT,I 0064,I 0264,10/22/2019 8:23:39 AM,False,4656,Accepted,
25808875,0568000,LOUISVILLE METRO POLICE DEPT,Accepted,JEFFERSON,I 0264,,,,,,,,,,,38.201986443,-85.691300645,0.186,10/21/2019 12:00:00 AM,0912,1,1,0,0,CLOUDY,DRY,False,COLLISION WITH FIXED OBJECT NOT IN GORE ,SINGLE VEHICLE,CURVE & GRADE,DAYLIGHT,I 0264,KY1703,10/22/2019 8:17:10 AM,False,6813,Accepted,
25808838,0568000,LOUISVILLE METRO POLICE DEPT,Accepted,JEFFERSON,,5301,HAMES,TRCE,,,,,,,,38.166478202,-85.606206267,0.545,10/21/2019 12:00:00 AM,0900,2,2,0,0,CLEAR,DRY,False,1 VEHICLE ENTERING/LEAVING ENTRANCE,ANGLE,STRAIGHT & LEVEL,DAYLIGHT,,,10/22/2019 8:13:41 AM,False,2017,Accepted,
25808832,0568000,LOUISVILLE METRO POLICE DEPT,Accepted,JEFFERSON,KY0061,4612,PRESTON,HWY,,,,,,,,38.180468284,-85.718859396,7.387,10/21/2019 12:00:00 AM,0720,2,2,0,5,CLOUDY,DRY,False,1 VEHICLE ENTERING/LEAVING ENTRANCE,ANGLE,STRAIGHT & LEVEL,DARK (UNKNOWN ROADWAY LIGHTING),,,10/22/2019 8:12:44 AM,False,2796,Accepted,
25808943,0568000,LOUISVILLE METRO POLICE DEPT,Accepted,JEFFERSON,US0031E,,BARDSTOWN,RD,,,,,,,,38.208502128,-85.668926360,11.773,10/21/2019 12:00:00 AM,1444,2,2,0,0,CLEAR,DRY,False,1 VEHICLE ENTERING/LEAVING ENTRANCE,ANGLE,STRAIGHT & LEVEL,DAYLIGHT,,,10/22/2019 8:20:43 AM,False,7864,Accepted,
25958542,0568000,LOUISVILLE METRO POLICE DEPT,Accepted,JEFFERSON,,,BROOK,ST,S,,,,,,,38.253094815,-85.750351696,3.393,10/21/2019 12:00:00 AM,0625,2,2,0,0,CLEAR,DRY,False,1 VEHICLE ENTERING/LEAVING ENTRANCE,ANGLE,STRAIGHT & LEVEL,DARK-HWY LIGHTED/ON,,,11/22/2019 8:56:19 AM,False,4656,Accepted,
25808878,0568000,LOUISVILLE METRO POLICE DEPT,Accepted,JEFFERSON,,,RIVER FIELD,DR,,,,,,,,38.142805622,-85.886888523,0.004,10/21/2019 12:00:00 AM,1428,2,2,0,0,CLOUDY,DRY,True,SIDESWIPE COLLISION - SAME DIRECTION,SIDESWIPE-SAME DIRECTION,STRAIGHT & LEVEL,DAYLIGHT,,,10/22/2019 8:17:54 AM,False,7841,Accepted,
25809002,0568000,LOUISVILLE METRO POLICE DEPT,Accepted,JEFFERSON,KY1447,,WESTPORT,RD,,,,,STONEHURST,,HERMITAGE,38.281574381,-85.587606159,4.287,10/21/2019 12:00:00 AM,2036,2,2,0,0,RAINING,WET,False,SIDESWIPE COLLISION - SAME DIRECTION,SIDESWIPE-SAME DIRECTION,STRAIGHT & LEVEL,DARK (UNKNOWN ROADWAY LIGHTING),,,10/22/2019 8:28:40 AM,False,5228,Accepted,
25808967,0568000,LOUISVILLE METRO POLICE DEPT,Accepted,JEFFERSON,KY1020,,2ND,ST,S,,,US0150,BROADWAY,,CHESTNUT,38.246704297,-85.754930725,12.157,10/21/2019 12:00:00 AM,1415,2,2,0,0,CLOUDY,DRY,False,1 VEHICLE ENTERING/LEAVING ENTRANCE,ANGLE,STRAIGHT & LEVEL,DAYLIGHT,,,10/22/2019 8:24:18 AM,False,7229,Accepted,
25808985,0568000,LOUISVILLE METRO POLICE DEPT,Accepted,JEFFERSON,,,7TH,ST,S,,,,,,,38.219746152,-85.777775958,0.020,10/21/2019 12:00:00 AM,1815,2,2,0,1,RAINING,WET,False,1 VEHICLE ENTERING/LEAVING ENTRANCE,ANGLE,STRAIGHT & LEVEL,DAYLIGHT,,,10/22/2019 8:25:15 AM,False,7360,Accepted,
25808928,0568000,LOUISVILLE METRO POLICE DEPT,Accepted,JEFFERSON,KY1934,,GREENBELT,HWY,,,,,,,,38.097948478,-85.892332845,1.059,10/21/2019 12:00:00 AM,1653,2,2,0,0,RAINING,WET,False,1 VEHICLE ENTERING/LEAVING ENTRANCE,ANGLE,STRAIGHT & LEVEL,DAYLIGHT,,,10/22/2019 8:19:34 AM,False,7841,Accepted,
25808945,0568000,LOUISVILLE METRO POLICE DEPT,Accepted,JEFFERSON,KY2055,406,MT HOLLY,RD,,,,,,,,38.104739446,-85.758411986,1.345,10/21/2019 12:00:00 AM,1246,2,2,0,0,CLOUDY,DRY,False,1 VEHICLE ENTERING/LEAVING ENTRANCE,ANGLE,STRAIGHT & LEVEL,DAYLIGHT,,,10/22/2019 8:21:14 AM,False,6326,Accepted,
25809004,0568000,LOUISVILLE METRO POLICE DEPT,Accepted,JEFFERSON,US0060A,,EASTERN,PKWY,,,,,,,,38.229106803,-85.714753781,6.472,10/21/2019 12:00:00 AM,2012,2,2,0,0,CLEAR,WET,False,REAR END IN TRAFFIC LANES BOTH VEHICLES MOVING,REAR END,STRAIGHT & LEVEL,DARK-HWY LIGHTED/ON,,,10/22/2019 8:29:03 AM,True,5258,Accepted,
25808987,0568000,LOUISVILLE METRO POLICE DEPT,Accepted,JEFFERSON,I 0264,,I264 E,,,,,,,,,38.186616589,-85.793063847,8.574,10/21/2019 12:00:00 AM,1341,2,2,0,0,CLOUDY,DRY,False,REAR END IN TRAFFIC LANES BOTH VEHICLES MOVING,REAR END,STRAIGHT & LEVEL,DAYLIGHT,,,10/22/2019 8:25:32 AM,False,7402,Accepted,
25814508,0568000,LOUISVILLE METRO POLICE DEPT,Accepted,JEFFERSON,KY0061,,PRESTON,HWY,,,,I 0265,I265 W EXIT12 ON RAMP FROM KY61 N,KY6299,COMMERCE CROSSINGS,38.105476378,-85.673552629,1.558,10/21/2019 12:00:00 AM,1700,2,2,0,0,RAINING,WET,False,REAR END IN TRAFFIC LANES BOTH VEHICLES MOVING,REAR END,STRAIGHT & LEVEL,DAYLIGHT,,,10/23/2019 8:36:19 AM,False,2583,Accepted,
25814509,0568000,LOUISVILLE METRO POLICE DEPT,Accepted,JEFFERSON,KY1450,,BLUE LICK,RD,,,,,PARK,,FREEDOM,38.113811516,-85.689497570,2.000,10/21/2019 12:00:00 AM,0909,2,2,0,0,CLOUDY,DRY,False,REAR END IN TRAFFIC LANES BOTH VEHICLES MOVING,REAR END,STRAIGHT & LEVEL,DAYLIGHT,,,10/23/2019 8:36:36 AM,False,2324,Accepted,
25847275,0568000,LOUISVILLE METRO POLICE DEPT,Accepted,JEFFERSON,KY1865,,NEW CUT,RD,,,,,JONES,KY0907,3RD ST,38.146270458,-85.775424153,2.700,10/21/2019 12:00:00 AM,1723,2,1,0,0,CLEAR,DRY,True,REAR END IN TRAFFIC LANES BOTH VEHICLES MOVING,REAR END,STRAIGHT & LEVEL,DAYLIGHT,,,10/28/2019 2:30:04 PM,False,7232,Accepted,
25808926,0568000,LOUISVILLE METRO POLICE DEPT,Accepted,JEFFERSON,KY1747,,FERN VALLEY,RD,,,,KY0864,FEGENBUSH,KY0864,POPLAR LEVEL,38.160036458,-85.642561346,5.005,10/21/2019 12:00:00 AM,1617,2,2,0,0,RAINING,WET,False,REAR END IN TRAFFIC LANES BOTH VEHICLES MOVING,REAR END,STRAIGHT & LEVEL,DAYLIGHT,,,10/22/2019 8:19:20 AM,False,5284,Accepted,
25808953,0568000,LOUISVILLE METRO POLICE DEPT,Accepted,JEFFERSON,KY0913,,BLANKENBAKER,PKWY,,,,,,,,38.188498487,-85.547866309,0.075,10/21/2019 12:00:00 AM,1706,2,2,0,0,RAINING,WET,False,REAR END IN TRAFFIC LANES BOTH VEHICLES MOVING,REAR END,STRAIGHT & LEVEL,DAYLIGHT,,,10/22/2019 8:22:54 AM,False,5268,Accepted,
25808835,0568000,LOUISVILLE METRO POLICE DEPT,Accepted,JEFFERSON,KY0841,,GENE SNYDER,FWY,,,,KY0841,KY841 CROSSOVER,KY0841,KY841 RAMP TO KY1020,38.116806596,-85.732609390,8.504,10/21/2019 12:00:00 AM,0901,2,2,0,0,CLOUDY,DRY,False,REAR END IN TRAFFIC LANES BOTH VEHICLES MOVING,REAR END,STRAIGHT & LEVEL,DAYLIGHT,,,10/22/2019 8:13:23 AM,False,7026,Accepted,
25809000,0568000,LOUISVILLE METRO POLICE DEPT,Accepted,JEFFERSON,,,HAWTHORNE,AVE,,,,,,,,38.219512650,-85.671165882,0.331,10/21/2019 12:00:00 AM,1910,2,2,0,0,CLOUDY,DRY,False,1 VEHICLE PARKED POSITION (NOT PARKING LOT/DRIVEWAY),HEAD ON,STRAIGHT & LEVEL,DARK-HWY LIGHTED/ON,,,10/22/2019 8:28:18 AM,False,6947,Accepted,
25809052,0568000,LOUISVILLE METRO POLICE DEPT,Accepted,JEFFERSON,KY1531,215,JOHNSON,RD,,,,,,,,38.242775362,-85.460021035,9.910,10/21/2019 12:00:00 AM,1739,2,2,0,1,RAINING,WATER (STANDING OR MOVING),False,HEAD-ON COLLISION,HEAD ON,CURVE & HILLCREST,DAYLIGHT,,,10/22/2019 8:34:47 AM,False,7751,Accepted,
25808997,0568000,LOUISVILLE METRO POLICE DEPT,Accepted,JEFFERSON,,3348,HIKES,LN,,,,,,,,38.219235235,-85.626692701,3.157,10/21/2019 12:00:00 AM,1926,2,2,0,0,RAINING,WET,False,SIDESWIPE COLLISION - SAME DIRECTION,SIDESWIPE-SAME DIRECTION,STRAIGHT & LEVEL,DARK-HWY LIGHTED/ON,,,10/22/2019 8:27:31 AM,False,7200,Accepted,
25808965,0568000,LOUISVILLE METRO POLICE DEPT,Accepted,JEFFERSON,US0031W,,MAIN,ST,W,,,,7TH,,8TH,38.257182639,-85.761590104,21.665,10/21/2019 12:00:00 AM,0922,2,2,0,0,CLOUDY,DRY,False,SIDESWIPE COLLISION - SAME DIRECTION,SIDESWIPE-SAME DIRECTION,STRAIGHT & LEVEL,DAYLIGHT,,,10/22/2019 8:24:10 AM,False,7229,Accepted,
25804762,0568000,LOUISVILLE METRO POLICE DEPT,Accepted,JEFFERSON,I 0064,,I64 E,,,,,I 0064,I64 E EXIT6 RAMP TO I71 N,I 0064,I64 E EXIT7 OFF RAMP TO  STORY AVE,38.259824777,-85.724764604,6.433,10/21/2019 12:00:00 AM,0531,2,2,0,2,CLEAR,DRY,False,SIDESWIPE COLLISION - SAME DIRECTION,SIDESWIPE-SAME DIRECTION,CURVE & LEVEL,DARK-HWY LIGHTED/ON,,,10/21/2019 12:00:00 PM,False,7325,Accepted,
25814452,0568000,LOUISVILLE METRO POLICE DEPT,Accepted,JEFFERSON,I 0065,,I65 S,,,,,,,,,38.246344297,-85.752286514,135.299,10/21/2019 12:00:00 AM,1621,2,2,0,0,CLOUDY,DRY,False,SIDESWIPE COLLISION - SAME DIRECTION,SIDESWIPE-SAME DIRECTION,STRAIGHT & LEVEL,DAYLIGHT,,,10/23/2019 8:30:28 AM,False,7239,Accepted,
25814466,0568000,LOUISVILLE METRO POLICE DEPT,Accepted,JEFFERSON,I 0265,,I265 W,,,,,,,,,38.182406660,-85.508467169,22.652,10/21/2019 12:00:00 AM,1540,2,2,0,0,CLOUDY,DRY,False,SIDESWIPE COLLISION - SAME DIRECTION,SIDESWIPE-SAME DIRECTION,CURVE & GRADE,DAYLIGHT,,,10/23/2019 8:32:27 AM,False,8278,Accepted,
25814465,0568000,LOUISVILLE METRO POLICE DEPT,Accepted,JEFFERSON,I 0065,,I65 S,,,,,,,,,38.204937323,-85.741896548,131.989,10/21/2019 12:00:00 AM,1405,2,2,0,0,CLOUDY,DRY,False,SIDESWIPE COLLISION - SAME DIRECTION,SIDESWIPE-SAME DIRECTION,CURVE & GRADE,DAYLIGHT,,,10/23/2019 8:32:20 AM,False,8278,Accepted,
25814423,0568000,LOUISVILLE METRO POLICE DEPT,Accepted,JEFFERSON,,,LEXINGTON,RD,,,,,SPRING,,ETLEY,38.247845445,-85.708540515,1.465,10/21/2019 12:00:00 AM,2122,1,1,0,0,CLOUDY,WET,False,OTHER COLLISIONS ON SHOULDER,SINGLE VEHICLE,CURVE & LEVEL,DARK-HWY LIGHTED/ON,,,10/23/2019 8:26:05 AM,False,2816,Accepted,
25809049,0568000,LOUISVILLE METRO POLICE DEPT,Accepted,JEFFERSON,I 0265,,I265 E,,,,,,,,,38.218304641,-85.505977692,25.173,10/21/2019 12:00:00 AM,0742,2,2,0,0,CLOUDY,DRY,False,REAR END IN TRAFFIC LANES BOTH VEHICLES MOVING,REAR END,STRAIGHT & LEVEL,DAWN,,,10/22/2019 8:34:10 AM,False,7751,Accepted,
25808923,0568000,LOUISVILLE METRO POLICE DEPT,Accepted,JEFFERSON,I 0264,,I264 W,,,,,,,,,38.205736625,-85.680259892,15.052,10/21/2019 12:00:00 AM,1645,2,2,0,0,RAINING,WET,False,REAR END IN TRAFFIC LANES BOTH VEHICLES MOVING,REAR END,STRAIGHT & LEVEL,DAYLIGHT,,,10/22/2019 8:18:54 AM,False,7284,Accepted,
25808983,0568000,LOUISVILLE METRO POLICE DEPT,Accepted,JEFFERSON,KY1020,,SOUTHSIDE,DR,,,,,STRAWBERRY,,CAROLYN,38.158834825,-85.764750055,6.137,10/21/2019 12:00:00 AM,1506,2,2,0,0,RAINING,WET,False,REAR END IN TRAFFIC LANES BOTH VEHICLES MOVING,REAR END,STRAIGHT & LEVEL,DAYLIGHT,,,10/22/2019 8:24:45 AM,False,7232,Accepted,
25804768,0568000,LOUISVILLE METRO POLICE DEPT,Accepted,JEFFERSON,I 0064,,I64 E,,,,,,,,,38.238371683,-85.669234242,9.934,10/21/2019 12:00:00 AM,0630,2,2,0,0,CLOUDY,DRY,False,REAR END IN TRAFFIC LANES BOTH VEHICLES MOVING,REAR END,STRAIGHT & LEVEL,DARK-HWY NOT LIGHTED,,,10/21/2019 12:01:30 PM,False,4903,Accepted,
25814496,0568000,LOUISVILLE METRO POLICE DEPT,Accepted,JEFFERSON,,,JEFFERSON,ST,W,KY1020,2ND,,,,,38.253483686,-85.753774683,0.095,10/21/2019 12:00:00 AM,1723,2,2,0,0,RAINING,WET,True,SIDESWIPE-SAME DIRECTION,SIDESWIPE-SAME DIRECTION,STRAIGHT & LEVEL,DUSK,,,10/23/2019 8:33:51 AM,False,5040,Accepted,
25808877,0568000,LOUISVILLE METRO POLICE DEPT,Accepted,JEFFERSON,KY1934,,CANE RUN,RD,,,POPLAR VIEW,,,,,38.186383215,-85.852756781,7.949,10/21/2019 12:00:00 AM,1500,2,2,0,0,CLOUDY,DRY,False,SIDESWIPE-SAME DIRECTION,SIDESWIPE-SAME DIRECTION,STRAIGHT & LEVEL,DAYLIGHT,,,10/22/2019 8:17:45 AM,False,7467,Accepted,
25808836,0568000,LOUISVILLE METRO POLICE DEPT,Accepted,JEFFERSON,,,VAUGHN MILL,RD,,,APPLEGATE,,,,,38.130399982,-85.628921472,1.053,10/21/2019 12:00:00 AM,0940,2,2,0,1,CLEAR,DRY,False,OTHER INTERSECTION COLLISIONS,REAR END,STRAIGHT & LEVEL,DAYLIGHT,,,10/22/2019 8:13:32 AM,False,2017,Accepted,
25808935,0568000,LOUISVILLE METRO POLICE DEPT,Accepted,JEFFERSON,KY0864,,POPLAR LEVEL,RD,,,SHEILA,,,,,38.159203792,-85.664736345,7.684,10/21/2019 12:00:00 AM,1301,2,2,0,0,CLOUDY,DRY,False,OTHER INTERSECTION COLLISIONS,REAR END,STRAIGHT & LEVEL,DAYLIGHT,,,10/22/2019 8:20:12 AM,False,7473,Accepted,
25808989,0568000,LOUISVILLE METRO POLICE DEPT,Accepted,JEFFERSON,,,MAGAZINE,ST,,,,,7TH,,8TH,38.248444664,-85.763875035,0.046,10/21/2019 12:00:00 AM,1641,2,2,0,0,CLEAR,DRY,True,1 VEHICLE PARKED POSITION (NOT PARKING LOT/DRIVEWAY),SIDESWIPE-SAME DIRECTION,STRAIGHT & LEVEL,OTHER,,,10/22/2019 8:25:56 AM,False,7266,Accepted,
25808998,0568000,LOUISVILLE METRO POLICE DEPT,Accepted,JEFFERSON,I 0065,,I65 N,,,,,I 0065,I65 EXIT12 RAMP TO I65 N,I 0065,I65 N EXIT132 ON RAMP FROM  CRITTENDEN DR,38.195185841,-85.733052138,131.131,10/21/2019 12:00:00 AM,2134,1,1,0,0,CLOUDY,DRY,False,COLLISION WITH FIXED OBJECT NON - INTERSECTION - FIRST EVENT COLLISION 09 - 32 EXCLUDING 16,SINGLE VEHICLE,CURVE & HILLCREST,DARK-HWY NOT LIGHTED,,,10/22/2019 8:27:43 AM,False,7851,Accepted,
25808932,0568000,LOUISVILLE METRO POLICE DEPT,Accepted,JEFFERSON,,4809,HUNTERS POINT,CIR,,,,,,,,38.166880690,-85.843390277,0.123,10/21/2019 12:00:00 AM,1017,1,1,0,0,CLOUDY,DRY,False,COLLISION WITH FIXED OBJECT NON - INTERSECTION - FIRST EVENT COLLISION 09 - 32 EXCLUDING 16,SINGLE VEHICLE,STRAIGHT & LEVEL,DAYLIGHT,,,10/22/2019 8:19:57 AM,False,7234,Accepted,
25814472,0568000,LOUISVILLE METRO POLICE DEPT,Accepted,JEFFERSON,,,BROOK,ST,S,US0150,BROADWAY,,,,,38.245622136,-85.751722966,2.853,10/21/2019 12:00:00 AM,1912,2,2,0,0,CLEAR,DRY,False,OTHER INTERSECTION COLLISIONS,REAR END,STRAIGHT & LEVEL,DARK-HWY LIGHTED/ON,,,10/23/2019 8:32:56 AM,False,7239,Accepted,
25814565,0568000,LOUISVILLE METRO POLICE DEPT,Accepted,JEFFERSON,,3800,GIBSON,LN,,,,,,,,38.232991515,-85.832434967,0.666,10/21/2019 12:00:00 AM,0907,2,1,0,1,CLEAR,DRY,False,COLLISION WITH PEDESTRIAN NON - INTERSECTION,SINGLE VEHICLE,STRAIGHT & LEVEL,DAYLIGHT,,,10/23/2019 8:44:18 AM,False,5002,Accepted,
25808952,0568000,LOUISVILLE METRO POLICE DEPT,Accepted,JEFFERSON,KY0061,,PRESTON,HWY,,,,,AUDUBON,,HART,38.202818862,-85.734941070,9.176,10/21/2019 12:00:00 AM,0917,2,1,0,1,CLEAR,DRY,False,COLLISION WITH PEDESTRIAN NON - INTERSECTION,SINGLE VEHICLE,STRAIGHT & LEVEL,DAYLIGHT,,,10/22/2019 8:22:11 AM,False,5273,Accepted,
25808990,0568000,LOUISVILLE METRO POLICE DEPT,Accepted,JEFFERSON,,,BROWNS,LN,,,BROOKHAVEN,,,,,38.228286181,-85.623031556,2.145,10/21/2019 12:00:00 AM,1626,2,2,0,0,CLOUDY,WET,False,OTHER INTERSECTION COLLISIONS,REAR END,STRAIGHT & LEVEL,DAYLIGHT,,,10/22/2019 8:26:07 AM,False,6100,Accepted,
25808839,0568000,LOUISVILLE METRO POLICE DEPT,Accepted,JEFFERSON,US0031E,,BARDSTOWN,RD,,I 0265,I265 E EXIT17 OFF RAMP TO US31E,,,,,38.139355896,-85.582219536,4.755,10/21/2019 12:00:00 AM,1153,2,2,0,0,CLOUDY,DRY,False,OTHER INTERSECTION COLLISIONS,REAR END,CURVE & LEVEL,DAYLIGHT,,,10/22/2019 8:13:49 AM,False,2017,Accepted,
25808846,0568000,LOUISVILLE METRO POLICE DEPT,Accepted,JEFFERSON,US0031W,,DIXIE,HWY,,,MEYERS,,,,,38.164798376,-85.830246467,13.071,10/21/2019 12:00:00 AM,0710,2,1,0,0,CLEAR,DRY,False,OTHER INTERSECTION COLLISIONS,SINGLE VEHICLE,STRAIGHT & LEVEL,DARK-HWY NOT LIGHTED,,,10/22/2019 8:16:01 AM,False,7356,Accepted,
25808963,0568000,LOUISVILLE METRO POLICE DEPT,Accepted,JEFFERSON,KY1727,,TERRY,RD,,KY1931,GREENWOOD,,,,,38.144689855,-85.871880249,1.589,10/21/2019 12:00:00 AM,1610,2,2,0,0,CLOUDY,OTHER,False,OTHER INTERSECTION COLLISIONS,REAR END,STRAIGHT & LEVEL,DAYLIGHT,,,10/22/2019 8:23:59 AM,False,7336,Accepted,
25856794,0568000,LOUISVILLE METRO POLICE DEPT,Accepted,JEFFERSON,,,HOMEVIEW,DR,,,COLORADO,,,,,38.209748078,-85.781765411,0.561,10/21/2019 12:00:00 AM,0700,2,2,0,0,CLEAR,DRY,True,OTHER INTERSECTION COLLISIONS,REAR END,STRAIGHT & LEVEL,DAYLIGHT,,,10/30/2019 9:17:51 AM,False,7251,Accepted,
25845427,0568000,LOUISVILLE METRO POLICE DEPT,Accepted,JEFFERSON,US0031E,,BUECHEL,BYP,,,HIKES,,,,,38.198433474,-85.660941455,10.973,10/21/2019 12:00:00 AM,1749,2,2,0,0,RAINING,WET,False,OTHER INTERSECTION COLLISIONS,REAR END,STRAIGHT & LEVEL,DAYLIGHT,,,10/28/2019 9:24:55 AM,False,7303,Accepted,
25808969,0568000,LOUISVILLE METRO POLICE DEPT,Accepted,JEFFERSON,KY0146,,LA GRANGE,RD,,I 0265,I265 N EXIT30 ON RAMP FROM KY146,,,,,38.288265183,-85.513141902,7.467,10/21/2019 12:00:00 AM,1721,2,2,0,0,RAINING,WET,False,OPPOSING LEFT TURN,OPPOSING LEFT TURN,STRAIGHT & LEVEL,DAYLIGHT,,,10/22/2019 8:24:26 AM,False,5287,Accepted,
25808867,0568000,LOUISVILLE METRO POLICE DEPT,Accepted,JEFFERSON,KY0907,,VALLEY STATION,RD,,,DEERING,,,,,38.105661432,-85.861509471,0.328,10/21/2019 12:00:00 AM,1334,2,2,0,0,CLEAR,DRY,False,OPPOSING LEFT TURN,OPPOSING LEFT TURN,STRAIGHT & LEVEL,DAYLIGHT,,,10/22/2019 8:16:51 AM,False,7424,Accepted,
25808834,0568000,LOUISVILLE METRO POLICE DEPT,Accepted,JEFFERSON,KY0864,,POPLAR LEVEL,RD,,,WILLOW,,,,,38.183780964,-85.699213324,10.380,10/21/2019 12:00:00 AM,1017,2,2,0,0,CLOUDY,DRY,False,ANGLE COLLISION - OTHER,ANGLE,STRAIGHT & LEVEL,DAYLIGHT,,,10/22/2019 8:13:11 AM,False,2796,Accepted,
25804789,0568000,LOUISVILLE METRO POLICE DEPT,Accepted,JEFFERSON,,,BROADWAY,,W,,24TH,,,,,38.249333677,-85.791561260,0.183,10/21/2019 12:00:00 AM,0834,2,2,0,0,CLOUDY,DRY,False,ANGLE COLLISION - OTHER,ANGLE,STRAIGHT & LEVEL,DAWN,,,10/21/2019 12:02:14 PM,False,7463,Accepted,
25809003,0568000,LOUISVILLE METRO POLICE DEPT,Accepted,JEFFERSON,KY0061,,PRESTON,ST,S,,BRECKINRIDGE,,,,,38.240714701,-85.748293146,11.933,10/21/2019 12:00:00 AM,1943,2,2,0,0,CLOUDY,DRY,True,ANGLE COLLISION - OTHER,ANGLE,STRAIGHT & LEVEL,DARK (UNKNOWN ROADWAY LIGHTING),,,10/22/2019 8:28:48 AM,False,5111,Accepted,
25809051,0568000,LOUISVILLE METRO POLICE DEPT,Accepted,JEFFERSON,KY3084,,OLD HENRY,RD,,,TERRA CROSSING,,,,,38.271893051,-85.495655904,1.465,10/21/2019 12:00:00 AM,1143,2,2,0,2,CLOUDY,DRY,False,ANGLE COLLISION - OTHER,ANGLE,STRAIGHT & LEVEL,DAYLIGHT,,,10/22/2019 8:34:31 AM,False,7751,Accepted,
25814517,0568000,LOUISVILLE METRO POLICE DEPT,Accepted,JEFFERSON,US0031E,,MARKET,ST,E,,WENZEL,,,,,38.252753722,-85.733994610,16.714,10/21/2019 12:00:00 AM,1542,2,2,0,2,CLOUDY,DRY,False,ANGLE COLLISION - OTHER,ANGLE,STRAIGHT & LEVEL,DAYLIGHT,,,10/23/2019 8:38:14 AM,False,2764,Accepted,
25814442,0568000,LOUISVILLE METRO POLICE DEPT,Accepted,JEFFERSON,KY2054,,ALGONQUIN,PKWY,,,16TH,,,,,38.222217158,-85.782839724,2.166,10/21/2019 12:00:00 AM,1722,2,2,0,3,RAINING,WET,False,ANGLE COLLISION - OTHER,ANGLE,STRAIGHT & LEVEL,DAYLIGHT,,,10/23/2019 8:29:27 AM,False,5260,Accepted,
25808924,0568000,LOUISVILLE METRO POLICE DEPT,Accepted,JEFFERSON,,,CLIFF,AVE,,,BRENTWOOD,,,,,38.194796857,-85.774799766,0.264,10/21/2019 12:00:00 AM,1516,2,2,0,0,RAINING,WET,False,ANGLE COLLISION - OTHER,ANGLE,STRAIGHT & LEVEL,DAYLIGHT,,,10/22/2019 8:19:12 AM,False,2927,Accepted,