IncidentID,AgencyORI,AgencyName,IncidentStatusDesc,County,RdwyNumber,Street,RoadwayName,StreetSfx,StreetDir,IntersectionRdwy,IntersectionRdwyName,BetweenStRdwy1,BetweenStRdwyName1,BetweenStRdwy2,BetweenStRdwyName2,Latitude,Longitude,Milepoint,CollisionDate,CollisionTime,UnitsInvolved,MotorVehiclesInvolved,NumberKilled,NumberInjured,Weather,RdwyConditionCode,HitandRun,DirAnalysisCode,MannerofCollision,RdwyCharacter,LightCondition,RampFromRdwyId,RampToRdwyId,AcceptedDate,IsSecondaryCollision,OwnerBadge,IncidentStatus,
25808938,0568000,LOUISVILLE METRO POLICE DEPT,Accepted,JEFFERSON,,,INDIAN,TRL,W,KY0061,PRESTON,,,,,38.169197008,-85.707726646,0.035,10/21/2019 12:00:00 AM,1655,2,2,0,0,RAINING,WET,False,ANGLE COLLISION - OTHER,ANGLE,STRAIGHT & LEVEL,DAYLIGHT,,,10/22/2019 8:20:32 AM,False,7473,Accepted,
25808954,0568000,LOUISVILLE METRO POLICE DEPT,Accepted,JEFFERSON,KY1931,,ST ANDREWS CHURCH,RD,,US0031W,DIXIE,,,,,38.143482341,-85.839499304,3.149,10/21/2019 12:00:00 AM,1809,2,2,0,0,RAINING,WET,False,ANGLE COLLISION - OTHER,ANGLE,STRAIGHT & LEVEL,DUSK,,,10/22/2019 8:23:17 AM,False,7485,Accepted,
25808936,0568000,LOUISVILLE METRO POLICE DEPT,Accepted,JEFFERSON,KY0864,,POPLAR LEVEL,RD,,,GARDINER,,,,,38.192681993,-85.706018058,11.094,10/21/2019 12:00:00 AM,1601,2,2,0,0,RAINING,WET,False,ANGLE COLLISION - ONE VEHICLE TURNING LEFT,ANGLE,STRAIGHT & LEVEL,DAYLIGHT,,,10/22/2019 8:20:23 AM,False,7473,Accepted,
25804776,0568000,LOUISVILLE METRO POLICE DEPT,Accepted,JEFFERSON,KY0155,,TAYLORSVILLE,RD,,,,,,,,38.219051205,-85.607723306,12.345,10/21/2019 12:00:00 AM,0704,2,2,0,0,CLEAR,DRY,False,,SIDESWIPE-SAME DIRECTION,STRAIGHT & LEVEL,DARK-HWY LIGHTED/ON,,,10/21/2019 12:01:43 PM,False,5146,Accepted,
25808977,0568000,LOUISVILLE METRO POLICE DEPT,Accepted,JEFFERSON,,,WHITNEY,AVE,W,,CLIFF,,,,,38.193844690,-85.774810564,0.453,10/21/2019 12:00:00 AM,1650,2,1,0,0,CLOUDY,WET,False,COLLISION WITH PEDESTRIAN IN INTERSECTION,SINGLE VEHICLE,STRAIGHT & LEVEL,DAYLIGHT,,,10/22/2019 8:24:35 AM,False,7298,Accepted,
25809005,0568000,LOUISVILLE METRO POLICE DEPT,Accepted,JEFFERSON,KY1020,,3RD,ST,S,,S BROOK CONNECTOR,,,,,38.207538916,-85.763458770,9.675,10/21/2019 12:00:00 AM,1842,2,2,0,0,CLEAR,DRY,False,COLLISION WITH FIXED OBJECT IN INTERSECTION - FIRST EVENT COLLISION 09 - 32,ANGLE,STRAIGHT & LEVEL,DARK-HWY LIGHTED/ON,,,10/22/2019 8:29:19 AM,False,7462,Accepted,
25809006,0568000,LOUISVILLE METRO POLICE DEPT,Accepted,JEFFERSON,,9800,PRESTON CROSSING,BLVD,,,,,,,,38.105251765,-85.670070480,0.100,10/21/2019 12:00:00 AM,1643,2,2,0,0,CLOUDY,DRY,True,COLLISION IN PARKING LOT,BACKING,STRAIGHT & LEVEL,DAYLIGHT,,,10/22/2019 8:29:30 AM,False,7474,Accepted,
25808922,0568000,LOUISVILLE METRO POLICE DEPT,Accepted,JEFFERSON,US0031W,10645,DIXIE,HWY,,,,,,,,38.097381897,-85.871484953,,10/20/2019 12:00:00 AM,1310,2,2,0,0,CLEAR,DRY,False,COLLISION IN PARKING LOT,ANGLE,STRAIGHT & LEVEL,DAYLIGHT,,,10/22/2019 8:18:37 AM,False,7609,Accepted,
25814992,0560600,WEST BUECHEL POLICE DEPT.,Accepted,JEFFERSON,,2020,BASHFORD MANOR,LN,,,,,,,,38.200018565,-85.668325441,0.254,10/20/2019 12:00:00 AM,1900,2,2,0,0,CLEAR,DRY,True,COLLISION IN PARKING LOT,BACKING,STRAIGHT & LEVEL,DAYLIGHT,,,10/23/2019 10:00:36 AM,False,1717,Accepted,
25804724,0568000,LOUISVILLE METRO POLICE DEPT,Accepted,JEFFERSON,KY1934,,CANE RUN,RD,,,,,,,,38.190406376,-85.851267880,9.087,10/20/2019 12:00:00 AM,1301,2,2,0,0,CLEAR,DRY,True,COLLISION IN PARKING LOT,ANGLE,STRAIGHT & LEVEL,DAYLIGHT,,,10/21/2019 11:55:52 AM,False,7420,Accepted,
25804747,0568000,LOUISVILLE METRO POLICE DEPT,Accepted,JEFFERSON,US0031E,8101,BARDSTOWN,RD,,,,,,,,38.128060614,-85.575622755,3.896,10/20/2019 12:00:00 AM,1934,2,2,0,0,CLEAR,DRY,False,COLLISION IN PARKING LOT,REAR END,STRAIGHT & LEVEL,DUSK,,,10/21/2019 11:58:06 AM,False,5214,Accepted,
25819480,0568000,LOUISVILLE METRO POLICE DEPT,Accepted,JEFFERSON,KY0061,,PRESTON,HWY,,,LOCUST,,,,,38.206915260,-85.737663863,9.474,10/20/2019 12:00:00 AM,0712,1,1,0,0,CLOUDY,DRY,False,COLLISION WITH FIXED OBJECT IN INTERSECTION - FIRST EVENT COLLISION 09 - 32,SINGLE VEHICLE,STRAIGHT & LEVEL,DARK-HWY LIGHTED/OFF,,,10/24/2019 8:15:03 AM,False,6148,Accepted,
25824753,0568000,LOUISVILLE METRO POLICE DEPT,Accepted,JEFFERSON,,,SOUTHERN,PKWY,,,KINGSTON,,,,,38.176021108,-85.772903917,0.481,10/20/2019 12:00:00 AM,2158,1,1,0,0,CLEAR,DRY,False,COLLISION WITH ANIMAL IN INTERSECTION,SINGLE VEHICLE,STRAIGHT & LEVEL,DARK-HWY LIGHTED/ON,,,10/25/2019 8:43:40 AM,False,7010,Accepted,
25804723,0568000,LOUISVILLE METRO POLICE DEPT,Accepted,JEFFERSON,KY1819,,BILLTOWN,RD,,,WEATHER VANE,,,,,38.151153791,-85.550970106,5.624,10/20/2019 12:00:00 AM,1603,2,2,0,0,CLEAR,DRY,False,ANGLE COLLISION - ONE VEHICLE TURNING LEFT,ANGLE,STRAIGHT & LEVEL,DAYLIGHT,,,10/21/2019 11:55:46 AM,False,5282,Accepted,
25804693,0568000,LOUISVILLE METRO POLICE DEPT,Accepted,JEFFERSON,,,PAYNE,ST,,,CLIFTON,,,,,38.252567049,-85.707260789,1.416,10/20/2019 12:00:00 AM,1215,2,2,0,0,CLEAR,DRY,False,COLLISION WITH PARKED VEHICLE,BACKING,STRAIGHT & LEVEL,DAYLIGHT,,,10/21/2019 11:51:52 AM,False,7833,Accepted,
25819460,0568000,LOUISVILLE METRO POLICE DEPT,Accepted,JEFFERSON,KY0907,,3RD ST,RD,,,CRISTLAND,,,,,38.140529893,-85.781833954,5.794,10/20/2019 12:00:00 AM,1252,2,2,0,2,CLEAR,DRY,False,ANGLE COLLISION - ONE VEHICLE TURNING LEFT,ANGLE,STRAIGHT & GRADE,DAYLIGHT,,,10/24/2019 8:13:45 AM,False,7139,Accepted,
25804703,0568000,LOUISVILLE METRO POLICE DEPT,Accepted,JEFFERSON,,,10TH,ST,S,,JEFFERSON,,,,,38.254945641,-85.766980552,0.191,10/20/2019 12:00:00 AM,1506,2,2,0,2,CLEAR,DRY,False,ANGLE COLLISION - OTHER,ANGLE,STRAIGHT & LEVEL,DAYLIGHT,,,10/21/2019 11:52:52 AM,False,5168,Accepted,
25804736,0568000,LOUISVILLE METRO POLICE DEPT,Accepted,JEFFERSON,US0060A,,EASTERN,PKWY,,,BARRET,,,,,38.226508700,-85.720432626,6.105,10/20/2019 12:00:00 AM,2105,2,2,0,0,CLEAR,DRY,False,ANGLE COLLISION - OTHER,ANGLE,CURVE & HILLCREST,DARK-HWY LIGHTED/ON,,,10/21/2019 11:57:11 AM,False,7049,Accepted,
25804738,0568000,LOUISVILLE METRO POLICE DEPT,Accepted,JEFFERSON,KY1020,,SOUTHSIDE,DR,,,STRAWBERRY,,,,,38.158773471,-85.764762286,6.133,10/20/2019 12:00:00 AM,2359,2,2,0,0,CLEAR,DRY,False,ANGLE COLLISION - OTHER,ANGLE,STRAIGHT & LEVEL,DARK-HWY LIGHTED/ON,,,10/21/2019 11:57:18 AM,False,7436,Accepted,
25804761,0568000,LOUISVILLE METRO POLICE DEPT,Accepted,JEFFERSON,,,SOUTHSIDE,DR,,,TENNY,,,,,38.176669565,-85.764718578,0.001,10/20/2019 12:00:00 AM,1916,2,2,0,0,CLEAR,DRY,False,ANGLE COLLISION - OTHER,ANGLE,STRAIGHT & LEVEL,DUSK,,,10/21/2019 11:59:56 AM,False,7291,Accepted,
25814711,0568000,LOUISVILLE METRO POLICE DEPT,Accepted,JEFFERSON,KY1020,,2ND,ST,S,,ST CATHERINE,,,,,38.237043942,-85.756591439,11.506,10/20/2019 12:00:00 AM,1630,2,2,0,0,CLEAR,DRY,False,ANGLE COLLISION - OTHER,ANGLE,STRAIGHT & LEVEL,DAYLIGHT,,,10/23/2019 8:50:56 AM,False,5279,Accepted,
25819450,0568000,LOUISVILLE METRO POLICE DEPT,Accepted,JEFFERSON,US0150,,BROADWAY,,E,KY0061,JACKSON,,,,,38.245256235,-85.745681059,3.066,10/20/2019 12:00:00 AM,1800,2,2,0,0,CLEAR,DRY,False,ANGLE COLLISION - OTHER,ANGLE,STRAIGHT & LEVEL,DAYLIGHT,,,10/24/2019 8:11:46 AM,False,2403,Accepted,
25804734,0568000,LOUISVILLE METRO POLICE DEPT,Accepted,JEFFERSON,KY0061,,PRESTON,HWY,,,ST RITA,,,,,38.128424826,-85.681218657,3.212,10/20/2019 12:00:00 AM,1940,2,2,0,0,CLEAR,DRY,False,ANGLE COLLISION - OTHER,ANGLE,STRAIGHT & LEVEL,DARK-HWY LIGHTED/ON,,,10/21/2019 11:56:56 AM,False,7423,Accepted,
25804655,0568000,LOUISVILLE METRO POLICE DEPT,Accepted,JEFFERSON,US0042,,STORY,AVE,,,JOHNSON,,,,,38.254567031,-85.731180416,0.090,10/20/2019 12:00:00 AM,1155,2,2,0,0,CLEAR,DRY,False,ANGLE COLLISION - OTHER,ANGLE,STRAIGHT & LEVEL,DAYLIGHT,,,10/21/2019 11:48:32 AM,False,2855,Accepted,
25804692,0568000,LOUISVILLE METRO POLICE DEPT,Accepted,JEFFERSON,US0042,,BROWNSBORO,RD,,,HITE,,,,,38.258805686,-85.697837977,2.078,10/20/2019 12:00:00 AM,1046,2,2,0,0,CLEAR,DRY,False,ANGLE COLLISION - OTHER,ANGLE,STRAIGHT & LEVEL,DAYLIGHT,,,10/21/2019 11:51:46 AM,False,7833,Accepted,
25804697,0568000,LOUISVILLE METRO POLICE DEPT,Accepted,JEFFERSON,,,VERMONT,AVE,,,40TH,,,,,38.256619789,-85.816747681,0.882,10/20/2019 12:00:00 AM,1556,2,2,0,2,CLEAR,DRY,False,ANGLE COLLISION - OTHER,ANGLE,STRAIGHT & LEVEL,DAYLIGHT,,,10/21/2019 11:52:08 AM,False,5003,Accepted,
25804754,0568000,LOUISVILLE METRO POLICE DEPT,Accepted,JEFFERSON,KY1865,,TAYLOR,BLVD,,I 0264,I264 W EXIT9 ON RAMP FROM KY1865,,,,,38.189600860,-85.783451386,5.743,10/20/2019 12:00:00 AM,2111,2,2,0,0,CLEAR,DRY,False,OPPOSING LEFT TURN,OPPOSING LEFT TURN,STRAIGHT & LEVEL,DARK-HWY LIGHTED/ON,,,10/21/2019 11:58:56 AM,False,5205,Accepted,
25804629,0568000,LOUISVILLE METRO POLICE DEPT,Accepted,JEFFERSON,,,OLD TAYLORSVILLE,RD,,,POPE LICK,,,,,38.188743919,-85.486468491,0.738,10/20/2019 12:00:00 AM,0140,2,2,0,0,CLOUDY,DRY,False,SIDESWIPE-SAME DIRECTION,SIDESWIPE-SAME DIRECTION,STRAIGHT & LEVEL,DARK-HWY LIGHTED/ON,,,10/21/2019 11:46:47 AM,False,6977,Accepted,
25804634,0568000,LOUISVILLE METRO POLICE DEPT,Accepted,JEFFERSON,,529,HUBBARDS,LN,N,,,,,,,38.268174597,-85.647967284,1.275,10/20/2019 12:00:00 AM,0300,1,1,0,0,CLOUDY,WET,False,COLLISION WITH FIXED OBJECT NON - INTERSECTION - FIRST EVENT COLLISION 09 - 32 EXCLUDING 16,SINGLE VEHICLE,CURVE & LEVEL,DARK-HWY NOT LIGHTED,,,10/21/2019 11:47:33 AM,False,5154,Accepted,
25804685,0568000,LOUISVILLE METRO POLICE DEPT,Accepted,JEFFERSON,I 0064,,I64 W,,,,,,,,,38.219488238,-85.435321539,22.716,10/20/2019 12:00:00 AM,1442,1,1,0,0,CLEAR,DRY,False,COLLISION WITH FIXED OBJECT NON - INTERSECTION - FIRST EVENT COLLISION 09 - 32 EXCLUDING 16,SINGLE VEHICLE,STRAIGHT & LEVEL,DAYLIGHT,,,10/21/2019 11:51:20 AM,False,7858,Accepted,
25804750,0568000,LOUISVILLE METRO POLICE DEPT,Accepted,JEFFERSON,KY1727,,TERRY,RD,,,,,MURRAY,,FRANK LEE,38.168947808,-85.867647105,3.333,10/20/2019 12:00:00 AM,1953,1,1,0,0,CLEAR,DRY,False,COLLISION WITH ANIMAL NON INTERSECTION,SINGLE VEHICLE,STRAIGHT & LEVEL,DARK-HWY NOT LIGHTED,,,10/21/2019 11:58:25 AM,False,7980,Accepted,
25804735,0568000,LOUISVILLE METRO POLICE DEPT,Accepted,JEFFERSON,,3418,RIVER PARK,DR,,,,,,,,38.254564273,-85.808488343,1.012,10/20/2019 12:00:00 AM,0920,2,2,0,0,CLEAR,DRY,False,1 VEHICLE PARKED POSITION (NOT PARKING LOT/DRIVEWAY),BACKING,STRAIGHT & LEVEL,DAYLIGHT,,,10/21/2019 11:57:05 AM,False,5000,Accepted,
25804752,0568000,LOUISVILLE METRO POLICE DEPT,Accepted,JEFFERSON,,1107,CENTRAL,AVE,,,,,,,,38.207082324,-85.776889777,1.091,10/20/2019 12:00:00 AM,2253,2,2,0,0,CLEAR,DRY,True,1 VEHICLE PARKED POSITION (NOT PARKING LOT/DRIVEWAY),SIDESWIPE-SAME DIRECTION,STRAIGHT & LEVEL,DARK-HWY LIGHTED/ON,,,10/21/2019 11:58:38 AM,False,5183,Accepted,
25804626,0568000,LOUISVILLE METRO POLICE DEPT,Accepted,JEFFERSON,,6307,WINDING STREAM,DR,,,,,,,,38.082345433,-85.876555366,0.282,10/20/2019 12:00:00 AM,0114,2,2,0,0,CLEAR,DRY,False,1 VEHICLE PARKED POSITION (NOT PARKING LOT/DRIVEWAY),BACKING,STRAIGHT & LEVEL,DARK (UNKNOWN ROADWAY LIGHTING),,,10/21/2019 11:46:26 AM,False,5103,Accepted,
25804713,0568000,LOUISVILLE METRO POLICE DEPT,Accepted,JEFFERSON,,,TYLER,PKWY,,,,,TYLER PARK,US0031E,BARDSTOWN,38.232767300,-85.713968837,0.109,10/20/2019 12:00:00 AM,1631,2,2,0,0,CLEAR,DRY,False,1 VEHICLE PARKED POSITION (NOT PARKING LOT/DRIVEWAY),SIDESWIPE-OPPOSITE DIRECTION,STRAIGHT & GRADE,DAYLIGHT,,,10/21/2019 11:54:06 AM,False,5289,Accepted,
25804733,0568000,LOUISVILLE METRO POLICE DEPT,Accepted,JEFFERSON,US0150,418,BROADWAY,,E,,,,,,,38.245236975,-85.746291786,3.036,10/20/2019 12:00:00 AM,2000,1,1,0,0,CLEAR,DRY,False,COLLISION WITH FIXED OBJECT NON - INTERSECTION - FIRST EVENT COLLISION 09 - 32 EXCLUDING 16,SINGLE VEHICLE,STRAIGHT & LEVEL,DARK-HWY LIGHTED/ON,,,10/21/2019 11:56:50 AM,False,5135,Accepted,
25804676,0568000,LOUISVILLE METRO POLICE DEPT,Accepted,JEFFERSON,US0060,15823,SHELBYVILLE,RD,,,,,,,,38.236378327,-85.461991607,14.371,10/20/2019 12:00:00 AM,0759,1,1,0,0,CLOUDY,DRY,False,RAN OFF ROADWAY (1 VEHICLE WITH/EARTH EMBANKMENT/DITCH),SINGLE VEHICLE,CURVE & HILLCREST,DAWN,,,10/21/2019 11:50:59 AM,False,7858,Accepted,
25845414,0568000,LOUISVILLE METRO POLICE DEPT,Accepted,JEFFERSON,,3101,FORDHAVEN,RD,,,,,,,,38.148759524,-85.816727076,0.184,10/20/2019 12:00:00 AM,1500,2,2,0,0,CLOUDY,DRY,True,1 VEHICLE PARKED POSITION (NOT PARKING LOT/DRIVEWAY),SIDESWIPE-SAME DIRECTION,STRAIGHT & LEVEL,DAYLIGHT,,,10/28/2019 9:23:10 AM,False,7232,Accepted,
25804739,0568000,LOUISVILLE METRO POLICE DEPT,Accepted,JEFFERSON,US0031E,1069,BARDSTOWN,RD,,US0031E,BAXTER,,,,,38.240261283,-85.724182805,15.648,10/20/2019 12:00:00 AM,2009,3,3,0,0,CLEAR,DRY,True,OTHER INTERSECTION COLLISIONS,REAR END,STRAIGHT & LEVEL,DARK-HWY LIGHTED/ON,,,10/21/2019 11:57:32 AM,True,5272,Accepted,
25824675,0568000,LOUISVILLE METRO POLICE DEPT,Accepted,JEFFERSON,KY1747,,HURSTBOURNE,PKWY,S,,WATTERSON,,,,,38.183828082,-85.606571463,8.547,10/20/2019 12:00:00 AM,1402,2,2,0,0,CLEAR,DRY,False,SIDESWIPE-SAME DIRECTION,SIDESWIPE-SAME DIRECTION,STRAIGHT & GRADE,DAYLIGHT,,,10/25/2019 8:34:18 AM,False,7294,Accepted,
25804631,0568000,LOUISVILLE METRO POLICE DEPT,Accepted,JEFFERSON,,,BROOK,ST,S,,MUHAMMAD ALI,,,,,38.250541241,-85.751576619,3.199,10/20/2019 12:00:00 AM,0109,2,2,0,0,CLEAR,WET,True,OTHER INTERSECTION COLLISIONS,REAR END,STRAIGHT & LEVEL,DARK-HWY LIGHTED/ON,,,10/21/2019 11:47:02 AM,False,5135,Accepted,
25804666,0568000,LOUISVILLE METRO POLICE DEPT,Accepted,JEFFERSON,KY1020,,NATIONAL,TPKE,,KY1020,SOUTHSIDE,,,,,38.152382059,-85.765440973,5.648,10/20/2019 12:00:00 AM,1230,2,2,0,0,CLEAR,DRY,False,OTHER INTERSECTION COLLISIONS,REAR END,STRAIGHT & LEVEL,DAYLIGHT,,,10/21/2019 11:49:47 AM,False,7080,Accepted,
25804709,0568000,LOUISVILLE METRO POLICE DEPT,Accepted,JEFFERSON,KY0061,,PRESTON,HWY,,KY1065,OUTER,,,,,38.138270438,-85.686579063,3.947,10/20/2019 12:00:00 AM,1556,2,2,0,0,CLEAR,DRY,False,OTHER INTERSECTION COLLISIONS,REAR END,STRAIGHT & LEVEL,DAYLIGHT,,,10/21/2019 11:53:25 AM,False,5005,Accepted,
25804712,0568000,LOUISVILLE METRO POLICE DEPT,Accepted,JEFFERSON,KY1865,,NEW CUT,RD,,,,,,,,38.113912159,-85.770726528,0.260,10/20/2019 12:00:00 AM,1707,2,2,0,0,CLEAR,DRY,True,REAR END IN TRAFFIC LANES BOTH VEHICLES MOVING,REAR END,STRAIGHT & GRADE,DAYLIGHT,,,10/21/2019 11:54:02 AM,False,7221,Accepted,
25804644,0568000,LOUISVILLE METRO POLICE DEPT,Accepted,JEFFERSON,US0031E,,BARDSTOWN,RD,,,,,,,,38.230466675,-85.704038629,14.329,10/20/2019 12:00:00 AM,1032,2,2,0,1,CLEAR,DRY,False,REAR END IN TRAFFIC LANES BOTH VEHICLES MOVING,REAR END,STRAIGHT & LEVEL,DAYLIGHT,,,10/21/2019 11:48:06 AM,False,5112,Accepted,
25806015,0560000,JEFFERSON COUNTY SHERIFF DEPT.,Accepted,JEFFERSON,,,TAYLORSVILLE,RD,,,,,,,,38.165306907,-85.440917363,1.704,10/20/2019 12:00:00 AM,1830,2,2,0,0,CLEAR,DRY,False,REAR END IN TRAFFIC LANES BOTH VEHICLES MOVING,REAR END,STRAIGHT & LEVEL,DAYLIGHT,,,10/21/2019 3:52:10 PM,False,4025,Accepted,
25804652,0568000,LOUISVILLE METRO POLICE DEPT,Accepted,JEFFERSON,US0060,,FRANKFORT,AVE,,,,,,,,38.257531250,-85.718944354,0.023,10/20/2019 12:00:00 AM,1215,2,2,0,0,CLEAR,DRY,False,REAR END IN TRAFFIC LANES BOTH VEHICLES MOVING,REAR END,STRAIGHT & LEVEL,DAYLIGHT,,,10/21/2019 11:48:21 AM,False,7023,Accepted,
25804749,0568000,LOUISVILLE METRO POLICE DEPT,Accepted,JEFFERSON,,,BLANTON,LN,,,,,MILLS,,OAK VALLEY,38.154869376,-85.825334543,0.580,10/20/2019 12:00:00 AM,2304,1,1,0,0,CLEAR,DRY,False,OTHER COLLISIONS ON SHOULDER,SINGLE VEHICLE,STRAIGHT & LEVEL,DARK-HWY NOT LIGHTED,,,10/21/2019 11:58:20 AM,False,7980,Accepted,
25804744,0568000,LOUISVILLE METRO POLICE DEPT,Accepted,JEFFERSON,I 0264,,BANK,ST,,,,,,,,38.271413452,-85.808669860,0.099,10/20/2019 12:00:00 AM,0130,2,2,0,1,CLEAR,DRY,False,HEAD-ON COLLISION,HEAD ON,CURVE & GRADE,DARK-HWY LIGHTED/ON,,,10/21/2019 11:57:53 AM,True,7481,Accepted,
25804753,0568000,LOUISVILLE METRO POLICE DEPT,Accepted,JEFFERSON,,,7TH,ST,S,,DAVIES,,,,,38.224173292,-85.771201013,0.439,10/20/2019 12:00:00 AM,0507,2,2,0,2,CLEAR,DRY,False,HEAD-ON COLLISION,HEAD ON,STRAIGHT & HILLCREST,DARK-HWY LIGHTED/ON,,,10/21/2019 11:58:46 AM,False,5205,Accepted,
25804748,0568000,LOUISVILLE METRO POLICE DEPT,Accepted,JEFFERSON,,,NORTON,AVE,,,,,DEARING,,ALDER,38.171495169,-85.712741899,0.211,10/20/2019 12:00:00 AM,2215,2,2,0,0,,,True,1 VEHICLE PARKED POSITION (NOT PARKING LOT/DRIVEWAY),,,,,,10/21/2019 11:58:13 AM,False,5165,Accepted,
25804731,0568000,LOUISVILLE METRO POLICE DEPT,Accepted,JEFFERSON,,2214,GARLAND,AVE,,,,,,,,38.244174897,-85.789971887,1.264,10/20/2019 12:00:00 AM,1800,2,2,0,0,CLEAR,DRY,False,1 VEHICLE PARKED POSITION (NOT PARKING LOT/DRIVEWAY),SIDESWIPE-SAME DIRECTION,STRAIGHT & LEVEL,DAYLIGHT,,,10/21/2019 11:56:21 AM,False,5243,Accepted,
25804649,0568000,LOUISVILLE METRO POLICE DEPT,Accepted,JEFFERSON,,3100B,VERMONT,AVE,,,,,,,,38.255056097,-85.803548429,0.155,10/20/2019 12:00:00 AM,0752,2,2,0,1,CLOUDY,DRY,False,1 VEHICLE PARKED POSITION (NOT PARKING LOT/DRIVEWAY),SIDESWIPE-SAME DIRECTION,STRAIGHT & LEVEL,DAWN,,,10/21/2019 11:48:16 AM,False,7361,Accepted,
25804716,0568000,LOUISVILLE METRO POLICE DEPT,Accepted,JEFFERSON,,,OAK,ST,E,,,,CLAY,KY0864,SHELBY,38.233637785,-85.742165762,0.728,10/20/2019 12:00:00 AM,1734,2,2,0,0,CLEAR,DRY,False,1 VEHICLE PARKED POSITION (NOT PARKING LOT/DRIVEWAY),SIDESWIPE-SAME DIRECTION,STRAIGHT & LEVEL,DAYLIGHT,,,10/21/2019 11:54:52 AM,False,5269,Accepted,
25819479,0568000,LOUISVILLE METRO POLICE DEPT,Accepted,JEFFERSON,,1371,OLIVE,ST,,,,,,,,38.233960196,-85.799380473,0.185,10/20/2019 12:00:00 AM,1805,4,4,0,0,CLEAR,DRY,True,1 VEHICLE PARKED POSITION (NOT PARKING LOT/DRIVEWAY),REAR END,STRAIGHT & LEVEL,DAYLIGHT,,,10/24/2019 8:14:50 AM,False,7656,Accepted,
25891722,0568000,LOUISVILLE METRO POLICE DEPT,Accepted,JEFFERSON,KY0864,,POPLAR LEVEL,RD,,,,,VALLA,,INDIAN,38.175239436,-85.687736547,9.508,10/20/2019 12:00:00 AM,2211,2,2,0,0,CLEAR,DRY,False,1 VEHICLE ENTERING/LEAVING ENTRANCE,ANGLE,STRAIGHT & LEVEL,DARK-HWY LIGHTED/ON,,,11/7/2019 8:44:52 AM,False,7431,Accepted,
25804656,0568000,LOUISVILLE METRO POLICE DEPT,Accepted,JEFFERSON,US0031E,,BAXTER,AVE,,,,,PAYNE,,HULL,38.246323367,-85.729030930,16.128,10/20/2019 12:00:00 AM,1219,2,2,0,0,CLEAR,DRY,True,VEHICLE BACKING NON INTERSECTION,BACKING,STRAIGHT & LEVEL,DAYLIGHT,,,10/21/2019 11:48:36 AM,False,5289,Accepted,
25804680,0568000,LOUISVILLE METRO POLICE DEPT,Accepted,JEFFERSON,KY0841,,GENE SNYDER,FWY,,,,,,,,38.316692667,-85.586924423,35.023,10/20/2019 12:00:00 AM,1012,2,2,0,0,CLEAR,DRY,True,SIDESWIPE COLLISION - SAME DIRECTION,SIDESWIPE-SAME DIRECTION,CURVE & HILLCREST,DAYLIGHT,,,10/21/2019 11:51:09 AM,False,7858,Accepted,
25804715,0568000,LOUISVILLE METRO POLICE DEPT,Accepted,JEFFERSON,,648,EASTLAWN,AVE,,,,,,,,38.252072312,-85.805476920,0.089,10/20/2019 12:00:00 AM,1453,2,2,0,0,CLEAR,DRY,True,SIDESWIPE COLLISION - SAME DIRECTION,SIDESWIPE-SAME DIRECTION,STRAIGHT & LEVEL,DAYLIGHT,,,10/21/2019 11:54:45 AM,False,7479,Accepted,
25804667,0568000,LOUISVILLE METRO POLICE DEPT,Accepted,JEFFERSON,,9300,WALTLEE,RD,,,,,,,,38.169839737,-85.580926576,0.922,10/20/2019 12:00:00 AM,1352,2,2,0,1,CLEAR,DRY,True,SIDESWIPE COLLISION - SAME DIRECTION,SIDESWIPE-SAME DIRECTION,CURVE & LEVEL,DAYLIGHT,,,10/21/2019 11:49:56 AM,False,7255,Accepted,
25804637,0568000,LOUISVILLE METRO POLICE DEPT,Accepted,JEFFERSON,,3900BLK,PRODUCE,RD,,,,,,,,38.183476291,-85.684443345,0.502,10/20/2019 12:00:00 AM,0030,2,2,0,1,CLEAR,DRY,False,SIDESWIPE COLLISION - OPPOSITE DIRECTION,SIDESWIPE-OPPOSITE DIRECTION,STRAIGHT & LEVEL,DARK-HWY LIGHTED/ON,,,10/21/2019 11:47:42 AM,False,5189,Accepted,
25804706,0568000,LOUISVILLE METRO POLICE DEPT,Accepted,JEFFERSON,I 0264,,,,,,,,,,,38.238133176,-85.815713860,0.206,10/20/2019 12:00:00 AM,0634,2,2,0,1,CLEAR,DRY,True,OTHER RAMP RELATED COLLISIONS NOT LISTED ABOVE,HEAD ON,CURVE & HILLCREST,DARK (UNKNOWN ROADWAY LIGHTING),I 0264,DUMESNIL ST,10/21/2019 11:53:15 AM,False,7458,Accepted,
25804742,0568000,LOUISVILLE METRO POLICE DEPT,Accepted,JEFFERSON,,,6TH,ST,S,,,US0031W,MARKET,,CONGRESS,38.255136563,-85.760197277,0.078,10/20/2019 12:00:00 AM,0036,1,1,0,0,CLOUDY,DRY,False,OTHER ROADWAY OR MID-BLOCK COLLISION,SINGLE VEHICLE,STRAIGHT & LEVEL,DARK-HWY LIGHTED/ON,,,10/21/2019 11:57:46 AM,False,5251,Accepted,