IncidentID,AgencyORI,AgencyName,IncidentStatusDesc,County,RdwyNumber,Street,RoadwayName,StreetSfx,StreetDir,IntersectionRdwy,IntersectionRdwyName,BetweenStRdwy1,BetweenStRdwyName1,BetweenStRdwy2,BetweenStRdwyName2,Latitude,Longitude,Milepoint,CollisionDate,CollisionTime,UnitsInvolved,MotorVehiclesInvolved,NumberKilled,NumberInjured,Weather,RdwyConditionCode,HitandRun,DirAnalysisCode,MannerofCollision,RdwyCharacter,LightCondition,RampFromRdwyId,RampToRdwyId,AcceptedDate,IsSecondaryCollision,OwnerBadge,IncidentStatus,
25804668,0568000,LOUISVILLE METRO POLICE DEPT,Accepted,JEFFERSON,,2501,4TH,ST,S,,,,MONTANA,US0060A,WINKLER,38.211002600,-85.764543831,3.177,10/20/2019 12:00:00 AM,1523,2,2,0,0,CLEAR,DRY,False,OTHER ROADWAY OR MID-BLOCK COLLISION,OPPOSING LEFT TURN,STRAIGHT & LEVEL,DAYLIGHT,,,10/21/2019 11:50:09 AM,False,7872,Accepted,
25824752,0568000,LOUISVILLE METRO POLICE DEPT,Accepted,JEFFERSON,,500B,TENNY,AVE,W,,,,,,,38.177336670,-85.771008181,0.295,10/20/2019 12:00:00 AM,0527,1,1,0,0,CLEAR,DRY,True,OTHER ROADWAY OR MID-BLOCK COLLISION,SINGLE VEHICLE,STRAIGHT & LEVEL,DARK (UNKNOWN ROADWAY LIGHTING),,,10/25/2019 8:43:35 AM,False,7010,Accepted,
25804489,0568000,LOUISVILLE METRO POLICE DEPT,Accepted,JEFFERSON,I 0064,,,,,,,,,,,38.258656970,-85.742334444,1.008,10/19/2019 12:00:00 AM,0115,1,1,0,0,CLEAR,DRY,False,OTHER RAMP RELATED COLLISIONS NOT LISTED ABOVE,SINGLE VEHICLE,CURVE & GRADE,DARK-HWY LIGHTED/ON,I 0064,I 0065,10/21/2019 11:33:53 AM,False,7325,Accepted,
25948974,0568000,LOUISVILLE METRO POLICE DEPT,Accepted,JEFFERSON,I 0065,,I65 N,,,,,,,,,38.207490451,-85.751031289,132.552,10/19/2019 12:00:00 AM,2243,1,1,0,0,CLEAR,WET,False,OTHER ROADWAY OR MID-BLOCK COLLISION,SINGLE VEHICLE,CURVE & GRADE,DARK-HWY LIGHTED/ON,,,11/20/2019 9:47:15 AM,False,7243,Accepted,
25804609,0568000,LOUISVILLE METRO POLICE DEPT,Accepted,JEFFERSON,I 0264,,,,,,,,,,,38.209688227,-85.827819249,0.161,10/19/2019 12:00:00 AM,2140,2,2,0,0,CLEAR,DRY,True,OTHER RAMP RELATED COLLISIONS NOT LISTED ABOVE,REAR END,STRAIGHT & GRADE,DARK-HWY LIGHTED/OFF,I 0264,KY1934,10/21/2019 11:45:44 AM,False,2877,Accepted,
25804585,0568000,LOUISVILLE METRO POLICE DEPT,Accepted,JEFFERSON,US0042,,MELLWOOD,AVE,,,,,,,,38.257033739,-85.720325189,0.738,10/19/2019 12:00:00 AM,1607,2,2,0,0,CLEAR,DRY,False,1 VEHICLE ENTERING/LEAVING ENTRANCE,ANGLE,STRAIGHT & LEVEL,DAYLIGHT,,,10/21/2019 11:42:03 AM,False,5293,Accepted,
25804602,0568000,LOUISVILLE METRO POLICE DEPT,Accepted,JEFFERSON,,,CRITTENDEN,DR,,,,,PARK,,WOODLAWN,38.192162272,-85.755930732,0.639,10/19/2019 12:00:00 AM,1200,2,2,0,0,CLOUDY,DRY,False,1 VEHICLE ENTERING/LEAVING ENTRANCE,ANGLE,CURVE & LEVEL,DAYLIGHT,,,10/21/2019 11:45:07 AM,False,6100,Accepted,
25814983,0560600,WEST BUECHEL POLICE DEPT.,Accepted,JEFFERSON,,1900,BASHFORD MANOR,LN,,,,,,,,38.199843816,-85.670485304,0.390,10/19/2019 12:00:00 AM,1900,3,3,0,0,CLEAR,DRY,True,1 VEHICLE ENTERING/LEAVING ENTRANCE,ANGLE,STRAIGHT & LEVEL,OTHER,,,10/23/2019 10:00:18 AM,False,1290,Accepted,
25804639,0568000,LOUISVILLE METRO POLICE DEPT,Accepted,JEFFERSON,KY2251,,BARDSTOWN,RD,,,,,STEIER,,HIKES,38.198477488,-85.658884615,0.971,10/19/2019 12:00:00 AM,1415,2,2,0,0,CLEAR,DRY,False,SIDESWIPE COLLISION - SAME DIRECTION,SIDESWIPE-SAME DIRECTION,STRAIGHT & LEVEL,DAYLIGHT,,,10/21/2019 11:47:54 AM,False,7482,Accepted,
25804572,0568000,LOUISVILLE METRO POLICE DEPT,Accepted,JEFFERSON,,,WITHERSPOON,ST,E,,,,,,,38.261628150,-85.736513840,0.953,10/19/2019 12:00:00 AM,1300,2,2,0,0,CLEAR,DRY,False,SIDESWIPE COLLISION - SAME DIRECTION,SIDESWIPE-SAME DIRECTION,STRAIGHT & LEVEL,DAYLIGHT,,,10/21/2019 11:40:13 AM,False,2855,Accepted,
25804755,0568000,LOUISVILLE METRO POLICE DEPT,Accepted,JEFFERSON,I 0264,,I264 E,,,,,,,,,38.188976009,-85.783446021,9.093,10/19/2019 12:00:00 AM,2240,2,2,0,0,CLEAR,DRY,False,1 VEHICLE ENTERING/LEAVING ENTRANCE,ANGLE,STRAIGHT & LEVEL,DARK-HWY LIGHTED/ON,,,10/21/2019 11:59:00 AM,False,5205,Accepted,
25804722,0568000,LOUISVILLE METRO POLICE DEPT,Accepted,JEFFERSON,US0031W,,DIXIE,HWY,,,,,,,,38.129846232,-85.848090780,10.474,10/19/2019 12:00:00 AM,2220,2,2,0,0,CLOUDY,DRY,False,1 VEHICLE ENTERING/LEAVING ENTRANCE,ANGLE,STRAIGHT & LEVEL,DARK-HWY LIGHTED/ON,,,10/21/2019 11:55:42 AM,False,5136,Accepted,
25804564,0568000,LOUISVILLE METRO POLICE DEPT,Accepted,JEFFERSON,US0031E,,BARDSTOWN,RD,,,,,GRINSTEAD,,ELLWOOD,38.238307563,-85.720791935,15.410,10/19/2019 12:00:00 AM,0953,2,2,0,0,CLEAR,DRY,False,1 VEHICLE ENTERING/LEAVING ENTRANCE,ANGLE,STRAIGHT & LEVEL,DAYLIGHT,,,10/21/2019 11:39:31 AM,False,7129,Accepted,
25804505,0568000,LOUISVILLE METRO POLICE DEPT,Accepted,JEFFERSON,,,15TH,ST,S,,,,,,,38.251080471,-85.776105970,1.905,10/19/2019 12:00:00 AM,0341,2,2,0,0,CLEAR,DRY,True,1 VEHICLE ENTERING/LEAVING ENTRANCE,ANGLE,STRAIGHT & GRADE,DARK-HWY LIGHTED/ON,,,10/21/2019 11:35:46 AM,False,5251,Accepted,
25814977,0560600,WEST BUECHEL POLICE DEPT.,Accepted,JEFFERSON,,1900,BASHFORD MANOR,LN,,,,,,,,38.196009189,-85.677916051,0.873,10/19/2019 12:00:00 AM,1130,2,2,0,0,CLEAR,DRY,True,1 VEHICLE PARKED POSITION (NOT PARKING LOT/DRIVEWAY),REAR END,STRAIGHT & LEVEL,DARK (UNKNOWN ROADWAY LIGHTING),,,10/23/2019 10:00:06 AM,False,1272,Accepted,
25804717,0568000,LOUISVILLE METRO POLICE DEPT,Accepted,JEFFERSON,,,5TH,ST,S,,,,,,,38.209253684,-85.766539154,1.855,10/19/2019 12:00:00 AM,1024,2,2,0,0,CLEAR,DRY,True,1 VEHICLE PARKED POSITION (NOT PARKING LOT/DRIVEWAY),SIDESWIPE-OPPOSITE DIRECTION,STRAIGHT & LEVEL,DAYLIGHT,,,10/21/2019 11:55:03 AM,False,7398,Accepted,
25804632,0568000,LOUISVILLE METRO POLICE DEPT,Accepted,JEFFERSON,,113,COLLINS,CT,W,,,,,,,38.200254834,-85.763048817,0.112,10/19/2019 12:00:00 AM,2036,4,4,0,0,CLEAR,DRY,False,1 VEHICLE PARKED POSITION (NOT PARKING LOT/DRIVEWAY),HEAD ON,STRAIGHT & LEVEL,DARK-HWY LIGHTED/ON,,,10/21/2019 11:47:08 AM,False,5252,Accepted,
25804630,0568000,LOUISVILLE METRO POLICE DEPT,Accepted,JEFFERSON,,316,CHESTNUT,ST,E,,,,,,,38.247656784,-85.744796360,0.409,10/19/2019 12:00:00 AM,2115,2,2,0,0,CLEAR,DRY,False,1 VEHICLE PARKED POSITION (NOT PARKING LOT/DRIVEWAY),SIDESWIPE-SAME DIRECTION,STRAIGHT & LEVEL,DARK-HWY LIGHTED/ON,,,10/21/2019 11:46:53 AM,False,5135,Accepted,
25804605,0568000,LOUISVILLE METRO POLICE DEPT,Accepted,JEFFERSON,I 0064,,I64 W,,,,,I 0064,I64 W EXIT8 ON RAMP FROM  GRINSTEAD DR,I 0064,I64 TURN AROUND7,38.249888634,-85.709711127,7.327,10/19/2019 12:00:00 AM,0617,2,2,0,0,CLEAR,DRY,False,REAR END IN TRAFFIC LANES BOTH VEHICLES MOVING,REAR END,STRAIGHT & LEVEL,DARK-HWY LIGHTED/ON,,,10/21/2019 11:45:31 AM,False,7049,Accepted,
25804592,0568000,LOUISVILLE METRO POLICE DEPT,Accepted,JEFFERSON,KY1932,,BRECKENRIDGE,LN,,,,,MANNER DALE,,MANNER GATE,38.204433695,-85.622839974,1.633,10/19/2019 12:00:00 AM,1458,2,2,0,0,CLEAR,DRY,True,REAR END IN TRAFFIC LANES BOTH VEHICLES MOVING,REAR END,STRAIGHT & LEVEL,DAYLIGHT,,,10/21/2019 11:42:55 AM,False,7448,Accepted,
25804573,0568000,LOUISVILLE METRO POLICE DEPT,Accepted,JEFFERSON,,,GELLHAUS,LN,,,,,,,,38.155638140,-85.542793901,0.533,10/19/2019 12:00:00 AM,1246,2,2,0,0,CLEAR,DRY,True,REAR END IN TRAFFIC LANES BOTH VEHICLES MOVING,REAR END,STRAIGHT & GRADE,DAYLIGHT,,,10/21/2019 11:40:24 AM,False,7255,Accepted,
25804588,0568000,LOUISVILLE METRO POLICE DEPT,Accepted,JEFFERSON,,,LEDGEROCK,RD,,,WHISPERING HILLS,,,,,38.147128177,-85.645544708,0.131,10/19/2019 12:00:00 AM,1658,2,2,0,0,CLEAR,DRY,False,HEAD-ON COLLISION,HEAD ON,STRAIGHT & LEVEL,DAYLIGHT,,,10/21/2019 11:42:34 AM,False,7484,Accepted,
25824741,0568000,LOUISVILLE METRO POLICE DEPT,Accepted,JEFFERSON,US0031E,,BARDSTOWN,RD,,,,,,,,38.168283039,-85.603990010,7.169,10/19/2019 12:00:00 AM,2030,2,2,0,0,CLEAR,DRY,True,SIDESWIPE COLLISION - SAME DIRECTION,SIDESWIPE-SAME DIRECTION,STRAIGHT & LEVEL,DARK-HWY LIGHTED/ON,,,10/25/2019 8:42:05 AM,False,7761,Accepted,
25819464,0568000,LOUISVILLE METRO POLICE DEPT,Accepted,JEFFERSON,,,ROY WILKINS,AVE,,,,,LIBERTY,,MUHAMMAD ALI,38.252369092,-85.765766761,0.364,10/19/2019 12:00:00 AM,0857,2,2,0,0,CLEAR,DRY,False,SIDESWIPE COLLISION - SAME DIRECTION,SIDESWIPE-SAME DIRECTION,STRAIGHT & LEVEL,DAYLIGHT,,,10/24/2019 8:14:11 AM,False,5173,Accepted,
25804578,0568000,LOUISVILLE METRO POLICE DEPT,Accepted,JEFFERSON,I 0065,,I65 N,,,,,,,,,38.160027238,-85.719725053,128.469,10/19/2019 12:00:00 AM,1155,2,2,0,0,CLEAR,DRY,False,SIDESWIPE COLLISION - SAME DIRECTION,SIDESWIPE-SAME DIRECTION,STRAIGHT & LEVEL,DAYLIGHT,,,10/21/2019 11:40:57 AM,False,7830,Accepted,
25800083,0560300,ST. MATTHEWS POLICE DEPARTMENT,Accepted,JEFFERSON,I 0264,,,,,,,,,,,38.249623017,-85.619256148,0.169,10/19/2019 12:00:00 AM,1347,2,2,0,0,CLEAR,DRY,False,SIDESWIPE COLLISION - SAME DIRECTION,SIDESWIPE-SAME DIRECTION,STRAIGHT & LEVEL,DAYLIGHT,,,10/20/2019 2:23:48 PM,False,9131,Accepted,
25804616,0568000,LOUISVILLE METRO POLICE DEPT,Accepted,JEFFERSON,US0150,,BROADWAY,,W,,18TH,,,,,38.248966483,-85.782303074,1.078,10/19/2019 12:00:00 AM,2328,2,2,0,0,CLEAR,DRY,True,OTHER INTERSECTION COLLISIONS,REAR END,STRAIGHT & LEVEL,DARK-HWY LIGHTED/ON,,,10/21/2019 11:46:10 AM,False,7217,Accepted,
25891769,0568000,LOUISVILLE METRO POLICE DEPT,Accepted,JEFFERSON,,,BEECH,DR,,,KRAMERS,,,,,38.204179079,-85.843910929,0.003,10/19/2019 12:00:00 AM,2137,2,2,0,0,CLEAR,DRY,False,SIDESWIPE-SAME DIRECTION,SIDESWIPE-SAME DIRECTION,STRAIGHT & LEVEL,DARK-HWY NOT LIGHTED,,,11/7/2019 8:47:36 AM,False,5160,Accepted,
25804730,0568000,LOUISVILLE METRO POLICE DEPT,Accepted,JEFFERSON,,,CONN,ST,,,POWELL,,,,,38.195834784,-85.790827639,0.426,10/19/2019 12:00:00 AM,1230,2,2,0,0,CLEAR,DRY,False,SIDESWIPE-SAME DIRECTION,SIDESWIPE-SAME DIRECTION,STRAIGHT & LEVEL,DAYLIGHT,,,10/21/2019 11:56:12 AM,False,2745,Accepted,
25804584,0568000,LOUISVILLE METRO POLICE DEPT,Accepted,JEFFERSON,KY1065,5700,LOVERS,LN,,,,,,,,38.160576253,-85.571791334,13.294,10/19/2019 12:00:00 AM,1639,1,1,0,1,CLOUDY,DRY,False,RAN OFF ROADWAY (1 VEHICLE WITH/EARTH EMBANKMENT/DITCH),SINGLE VEHICLE,STRAIGHT & LEVEL,DAYLIGHT,,,10/21/2019 11:41:56 AM,False,7255,Accepted,
25924571,0560400,SHIVELY POLICE DEPARTMENT,Accepted,JEFFERSON,I 0264,,I264 E,,,,,I 0264,I264 E EXIT5 ON RAMP FROM KY1934,I 0264,I264 E EXIT8B OFF RAMP TO US31W S,38.188952286,-85.829975525,6.489,10/19/2019 12:00:00 AM,1127,2,2,0,1,CLEAR,DRY,False,1 VEHICLE PARKED POSITION (NOT PARKING LOT/DRIVEWAY),SIDESWIPE-SAME DIRECTION,CURVE & GRADE,DAYLIGHT,,,11/14/2019 7:16:29 PM,False,7067,Accepted,
25803719,0561500,UNIV. OF LOUISVILLE POLICE,Accepted,JEFFERSON,,,1ST,ST,S,,,,BRANDEIS,,CARDINAL,38.219190551,-85.758068416,2.603,10/19/2019 12:00:00 AM,2318,1,1,0,0,CLOUDY,DRY,True,COLLISION WITH FIXED OBJECT NON - INTERSECTION - FIRST EVENT COLLISION 09 - 32 EXCLUDING 16,SINGLE VEHICLE,,DARK-HWY LIGHTED/ON,,,10/21/2019 10:16:18 AM,False,5682,Accepted,
25804611,0568000,LOUISVILLE METRO POLICE DEPT,Accepted,JEFFERSON,,434,38TH,ST,N,,,,,,,38.271312642,-85.810751810,0.045,10/19/2019 12:00:00 AM,0135,2,2,0,0,CLEAR,DRY,True,1 VEHICLE PARKED POSITION (NOT PARKING LOT/DRIVEWAY),HEAD ON,STRAIGHT & LEVEL,DARK-HWY LIGHTED/ON,,,10/21/2019 11:46:04 AM,False,5057,Accepted,
25804554,0568000,LOUISVILLE METRO POLICE DEPT,Accepted,JEFFERSON,,2501,4TH,ST,S,,,,,,,38.212010128,-85.764346742,3.107,10/19/2019 12:00:00 AM,0747,2,2,0,0,CLEAR,DRY,True,1 VEHICLE PARKED POSITION (NOT PARKING LOT/DRIVEWAY),SIDESWIPE-SAME DIRECTION,STRAIGHT & LEVEL,UNKNOWN,,,10/21/2019 11:38:22 AM,False,7872,Accepted,
25819440,0568000,LOUISVILLE METRO POLICE DEPT,Accepted,JEFFERSON,I 0064,,I64 E,,,,,,,,,38.278019920,-85.821498891,0.218,10/19/2019 12:00:00 AM,1145,1,1,0,0,CLEAR,DRY,False,COLLISION WITH FIXED OBJECT NON - INTERSECTION - FIRST EVENT COLLISION 09 - 32 EXCLUDING 16,SINGLE VEHICLE,STRAIGHT & LEVEL,DAYLIGHT,,,10/24/2019 8:10:30 AM,False,7112,Accepted,
25876533,0568000,LOUISVILLE METRO POLICE DEPT,Accepted,JEFFERSON,,,18TH,ST,N,,BANK,,,,,38.262993392,-85.778940048,0.266,10/19/2019 12:00:00 AM,1235,2,2,0,0,CLEAR,DRY,False,OTHER INTERSECTION COLLISIONS,REAR END,STRAIGHT & LEVEL,DAYLIGHT,,,11/4/2019 9:56:01 AM,False,7405,Accepted,
25804586,0568000,LOUISVILLE METRO POLICE DEPT,Accepted,JEFFERSON,,,INDIAN,TRL,E,,INDIAN OAKS,,,,,38.170787105,-85.688121605,1.023,10/19/2019 12:00:00 AM,1755,2,2,0,0,CLEAR,DRY,False,OTHER INTERSECTION COLLISIONS,REAR END,STRAIGHT & LEVEL,DAYLIGHT,,,10/21/2019 11:42:16 AM,False,7830,Accepted,
25804587,0568000,LOUISVILLE METRO POLICE DEPT,Accepted,JEFFERSON,KY0061,,PRESTON,HWY,,I 0065,I65 N EXIT130 OFF RAMP TO KY61,,,,,38.178800732,-85.717129253,7.243,10/19/2019 12:00:00 AM,1813,2,2,0,0,CLEAR,DRY,False,OTHER INTERSECTION COLLISIONS,REAR END,STRAIGHT & LEVEL,DAYLIGHT,,,10/21/2019 11:42:21 AM,False,7830,Accepted,
25804593,0568000,LOUISVILLE METRO POLICE DEPT,Accepted,JEFFERSON,,,4TH,ST,S,US0060A,WINKLER,,,,,38.210334567,-85.764675311,3.222,10/19/2019 12:00:00 AM,1216,2,2,0,0,CLEAR,DRY,False,OTHER INTERSECTION COLLISIONS,REAR END,STRAIGHT & LEVEL,DAYLIGHT,,,10/21/2019 11:43:08 AM,False,5213,Accepted,
25804603,0568000,LOUISVILLE METRO POLICE DEPT,Accepted,JEFFERSON,US0150,,BROADWAY,,E,,HANCOCK,,,,,38.244998727,-85.743582818,3.188,10/19/2019 12:00:00 AM,0650,2,2,0,0,CLEAR,DRY,False,OTHER INTERSECTION COLLISIONS,REAR END,STRAIGHT & LEVEL,DARK-HWY LIGHTED/ON,,,10/21/2019 11:45:11 AM,False,5135,Accepted,
25804604,0568000,LOUISVILLE METRO POLICE DEPT,Accepted,JEFFERSON,US0031E,,BARDSTOWN,RD,,KY2053,THIXTON,,,,,38.100667479,-85.565507990,1.920,10/19/2019 12:00:00 AM,1921,2,2,0,0,CLOUDY,DRY,False,OTHER INTERSECTION COLLISIONS,REAR END,CURVE & HILLCREST,DUSK,,,10/21/2019 11:45:16 AM,False,6977,Accepted,
25804620,0568000,LOUISVILLE METRO POLICE DEPT,Accepted,JEFFERSON,,,INDIAN,TRL,E,,HELMWOOD,,,,,38.168689488,-85.703115833,0.189,10/19/2019 12:00:00 AM,2030,2,2,0,0,CLEAR,DRY,True,OTHER INTERSECTION COLLISIONS,REAR END,STRAIGHT & LEVEL,DARK-HWY LIGHTED/ON,,,10/21/2019 11:46:21 AM,False,5165,Accepted,
25804577,0568000,LOUISVILLE METRO POLICE DEPT,Accepted,JEFFERSON,KY1020,,3RD,ST,S,,BLOOM,,,,,38.221914306,-85.760936071,10.418,10/19/2019 12:00:00 AM,1203,2,2,0,0,CLEAR,DRY,True,SIDESWIPE-SAME DIRECTION,SIDESWIPE-SAME DIRECTION,STRAIGHT & LEVEL,DAYLIGHT,,,10/21/2019 11:40:52 AM,False,7418,Accepted,
25804659,0568000,LOUISVILLE METRO POLICE DEPT,Accepted,JEFFERSON,,,BROOK,ST,S,US0150,BROADWAY,,,,,38.245658258,-85.751775063,2.856,10/19/2019 12:00:00 AM,1220,2,2,0,0,CLEAR,DRY,False,SIDESWIPE-SAME DIRECTION,SIDESWIPE-SAME DIRECTION,STRAIGHT & LEVEL,DAYLIGHT,,,10/21/2019 11:48:53 AM,False,2403,Accepted,
25804493,0568000,LOUISVILLE METRO POLICE DEPT,Accepted,JEFFERSON,US0031W,,DIXIE,HWY,,,WINGFIELD,,,,,38.218777950,-85.794344065,17.274,10/19/2019 12:00:00 AM,0011,2,2,0,0,CLEAR,DRY,False,SIDESWIPE-SAME DIRECTION,SIDESWIPE-SAME DIRECTION,STRAIGHT & LEVEL,DARK-HWY LIGHTED/ON,,,10/21/2019 11:34:14 AM,False,7481,Accepted,
25804628,0568000,LOUISVILLE METRO POLICE DEPT,Accepted,JEFFERSON,,,LOWER HUNTERS,TRCE,,KY1727,TERRY,,,,,38.164766111,-85.865559682,1.840,10/19/2019 12:00:00 AM,2046,2,2,0,0,CLOUDY,DRY,False,OPPOSING LEFT TURN,OPPOSING LEFT TURN,STRAIGHT & LEVEL,DARK-HWY NOT LIGHTED,,,10/21/2019 11:46:32 AM,False,7980,Accepted,
25804606,0568000,LOUISVILLE METRO POLICE DEPT,Accepted,JEFFERSON,US0031W,,DIXIE,HWY,,US0031W,US31W RAMP FROM KY841,,,,,38.094415376,-85.874557304,7.636,10/19/2019 12:00:00 AM,2213,2,2,0,0,CLEAR,DRY,False,OPPOSITE DIRECTION - BOTH VEHICLES GOING STRAIGHT AHEAD,SIDESWIPE-OPPOSITE DIRECTION,STRAIGHT & LEVEL,DARK-HWY LIGHTED/ON,,,10/21/2019 11:45:37 AM,False,5103,Accepted,
25804555,0568000,LOUISVILLE METRO POLICE DEPT,Accepted,JEFFERSON,,8203,DEVONSHIRE,DR,,,MANSE,,,,,38.128791546,-85.868635553,0.340,10/19/2019 12:00:00 AM,0907,2,2,0,0,CLEAR,DRY,False,VEHICLE BACKING IN INTERSECTION,BACKING,STRAIGHT & LEVEL,DAYLIGHT,,,10/21/2019 11:38:26 AM,False,5280,Accepted,
25804591,0568000,LOUISVILLE METRO POLICE DEPT,Accepted,JEFFERSON,,,PARKER,AVE,,,39TH,,,,,38.269439260,-85.812715286,0.235,10/19/2019 12:00:00 AM,1820,2,2,0,0,CLEAR,DRY,False,ANGLE COLLISION - OTHER,ANGLE,STRAIGHT & LEVEL,DUSK,,,10/21/2019 11:42:40 AM,False,5243,Accepted,
25804556,0568000,LOUISVILLE METRO POLICE DEPT,Accepted,JEFFERSON,KY1020,,SOUTHERN,PKWY,,,LANSING,,,,,38.192547363,-85.766753015,8.578,10/19/2019 12:00:00 AM,0927,2,2,0,0,CLEAR,DRY,False,OPPOSING LEFT TURN,OPPOSING LEFT TURN,STRAIGHT & LEVEL,DAYLIGHT,,,10/21/2019 11:38:34 AM,False,7872,Accepted,
25804504,0568000,LOUISVILLE METRO POLICE DEPT,Accepted,JEFFERSON,,,CECIL,AVE,,,GREENWOOD,,,,,38.244194393,-85.821103933,1.096,10/19/2019 12:00:00 AM,0518,2,2,0,0,CLEAR,DRY,False,ANGLE COLLISION - OTHER,ANGLE,STRAIGHT & LEVEL,DARK-HWY LIGHTED/ON,,,10/21/2019 11:35:32 AM,False,7481,Accepted,
25804571,0568000,LOUISVILLE METRO POLICE DEPT,Accepted,JEFFERSON,,,BROOK,ST,S,,KENTUCKY,,,,,38.238229561,-85.753016893,2.336,10/19/2019 12:00:00 AM,1206,2,2,0,0,CLEAR,DRY,False,ANGLE COLLISION - OTHER,ANGLE,STRAIGHT & LEVEL,DAYLIGHT,,,10/21/2019 11:39:59 AM,False,7132,Accepted,
25804568,0568000,LOUISVILLE METRO POLICE DEPT,Accepted,JEFFERSON,,,26TH,ST,S,,BROADWAY,,,,,38.249453644,-85.794890635,0.781,10/19/2019 12:00:00 AM,0230,2,2,0,0,CLEAR,DRY,False,ANGLE COLLISION - OTHER,ANGLE,STRAIGHT & LEVEL,DARK-HWY LIGHTED/ON,,,10/21/2019 11:39:45 AM,False,7852,Accepted,
25804576,0568000,LOUISVILLE METRO POLICE DEPT,Accepted,JEFFERSON,,,HICKORY,ST,,,MILTON,,,,,38.223533271,-85.738182862,0.292,10/19/2019 12:00:00 AM,1101,2,2,0,0,CLEAR,DRY,False,ANGLE COLLISION - OTHER,ANGLE,STRAIGHT & LEVEL,DAYLIGHT,,,10/21/2019 11:40:45 AM,False,7418,Accepted,
25810161,0568000,LOUISVILLE METRO POLICE DEPT,Accepted,JEFFERSON,KY1020,,SOUTHERN,PKWY,,,LANSING,,,,,38.192539111,-85.766742428,8.579,10/19/2019 12:00:00 AM,1708,2,1,0,0,CLEAR,DRY,False,ANGLE COLLISION - OTHER,ANGLE,STRAIGHT & LEVEL,DAYLIGHT,,,10/22/2019 11:45:55 AM,False,7398,Accepted,
25804719,0568000,LOUISVILLE METRO POLICE DEPT,Accepted,JEFFERSON,KY1020,,3RD,ST,S,US0060A,WINKLER,,,,,38.210151130,-85.762854362,9.860,10/19/2019 12:00:00 AM,1718,2,2,0,0,CLEAR,DRY,False,ANGLE COLLISION - OTHER,ANGLE,STRAIGHT & LEVEL,DAYLIGHT,,,10/21/2019 11:55:23 AM,False,7398,Accepted,
25804660,0568000,LOUISVILLE METRO POLICE DEPT,Accepted,JEFFERSON,,,LIBERTY,ST,E,,HANCOCK,,,,,38.251007968,-85.743394076,0.498,10/19/2019 12:00:00 AM,1700,2,2,0,0,CLEAR,DRY,False,ANGLE COLLISION - OTHER,ANGLE,STRAIGHT & LEVEL,DAYLIGHT,,,10/21/2019 11:49:00 AM,False,2403,Accepted,
25804695,0568000,LOUISVILLE METRO POLICE DEPT,Accepted,JEFFERSON,,,41ST,ST,S,,MARKET,,,,,38.262741546,-85.816649610,1.892,10/19/2019 12:00:00 AM,1602,2,2,0,0,CLEAR,DRY,False,ANGLE COLLISION - ONE VEHICLE TURNING RIGHT,ANGLE,STRAIGHT & LEVEL,DAYLIGHT,,,10/21/2019 11:52:02 AM,False,5003,Accepted,
25804575,0568000,LOUISVILLE METRO POLICE DEPT,Accepted,JEFFERSON,US0031W,,DIXIE,HWY,,,ST PAULS CHURCH,,,,,38.152009948,-85.836265107,12.194,10/19/2019 12:00:00 AM,1236,2,1,0,1,CLEAR,DRY,False,COLLISION WITH BICYCLE IN INTERSECTION,SINGLE VEHICLE,STRAIGHT & LEVEL,DAYLIGHT,,,10/21/2019 11:40:36 AM,False,5280,Accepted,
25804492,0568000,LOUISVILLE METRO POLICE DEPT,Accepted,JEFFERSON,,,GARLAND,AVE,,,12TH,,,,,38.242167668,-85.772582029,0.258,10/19/2019 12:00:00 AM,0158,1,1,0,0,CLEAR,DRY,False,COLLISION WITH FIXED OBJECT IN INTERSECTION - FIRST EVENT COLLISION 09 - 32,SINGLE VEHICLE,STRAIGHT & LEVEL,DARK (UNKNOWN ROADWAY LIGHTING),,,10/21/2019 11:34:08 AM,False,5256,Accepted,
25804583,0568000,LOUISVILLE METRO POLICE DEPT,Accepted,JEFFERSON,,3015,RIVER,RD,,,,,,,,38.279090791,-85.696826087,0.003,10/19/2019 12:00:00 AM,1613,2,2,0,0,CLEAR,DRY,False,COLLISION IN PARKING LOT,ANGLE,STRAIGHT & LEVEL,DAYLIGHT,,,10/21/2019 11:41:49 AM,False,7043,Accepted,
25804579,0568000,LOUISVILLE METRO POLICE DEPT,Accepted,JEFFERSON,US0031E,,BARDSTOWN,RD,,,LONGEST,,,,,38.235312061,-85.714949423,15.025,10/19/2019 12:00:00 AM,1402,2,2,0,0,CLEAR,DRY,False,COLLISION IN PARKING LOT,REAR TO REAR,STRAIGHT & LEVEL,DAYLIGHT,,,10/21/2019 11:41:04 AM,False,5289,Accepted,
25804362,0568000,LOUISVILLE METRO POLICE DEPT,Accepted,JEFFERSON,KY1447,9200,WESTPORT,RD,,,,,,,,38.281331624,-85.588106695,4.255,10/18/2019 12:00:00 AM,1415,2,2,0,0,CLEAR,DRY,False,COLLISION IN PARKING LOT,SIDESWIPE-OPPOSITE DIRECTION,STRAIGHT & LEVEL,DAYLIGHT,,,10/21/2019 11:25:46 AM,False,6777,Accepted,
25804427,0568000,LOUISVILLE METRO POLICE DEPT,Accepted,JEFFERSON,KY1865,4170,TAYLOR,BLVD,,,BLUEGRASS,,,,,38.179604275,-85.783321176,5.027,10/18/2019 12:00:00 AM,1439,2,2,0,0,CLEAR,DRY,True,COLLISION IN PARKING LOT,ANGLE,STRAIGHT & LEVEL,DAYLIGHT,,,10/21/2019 11:30:40 AM,False,5266,Accepted,