IncidentID,AgencyORI,AgencyName,IncidentStatusDesc,County,RdwyNumber,Street,RoadwayName,StreetSfx,StreetDir,IntersectionRdwy,IntersectionRdwyName,BetweenStRdwy1,BetweenStRdwyName1,BetweenStRdwy2,BetweenStRdwyName2,Latitude,Longitude,Milepoint,CollisionDate,CollisionTime,UnitsInvolved,MotorVehiclesInvolved,NumberKilled,NumberInjured,Weather,RdwyConditionCode,HitandRun,DirAnalysisCode,MannerofCollision,RdwyCharacter,LightCondition,RampFromRdwyId,RampToRdwyId,AcceptedDate,IsSecondaryCollision,OwnerBadge,IncidentStatus,
25804495,0568000,LOUISVILLE METRO POLICE DEPT,Accepted,JEFFERSON,,,HILLCREST,AVE,,US0060,FRANKFORT,,,,,38.254747938,-85.684157478,0.010,10/18/2019 12:00:00 AM,2258,3,2,0,0,CLEAR,DRY,False,COLLISION WITH TRAIN,ANGLE,STRAIGHT & LEVEL,DARK-HWY LIGHTED/ON,,,10/21/2019 11:34:27 AM,False,5171,Accepted,
25794203,0568000,LOUISVILLE METRO POLICE DEPT,Accepted,JEFFERSON,US0031W,,MARKET,ST,W,US0150,DR W J HODGE,,,,,38.258303607,-85.784155581,20.331,10/18/2019 12:00:00 AM,0720,2,2,0,2,CLEAR,DRY,False,COLLISION WITH PARKED VEHICLE,SIDESWIPE-OPPOSITE DIRECTION,STRAIGHT & LEVEL,DAWN,,,10/18/2019 11:51:36 AM,False,5249,Accepted,
25794803,0561500,UNIV. OF LOUISVILLE POLICE,Accepted,JEFFERSON,,300,UNIVERSITY,BLVD,,,ARTHUR,,,,,38.214436880,-85.752939784,,10/18/2019 12:00:00 AM,0730,2,1,0,1,CLEAR,DRY,False,COLLISION WITH PEDESTRIAN IN INTERSECTION,SINGLE VEHICLE,STRAIGHT & GRADE,DAWN,,,10/18/2019 2:11:03 PM,False,5650,Accepted,
25804488,0568000,LOUISVILLE METRO POLICE DEPT,Accepted,JEFFERSON,,,SCHILLER,AVE,,,ST CATHERINE,,,,,38.234283952,-85.731414052,0.385,10/18/2019 12:00:00 AM,2253,2,1,0,1,CLEAR,DRY,True,COLLISION WITH PEDESTRIAN IN INTERSECTION,SINGLE VEHICLE,CURVE & LEVEL,DARK-HWY LIGHTED/ON,,,10/21/2019 11:33:47 AM,False,7527,Accepted,
25804515,0568000,LOUISVILLE METRO POLICE DEPT,Accepted,JEFFERSON,,,26TH,ST,N,KY3064,PORTLAND,,,,,38.271066515,-85.789966662,0.750,10/18/2019 12:00:00 AM,2020,2,1,0,1,CLEAR,DRY,False,COLLISION WITH PEDESTRIAN IN INTERSECTION,SINGLE VEHICLE,STRAIGHT & LEVEL,DARK-HWY LIGHTED/ON,,,10/21/2019 11:36:30 AM,False,5199,Accepted,
25804347,0568000,LOUISVILLE METRO POLICE DEPT,Accepted,JEFFERSON,,,BON AIR,AVE,,KY0155,TAYLORSVILLE,,,,,38.222890098,-85.668449671,0.001,10/18/2019 12:00:00 AM,1430,2,2,0,0,CLEAR,DRY,True,ANGLE COLLISION - ONE VEHICLE TURNING LEFT,ANGLE,STRAIGHT & LEVEL,DAYLIGHT,,,10/21/2019 11:24:36 AM,False,2278,Accepted,
25804396,0568000,LOUISVILLE METRO POLICE DEPT,Accepted,JEFFERSON,,,INDIAN,TRL,E,,FOREST,,,,,38.170530167,-85.689513411,0.945,10/18/2019 12:00:00 AM,1634,2,2,0,0,CLEAR,DRY,False,ANGLE COLLISION - ONE VEHICLE TURNING RIGHT,ANGLE,STRAIGHT & LEVEL,DAYLIGHT,,,10/21/2019 11:27:34 AM,False,7319,Accepted,
25819437,0568000,LOUISVILLE METRO POLICE DEPT,Accepted,JEFFERSON,KY0061,,PRESTON,HWY,,,MANNING,,,,,38.198331564,-85.732033844,8.821,10/18/2019 12:00:00 AM,1635,2,2,0,0,CLEAR,DRY,True,ANGLE COLLISION - ONE VEHICLE TURNING LEFT,ANGLE,STRAIGHT & LEVEL,DAYLIGHT,,,10/24/2019 8:09:24 AM,False,7938,Accepted,
25793378,0568000,LOUISVILLE METRO POLICE DEPT,Accepted,JEFFERSON,,,MARKET,ST,W,,28TH,,,,,38.259912799,-85.797541413,0.609,10/18/2019 12:00:00 AM,0325,3,3,0,0,CLEAR,DRY,False,COLLISION WITH PARKED VEHICLE,SIDESWIPE-SAME DIRECTION,CURVE & LEVEL,DARK-HWY LIGHTED/ON,,,10/18/2019 9:12:20 AM,False,7430,Accepted,
25804669,0568000,LOUISVILLE METRO POLICE DEPT,Accepted,JEFFERSON,,,ENGLISH STATION,RD,S,,ENGLISH VILLA,,,,,38.239347537,-85.494408753,0.100,10/18/2019 12:00:00 AM,1412,2,2,0,0,CLEAR,DRY,False,ANGLE COLLISION - OTHER,ANGLE,STRAIGHT & LEVEL,DAYLIGHT,,,10/21/2019 11:50:19 AM,False,7858,Accepted,
25804409,0568000,LOUISVILLE METRO POLICE DEPT,Accepted,JEFFERSON,KY1934,,CANE RUN,RD,,,FARNSLEY,,,,,38.202655773,-85.833088981,9.518,10/18/2019 12:00:00 AM,1602,2,2,0,0,CLEAR,DRY,False,ANGLE COLLISION - OTHER,ANGLE,STRAIGHT & LEVEL,DAYLIGHT,,,10/21/2019 11:28:42 AM,False,5032,Accepted,
25804417,0568000,LOUISVILLE METRO POLICE DEPT,Accepted,JEFFERSON,,,MAGAZINE,ST,,,17TH,,,,,38.249987911,-85.779586868,0.682,10/18/2019 12:00:00 AM,1635,2,2,0,0,CLEAR,DRY,False,ANGLE COLLISION - OTHER,ANGLE,STRAIGHT & LEVEL,DAYLIGHT,,,10/21/2019 11:29:56 AM,False,7805,Accepted,
25804418,0568000,LOUISVILLE METRO POLICE DEPT,Accepted,JEFFERSON,KY0864,,POPLAR LEVEL,RD,,,VALLA,,,,,38.175628355,-85.688221120,9.543,10/18/2019 12:00:00 AM,1457,2,2,0,0,CLEAR,DRY,False,ANGLE COLLISION - OTHER,ANGLE,STRAIGHT & LEVEL,DAYLIGHT,,,10/21/2019 11:30:01 AM,False,7830,Accepted,
25794208,0568000,LOUISVILLE METRO POLICE DEPT,Accepted,JEFFERSON,,,PARK,RD,S,,WOODPOINTE,,,,,38.116744294,-85.693285238,0.906,10/18/2019 12:00:00 AM,0643,2,2,0,0,CLEAR,DRY,False,ANGLE COLLISION - OTHER,ANGLE,STRAIGHT & LEVEL,DARK-HWY LIGHTED/ON,,,10/18/2019 11:52:38 AM,False,7669,Accepted,
25804507,0568000,LOUISVILLE METRO POLICE DEPT,Accepted,JEFFERSON,,,INDIAN,TRL,E,,WARWICKSHIRE,,,,,38.168681305,-85.702191580,0.239,10/18/2019 12:00:00 AM,1907,2,2,0,1,CLEAR,DRY,False,OPPOSING LEFT TURN,OPPOSING LEFT TURN,STRAIGHT & LEVEL,DAYLIGHT,,,10/21/2019 11:35:52 AM,False,5165,Accepted,
25804690,0568000,LOUISVILLE METRO POLICE DEPT,Accepted,JEFFERSON,KY0146,,LA GRANGE,RD,,I 0265,I265 N EXIT30 OFF RAMP KY146 TO,,,,,38.288225479,-85.513161573,7.464,10/18/2019 12:00:00 AM,1104,2,2,0,0,CLEAR,DRY,False,ANGLE COLLISION - OTHER,ANGLE,STRAIGHT & LEVEL,DAYLIGHT,,,10/21/2019 11:51:38 AM,False,7858,Accepted,
25794965,0568000,LOUISVILLE METRO POLICE DEPT,Accepted,JEFFERSON,,,JANE,ST,N,US0042,BROWNSBORO,,,,,38.257835586,-85.703549935,0.308,10/18/2019 12:00:00 AM,1401,2,2,0,0,CLEAR,DRY,False,VEHICLE BACKING IN INTERSECTION,BACKING,STRAIGHT & LEVEL,DAYLIGHT,,,10/18/2019 3:05:53 PM,False,7833,Accepted,
25804502,0568000,LOUISVILLE METRO POLICE DEPT,Accepted,JEFFERSON,KY2054,,ALGONQUIN,PKWY,,US0031W,22ND,,,,,38.223386951,-85.795074410,1.501,10/18/2019 12:00:00 AM,2106,2,2,0,0,CLEAR,DRY,False,OPPOSING LEFT TURN,OPPOSING LEFT TURN,STRAIGHT & LEVEL,DARK-HWY LIGHTED/ON,,,10/21/2019 11:35:06 AM,False,5039,Accepted,
25804501,0568000,LOUISVILLE METRO POLICE DEPT,Accepted,JEFFERSON,US0031W,,DIXIE,HWY,,KY1934,GREENBELT,,,,,38.093361569,-85.875144923,7.563,10/18/2019 12:00:00 AM,,2,2,0,0,CLEAR,DRY,True,SIDESWIPE-SAME DIRECTION,SIDESWIPE-SAME DIRECTION,STRAIGHT & LEVEL,DAYLIGHT,,,10/21/2019 11:35:01 AM,False,7483,Accepted,
25804670,0568000,LOUISVILLE METRO POLICE DEPT,Accepted,JEFFERSON,KY1447,,WESTPORT,RD,,,FREYS HILL,,,,,38.293742325,-85.559225147,6.028,10/18/2019 12:00:00 AM,1344,2,2,0,0,CLEAR,DRY,False,SIDESWIPE-SAME DIRECTION,SIDESWIPE-SAME DIRECTION,STRAIGHT & LEVEL,DAYLIGHT,,,10/21/2019 11:50:32 AM,False,7858,Accepted,
25794206,0568000,LOUISVILLE METRO POLICE DEPT,Accepted,JEFFERSON,,,LINDSAY,AVE,,US0042,BROWNSBORO,,,,,38.259746877,-85.707560104,0.005,10/18/2019 12:00:00 AM,0753,2,2,0,0,CLEAR,DRY,False,VEHICLE BACKING IN INTERSECTION,BACKING,STRAIGHT & LEVEL,DAYLIGHT,,,10/18/2019 11:51:56 AM,False,5293,Accepted,
25804442,0568000,LOUISVILLE METRO POLICE DEPT,Accepted,JEFFERSON,KY1020,,2ND,ST,S,,JEFFERSON,,,,,38.253488576,-85.753837470,12.627,10/18/2019 12:00:00 AM,0820,2,2,0,0,CLEAR,DRY,False,SIDESWIPE-SAME DIRECTION,SIDESWIPE-SAME DIRECTION,STRAIGHT & LEVEL,DAYLIGHT,,,10/21/2019 11:31:46 AM,False,5187,Accepted,
25804473,0568000,LOUISVILLE METRO POLICE DEPT,Accepted,JEFFERSON,,,WILDERNESS,PL,,,WILDERNESS,,,,,38.153313968,-85.774018877,0.003,10/18/2019 12:00:00 AM,1950,2,2,0,0,CLEAR,DRY,True,OPPOSITE DIRECTION - BOTH VEHICLES GOING STRAIGHT AHEAD,SIDESWIPE-OPPOSITE DIRECTION,STRAIGHT & GRADE,DARK-HWY LIGHTED/ON,,,10/21/2019 11:32:43 AM,False,2721,Accepted,
25804408,0568000,LOUISVILLE METRO POLICE DEPT,Accepted,JEFFERSON,KY2049,,CRUMS,LN,,,POPPY,,,,,38.197796798,-85.834052552,0.205,10/18/2019 12:00:00 AM,0750,2,2,0,0,CLEAR,DRY,False,ANGLE COLLISION - OTHER,ANGLE,STRAIGHT & LEVEL,DAYLIGHT,,,10/21/2019 11:28:36 AM,False,5032,Accepted,
25804574,0568000,LOUISVILLE METRO POLICE DEPT,Accepted,JEFFERSON,,,GRAY,ST,E,,CLAY,,,,,38.245865491,-85.741510088,0.526,10/18/2019 12:00:00 AM,0853,2,2,0,0,CLEAR,DRY,True,ANGLE COLLISION - OTHER,ANGLE,STRAIGHT & LEVEL,DAYLIGHT,,,10/21/2019 11:40:30 AM,False,2403,Accepted,
25804751,0568000,LOUISVILLE METRO POLICE DEPT,Accepted,JEFFERSON,KY0907,,3RD ST,RD,,,STONESTREET,,,,,38.112991695,-85.836904386,1.910,10/18/2019 12:00:00 AM,2021,2,2,0,0,CLEAR,DRY,False,OTHER INTERSECTION COLLISIONS,REAR END,STRAIGHT & LEVEL,DARK-HWY LIGHTED/ON,,,10/21/2019 11:58:34 AM,False,7321,Accepted,
25804425,0568000,LOUISVILLE METRO POLICE DEPT,Accepted,JEFFERSON,,,HUDSON,LN,,US0031E,BARDSTOWN,,,,,38.164943306,-85.598953674,0.003,10/18/2019 12:00:00 AM,1556,2,2,0,0,CLEAR,DRY,False,OTHER INTERSECTION COLLISIONS,REAR END,STRAIGHT & LEVEL,DAYLIGHT,,,10/21/2019 11:30:35 AM,False,5282,Accepted,
25804403,0568000,LOUISVILLE METRO POLICE DEPT,Accepted,JEFFERSON,KY0864,,POPLAR LEVEL,RD,,I 0264,I264 W EXIT14 OFF RAMP TO KY864 N,,,,,38.196277206,-85.707803077,11.393,10/18/2019 12:00:00 AM,1615,2,2,0,0,CLEAR,DRY,False,OTHER INTERSECTION COLLISIONS,REAR END,STRAIGHT & HILLCREST,DAYLIGHT,,,10/21/2019 11:28:14 AM,False,6148,Accepted,
25804402,0568000,LOUISVILLE METRO POLICE DEPT,Accepted,JEFFERSON,KY1747,,HURSTBOURNE,PKWY,S,,AMBROSSE,,,,,38.195900144,-85.603842030,9.386,10/18/2019 12:00:00 AM,1114,2,2,0,0,CLEAR,DRY,False,OTHER INTERSECTION COLLISIONS,REAR END,STRAIGHT & LEVEL,DAYLIGHT,,,10/21/2019 11:28:08 AM,False,7294,Accepted,
25794961,0568000,LOUISVILLE METRO POLICE DEPT,Accepted,JEFFERSON,,,1ST,ST,S,US0031E,MARKET,,,,,38.254680497,-85.751752866,0.094,10/18/2019 12:00:00 AM,1120,3,3,0,0,CLEAR,DRY,False,OTHER INTERSECTION COLLISIONS,REAR END,STRAIGHT & LEVEL,DAYLIGHT,,,10/18/2019 3:05:17 PM,False,2855,Accepted,
25793373,0568000,LOUISVILLE METRO POLICE DEPT,Accepted,JEFFERSON,,,GRADE,LN,,KY0061,PRESTON,,,,,38.179887313,-85.718216808,0.036,10/18/2019 12:00:00 AM,0445,2,2,0,0,CLEAR,DRY,False,OTHER INTERSECTION COLLISIONS,REAR END,STRAIGHT & LEVEL,DARK-HWY LIGHTED/ON,,,10/18/2019 9:11:12 AM,False,5265,Accepted,
26075362,0568000,LOUISVILLE METRO POLICE DEPT,Accepted,JEFFERSON,US0031W,,MARKET,ST,W,,18TH,,,,,38.257794570,-85.779953435,20.554,10/18/2019 12:00:00 AM,0900,2,2,0,0,CLEAR,DRY,False,OTHER INTERSECTION COLLISIONS,REAR END,STRAIGHT & LEVEL,DAYLIGHT,,,12/18/2019 5:11:53 PM,False,7405,Accepted,
25804503,0568000,LOUISVILLE METRO POLICE DEPT,Accepted,JEFFERSON,,,INDIAN,TRL,E,,PETERSBURG,,,,,38.184158887,-85.666202307,2.563,10/18/2019 12:00:00 AM,1915,2,2,0,0,CLEAR,DRY,False,OTHER INTERSECTION COLLISIONS,REAR END,STRAIGHT & LEVEL,DARK-HWY LIGHTED/ON,,,10/21/2019 11:35:12 AM,False,5189,Accepted,
25804428,0568000,LOUISVILLE METRO POLICE DEPT,Accepted,JEFFERSON,KY1747,,HURSTBOURNE,PKWY,S,,HENDRIK,,,,,38.185517051,-85.606216045,8.678,10/18/2019 12:00:00 AM,1828,2,2,0,0,CLEAR,DRY,False,OTHER INTERSECTION COLLISIONS,REAR END,STRAIGHT & LEVEL,DAYLIGHT,,,10/21/2019 11:30:44 AM,False,7739,Accepted,
25804479,0568000,LOUISVILLE METRO POLICE DEPT,Accepted,JEFFERSON,KY1065,,OUTER,LOOP,,KY1020,NATIONAL,,,,,38.126961155,-85.748959673,2.515,10/18/2019 12:00:00 AM,2142,2,2,0,0,CLEAR,DRY,False,OTHER INTERSECTION COLLISIONS,REAR END,STRAIGHT & LEVEL,DARK-HWY LIGHTED/ON,,,10/21/2019 11:32:49 AM,False,5209,Accepted,
25804727,0568000,LOUISVILLE METRO POLICE DEPT,Accepted,JEFFERSON,US0060A,,TAYLOR,BLVD,,,BERRY,,,,,38.196317875,-85.782955246,1.473,10/18/2019 12:00:00 AM,1734,2,2,0,0,CLEAR,DRY,False,OTHER INTERSECTION COLLISIONS,REAR END,STRAIGHT & LEVEL,DAYLIGHT,,,10/21/2019 11:56:04 AM,False,2745,Accepted,
25793381,0568000,LOUISVILLE METRO POLICE DEPT,Accepted,JEFFERSON,KY1020,,NATIONAL,TPKE,,,,,,,,38.115798127,-85.747903615,2.908,10/18/2019 12:00:00 AM,0616,1,1,0,0,CLEAR,DRY,False,COLLISION WITH ANIMAL NON INTERSECTION,SINGLE VEHICLE,STRAIGHT & LEVEL,DARK-HWY LIGHTED/ON,,,10/18/2019 9:12:59 AM,False,7244,Accepted,
25862888,0561500,UNIV. OF LOUISVILLE POLICE,Accepted,JEFFERSON,,2033,4TH,ST,S,,,,,,,38.218195345,-85.763141587,2.675,10/18/2019 12:00:00 AM,1400,2,2,0,0,CLEAR,DRY,False,1 VEHICLE PARKED POSITION (NOT PARKING LOT/DRIVEWAY),SIDESWIPE-SAME DIRECTION,STRAIGHT & LEVEL,DAYLIGHT,,,10/31/2019 1:48:42 PM,False,5676,Accepted,
25824812,0568000,LOUISVILLE METRO POLICE DEPT,Accepted,JEFFERSON,KY1020,,2ND,ST,S,,,,,,,38.251998022,-85.754098097,12.522,10/18/2019 12:00:00 AM,1151,2,2,0,0,,DRY,True,1 VEHICLE PARKED POSITION (NOT PARKING LOT/DRIVEWAY),SIDESWIPE-SAME DIRECTION,STRAIGHT & LEVEL,DAYLIGHT,,,10/25/2019 8:59:24 AM,False,5187,Accepted,
25804582,0568000,LOUISVILLE METRO POLICE DEPT,Accepted,JEFFERSON,I 0064,,I64 E,,,,,,,,,38.259151332,-85.738830116,5.598,10/18/2019 12:00:00 AM,1500,1,1,0,0,CLEAR,DRY,False,COLLISION WITH FIXED OBJECT NON - INTERSECTION - FIRST EVENT COLLISION 09 - 32 EXCLUDING 16,SINGLE VEHICLE,STRAIGHT & LEVEL,DAYLIGHT,,,10/21/2019 11:41:41 AM,False,2403,Accepted,
25819461,0568000,LOUISVILLE METRO POLICE DEPT,Accepted,JEFFERSON,,114,LENOAK,DR,,,,,,,,38.148673747,-85.768063621,0.099,10/18/2019 12:00:00 AM,1100,1,1,0,0,CLEAR,DRY,False,1 VEHICLE ENTERING OR LEAVING PARKED POSITION (NOT PARKING LOT),SINGLE VEHICLE,STRAIGHT & LEVEL,DAYLIGHT,,,10/24/2019 8:13:54 AM,False,7139,Accepted,
25804522,0568000,LOUISVILLE METRO POLICE DEPT,Accepted,JEFFERSON,,,7TH,ST,S,,HILL,,,,,38.226795507,-85.769014028,0.656,10/18/2019 12:00:00 AM,2140,2,2,0,0,CLEAR,DRY,False,SIDESWIPE-SAME DIRECTION,SIDESWIPE-SAME DIRECTION,STRAIGHT & LEVEL,DARK-HWY LIGHTED/ON,,,10/21/2019 11:36:48 AM,False,5183,Accepted,
25804363,0568000,LOUISVILLE METRO POLICE DEPT,Accepted,JEFFERSON,,,VERMONT,AVE,,,32ND,,,,,38.255359067,-85.805646790,0.270,10/18/2019 12:00:00 AM,1417,2,2,0,0,CLEAR,DRY,False,SIDESWIPE-SAME DIRECTION,SIDESWIPE-SAME DIRECTION,STRAIGHT & LEVEL,DAYLIGHT,,,10/21/2019 11:25:54 AM,False,5249,Accepted,
25794962,0568000,LOUISVILLE METRO POLICE DEPT,Accepted,JEFFERSON,,,RIVER PARK,DR,,,31ST,,,,,38.253929254,-85.802623619,1.341,10/18/2019 12:00:00 AM,1223,2,2,0,2,CLEAR,DRY,False,SIDESWIPE-SAME DIRECTION,SIDESWIPE-SAME DIRECTION,STRAIGHT & LEVEL,DAYLIGHT,,,10/18/2019 3:05:32 PM,False,7361,Accepted,
25813872,0560400,SHIVELY POLICE DEPARTMENT,Accepted,JEFFERSON,US0031W,,DIXIE,HWY,,KY2051,ROCKFORD,,,,,38.174376509,-85.823381832,13.835,10/18/2019 12:00:00 AM,1541,2,2,0,0,CLEAR,DRY,False,SIDESWIPE-SAME DIRECTION,SIDESWIPE-SAME DIRECTION,STRAIGHT & LEVEL,DAYLIGHT,,,10/23/2019 4:24:14 AM,False,7107,Accepted,
25804508,0568000,LOUISVILLE METRO POLICE DEPT,Accepted,JEFFERSON,,,INDIAN,TRL,E,,INDIAN OAKS,,,,,38.170889741,-85.687760747,1.045,10/18/2019 12:00:00 AM,2043,2,2,0,2,CLEAR,DRY,False,OTHER INTERSECTION COLLISIONS,REAR END,STRAIGHT & LEVEL,DARK-HWY LIGHTED/ON,,,10/21/2019 11:36:04 AM,False,5165,Accepted,
25804665,0568000,LOUISVILLE METRO POLICE DEPT,Accepted,JEFFERSON,,,JEFFERSON,ST,E,KY0061,PRESTON,,,,,38.252732664,-85.746417129,0.731,10/18/2019 12:00:00 AM,1450,2,2,0,0,CLEAR,DRY,False,OTHER INTERSECTION COLLISIONS,REAR END,STRAIGHT & GRADE,DAYLIGHT,,,10/21/2019 11:49:37 AM,False,2661,Accepted,
25804658,0568000,LOUISVILLE METRO POLICE DEPT,Accepted,JEFFERSON,I 0064,,I64 E,,,I 0064,I64 E EXIT6 RAMP TO I71 N,,,,,38.260996775,-85.733550294,5.940,10/18/2019 12:00:00 AM,1642,2,2,0,0,CLEAR,DRY,False,OTHER INTERSECTION COLLISIONS,REAR END,STRAIGHT & LEVEL,DAYLIGHT,,,10/21/2019 11:48:48 AM,False,2403,Accepted,
25804699,0568000,LOUISVILLE METRO POLICE DEPT,Accepted,JEFFERSON,KY6299,,COMMERCE CROSSINGS,DR,,KY0061,PRESTON,,,,,38.103466437,-85.672685874,0.200,10/18/2019 12:00:00 AM,1504,2,2,0,0,CLEAR,DRY,False,OTHER INTERSECTION COLLISIONS,REAR END,STRAIGHT & LEVEL,DAYLIGHT,,,10/21/2019 11:52:24 AM,False,7991,Accepted,
25804356,0568000,LOUISVILLE METRO POLICE DEPT,Accepted,JEFFERSON,KY1020,,3RD,ST,S,,HILL,,,,,38.226072116,-85.760215810,10.717,10/18/2019 12:00:00 AM,1422,2,2,0,0,CLEAR,DRY,True,OTHER INTERSECTION COLLISIONS,REAR END,STRAIGHT & LEVEL,DAYLIGHT,,,10/21/2019 11:25:26 AM,False,5279,Accepted,
25804447,0568000,LOUISVILLE METRO POLICE DEPT,Accepted,JEFFERSON,I 0264,,I264 E,,,I 0264,I264 E EXIT18 ON RAMP FROM KY1932 N,,,,,38.230767130,-85.631556359,18.223,10/18/2019 12:00:00 AM,1818,2,2,0,0,CLEAR,DRY,True,OTHER INTERSECTION COLLISIONS,REAR END,STRAIGHT & LEVEL,DAYLIGHT,,,10/21/2019 11:32:07 AM,False,7448,Accepted,
25804422,0568000,LOUISVILLE METRO POLICE DEPT,Accepted,JEFFERSON,,,DIXIE,HWY,,,HILL,,,,,38.228302154,-85.790492229,1.496,10/18/2019 12:00:00 AM,1533,2,2,0,0,CLEAR,DRY,True,OTHER INTERSECTION COLLISIONS,REAR END,STRAIGHT & LEVEL,DAYLIGHT,,,10/21/2019 11:30:16 AM,False,5243,Accepted,
25793544,0568000,LOUISVILLE METRO POLICE DEPT,Accepted,JEFFERSON,US0060,,FRANKFORT,AVE,,,HILLCREST,,,,,38.254587995,-85.684271938,1.978,10/18/2019 12:00:00 AM,0623,2,2,0,0,CLEAR,DRY,False,OTHER INTERSECTION COLLISIONS,REAR END,STRAIGHT & LEVEL,DARK-HWY LIGHTED/ON,,,10/18/2019 9:27:16 AM,False,7043,Accepted,
25794963,0568000,LOUISVILLE METRO POLICE DEPT,Accepted,JEFFERSON,,,KENTUCKY,ST,W,,4TH,,,,,38.238936117,-85.759738066,3.554,10/18/2019 12:00:00 AM,1213,3,3,0,0,CLEAR,DRY,False,OTHER INTERSECTION COLLISIONS,REAR END,STRAIGHT & LEVEL,DAYLIGHT,,,10/18/2019 3:05:41 PM,False,5279,Accepted,
25804437,0568000,LOUISVILLE METRO POLICE DEPT,Accepted,JEFFERSON,I 0064,,I64 E,,,,,I 0064,I64 E EXIT7 ON RAMP FROM  MELLWOOD AVE,I 0064,I64 TURN AROUND7,38.251977050,-85.717554115,7.096,10/18/2019 12:00:00 AM,1831,2,2,0,0,CLEAR,DRY,False,SIDESWIPE COLLISION - SAME DIRECTION,SIDESWIPE-SAME DIRECTION,STRAIGHT & LEVEL,DAYLIGHT,,,10/21/2019 11:31:25 AM,False,7960,Accepted,
25804404,0568000,LOUISVILLE METRO POLICE DEPT,Accepted,JEFFERSON,,,MUHAMMAD ALI,BLVD,W,,,,4TH,,5TH,38.251170804,-85.757929129,0.257,10/18/2019 12:00:00 AM,0725,2,2,0,0,CLEAR,DRY,False,SIDESWIPE COLLISION - SAME DIRECTION,SIDESWIPE-SAME DIRECTION,STRAIGHT & LEVEL,DAWN,,,10/21/2019 11:28:21 AM,False,5173,Accepted,
25795001,0560300,ST. MATTHEWS POLICE DEPARTMENT,Accepted,JEFFERSON,I 0264,,I264 E,,,,,,,,,38.266569609,-85.624711294,20.985,10/18/2019 12:00:00 AM,1358,2,2,0,0,CLEAR,DRY,True,SIDESWIPE COLLISION - SAME DIRECTION,SIDESWIPE-SAME DIRECTION,STRAIGHT & LEVEL,DAYLIGHT,,,10/18/2019 3:15:58 PM,False,9148,Accepted,
25794209,0568000,LOUISVILLE METRO POLICE DEPT,Accepted,JEFFERSON,I 0065,,I65 S,,,,,,,,,38.145823077,-85.711683988,127.387,10/18/2019 12:00:00 AM,0819,2,2,0,0,CLEAR,DRY,False,SIDESWIPE COLLISION - SAME DIRECTION,SIDESWIPE-SAME DIRECTION,STRAIGHT & LEVEL,DAYLIGHT,,,10/18/2019 11:52:47 AM,False,4903,Accepted,
25804654,0568000,LOUISVILLE METRO POLICE DEPT,Accepted,JEFFERSON,I 0065,,I65 S,,,,,,,,,38.208814505,-85.752607899,132.666,10/18/2019 12:00:00 AM,1411,2,2,0,0,CLEAR,DRY,False,SIDESWIPE COLLISION - SAME DIRECTION,SIDESWIPE-SAME DIRECTION,CURVE & LEVEL,DAYLIGHT,,,10/21/2019 11:48:27 AM,False,7944,Accepted,
25819511,0568000,LOUISVILLE METRO POLICE DEPT,Accepted,JEFFERSON,US0031E,,BARDSTOWN,RD,,,,,HEATHER,,BELMONT,38.205927284,-85.667015620,11.588,10/18/2019 12:00:00 AM,1712,3,3,0,0,CLEAR,DRY,True,SIDESWIPE COLLISION - SAME DIRECTION,SIDESWIPE-SAME DIRECTION,STRAIGHT & LEVEL,DAYLIGHT,,,10/24/2019 8:20:26 AM,False,5203,Accepted,
25852126,0564400,INDIAN HILLS POLICE DEPARTMENT,Accepted,JEFFERSON,US0042,3800,BROWNSBORO,RD,,,,,,,,38.265390123,-85.667535213,3.742,10/18/2019 12:00:00 AM,1700,2,2,0,0,CLEAR,DRY,False,SIDESWIPE COLLISION - SAME DIRECTION,SIDESWIPE-SAME DIRECTION,STRAIGHT & LEVEL,DAYLIGHT,,,10/29/2019 12:13:02 PM,False,4433,Accepted,
25804358,0568000,LOUISVILLE METRO POLICE DEPT,Accepted,JEFFERSON,KY1531,,JOHNSON,RD,,US0060,SHELBYVILLE,,,,,38.233649433,-85.453262941,9.124,10/18/2019 12:00:00 AM,1419,2,2,0,0,CLEAR,DRY,False,HEAD-ON COLLISION,HEAD ON,STRAIGHT & LEVEL,DAYLIGHT,,,10/21/2019 11:25:39 AM,False,6334,Accepted,
25804405,0568000,LOUISVILLE METRO POLICE DEPT,Accepted,JEFFERSON,I 0264,,I264 W,,,,,I 0264,I264 W EXIT3 OFF RAMP TO  DUMESNIL ST,I 0264,I264 W EXIT3 ON RAMP FROM  VIRGINIA AVE,38.240805201,-85.815306247,2.701,10/18/2019 12:00:00 AM,1625,1,1,0,0,CLEAR,DRY,False,OTHER COLLISIONS ON SHOULDER,SINGLE VEHICLE,STRAIGHT & LEVEL,DAYLIGHT,,,10/21/2019 11:28:31 AM,False,7876,Accepted,
25958748,0568000,LOUISVILLE METRO POLICE DEPT,Accepted,JEFFERSON,KY1932,,BRECKENRIDGE,LN,,,,,,,,38.182609724,-85.626459904,0.100,10/18/2019 12:00:00 AM,1830,2,2,0,0,CLEAR,DRY,False,REAR END IN TRAFFIC LANES BOTH VEHICLES MOVING,REAR END,STRAIGHT & LEVEL,DAYLIGHT,,,11/22/2019 9:29:02 AM,False,5159,Accepted,