IncidentID,AgencyORI,AgencyName,IncidentStatusDesc,County,RdwyNumber,Street,RoadwayName,StreetSfx,StreetDir,IntersectionRdwy,IntersectionRdwyName,BetweenStRdwy1,BetweenStRdwyName1,BetweenStRdwy2,BetweenStRdwyName2,Latitude,Longitude,Milepoint,CollisionDate,CollisionTime,UnitsInvolved,MotorVehiclesInvolved,NumberKilled,NumberInjured,Weather,RdwyConditionCode,HitandRun,DirAnalysisCode,MannerofCollision,RdwyCharacter,LightCondition,RampFromRdwyId,RampToRdwyId,AcceptedDate,IsSecondaryCollision,OwnerBadge,IncidentStatus,
25804721,0568000,LOUISVILLE METRO POLICE DEPT,Accepted,JEFFERSON,KY0841,,GENE SNYDER,FWY,,,,,,,,38.091148796,-85.869440262,0.354,10/18/2019 12:00:00 AM,1745,2,2,0,0,CLEAR,DRY,False,REAR END IN TRAFFIC LANES BOTH VEHICLES MOVING,REAR END,STRAIGHT & LEVEL,DAYLIGHT,,,10/21/2019 11:55:38 AM,False,2311,Accepted,
25804562,0568000,LOUISVILLE METRO POLICE DEPT,Accepted,JEFFERSON,I 0064,,I64 E,,,,,,,,,38.259802342,-85.738042434,5.658,10/18/2019 12:00:00 AM,1528,2,2,0,0,CLEAR,DRY,False,REAR END IN TRAFFIC LANES BOTH VEHICLES MOVING,REAR END,STRAIGHT & HILLCREST,DAYLIGHT,,,10/21/2019 11:39:17 AM,False,6907,Accepted,
25814412,0568000,LOUISVILLE METRO POLICE DEPT,Accepted,JEFFERSON,I 0065,,I65 S,,,,,,,,,38.107493070,-85.701458447,124.640,10/18/2019 12:00:00 AM,1600,2,2,0,0,CLEAR,DRY,False,REAR END IN TRAFFIC LANES BOTH VEHICLES MOVING,REAR END,STRAIGHT & LEVEL,DAYLIGHT,,,10/23/2019 8:24:08 AM,False,7628,Accepted,
25814413,0568000,LOUISVILLE METRO POLICE DEPT,Accepted,JEFFERSON,I 0264,,I264 E,,,,,,,,,38.191086686,-85.716329480,12.804,10/18/2019 12:00:00 AM,1700,2,2,0,0,CLEAR,DRY,False,REAR END IN TRAFFIC LANES BOTH VEHICLES MOVING,REAR END,STRAIGHT & LEVEL,DAYLIGHT,,,10/23/2019 8:24:37 AM,False,7628,Accepted,
25808999,0568000,LOUISVILLE METRO POLICE DEPT,Accepted,JEFFERSON,I 0065,,I65 S,,,,,I 0065,I65 S EXIT125 ON RAMP FROM KY481,I 0065,I65 S EXIT125 ON RAMP FROM KY481,38.092201177,-85.701099946,123.585,10/18/2019 12:00:00 AM,1854,2,2,0,0,CLEAR,DRY,False,REAR END IN TRAFFIC LANES BOTH VEHICLES MOVING,REAR END,STRAIGHT & LEVEL,DARK-HWY NOT LIGHTED,,,10/22/2019 8:27:54 AM,False,7851,Accepted,
25804788,0568000,LOUISVILLE METRO POLICE DEPT,Accepted,JEFFERSON,I 0064,,I64 E,,,,,,,,,38.260941513,-85.732458582,6.000,10/18/2019 12:00:00 AM,0655,2,2,0,0,CLOUDY,DRY,True,REAR END IN TRAFFIC LANES BOTH VEHICLES MOVING,REAR END,STRAIGHT & LEVEL,DARK-HWY LIGHTED/ON,,,10/21/2019 12:02:07 PM,False,4656,Accepted,
25794207,0568000,LOUISVILLE METRO POLICE DEPT,Accepted,JEFFERSON,I 0265,,I265 E,,,,,I 0064,I64 N EXIT25A RAMP TO I64 E,I 0265,I265 E EXIT23 ON RAMP FROM KY155,38.194301523,-85.508378370,23.511,10/18/2019 12:00:00 AM,0724,2,2,0,0,CLEAR,DRY,False,REAR END IN TRAFFIC LANES BOTH VEHICLES MOVING,REAR END,STRAIGHT & HILLCREST,DAWN,,,10/18/2019 11:52:18 AM,False,7840,Accepted,
25804350,0568000,LOUISVILLE METRO POLICE DEPT,Accepted,JEFFERSON,US0031W,,DIXIE,HWY,,,,,,,,38.120571849,-85.856209968,9.697,10/18/2019 12:00:00 AM,0946,3,3,0,0,CLEAR,DRY,False,REAR END IN TRAFFIC LANES BOTH VEHICLES MOVING,REAR END,STRAIGHT & LEVEL,DAYLIGHT,,,10/21/2019 11:24:47 AM,False,5250,Accepted,
25804400,0568000,LOUISVILLE METRO POLICE DEPT,Accepted,JEFFERSON,I 0064,,I64 E,,,,,,,,,38.226641084,-85.589290482,14.433,10/18/2019 12:00:00 AM,1636,2,2,0,1,CLEAR,DRY,False,REAR END IN TRAFFIC LANES BOTH VEHICLES MOVING,REAR END,STRAIGHT & LEVEL,DAYLIGHT,,,10/21/2019 11:27:49 AM,False,7358,Accepted,
25804401,0568000,LOUISVILLE METRO POLICE DEPT,Accepted,JEFFERSON,KY0841,,GENE SNYDER,FWY,,,,,,,,38.091330807,-85.869930123,0.323,10/18/2019 12:00:00 AM,1705,2,2,0,0,CLEAR,DRY,False,REAR END IN TRAFFIC LANES BOTH VEHICLES MOVING,REAR END,STRAIGHT & LEVEL,DAYLIGHT,,,10/21/2019 11:28:03 AM,False,6010,Accepted,
25804411,0568000,LOUISVILLE METRO POLICE DEPT,Accepted,JEFFERSON,I 0071,,I71 N,,,,,I 0071,I264 E EXIT23 RAMP TO I64 E,I 0264,I264 E,38.289292198,-85.648346365,4.970,10/18/2019 12:00:00 AM,1642,3,3,0,0,CLEAR,DRY,False,REAR END IN TRAFFIC LANES BOTH VEHICLES MOVING,REAR END,CURVE & LEVEL,DAYLIGHT,,,10/21/2019 11:28:59 AM,False,6929,Accepted,
25804395,0568000,LOUISVILLE METRO POLICE DEPT,Accepted,JEFFERSON,I 0064,,I64 W,,,,,,,,,38.261678362,-85.733095802,5.621,10/18/2019 12:00:00 AM,1630,2,2,0,0,CLEAR,DRY,False,REAR END IN TRAFFIC LANES BOTH VEHICLES MOVING,REAR END,STRAIGHT & LEVEL,DAYLIGHT,,,10/21/2019 11:27:27 AM,False,2855,Accepted,
25804673,0568000,LOUISVILLE METRO POLICE DEPT,Accepted,JEFFERSON,I 0071,,I71 N,,,,,,,,,38.320287640,-85.561569969,10.270,10/18/2019 12:00:00 AM,1615,2,2,0,0,CLEAR,DRY,False,REAR END IN TRAFFIC LANES BOTH VEHICLES MOVING,REAR END,STRAIGHT & LEVEL,DAYLIGHT,,,10/21/2019 11:50:49 AM,False,7858,Accepted,
25804455,0568000,LOUISVILLE METRO POLICE DEPT,Accepted,JEFFERSON,I 0065,,I65 S,,,,,,,,,38.130063223,-85.703082774,126.202,10/18/2019 12:00:00 AM,1804,2,2,0,0,CLEAR,DRY,False,REAR END IN TRAFFIC LANES BOTH VEHICLES MOVING,REAR END,STRAIGHT & LEVEL,DAYLIGHT,,,10/21/2019 11:32:23 AM,False,7243,Accepted,
25804366,0568000,LOUISVILLE METRO POLICE DEPT,Accepted,JEFFERSON,US0031W,,DIXIE,HWY,,,,,UPPER HUNTERS,,BONNYVILLE,38.168170954,-85.828804615,13.250,10/18/2019 12:00:00 AM,1430,2,2,0,0,CLEAR,DRY,False,REAR END IN TRAFFIC LANES BOTH VEHICLES MOVING,REAR END,STRAIGHT & LEVEL,DAYLIGHT,,,10/21/2019 11:25:59 AM,False,7339,Accepted,
25793384,0568000,LOUISVILLE METRO POLICE DEPT,Accepted,JEFFERSON,KY0155,3726,TAYLORSVILLE,RD,,,,,,,,38.220939870,-85.644630770,14.351,10/18/2019 12:00:00 AM,0653,2,2,0,0,CLEAR,DRY,False,REAR END IN TRAFFIC LANES BOTH VEHICLES MOVING,REAR END,STRAIGHT & LEVEL,DARK-HWY LIGHTED/ON,,,10/18/2019 9:13:19 AM,False,7200,Accepted,
25804581,0568000,LOUISVILLE METRO POLICE DEPT,Accepted,JEFFERSON,,,43RD,ST,S,,,,ELLIOTT,,RIVER PARK,38.254985914,-85.823307062,0.744,10/18/2019 12:00:00 AM,2240,5,4,0,2,CLEAR,DRY,False,1 VEHICLE PARKED POSITION (NOT PARKING LOT/DRIVEWAY),SIDESWIPE-SAME DIRECTION,STRAIGHT & LEVEL,DARK-HWY LIGHTED/ON,,,10/21/2019 11:41:35 AM,False,7243,Accepted,
25804563,0568000,LOUISVILLE METRO POLICE DEPT,Accepted,JEFFERSON,US0031E,,BAXTER,AVE,,,,,,,,38.246964477,-85.729513774,16.182,10/18/2019 12:00:00 AM,1827,2,2,0,0,CLEAR,DRY,False,1 VEHICLE PARKED POSITION (NOT PARKING LOT/DRIVEWAY),ANGLE,STRAIGHT & LEVEL,DAYLIGHT,,,10/21/2019 11:39:23 AM,False,5112,Accepted,
25804657,0568000,LOUISVILLE METRO POLICE DEPT,Accepted,JEFFERSON,,,8TH,ST,S,,,US0031W,MARKET,US0031W,MARKET,38.256574554,-85.763275267,0.044,10/18/2019 12:00:00 AM,1600,2,2,0,0,CLEAR,DRY,False,1 VEHICLE PARKED POSITION (NOT PARKING LOT/DRIVEWAY),SIDESWIPE-SAME DIRECTION,STRAIGHT & LEVEL,DAYLIGHT,,,10/21/2019 11:48:44 AM,False,2403,Accepted,
25804355,0568000,LOUISVILLE METRO POLICE DEPT,Accepted,JEFFERSON,,1707,RICHMOND,DR,,,,,,,,38.222263553,-85.706932799,0.552,10/18/2019 12:00:00 AM,1433,2,2,0,0,CLEAR,DRY,True,1 VEHICLE PARKED POSITION (NOT PARKING LOT/DRIVEWAY),SIDESWIPE-SAME DIRECTION,STRAIGHT & LEVEL,DAYLIGHT,,,10/21/2019 11:25:20 AM,False,7570,Accepted,
25804423,0568000,LOUISVILLE METRO POLICE DEPT,Accepted,JEFFERSON,,1325,BLUEGRASS,AVE,,,,,,,,38.179435646,-85.788286082,0.579,10/18/2019 12:00:00 AM,1544,2,2,0,0,CLEAR,DRY,False,1 VEHICLE PARKED POSITION (NOT PARKING LOT/DRIVEWAY),REAR END,STRAIGHT & HILLCREST,DAYLIGHT,,,10/21/2019 11:30:24 AM,False,5266,Accepted,
25804413,0568000,LOUISVILLE METRO POLICE DEPT,Accepted,JEFFERSON,,1353,7TH,ST,S,,,,,,,38.232539883,-85.766162214,1.047,10/18/2019 12:00:00 AM,1058,2,2,0,0,CLEAR,DRY,False,1 VEHICLE PARKED POSITION (NOT PARKING LOT/DRIVEWAY),BACKING,STRAIGHT & LEVEL,DAYLIGHT,,,10/21/2019 11:29:14 AM,False,5213,Accepted,
25804490,0568000,LOUISVILLE METRO POLICE DEPT,Accepted,JEFFERSON,KY0061,,JACKSON,ST,S,,,US0031E,MAIN,US0031E,MARKET,38.254760259,-85.743917628,12.959,10/18/2019 12:00:00 AM,1930,2,2,0,0,CLEAR,DRY,True,1 VEHICLE PARKED POSITION (NOT PARKING LOT/DRIVEWAY),BACKING,STRAIGHT & LEVEL,DARK-HWY LIGHTED/ON,,,10/21/2019 11:34:01 AM,False,7325,Accepted,
25804415,0568000,LOUISVILLE METRO POLICE DEPT,Accepted,JEFFERSON,,,4TH,ST,S,,,,,,,38.211623677,-85.764435231,3.132,10/18/2019 12:00:00 AM,1643,2,2,0,0,CLEAR,DRY,False,1 VEHICLE ENTERING/LEAVING ENTRANCE,ANGLE,STRAIGHT & LEVEL,DAYLIGHT,,,10/21/2019 11:29:35 AM,False,7398,Accepted,
25804391,0568000,LOUISVILLE METRO POLICE DEPT,Accepted,JEFFERSON,US0031E,,BARDSTOWN,RD,,,,,CHEROKEE,,ROSEWOOD,38.234707681,-85.714349793,14.976,10/18/2019 12:00:00 AM,1619,2,2,0,0,CLEAR,DRY,False,1 VEHICLE ENTERING/LEAVING ENTRANCE,ANGLE,STRAIGHT & LEVEL,DAYLIGHT,,,10/21/2019 11:27:08 AM,False,5289,Accepted,
25804421,0568000,LOUISVILLE METRO POLICE DEPT,Accepted,JEFFERSON,KY2054,,ALGONQUIN,PKWY,,,,,,,,38.221804437,-85.781060282,2.271,10/18/2019 12:00:00 AM,1720,2,2,0,0,CLEAR,DRY,False,SIDESWIPE COLLISION - SAME DIRECTION,SIDESWIPE-SAME DIRECTION,STRAIGHT & LEVEL,DAWN,,,10/21/2019 11:30:10 AM,False,5114,Accepted,
25793385,0568000,LOUISVILLE METRO POLICE DEPT,Accepted,JEFFERSON,I 0264,,I264 W,,,,,,,,,38.190108543,-85.762656749,10.368,10/18/2019 12:00:00 AM,0720,2,2,0,0,CLEAR,DRY,False,SIDESWIPE COLLISION - SAME DIRECTION,SIDESWIPE-SAME DIRECTION,STRAIGHT & LEVEL,DAYLIGHT,,,10/18/2019 9:13:30 AM,False,4903,Accepted,
25793541,0568000,LOUISVILLE METRO POLICE DEPT,Accepted,JEFFERSON,I 0065,,I65 N,,,,,I 0065,I65 N EXIT135 OFF RAMP TO  E SAINT CATHERINE ST,I 0065,I65 N EXIT134B OFF RAMP TO  WOODBINE ST,38.231555521,-85.750815927,134.256,10/18/2019 12:00:00 AM,0759,2,2,0,0,CLEAR,DRY,False,SIDESWIPE COLLISION - SAME DIRECTION,SIDESWIPE-SAME DIRECTION,STRAIGHT & LEVEL,DAYLIGHT,,,10/18/2019 9:25:09 AM,False,5279,Accepted,
25824691,0568000,LOUISVILLE METRO POLICE DEPT,Accepted,JEFFERSON,KY1020,,SOUTHSIDE,DR,,,,,,,,38.165692577,-85.764748533,6.547,10/18/2019 12:00:00 AM,0645,2,2,0,0,CLEAR,DRY,False,1 VEHICLE ENTERING/LEAVING ENTRANCE,ANGLE,STRAIGHT & LEVEL,DAWN,,,10/25/2019 8:36:04 AM,False,7053,Accepted,
25804485,0568000,LOUISVILLE METRO POLICE DEPT,Accepted,JEFFERSON,KY0864,,POPLAR LEVEL,RD,,,,,,,,38.171688839,-85.684847711,9.227,10/18/2019 12:00:00 AM,1108,2,2,0,0,CLEAR,DRY,True,1 VEHICLE ENTERING/LEAVING ENTRANCE,ANGLE,STRAIGHT & LEVEL,DUSK,,,10/21/2019 11:33:10 AM,False,7400,Accepted,
25804377,0568000,LOUISVILLE METRO POLICE DEPT,Accepted,JEFFERSON,KY0022,,BROWNSBORO,RD,,,,,,,,38.312579432,-85.567465090,4.434,10/18/2019 12:00:00 AM,1433,2,2,0,0,CLEAR,DRY,False,1 VEHICLE ENTERING/LEAVING ENTRANCE,ANGLE,STRAIGHT & LEVEL,DAYLIGHT,,,10/21/2019 11:26:23 AM,False,2489,Accepted,
25804393,0568000,LOUISVILLE METRO POLICE DEPT,Accepted,JEFFERSON,US0031E,,BARDSTOWN,RD,,,,,,,,38.226389092,-85.697852362,13.890,10/18/2019 12:00:00 AM,1605,2,2,0,0,CLEAR,DRY,False,1 VEHICLE ENTERING/LEAVING ENTRANCE,ANGLE,STRAIGHT & LEVEL,DAYLIGHT,,,10/21/2019 11:27:14 AM,False,5112,Accepted,
25794960,0568000,LOUISVILLE METRO POLICE DEPT,Accepted,JEFFERSON,KY1065,,OUTER,LOOP,,,,,,,,38.138009976,-85.673992659,6.752,10/18/2019 12:00:00 AM,1235,2,2,0,0,CLEAR,DRY,False,1 VEHICLE ENTERING/LEAVING ENTRANCE,ANGLE,STRAIGHT & LEVEL,DAYLIGHT,,,10/18/2019 3:05:09 PM,False,6933,Accepted,
25808856,0568000,LOUISVILLE METRO POLICE DEPT,Accepted,JEFFERSON,I 0264,,,,,,,,,,,38.194619308,-85.707622051,0.296,10/18/2019 12:00:00 AM,1215,2,2,0,0,CLEAR,DRY,False,OTHER RAMP RELATED COLLISIONS NOT LISTED ABOVE,REAR END,STRAIGHT & LEVEL,DAYLIGHT,I 0264,KY0864,10/22/2019 8:16:30 AM,False,4656,Accepted,
25804671,0568000,LOUISVILLE METRO POLICE DEPT,Accepted,JEFFERSON,I 0265,,,,,,,,,,,38.310931352,-85.570089702,0.387,10/18/2019 12:00:00 AM,1443,2,2,0,0,CLEAR,DRY,False,OTHER RAMP RELATED COLLISIONS NOT LISTED ABOVE,REAR END,CURVE & LEVEL,DAYLIGHT,I 0265,KY0022,10/21/2019 11:50:40 AM,False,7858,Accepted,
25804420,0568000,LOUISVILLE METRO POLICE DEPT,Accepted,JEFFERSON,I 0065,,,,,,,,,,,38.246466292,-85.752241257,0.126,10/18/2019 12:00:00 AM,1845,2,2,0,0,CLEAR,DRY,False,OTHER RAMP RELATED COLLISIONS NOT LISTED ABOVE,REAR END,STRAIGHT & GRADE,DUSK,W CHESTNUT ST,I 0065,10/21/2019 11:30:05 AM,False,2855,Accepted,
25794959,0568000,LOUISVILLE METRO POLICE DEPT,Accepted,JEFFERSON,I 0264,,,,,,,,,,,38.196297196,-85.707711909,0.248,10/18/2019 12:00:00 AM,1150,2,2,0,0,CLEAR,DRY,False,OTHER RAMP RELATED COLLISIONS NOT LISTED ABOVE,REAR END,CURVE & HILLCREST,DAYLIGHT,I 0264,KY0864,10/18/2019 3:04:59 PM,False,4903,Accepted,
25804580,0568000,LOUISVILLE METRO POLICE DEPT,Accepted,JEFFERSON,I 0065,,,,,,,,,,,38.253063718,-85.750433910,0.086,10/18/2019 12:00:00 AM,1157,2,2,0,0,CLEAR,DRY,False,OTHER RAMP RELATED COLLISIONS NOT LISTED ABOVE,SIDESWIPE-SAME DIRECTION,STRAIGHT & LEVEL,DAYLIGHT,I 0065,E JEFFERSON ST,10/21/2019 11:41:22 AM,False,2403,Accepted,
25804397,0568000,LOUISVILLE METRO POLICE DEPT,Accepted,JEFFERSON,I 0264,,,,,,,,,,,38.246318368,-85.620231049,0.422,10/18/2019 12:00:00 AM,1705,2,2,0,0,CLEAR,DRY,False,OTHER RAMP RELATED COLLISIONS NOT LISTED ABOVE,REAR END,CURVE & LEVEL,DAYLIGHT,I 0264,US0060,10/21/2019 11:27:43 AM,False,6777,Accepted,
25804414,0568000,LOUISVILLE METRO POLICE DEPT,Accepted,JEFFERSON,I 0065,,,,,,,,,,,38.136126758,-85.705858884,0.150,10/18/2019 12:00:00 AM,0630,2,2,0,0,CLEAR,DRY,True,OTHER RAMP RELATED COLLISIONS NOT LISTED ABOVE,SIDESWIPE-SAME DIRECTION,STRAIGHT & LEVEL,DARK-HWY LIGHTED/ON,KY1065,I 0065,10/21/2019 11:29:22 AM,False,7398,Accepted,
25804711,0568000,LOUISVILLE METRO POLICE DEPT,Accepted,JEFFERSON,,1304,TOP HILL,RD,,,,,,,,38.080278434,-85.791429777,1.543,10/18/2019 12:00:00 AM,1518,1,1,0,1,CLEAR,DRY,False,OTHER ROADWAY OR MID-BLOCK COLLISION,SINGLE VEHICLE,CURVE & GRADE,DAYLIGHT,,,10/21/2019 11:53:57 AM,False,7221,Accepted,
25804412,0568000,LOUISVILLE METRO POLICE DEPT,Accepted,JEFFERSON,,,SHELBY,ST,S,,,,BURNETT,,SYLVIA,38.224699853,-85.742302840,0.416,10/18/2019 12:00:00 AM,1730,2,2,0,0,CLEAR,DRY,True,OTHER ROADWAY OR MID-BLOCK COLLISION,OPPOSING LEFT TURN,STRAIGHT & LEVEL,DAYLIGHT,,,10/21/2019 11:29:04 AM,False,5269,Accepted,
25804369,0568000,LOUISVILLE METRO POLICE DEPT,Accepted,JEFFERSON,,839,PHILLIPS,LN,,,,,,,,38.193143833,-85.740226551,0.701,10/18/2019 12:00:00 AM,1517,2,2,0,0,CLEAR,DRY,False,OTHER ROADWAY OR MID-BLOCK COLLISION,OPPOSING LEFT TURN,STRAIGHT & LEVEL,DAYLIGHT,,,10/21/2019 11:26:07 AM,False,7872,Accepted,
25804530,0568000,LOUISVILLE METRO POLICE DEPT,Accepted,JEFFERSON,KY1931,,ST ANDREWS CHURCH,RD,,,,,,,,38.151812235,-85.819399610,4.419,10/18/2019 12:00:00 AM,1700,2,2,0,0,CLEAR,DRY,True,OTHER ROADWAY OR MID-BLOCK COLLISION,OPPOSING LEFT TURN,STRAIGHT & LEVEL,DAYLIGHT,,,10/21/2019 11:37:05 AM,False,7524,Accepted,
25804464,0568000,LOUISVILLE METRO POLICE DEPT,Accepted,JEFFERSON,,,DEL MARIA,WAY,,,,US0031E,BARDSTOWN,,HAMES,38.170010429,-85.607042696,0.011,10/18/2019 12:00:00 AM,1915,2,2,0,0,CLEAR,DRY,False,OTHER ROADWAY OR MID-BLOCK COLLISION,REAR END,STRAIGHT & GRADE,DARK (UNKNOWN ROADWAY LIGHTING),,,10/21/2019 11:32:29 AM,False,6668,Accepted,
25804373,0568000,LOUISVILLE METRO POLICE DEPT,Accepted,JEFFERSON,,,LOWER HUNTERS,TRCE,,,,,UPPER HUNTERS,,TAHIA,38.157840278,-85.847679937,0.726,10/18/2019 12:00:00 AM,1505,2,2,0,0,CLEAR,DRY,False,OTHER ROADWAY OR MID-BLOCK COLLISION,REAR END,STRAIGHT & LEVEL,DAYLIGHT,,,10/21/2019 11:26:14 AM,False,5267,Accepted,
25804388,0568000,LOUISVILLE METRO POLICE DEPT,Accepted,JEFFERSON,US0031W,,DIXIE,HWY,,,,,BETHANY,US0031W,US31W RAMP TO KY1934,38.094766512,-85.874422727,7.653,10/18/2019 12:00:00 AM,1432,2,2,0,0,CLEAR,DRY,True,OTHER ROADWAY OR MID-BLOCK COLLISION,REAR END,STRAIGHT & LEVEL,DAYLIGHT,,,10/21/2019 11:27:02 AM,False,7073,Accepted,
25793511,0568000,LOUISVILLE METRO POLICE DEPT,Accepted,JEFFERSON,KY1450,,BLUE LICK,RD,,,,,MAYNARD,,FREEDOM,38.111979500,-85.690053133,1.870,10/17/2019 12:00:00 AM,1606,3,3,0,0,CLEAR,DRY,False,OTHER ROADWAY OR MID-BLOCK COLLISION,REAR END,STRAIGHT & LEVEL,DAYLIGHT,,,10/18/2019 9:20:20 AM,False,7397,Accepted,
25793337,0568000,LOUISVILLE METRO POLICE DEPT,Accepted,JEFFERSON,US0031E,,MAIN,ST,E,,,,BROOK,,1ST,38.256043644,-85.751301392,17.775,10/17/2019 12:00:00 AM,0937,2,2,0,0,CLEAR,DRY,False,OTHER ROADWAY OR MID-BLOCK COLLISION,REAR END,STRAIGHT & LEVEL,DAYLIGHT,,,10/18/2019 9:03:46 AM,False,2764,Accepted,
25793370,0568000,LOUISVILLE METRO POLICE DEPT,Accepted,JEFFERSON,KY1747,4610,HURSTBOURNE,PKWY,S,,,,,,,38.186028949,-85.605948849,8.752,10/17/2019 12:00:00 AM,1939,2,2,0,0,CLEAR,DRY,False,OTHER ROADWAY OR MID-BLOCK COLLISION,REAR END,STRAIGHT & LEVEL,DARK-HWY LIGHTED/ON,,,10/18/2019 9:10:36 AM,False,5191,Accepted,
25793345,0568000,LOUISVILLE METRO POLICE DEPT,Accepted,JEFFERSON,I 0071,,,,,,,,,,,38.312967060,-85.580354670,0.143,10/17/2019 12:00:00 AM,1839,2,2,0,0,CLEAR,DRY,False,OTHER RAMP RELATED COLLISIONS NOT LISTED ABOVE,SIDESWIPE-SAME DIRECTION,STRAIGHT & GRADE,DAYLIGHT,I 0071,I 0265,10/18/2019 9:05:19 AM,False,7220,Accepted,
25804484,0568000,LOUISVILLE METRO POLICE DEPT,Accepted,JEFFERSON,I 0065,,,,,,,,,,,38.186859051,-85.725313359,0.185,10/17/2019 12:00:00 AM,1639,4,4,0,0,CLEAR,DRY,False,OTHER RAMP RELATED COLLISIONS NOT LISTED ABOVE,REAR END,STRAIGHT & LEVEL,DAYLIGHT,I 0065,I 0264,10/21/2019 11:33:02 AM,False,7400,Accepted,
25793253,0568000,LOUISVILLE METRO POLICE DEPT,Accepted,JEFFERSON,I 0264,,,,,,,,,,,38.196253270,-85.707633570,0.242,10/17/2019 12:00:00 AM,1200,2,2,0,0,CLEAR,DRY,False,OTHER RAMP RELATED COLLISIONS NOT LISTED ABOVE,REAR END,CURVE & LEVEL,DAYLIGHT,I 0264,KY0864,10/18/2019 8:48:44 AM,False,7898,Accepted,
27592397,0568000,LOUISVILLE METRO POLICE DEPT,Accepted,JEFFERSON,I 0264,,,,,,,,,,,38.194465431,-85.707423806,0.312,10/17/2019 12:00:00 AM,0546,2,2,0,0,OTHER,DRY,False,OTHER RAMP RELATED COLLISIONS NOT LISTED ABOVE,REAR END,STRAIGHT & HILLCREST,DARK-HWY LIGHTED/ON,I 0264,KY0864,12/22/2020 8:12:20 AM,False,4903,Accepted,
25793346,0568000,LOUISVILLE METRO POLICE DEPT,Accepted,JEFFERSON,,911,PALATKA,RD,,,,,,,,38.147382769,-85.767423701,0.051,10/17/2019 12:00:00 AM,1815,2,2,0,0,CLEAR,DRY,False,1 VEHICLE ENTERING/LEAVING ENTRANCE,ANGLE,STRAIGHT & LEVEL,DAYLIGHT,,,10/18/2019 9:05:34 AM,False,7427,Accepted,
25793339,0568000,LOUISVILLE METRO POLICE DEPT,Accepted,JEFFERSON,US0031E,,MARKET,ST,E,,,,FLOYD,KY0061,PRESTON,38.254185508,-85.746647634,17.406,10/17/2019 12:00:00 AM,1441,2,2,0,0,CLEAR,DRY,False,1 VEHICLE ENTERING/LEAVING ENTRANCE,ANGLE,STRAIGHT & LEVEL,DAYLIGHT,,,10/18/2019 9:04:07 AM,False,2764,Accepted,
25793303,0568000,LOUISVILLE METRO POLICE DEPT,Accepted,JEFFERSON,KY0061,,PRESTON,HWY,,,,,PARK,,BOERSTE,38.117880679,-85.677267720,2.436,10/17/2019 12:00:00 AM,1733,2,2,0,1,CLEAR,DRY,False,1 VEHICLE ENTERING/LEAVING ENTRANCE,ANGLE,STRAIGHT & LEVEL,DAYLIGHT,,,10/18/2019 8:57:42 AM,False,7397,Accepted,
25793248,0568000,LOUISVILLE METRO POLICE DEPT,Accepted,JEFFERSON,US0031E,,BARDSTOWN,RD,,,,,ELLWOOD,KY2860,GRINSTEAD,38.238328781,-85.720862696,15.414,10/17/2019 12:00:00 AM,0849,2,2,0,0,CLEAR,DRY,False,1 VEHICLE ENTERING/LEAVING ENTRANCE,ANGLE,STRAIGHT & LEVEL,DAYLIGHT,,,10/18/2019 8:47:28 AM,False,2228,Accepted,
25804518,0568000,LOUISVILLE METRO POLICE DEPT,Accepted,JEFFERSON,KY1703,,BAXTER,AVE,,,,,HIGHLAND,,HEPBURN,38.240060939,-85.724128552,5.667,10/17/2019 12:00:00 AM,2010,2,2,0,0,CLEAR,DRY,False,1 VEHICLE ENTERING/LEAVING ENTRANCE,ANGLE,STRAIGHT & LEVEL,DARK-HWY LIGHTED/ON,,,10/21/2019 11:36:38 AM,False,2816,Accepted,
25808994,0568000,LOUISVILLE METRO POLICE DEPT,Accepted,JEFFERSON,,7802,VAUGHN MILL,RD,,,,,APPLE MILL,,JANES FARM,38.134161044,-85.628637274,0.791,10/17/2019 12:00:00 AM,1632,2,2,1,0,CLEAR,DRY,False,SIDESWIPE COLLISION - OPPOSITE DIRECTION,SIDESWIPE-OPPOSITE DIRECTION,STRAIGHT & LEVEL,DAYLIGHT,,,10/22/2019 8:27:17 AM,False,2308,Accepted,
25793092,0560300,ST. MATTHEWS POLICE DEPARTMENT,Accepted,JEFFERSON,US0060,5000,SHELBYVILLE,RD,,,,,,,,38.250174942,-85.623555541,5.306,10/17/2019 12:00:00 AM,1400,2,2,0,0,CLEAR,DRY,False,SIDESWIPE COLLISION - SAME DIRECTION,SIDESWIPE-SAME DIRECTION,STRAIGHT & LEVEL,DAYLIGHT,,,10/18/2019 8:05:28 AM,False,9147,Accepted,
25793343,0568000,LOUISVILLE METRO POLICE DEPT,Accepted,JEFFERSON,KY0841,,GENE SNYDER,FWY,,,,,,,,38.318810561,-85.603838930,35.953,10/17/2019 12:00:00 AM,1801,2,2,0,0,CLEAR,DRY,False,SIDESWIPE COLLISION - SAME DIRECTION,SIDESWIPE-SAME DIRECTION,STRAIGHT & LEVEL,DAYLIGHT,,,10/18/2019 9:04:48 AM,False,7944,Accepted,