IncidentID,AgencyORI,AgencyName,IncidentStatusDesc,County,RdwyNumber,Street,RoadwayName,StreetSfx,StreetDir,IntersectionRdwy,IntersectionRdwyName,BetweenStRdwy1,BetweenStRdwyName1,BetweenStRdwy2,BetweenStRdwyName2,Latitude,Longitude,Milepoint,CollisionDate,CollisionTime,UnitsInvolved,MotorVehiclesInvolved,NumberKilled,NumberInjured,Weather,RdwyConditionCode,HitandRun,DirAnalysisCode,MannerofCollision,RdwyCharacter,LightCondition,RampFromRdwyId,RampToRdwyId,AcceptedDate,IsSecondaryCollision,OwnerBadge,IncidentStatus,
25793316,0568000,LOUISVILLE METRO POLICE DEPT,Accepted,JEFFERSON,KY1065,,OUTER,LOOP,,,,I 0065,I65 N EXIT127 OFF RAMP TO KY1065,,BRIARCLIFF,38.136203921,-85.699542414,5.332,10/17/2019 12:00:00 AM,1243,2,2,0,0,CLEAR,DRY,False,SIDESWIPE COLLISION - SAME DIRECTION,SIDESWIPE-SAME DIRECTION,STRAIGHT & LEVEL,DAYLIGHT,,,10/18/2019 8:59:43 AM,False,2324,Accepted,
25787985,0568000,LOUISVILLE METRO POLICE DEPT,Accepted,JEFFERSON,I 0065,,I65 S,,,,,,,,,38.179149565,-85.720262713,129.804,10/17/2019 12:00:00 AM,0519,2,2,0,0,CLEAR,DRY,True,SIDESWIPE COLLISION - SAME DIRECTION,SIDESWIPE-SAME DIRECTION,STRAIGHT & LEVEL,DARK-HWY LIGHTED/ON,,,10/17/2019 8:46:25 AM,False,7074,Accepted,
25793299,0568000,LOUISVILLE METRO POLICE DEPT,Accepted,JEFFERSON,,,ZORN,AVE,,,,,,,,38.275391003,-85.697536361,1.585,10/17/2019 12:00:00 AM,1704,2,2,0,0,CLEAR,DRY,False,1 VEHICLE ENTERING/LEAVING ENTRANCE,ANGLE,STRAIGHT & LEVEL,DAYLIGHT,,,10/18/2019 8:57:01 AM,False,7632,Accepted,
25793274,0568000,LOUISVILLE METRO POLICE DEPT,Accepted,JEFFERSON,KY1065,,OUTER,LOOP,,,,,ROCHELLE,,SMYRNA,38.137886799,-85.639384725,8.652,10/17/2019 12:00:00 AM,1619,2,2,0,0,CLEAR,DRY,False,1 VEHICLE ENTERING/LEAVING ENTRANCE,ANGLE,STRAIGHT & LEVEL,DAYLIGHT,,,10/18/2019 8:53:53 AM,False,2959,Accepted,
25793266,0568000,LOUISVILLE METRO POLICE DEPT,Accepted,JEFFERSON,KY1142,,PALATKA,RD,,,,,,,,38.153970685,-85.795419101,0.360,10/17/2019 12:00:00 AM,1523,2,2,0,0,CLEAR,DRY,False,1 VEHICLE ENTERING/LEAVING ENTRANCE,ANGLE,CURVE & LEVEL,DAYLIGHT,,,10/18/2019 8:51:07 AM,False,7424,Accepted,
25793273,0568000,LOUISVILLE METRO POLICE DEPT,Accepted,JEFFERSON,,,HANCOCK,ST,S,,,,GRAY,US0150,BROADWAY,38.245569900,-85.743459321,0.657,10/17/2019 12:00:00 AM,1352,2,2,0,0,CLEAR,DRY,False,VEHICLE BACKING NON INTERSECTION,BACKING,STRAIGHT & LEVEL,DAYLIGHT,,,10/18/2019 8:53:31 AM,False,7266,Accepted,
25793249,0568000,LOUISVILLE METRO POLICE DEPT,Accepted,JEFFERSON,I 0065,,I65 N,,,,,,,,,38.206666169,-85.747674591,132.355,10/17/2019 12:00:00 AM,1204,2,2,0,0,CLEAR,DRY,False,1 VEHICLE PARKED POSITION (NOT PARKING LOT/DRIVEWAY),SIDESWIPE-SAME DIRECTION,STRAIGHT & LEVEL,DAYLIGHT,,,10/18/2019 8:47:39 AM,False,4903,Accepted,
25793350,0568000,LOUISVILLE METRO POLICE DEPT,Accepted,JEFFERSON,,4600,6TH,ST,S,,,,,,,38.185482965,-85.770508391,3.105,10/17/2019 12:00:00 AM,0823,2,2,0,0,CLEAR,DRY,False,1 VEHICLE PARKED POSITION (NOT PARKING LOT/DRIVEWAY),BACKING,STRAIGHT & LEVEL,DAYLIGHT,,,10/18/2019 9:07:26 AM,False,7468,Accepted,
25793341,0568000,LOUISVILLE METRO POLICE DEPT,Accepted,JEFFERSON,I 0065,,I65 S,,,,,,,,,38.102820939,-85.701188946,124.317,10/17/2019 12:00:00 AM,1301,2,2,0,0,CLEAR,DRY,False,REAR END IN TRAFFIC LANES BOTH VEHICLES MOVING,REAR END,STRAIGHT & LEVEL,DAYLIGHT,,,10/18/2019 9:04:24 AM,False,7944,Accepted,
25793342,0568000,LOUISVILLE METRO POLICE DEPT,Accepted,JEFFERSON,I 0071,,I71 N,,,,,,,,,38.309701904,-85.591851034,8.440,10/17/2019 12:00:00 AM,1637,2,2,0,0,CLEAR,DRY,False,REAR END IN TRAFFIC LANES BOTH VEHICLES MOVING,REAR END,STRAIGHT & GRADE,DAYLIGHT,,,10/18/2019 9:04:38 AM,False,7944,Accepted,
25793285,0568000,LOUISVILLE METRO POLICE DEPT,Accepted,JEFFERSON,I 0265,,I265 S,,,,,I 0265,I265 S EXIT34 OFF RAMP TO KY22,I 0071,I71 N EXIT9A RAMP TO I265 E,38.311525227,-85.576222466,34.314,10/17/2019 12:00:00 AM,1555,2,2,0,2,CLEAR,DRY,False,REAR END IN TRAFFIC LANES BOTH VEHICLES MOVING,REAR END,STRAIGHT & LEVEL,DAYLIGHT,,,10/18/2019 8:55:42 AM,False,7751,Accepted,
25793374,0568000,LOUISVILLE METRO POLICE DEPT,Accepted,JEFFERSON,I 0264,,I264 E,,,,,I 0264,I264 E EXIT21 OFF RAMP TO KY1447,I 0264,I264 E EXIT20 TRANSIT,38.261213502,-85.623193891,20.605,10/17/2019 12:00:00 AM,1836,3,3,0,0,CLEAR,DRY,False,REAR END IN TRAFFIC LANES BOTH VEHICLES MOVING,REAR END,CURVE & GRADE,DUSK,,,10/18/2019 9:11:26 AM,False,5228,Accepted,
25793519,0568000,LOUISVILLE METRO POLICE DEPT,Accepted,JEFFERSON,,4022,BLANTON,LN,,,,,,,,38.157415502,-85.830818836,0.175,10/17/2019 12:00:00 AM,2043,2,2,0,0,CLEAR,DRY,False,REAR END IN TRAFFIC LANES BOTH VEHICLES MOVING,REAR END,STRAIGHT & LEVEL,DARK-HWY NOT LIGHTED,,,10/18/2019 9:21:37 AM,False,7365,Accepted,
25793360,0568000,LOUISVILLE METRO POLICE DEPT,Accepted,JEFFERSON,KY0864,,POPLAR LEVEL,RD,,,,,,,,38.167104105,-85.681494079,8.895,10/17/2019 12:00:00 AM,1941,2,2,0,0,CLEAR,DRY,False,REAR END IN TRAFFIC LANES BOTH VEHICLES MOVING,REAR END,STRAIGHT & LEVEL,DARK-HWY LIGHTED/ON,,,10/18/2019 9:08:40 AM,False,7371,Accepted,
25804790,0568000,LOUISVILLE METRO POLICE DEPT,Accepted,JEFFERSON,I 0065,,I65 S,,,,,I 0064,I64 S EXIT137 OFF RAMP,I 0064,I64 S EXIT137 ON RAMP,38.256043273,-85.742102769,136.281,10/17/2019 12:00:00 AM,1638,2,2,0,0,CLEAR,DRY,False,REAR END IN TRAFFIC LANES BOTH VEHICLES MOVING,REAR END,STRAIGHT & LEVEL,DAYLIGHT,,,10/21/2019 12:02:31 PM,False,7058,Accepted,
25793275,0568000,LOUISVILLE METRO POLICE DEPT,Accepted,JEFFERSON,KY0864,,POPLAR LEVEL,RD,,,,,,,,38.192197979,-85.705573480,11.052,10/17/2019 12:00:00 AM,1316,2,2,0,1,CLOUDY,DRY,False,REAR END IN TRAFFIC LANES BOTH VEHICLES MOVING,REAR END,STRAIGHT & LEVEL,DAYLIGHT,,,10/18/2019 8:54:04 AM,False,7898,Accepted,
25793009,0566900,LOUISVILLE AIRPORT POLICE,Accepted,JEFFERSON,,,TERMINAL,DR,,,,,,,,38.188822787,-85.743614316,0.694,10/17/2019 12:00:00 AM,1717,2,2,0,0,CLEAR,DRY,False,REAR END IN TRAFFIC LANES BOTH VEHICLES MOVING,REAR END,STRAIGHT & LEVEL,DAYLIGHT,,,10/18/2019 7:26:54 AM,False,5842,Accepted,
25793287,0568000,LOUISVILLE METRO POLICE DEPT,Accepted,JEFFERSON,KY0146,,LA GRANGE,RD,,,,,,,,38.285443040,-85.514416371,7.272,10/17/2019 12:00:00 AM,1710,2,2,0,0,CLEAR,DRY,True,REAR END IN TRAFFIC LANES BOTH VEHICLES MOVING,REAR END,STRAIGHT & LEVEL,DAYLIGHT,,,10/18/2019 8:56:06 AM,False,2346,Accepted,
25793155,0568000,LOUISVILLE METRO POLICE DEPT,Accepted,JEFFERSON,I 0265,,I265 W,,,,,,,,,38.110556722,-85.682905452,11.307,10/17/2019 12:00:00 AM,0732,2,2,0,0,CLEAR,DRY,False,REAR END IN TRAFFIC LANES BOTH VEHICLES MOVING,REAR END,STRAIGHT & GRADE,DAWN,,,10/18/2019 8:27:03 AM,False,2854,Accepted,
25793156,0568000,LOUISVILLE METRO POLICE DEPT,Accepted,JEFFERSON,I 0071,,I71 S,,,,,,,,,38.291826175,-85.650687699,4.864,10/17/2019 12:00:00 AM,0815,2,2,0,0,CLEAR,DRY,False,REAR END IN TRAFFIC LANES BOTH VEHICLES MOVING,REAR END,STRAIGHT & LEVEL,DAYLIGHT,,,10/18/2019 8:27:18 AM,False,4903,Accepted,
25788006,0568000,LOUISVILLE METRO POLICE DEPT,Accepted,JEFFERSON,KY1747,2100,HURSTBOURNE,PKWY,S,,,,,,,38.215665999,-85.590735216,11.049,10/17/2019 12:00:00 AM,0721,2,2,0,0,CLEAR,DRY,False,REAR END IN TRAFFIC LANES BOTH VEHICLES MOVING,REAR END,STRAIGHT & LEVEL,DAYLIGHT,,,10/17/2019 8:50:11 AM,False,7200,Accepted,
25793261,0568000,LOUISVILLE METRO POLICE DEPT,Accepted,JEFFERSON,I 0264,,I264 W,,,,,,,,,38.201097296,-85.694551715,14.199,10/17/2019 12:00:00 AM,1529,2,2,0,0,CLEAR,DRY,False,REAR END IN TRAFFIC LANES BOTH VEHICLES MOVING,REAR END,STRAIGHT & LEVEL,DAYLIGHT,,,10/18/2019 8:50:32 AM,False,7284,Accepted,
25793290,0568000,LOUISVILLE METRO POLICE DEPT,Accepted,JEFFERSON,I 0065,,I65 N,,,,,,,,,38.206695692,-85.747915452,132.369,10/17/2019 12:00:00 AM,0915,2,2,0,0,CLEAR,DRY,False,REAR END IN TRAFFIC LANES BOTH VEHICLES MOVING,REAR END,STRAIGHT & LEVEL,DAYLIGHT,,,10/18/2019 8:56:21 AM,False,5273,Accepted,
25793372,0568000,LOUISVILLE METRO POLICE DEPT,Accepted,JEFFERSON,US0031E,,BARDSTOWN,RD,,,,,,,,38.230081109,-85.703608444,14.296,10/17/2019 12:00:00 AM,1944,2,2,0,5,CLEAR,DRY,False,REAR END IN TRAFFIC LANES BOTH VEHICLES MOVING,REAR END,STRAIGHT & LEVEL,DARK-HWY LIGHTED/ON,,,10/18/2019 9:10:58 AM,False,5104,Accepted,
25793270,0568000,LOUISVILLE METRO POLICE DEPT,Accepted,JEFFERSON,KY1065,,OUTER,LOOP,,,,,GRADE,KY1065,KY1065 CROSSOVER,38.132705668,-85.726519402,3.795,10/17/2019 12:00:00 AM,0835,2,2,0,0,CLEAR,DRY,True,REAR END IN TRAFFIC LANES BOTH VEHICLES MOVING,REAR END,STRAIGHT & LEVEL,DAYLIGHT,,,10/18/2019 8:52:08 AM,False,7397,Accepted,
25793240,0568000,LOUISVILLE METRO POLICE DEPT,Accepted,JEFFERSON,I 0071,,I71 S,,,,,,,,,38.271015852,-85.703420035,1.352,10/17/2019 12:00:00 AM,0911,2,2,0,0,CLEAR,DRY,False,REAR END IN TRAFFIC LANES BOTH VEHICLES MOVING,REAR END,STRAIGHT & LEVEL,DAYLIGHT,,,10/18/2019 8:46:33 AM,False,4903,Accepted,
25809007,0568000,LOUISVILLE METRO POLICE DEPT,Accepted,JEFFERSON,US0031W,,22ND,ST,S,,,,CONGRESS,,MARKET,38.258182779,-85.786623352,20.185,10/17/2019 12:00:00 AM,1732,1,1,0,0,CLEAR,DRY,False,OTHER COLLISIONS ON SHOULDER,SINGLE VEHICLE,STRAIGHT & LEVEL,DAYLIGHT,,,10/22/2019 8:29:51 AM,False,7241,Accepted,
25844989,0568000,LOUISVILLE METRO POLICE DEPT,Accepted,JEFFERSON,KY1065,1001,OUTER,LOOP,,,,,,,,38.127210703,-85.746630160,2.710,10/17/2019 12:00:00 AM,1440,2,2,0,0,CLEAR,DRY,False,REAR END IN TRAFFIC LANES BOTH VEHICLES MOVING,REAR END,STRAIGHT & LEVEL,DAYLIGHT,,,10/28/2019 8:46:50 AM,False,7263,Accepted,
25793229,0568000,LOUISVILLE METRO POLICE DEPT,Accepted,JEFFERSON,,,PRICE,LN,,,COOPER CHAPEL,,,,,38.104627058,-85.649608028,0.002,10/17/2019 12:00:00 AM,1039,2,2,0,0,CLEAR,DRY,False,HEAD-ON COLLISION,HEAD ON,STRAIGHT & LEVEL,DAYLIGHT,,,10/18/2019 8:45:43 AM,False,7989,Accepted,
25861320,0568000,LOUISVILLE METRO POLICE DEPT,Accepted,JEFFERSON,I 0065,,I65 S,,,,,,,,,38.164695141,-85.721682561,128.746,10/17/2019 12:00:00 AM,1104,2,2,0,1,CLEAR,DRY,False,SIDESWIPE COLLISION - SAME DIRECTION,SIDESWIPE-SAME DIRECTION,STRAIGHT & LEVEL,DAYLIGHT,,,10/31/2019 8:42:35 AM,False,2796,Accepted,
25808949,0568000,LOUISVILLE METRO POLICE DEPT,Accepted,JEFFERSON,US0060A,,EASTERN,PKWY,,,,,BRADLEY,,SHERRY,38.212209817,-85.747317139,4.260,10/17/2019 12:00:00 AM,1700,2,2,0,0,CLEAR,DRY,False,SIDESWIPE COLLISION - SAME DIRECTION,SIDESWIPE-SAME DIRECTION,STRAIGHT & LEVEL,DAYLIGHT,,,10/22/2019 8:21:47 AM,False,5273,Accepted,
25814454,0568000,LOUISVILLE METRO POLICE DEPT,Accepted,JEFFERSON,I 0265,,I265 S,,,,,,,,,38.311708780,-85.576469247,34.333,10/17/2019 12:00:00 AM,1630,2,2,0,0,CLEAR,DRY,False,SIDESWIPE COLLISION - SAME DIRECTION,SIDESWIPE-SAME DIRECTION,STRAIGHT & LEVEL,DAYLIGHT,,,10/23/2019 8:30:59 AM,False,7899,Accepted,
25793278,0568000,LOUISVILLE METRO POLICE DEPT,Accepted,JEFFERSON,I 0064,,I64 E,,,,,,,,,38.232019534,-85.606412668,13.457,10/17/2019 12:00:00 AM,1709,2,2,0,0,CLEAR,DRY,False,SIDESWIPE COLLISION - SAME DIRECTION,SIDESWIPE-SAME DIRECTION,STRAIGHT & LEVEL,DAYLIGHT,,,10/18/2019 8:55:03 AM,False,5109,Accepted,
25793349,0568000,LOUISVILLE METRO POLICE DEPT,Accepted,JEFFERSON,KY1934,,CANE RUN,RD,,,TERRY,,,,,38.178181325,-85.861889959,7.183,10/17/2019 12:00:00 AM,1440,2,2,0,0,CLEAR,DRY,True,OTHER INTERSECTION COLLISIONS,REAR END,STRAIGHT & LEVEL,DAYLIGHT,,,10/18/2019 9:07:11 AM,False,7177,Accepted,
25793309,0568000,LOUISVILLE METRO POLICE DEPT,Accepted,JEFFERSON,US0031W,,DIXIE,HWY,,,STEPHAN,,,,,38.127501455,-85.850237521,10.273,10/17/2019 12:00:00 AM,1630,2,2,0,0,CLEAR,DRY,False,OTHER INTERSECTION COLLISIONS,REAR END,STRAIGHT & LEVEL,DAYLIGHT,,,10/18/2019 8:58:56 AM,False,5100,Accepted,
25793260,0568000,LOUISVILLE METRO POLICE DEPT,Accepted,JEFFERSON,,,ZORN,AVE,,I 0071,I71 S EXIT2 OFF RAMP TO  ZORN AVE,,,,,38.275388096,-85.697539839,1.585,10/17/2019 12:00:00 AM,1530,2,2,0,0,CLEAR,DRY,False,OTHER INTERSECTION COLLISIONS,REAR END,STRAIGHT & LEVEL,DAYLIGHT,,,10/18/2019 8:50:12 AM,False,2413,Accepted,
25814424,0568000,LOUISVILLE METRO POLICE DEPT,Accepted,JEFFERSON,I 0264,,I264 E,,,I 0065,I65 E EXIT12 ON RAMP,,,,,38.190822029,-85.718887250,12.663,10/17/2019 12:00:00 AM,1557,2,2,0,0,CLEAR,DRY,False,SIDESWIPE-SAME DIRECTION,SIDESWIPE-SAME DIRECTION,CURVE & LEVEL,DAYLIGHT,,,10/23/2019 8:26:17 AM,False,7898,Accepted,
25793317,0568000,LOUISVILLE METRO POLICE DEPT,Accepted,JEFFERSON,,,28TH,ST,S,,VIRGINIA,,,,,38.238181309,-85.800227932,1.590,10/17/2019 12:00:00 AM,1519,2,2,0,0,CLEAR,DRY,False,SIDESWIPE-SAME DIRECTION,SIDESWIPE-SAME DIRECTION,STRAIGHT & GRADE,DAYLIGHT,,,10/18/2019 8:59:59 AM,False,5161,Accepted,
25793383,0568000,LOUISVILLE METRO POLICE DEPT,Accepted,JEFFERSON,,,ENGLISH STATION,RD,N,,,,,,,38.271210611,-85.518682109,1.868,10/17/2019 12:00:00 AM,2004,1,1,0,3,CLEAR,DRY,False,COLLISION WITH FIXED OBJECT NON - INTERSECTION - FIRST EVENT COLLISION 09 - 32 EXCLUDING 16,SINGLE VEHICLE,CURVE & LEVEL,DARK-HWY NOT LIGHTED,,,10/18/2019 9:13:10 AM,False,5041,Accepted,
25793254,0568000,LOUISVILLE METRO POLICE DEPT,Accepted,JEFFERSON,,2700,MUHAMMAD ALI,BLVD,W,,,,,,,38.255410525,-85.796130129,2.395,10/17/2019 12:00:00 AM,1244,3,3,0,0,CLEAR,DRY,False,1 VEHICLE PARKED POSITION (NOT PARKING LOT/DRIVEWAY),SIDESWIPE-SAME DIRECTION,STRAIGHT & LEVEL,DAYLIGHT,,,10/18/2019 8:48:59 AM,False,7463,Accepted,
25793163,0568000,LOUISVILLE METRO POLICE DEPT,Accepted,JEFFERSON,,,24TH,ST,S,,,,EDDY,,MUHAMMAD ALI,38.255218057,-85.791435131,0.360,10/17/2019 12:00:00 AM,0835,2,2,0,0,CLEAR,DRY,False,1 VEHICLE PARKED POSITION (NOT PARKING LOT/DRIVEWAY),ANGLE,STRAIGHT & LEVEL,DAWN,,,10/18/2019 8:28:17 AM,False,7241,Accepted,
25804720,0568000,LOUISVILLE METRO POLICE DEPT,Accepted,JEFFERSON,,4101,SOUTHERN PKWY FRONTAGE RD 1,,,,,,,,,38.195203804,-85.766402508,0.555,10/17/2019 12:00:00 AM,1830,2,2,0,0,CLEAR,DRY,True,1 VEHICLE PARKED POSITION (NOT PARKING LOT/DRIVEWAY),REAR END,STRAIGHT & LEVEL,DAYLIGHT,,,10/21/2019 11:55:31 AM,False,7398,Accepted,
25793379,0568000,LOUISVILLE METRO POLICE DEPT,Accepted,JEFFERSON,US0031W,,DR W J HODGE,ST,,,,,HALE,,OAK,38.237722746,-85.788538228,18.863,10/17/2019 12:00:00 AM,2138,1,1,0,1,CLEAR,DRY,False,COLLISION WITH FIXED OBJECT NON - INTERSECTION - FIRST EVENT COLLISION 09 - 32 EXCLUDING 16,SINGLE VEHICLE,STRAIGHT & LEVEL,DARK-HWY LIGHTED/ON,,,10/18/2019 9:12:44 AM,False,7370,Accepted,
25793365,0568000,LOUISVILLE METRO POLICE DEPT,Accepted,JEFFERSON,KY1747,,HURSTBOURNE,PKWY,S,,,,PATRIOTS CROSSING,KY1747,KY1747 CROSSOVER,38.162725646,-85.634540682,5.521,10/17/2019 12:00:00 AM,2210,1,1,0,0,CLEAR,DRY,False,COLLISION WITH FIXED OBJECT NON - INTERSECTION - FIRST EVENT COLLISION 09 - 32 EXCLUDING 16,SINGLE VEHICLE,CURVE & LEVEL,DARK-HWY NOT LIGHTED,,,10/18/2019 9:09:06 AM,False,7120,Accepted,
25793331,0568000,LOUISVILLE METRO POLICE DEPT,Accepted,JEFFERSON,,,FLOWERVALE,LN,,,,,LEWIS,,WINDING STREAM,38.083406878,-85.875607203,0.267,10/17/2019 12:00:00 AM,1140,1,1,0,1,CLEAR,DRY,False,COLLISION WITH FIXED OBJECT NON - INTERSECTION - FIRST EVENT COLLISION 09 - 32 EXCLUDING 16,SINGLE VEHICLE,CURVE & LEVEL,DAYLIGHT,,,10/18/2019 9:03:24 AM,False,7634,Accepted,
25907125,0568000,LOUISVILLE METRO POLICE DEPT,Accepted,JEFFERSON,KY0061,3212,PRESTON,HWY,,,,,,,,38.202427283,-85.734684734,9.145,10/17/2019 12:00:00 AM,1107,2,1,0,1,CLEAR,DRY,False,COLLISION WITH PEDESTRIAN NON - INTERSECTION,SINGLE VEHICLE,STRAIGHT & LEVEL,DAYLIGHT,,,11/11/2019 9:03:22 AM,False,7400,Accepted,
25793256,0568000,LOUISVILLE METRO POLICE DEPT,Accepted,JEFFERSON,US0031W,,DIXIE,HWY,,,KINGSFORD,,,,,38.173022492,-85.824843630,13.683,10/17/2019 12:00:00 AM,0737,2,2,0,0,CLEAR,DRY,False,OTHER INTERSECTION COLLISIONS,REAR END,STRAIGHT & LEVEL,DAWN,,,10/18/2019 8:49:23 AM,False,7356,Accepted,
25793272,0568000,LOUISVILLE METRO POLICE DEPT,Accepted,JEFFERSON,,,26TH,ST,S,,ELLIOTT,,,,,38.250472647,-85.794742296,0.703,10/17/2019 12:00:00 AM,1614,3,3,0,0,CLEAR,DRY,False,OTHER INTERSECTION COLLISIONS,REAR END,STRAIGHT & LEVEL,DAYLIGHT,,,10/18/2019 8:53:10 AM,False,7220,Accepted,
25793332,0568000,LOUISVILLE METRO POLICE DEPT,Accepted,JEFFERSON,,,WATTERSON,TRL,,,HURSTBOURNE WOODS,,,,,38.183935448,-85.602475325,1.309,10/17/2019 12:00:00 AM,1801,3,3,0,0,CLEAR,DRY,False,OTHER INTERSECTION COLLISIONS,REAR END,STRAIGHT & LEVEL,DAYLIGHT,,,10/18/2019 9:03:32 AM,False,7307,Accepted,
25793228,0568000,LOUISVILLE METRO POLICE DEPT,Accepted,JEFFERSON,KY0022,,BROWNSBORO,RD,,,LIME KILN,,,,,38.284010365,-85.627779566,0.450,10/17/2019 12:00:00 AM,0900,2,2,0,0,CLEAR,DRY,False,OTHER INTERSECTION COLLISIONS,REAR END,STRAIGHT & LEVEL,DAYLIGHT,,,10/18/2019 8:45:20 AM,False,7631,Accepted,
25814590,0568000,LOUISVILLE METRO POLICE DEPT,Accepted,JEFFERSON,,,BROWNS,LN,,,LYNNBROOK,,,,,38.228309900,-85.623032428,2.145,10/17/2019 12:00:00 AM,1632,2,2,0,0,CLEAR,DRY,False,OTHER INTERSECTION COLLISIONS,REAR END,STRAIGHT & LEVEL,DAYLIGHT,,,10/23/2019 8:46:37 AM,False,7303,Accepted,
25814989,0560600,WEST BUECHEL POLICE DEPT.,Accepted,JEFFERSON,US0031E,,BARDSTOWN,RD,,,BASHFORD MANOR,,,,,38.202914954,-85.664648424,11.339,10/17/2019 12:00:00 AM,2100,2,2,0,0,CLEAR,DRY,False,OTHER INTERSECTION COLLISIONS,REAR END,STRAIGHT & LEVEL,DARK-HWY LIGHTED/ON,,,10/23/2019 10:00:30 AM,False,1717,Accepted,
25793518,0568000,LOUISVILLE METRO POLICE DEPT,Accepted,JEFFERSON,KY1931,,ST ANDREWS CHURCH,RD,,,ST ANDREWS CHURCH,,,,,38.143413784,-85.837774025,3.247,10/17/2019 12:00:00 AM,0835,2,2,0,0,CLEAR,DRY,False,ANGLE COLLISION - OTHER,ANGLE,STRAIGHT & LEVEL,DAYLIGHT,,,10/18/2019 9:21:12 AM,False,7177,Accepted,
25793369,0568000,LOUISVILLE METRO POLICE DEPT,Accepted,JEFFERSON,US0031E,,BARDSTOWN,RD,,KY1932,BRECKENRIDGE,,,,,38.181270541,-85.626763290,8.701,10/17/2019 12:00:00 AM,0600,2,2,0,0,CLEAR,DRY,False,ANGLE COLLISION - OTHER,ANGLE,STRAIGHT & LEVEL,DARK-HWY NOT LIGHTED,,,10/18/2019 9:10:26 AM,False,5191,Accepted,
25793090,0560600,WEST BUECHEL POLICE DEPT.,Accepted,JEFFERSON,KY1703,,NEWBURG,RD,,,BASHFORD MANOR,,,,,38.195362973,-85.679204344,1.551,10/17/2019 12:00:00 AM,2044,2,2,0,1,CLEAR,DRY,False,ANGLE COLLISION - OTHER,ANGLE,STRAIGHT & LEVEL,DARK-HWY LIGHTED/ON,,,10/18/2019 8:05:22 AM,False,1290,Accepted,
25793258,0568000,LOUISVILLE METRO POLICE DEPT,Accepted,JEFFERSON,KY1450,,BLUE LICK,RD,,,BRITT,,,,,38.131438545,-85.688136359,3.257,10/17/2019 12:00:00 AM,1016,2,2,0,1,CLEAR,DRY,False,ANGLE COLLISION - OTHER,ANGLE,CURVE & LEVEL,DAYLIGHT,,,10/18/2019 8:49:49 AM,False,5026,Accepted,
25793308,0568000,LOUISVILLE METRO POLICE DEPT,Accepted,JEFFERSON,US0031W,,DIXIE,HWY,,,STEPHAN,,,,,38.127501455,-85.850237521,10.273,10/17/2019 12:00:00 AM,1517,2,2,0,1,CLEAR,DRY,False,ANGLE COLLISION - OTHER,ANGLE,STRAIGHT & LEVEL,DAYLIGHT,,,10/18/2019 8:58:45 AM,False,5100,Accepted,
25793301,0568000,LOUISVILLE METRO POLICE DEPT,Accepted,JEFFERSON,,,FERN CREEK,RD,,,FERNDALE,,,,,38.155180050,-85.592100988,0.566,10/17/2019 12:00:00 AM,1440,2,2,0,0,CLEAR,DRY,False,ANGLE COLLISION - OTHER,ANGLE,STRAIGHT & LEVEL,DAYLIGHT,,,10/18/2019 8:57:14 AM,False,5295,Accepted,
25793259,0568000,LOUISVILLE METRO POLICE DEPT,Accepted,JEFFERSON,,,RIVER,RD,,,EDITH,,,,,38.269928346,-85.712282607,2.048,10/17/2019 12:00:00 AM,1239,2,2,0,0,CLEAR,DRY,False,ANGLE COLLISION - OTHER,ANGLE,STRAIGHT & LEVEL,DAYLIGHT,,,10/18/2019 8:50:01 AM,False,7281,Accepted,
25793255,0568000,LOUISVILLE METRO POLICE DEPT,Accepted,JEFFERSON,KY1020,,2ND,ST,S,,BURNETT,,,,,38.226958662,-85.758366540,10.783,10/17/2019 12:00:00 AM,1045,2,2,0,0,CLEAR,DRY,False,SIDESWIPE-SAME DIRECTION,SIDESWIPE-SAME DIRECTION,STRAIGHT & LEVEL,DAYLIGHT,,,10/18/2019 8:49:10 AM,False,5245,Accepted,
25793264,0568000,LOUISVILLE METRO POLICE DEPT,Accepted,JEFFERSON,,,PETERSBURG,RD,,,INDIAN,,,,,38.184156977,-85.666157108,0.512,10/17/2019 12:00:00 AM,0955,2,2,0,0,CLEAR,DRY,False,SIDESWIPE-SAME DIRECTION,SIDESWIPE-SAME DIRECTION,STRAIGHT & LEVEL,DAYLIGHT,,,10/18/2019 8:50:55 AM,False,5233,Accepted,
25793262,0568000,LOUISVILLE METRO POLICE DEPT,Accepted,JEFFERSON,US0031E,,BARDSTOWN,RD,,,DUKER,,,,,38.230141667,-85.703709840,14.302,10/17/2019 12:00:00 AM,1408,2,2,0,0,CLEAR,DRY,False,SIDESWIPE-SAME DIRECTION,SIDESWIPE-SAME DIRECTION,STRAIGHT & LEVEL,DAYLIGHT,,,10/18/2019 8:50:41 AM,False,7403,Accepted,
25808845,0568000,LOUISVILLE METRO POLICE DEPT,Accepted,JEFFERSON,,,ASHLAND,AVE,W,,CLIFF,,,,,38.186134346,-85.775669885,0.544,10/17/2019 12:00:00 AM,0815,2,2,0,2,CLEAR,DRY,False,ANGLE COLLISION - OTHER,ANGLE,STRAIGHT & LEVEL,DAYLIGHT,,,10/22/2019 8:15:43 AM,False,7094,Accepted,