IncidentID,AgencyORI,AgencyName,IncidentStatusDesc,County,RdwyNumber,Street,RoadwayName,StreetSfx,StreetDir,IntersectionRdwy,IntersectionRdwyName,BetweenStRdwy1,BetweenStRdwyName1,BetweenStRdwy2,BetweenStRdwyName2,Latitude,Longitude,Milepoint,CollisionDate,CollisionTime,UnitsInvolved,MotorVehiclesInvolved,NumberKilled,NumberInjured,Weather,RdwyConditionCode,HitandRun,DirAnalysisCode,MannerofCollision,RdwyCharacter,LightCondition,RampFromRdwyId,RampToRdwyId,AcceptedDate,IsSecondaryCollision,OwnerBadge,IncidentStatus,
25804791,0568000,LOUISVILLE METRO POLICE DEPT,Accepted,JEFFERSON,KY0907,,3RD ST,RD,,,BRUCE,,,,,38.144263834,-85.777218028,6.126,10/17/2019 12:00:00 AM,1824,2,2,0,0,CLEAR,DRY,False,ANGLE COLLISION - OTHER,ANGLE,STRAIGHT & LEVEL,DUSK,,,10/21/2019 12:02:47 PM,False,7252,Accepted,
25793344,0568000,LOUISVILLE METRO POLICE DEPT,Accepted,JEFFERSON,,,26TH,ST,S,,GRAND,,,,,38.240836166,-85.795867473,1.379,10/17/2019 12:00:00 AM,1750,2,2,0,1,CLEAR,DRY,False,REAR END - ONE VEHICLE TURNING LEFT,REAR END,STRAIGHT & LEVEL,DAYLIGHT,,,10/18/2019 9:04:58 AM,False,7387,Accepted,
25817773,0562300,MEADOW VALE POLICE DEPARTMENT,Accepted,JEFFERSON,,,GOOSE CREEK,RD,,,BLOSSOM,,,,,38.288080649,-85.579106369,1.186,10/17/2019 12:00:00 AM,1739,2,2,0,0,CLEAR,DRY,False,OPPOSING LEFT TURN,OPPOSING LEFT TURN,STRAIGHT & LEVEL,DAYLIGHT,,,10/23/2019 7:47:04 PM,False,1341,Accepted,
25804486,0568000,LOUISVILLE METRO POLICE DEPT,Accepted,JEFFERSON,,,MAGAZINE,ST,,,8TH,,,,,38.248279760,-85.764805338,0.084,10/17/2019 12:00:00 AM,1735,2,2,0,0,CLEAR,DRY,True,ANGLE COLLISION - OTHER,ANGLE,STRAIGHT & LEVEL,DAYLIGHT,,,10/21/2019 11:33:26 AM,False,7239,Accepted,
25793237,0568000,LOUISVILLE METRO POLICE DEPT,Accepted,JEFFERSON,,,JEFFERSON,BLVD,,,BATES,,,,,38.140137283,-85.675007311,0.154,10/17/2019 12:00:00 AM,0900,2,2,0,0,CLEAR,DRY,False,ANGLE COLLISION - OTHER,ANGLE,STRAIGHT & LEVEL,DAYLIGHT,,,10/18/2019 8:46:21 AM,False,2547,Accepted,
25793246,0568000,LOUISVILLE METRO POLICE DEPT,Accepted,JEFFERSON,KY1065,,OUTER,LOOP,,KY2052,SHEPHERDSVILLE,,,,,38.138969711,-85.657636034,7.657,10/17/2019 12:00:00 AM,1028,2,2,0,0,CLEAR,DRY,False,ANGLE COLLISION - OTHER,ANGLE,STRAIGHT & LEVEL,DAYLIGHT,,,10/18/2019 8:46:57 AM,False,2547,Accepted,
25809041,0568000,LOUISVILLE METRO POLICE DEPT,Accepted,JEFFERSON,,,MANSLICK,RD,,,NICHOLS,,,,,38.195236837,-85.799273880,0.010,10/17/2019 12:00:00 AM,1900,2,2,0,0,CLEAR,DRY,False,ANGLE COLLISION - OTHER,ANGLE,CURVE & LEVEL,DAYLIGHT,,,10/22/2019 8:32:03 AM,False,7298,Accepted,
25793347,0568000,LOUISVILLE METRO POLICE DEPT,Accepted,JEFFERSON,KY1020,,SOUTHSIDE,DR,,,EVANGELINE,,,,,38.160357697,-85.764792988,6.237,10/17/2019 12:00:00 AM,1801,2,2,0,0,CLEAR,DRY,False,ANGLE COLLISION - OTHER,ANGLE,STRAIGHT & LEVEL,DAYLIGHT,,,10/18/2019 9:05:57 AM,False,7768,Accepted,
25793371,0568000,LOUISVILLE METRO POLICE DEPT,Accepted,JEFFERSON,,,6TH,ST,S,,MUHAMMAD ALI,,,,,38.251551388,-85.760847635,0.377,10/17/2019 12:00:00 AM,2025,2,2,0,3,CLEAR,DRY,False,ANGLE COLLISION - OTHER,ANGLE,STRAIGHT & LEVEL,DARK-HWY LIGHTED/ON,,,10/18/2019 9:10:48 AM,False,5008,Accepted,
25793330,0568000,LOUISVILLE METRO POLICE DEPT,Accepted,JEFFERSON,US0150,,BROADWAY,,W,,9TH,,,,,38.246952402,-85.766672698,1.922,10/17/2019 12:00:00 AM,1040,2,2,0,3,CLEAR,DRY,False,ANGLE COLLISION - OTHER,ANGLE,STRAIGHT & LEVEL,DAYLIGHT,,,10/18/2019 9:03:08 AM,False,7229,Accepted,
25793313,0568000,LOUISVILLE METRO POLICE DEPT,Accepted,JEFFERSON,,,PHILLIPS,LN,,,FONTAINE,,,,,38.196216807,-85.734477207,1.102,10/17/2019 12:00:00 AM,1056,2,2,0,0,CLEAR,DRY,False,ANGLE COLLISION - OTHER,ANGLE,STRAIGHT & LEVEL,DAYLIGHT,,,10/18/2019 8:59:04 AM,False,5286,Accepted,
25814525,0568000,LOUISVILLE METRO POLICE DEPT,Accepted,JEFFERSON,I 0264,,I264 E,,,I 0264,I264 E EXIT10 OFF RAMP TO KY1020,,,,,38.189555321,-85.771978336,9.764,10/17/2019 12:00:00 AM,1657,2,2,0,0,CLEAR,DRY,False,ANGLE COLLISION - OTHER,ANGLE,STRAIGHT & LEVEL,DAYLIGHT,,,10/23/2019 8:39:48 AM,False,5263,Accepted,
25881427,0568000,LOUISVILLE METRO POLICE DEPT,Accepted,JEFFERSON,,,6TH,ST,S,,ORMSBY,,,,,38.233161862,-85.764047159,1.658,10/17/2019 12:00:00 AM,1700,2,2,0,0,CLEAR,DRY,True,ANGLE COLLISION - ONE VEHICLE TURNING LEFT,ANGLE,STRAIGHT & LEVEL,DAYLIGHT,,,11/5/2019 8:21:20 AM,False,7296,Accepted,
25814502,0568000,LOUISVILLE METRO POLICE DEPT,Accepted,JEFFERSON,,,HAZELWOOD,AVE,,,ALMA,,,,,38.180646346,-85.788134912,0.900,10/17/2019 12:00:00 AM,1250,2,2,0,0,CLEAR,DRY,False,ANGLE COLLISION - ONE VEHICLE TURNING LEFT,ANGLE,STRAIGHT & LEVEL,DAYLIGHT,,,10/23/2019 8:34:25 AM,False,5263,Accepted,
25793280,0568000,LOUISVILLE METRO POLICE DEPT,Accepted,JEFFERSON,KY0061,,PRESTON,ST,S,,COLLEGE,,,,,38.242512074,-85.748023335,12.376,10/17/2019 12:00:00 AM,0949,2,2,0,0,CLEAR,DRY,False,ANGLE COLLISION - ONE VEHICLE TURNING RIGHT,ANGLE,STRAIGHT & LEVEL,DAYLIGHT,,,10/18/2019 8:55:16 AM,False,5240,Accepted,
25793277,0568000,LOUISVILLE METRO POLICE DEPT,Accepted,JEFFERSON,,2116,UPPER HUNTERS,TRCE,,,WELLSWORTH,,,,,38.167684499,-85.836657667,0.461,10/17/2019 12:00:00 AM,1516,2,1,0,1,CLEAR,DRY,False,COLLISION WITH BICYCLE IN INTERSECTION,SINGLE VEHICLE,STRAIGHT & LEVEL,DAYLIGHT,,,10/18/2019 8:54:31 AM,False,7485,Accepted,
25856753,0568000,LOUISVILLE METRO POLICE DEPT,Accepted,JEFFERSON,US0031,,US31 TURN LANE,,,US0031E,MAIN,,,,,38.256349490,-85.753584415,0.023,10/17/2019 12:00:00 AM,2125,1,1,0,0,CLEAR,DRY,False,COLLISION WITH FIXED OBJECT IN INTERSECTION - FIRST EVENT COLLISION 09 - 32,SINGLE VEHICLE,CURVE & LEVEL,DARK-HWY LIGHTED/ON,,,10/30/2019 9:13:40 AM,False,2142,Accepted,
25793323,0568000,LOUISVILLE METRO POLICE DEPT,Accepted,JEFFERSON,,100,HIGH RISE,DR,,,,,HOLIDAY TOWERS,,HOLIDAY TOWERS,38.159031479,-85.715430320,0.058,10/17/2019 12:00:00 AM,1411,2,2,0,0,CLEAR,DRY,False,COLLISION IN PARKING LOT,BACKING,STRAIGHT & LEVEL,DAYLIGHT,,,10/18/2019 9:01:29 AM,False,5247,Accepted,
25793284,0568000,LOUISVILLE METRO POLICE DEPT,Accepted,JEFFERSON,,2400,EASTPOINT,PKWY,,,,,,,,38.273736432,-85.503143775,0.295,10/17/2019 12:00:00 AM,1010,1,1,0,0,CLEAR,DRY,False,COLLISION IN PARKING LOT,SINGLE VEHICLE,STRAIGHT & LEVEL,DAYLIGHT,,,10/18/2019 8:55:35 AM,False,7751,Accepted,
25787912,0568000,LOUISVILLE METRO POLICE DEPT,Accepted,JEFFERSON,,4101,TOWNE CENTER,DR,,,,,,,,38.298923518,-85.556502778,0.261,10/16/2019 12:00:00 AM,1650,6,6,0,0,CLOUDY,DRY,False,COLLISION IN PARKING LOT,REAR TO REAR,STRAIGHT & LEVEL,DAYLIGHT,,,10/17/2019 8:38:44 AM,False,7313,Accepted,
25787891,0568000,LOUISVILLE METRO POLICE DEPT,Accepted,JEFFERSON,,,GILMORE INDUSTRIAL,BLVD,,,GILMORE,,,,,38.181471797,-85.699842944,0.025,10/16/2019 12:00:00 AM,1707,2,2,0,0,CLOUDY,DRY,False,COLLISION WITH FIXED OBJECT IN INTERSECTION - FIRST EVENT COLLISION 09 - 32,SIDESWIPE-SAME DIRECTION,CURVE & LEVEL,DAYLIGHT,,,10/17/2019 8:35:29 AM,False,7898,Accepted,
25784442,0568000,LOUISVILLE METRO POLICE DEPT,Accepted,JEFFERSON,,,LOWER HUNTERS,TRCE,,,GABRIEL,,,,,38.160245283,-85.852506094,1.038,10/16/2019 12:00:00 AM,0722,2,1,0,0,RAINING,WET,False,COLLISION WITH PEDESTRIAN IN INTERSECTION,SINGLE VEHICLE,STRAIGHT & LEVEL,DARK-HWY NOT LIGHTED,,,10/16/2019 2:07:21 PM,False,5100,Accepted,
25787835,0568000,LOUISVILLE METRO POLICE DEPT,Accepted,JEFFERSON,KY0864,,LOGAN,ST,,,MARY,,,,,38.234216369,-85.739815374,14.689,10/16/2019 12:00:00 AM,1400,2,2,0,4,CLOUDY,DRY,False,COLLISION WITH FIXED OBJECT IN INTERSECTION - FIRST EVENT COLLISION 09 - 32,ANGLE,STRAIGHT & LEVEL,DAYLIGHT,,,10/17/2019 8:25:46 AM,False,5245,Accepted,
25787957,0568000,LOUISVILLE METRO POLICE DEPT,Accepted,JEFFERSON,,,ANNA,LN,,KY1931,MANSLICK,,,,,38.181053612,-85.800095246,0.053,10/16/2019 12:00:00 AM,1900,2,2,0,0,CLEAR,DRY,False,COLLISION WITH PARKED VEHICLE,REAR END,STRAIGHT & LEVEL,DARK-HWY NOT LIGHTED,,,10/17/2019 8:45:21 AM,False,5038,Accepted,
25787828,0568000,LOUISVILLE METRO POLICE DEPT,Accepted,JEFFERSON,,,LYTLE,ST,,,15TH,,,,,38.261281527,-85.774327625,0.040,10/16/2019 12:00:00 AM,1147,2,2,0,0,CLEAR,DRY,False,COLLISION WITH PARKED VEHICLE,BACKING,STRAIGHT & LEVEL,DAYLIGHT,,,10/17/2019 8:25:22 AM,False,5276,Accepted,
25819537,0568000,LOUISVILLE METRO POLICE DEPT,Accepted,JEFFERSON,KY1020,,3RD,ST,S,,CARDINAL,,,,,38.220559850,-85.761198453,10.322,10/16/2019 12:00:00 AM,0012,2,2,0,0,RAINING,WET,False,ANGLE COLLISION - OTHER,ANGLE,STRAIGHT & LEVEL,DARK (UNKNOWN ROADWAY LIGHTING),,,10/24/2019 8:23:56 AM,False,5050,Accepted,
25845055,0568000,LOUISVILLE METRO POLICE DEPT,Accepted,JEFFERSON,US0150,,BROADWAY,,W,US0031W,22ND,,,,,38.249217984,-85.788202338,0.740,10/16/2019 12:00:00 AM,0654,3,3,0,0,CLOUDY,WET,True,ANGLE COLLISION - OTHER,ANGLE,STRAIGHT & LEVEL,DAWN,,,10/28/2019 8:50:17 AM,False,7241,Accepted,
25793329,0568000,LOUISVILLE METRO POLICE DEPT,Accepted,JEFFERSON,KY3077,,RIVER,RD,,,4TH,,,,,38.258726657,-85.756162887,0.279,10/16/2019 12:00:00 AM,1726,2,2,0,0,CLEAR,DRY,False,ANGLE COLLISION - OTHER,ANGLE,STRAIGHT & LEVEL,DAYLIGHT,,,10/18/2019 9:02:47 AM,False,7229,Accepted,
25793247,0568000,LOUISVILLE METRO POLICE DEPT,Accepted,JEFFERSON,KY2860,,GRINSTEAD,DR,,US0031E,BARDSTOWN,,,,,38.238408995,-85.720978061,,10/16/2019 12:00:00 AM,1621,2,2,0,3,CLOUDY,DRY,False,ANGLE COLLISION - OTHER,ANGLE,STRAIGHT & LEVEL,DAYLIGHT,,,10/18/2019 8:47:18 AM,False,2228,Accepted,
25787906,0568000,LOUISVILLE METRO POLICE DEPT,Accepted,JEFFERSON,KY0061,,PRESTON,HWY,,,AUDUBON,,,,,38.202819042,-85.734951957,9.176,10/16/2019 12:00:00 AM,1607,2,2,0,1,CLEAR,DRY,False,ANGLE COLLISION - OTHER,ANGLE,STRAIGHT & LEVEL,DAYLIGHT,,,10/17/2019 8:37:34 AM,False,7400,Accepted,
25787915,0568000,LOUISVILLE METRO POLICE DEPT,Accepted,JEFFERSON,,,SKY BLUE,AVE,,KY1931,GREENWOOD,,,,,38.144110716,-85.851969489,0.006,10/16/2019 12:00:00 AM,1651,2,2,0,0,CLEAR,DRY,True,ANGLE COLLISION - OTHER,ANGLE,STRAIGHT & LEVEL,DAYLIGHT,,,10/17/2019 8:39:11 AM,False,7485,Accepted,
25787900,0568000,LOUISVILLE METRO POLICE DEPT,Accepted,JEFFERSON,US0031W,,DIXIE,HWY,,,FLINTLOCK,,,,,38.160042308,-85.832795822,12.729,10/16/2019 12:00:00 AM,1419,2,2,0,0,CLOUDY,DRY,False,ANGLE COLLISION - OTHER,ANGLE,STRAIGHT & LEVEL,DAYLIGHT,,,10/17/2019 8:36:53 AM,False,7177,Accepted,
25787922,0568000,LOUISVILLE METRO POLICE DEPT,Accepted,JEFFERSON,KY0155,,TAYLORSVILLE,RD,,,POPE LICK,,,,,38.190830102,-85.486572571,4.856,10/16/2019 12:00:00 AM,1800,2,2,0,0,CLEAR,DRY,False,ANGLE COLLISION - OTHER,ANGLE,STRAIGHT & LEVEL,DAYLIGHT,,,10/17/2019 8:40:24 AM,False,2321,Accepted,
25787949,0568000,LOUISVILLE METRO POLICE DEPT,Accepted,JEFFERSON,,,CRUMS,LN,S,,DOVER,,,,,38.194431851,-85.831561366,0.078,10/16/2019 12:00:00 AM,2138,2,2,0,0,CLOUDY,DRY,False,REAR END - ONE VEHICLE TURNING LEFT,REAR END,STRAIGHT & LEVEL,DARK-HWY LIGHTED/ON,,,10/17/2019 8:44:24 AM,False,7437,Accepted,
25793307,0568000,LOUISVILLE METRO POLICE DEPT,Accepted,JEFFERSON,,,GARDINER,LN,,,BISHOP,,,,,38.197874200,-85.686321610,1.284,10/16/2019 12:00:00 AM,1506,2,2,0,0,CLOUDY,DRY,False,OPPOSING LEFT TURN,OPPOSING LEFT TURN,STRAIGHT & LEVEL,DAYLIGHT,,,10/18/2019 8:58:22 AM,False,5290,Accepted,
25787844,0568000,LOUISVILLE METRO POLICE DEPT,Accepted,JEFFERSON,KY1934,,CANE RUN,RD,,,RICHELLE,,,,,38.204851517,-85.830143166,9.735,10/16/2019 12:00:00 AM,1237,2,2,0,0,CLOUDY,DRY,True,OPPOSING LEFT TURN,OPPOSING LEFT TURN,STRAIGHT & LEVEL,DAYLIGHT,,,10/17/2019 8:26:34 AM,False,5208,Accepted,
25787879,0568000,LOUISVILLE METRO POLICE DEPT,Accepted,JEFFERSON,KY2052,,SHEPHERDSVILLE,RD,,KY0864,POPLAR LEVEL,,,,,38.160089304,-85.659972770,1.478,10/16/2019 12:00:00 AM,1605,2,2,0,0,CLEAR,DRY,False,OPPOSING LEFT TURN,OPPOSING LEFT TURN,STRAIGHT & LEVEL,DAYLIGHT,,,10/17/2019 8:30:37 AM,False,7303,Accepted,
25784416,0568000,LOUISVILLE METRO POLICE DEPT,Accepted,JEFFERSON,,,BISHOP,LN,,,ILLINOIS,,,,,38.185542083,-85.698415504,0.094,10/16/2019 12:00:00 AM,0719,3,3,0,0,CLOUDY,WET,False,REAR END - ONE VEHICLE TURNING RIGHT,REAR END,STRAIGHT & LEVEL,DUSK,,,10/16/2019 2:04:50 PM,False,7473,Accepted,
25784450,0568000,LOUISVILLE METRO POLICE DEPT,Accepted,JEFFERSON,,,FAIRDALE,RD,,KY1020,NATIONAL,,,,,38.112586076,-85.747698285,0.797,10/16/2019 12:00:00 AM,0853,2,2,0,0,CLOUDY,DRY,False,OPPOSING LEFT TURN,OPPOSING LEFT TURN,STRAIGHT & LEVEL,DAYLIGHT,,,10/16/2019 2:08:28 PM,False,2000,Accepted,
25787917,0568000,LOUISVILLE METRO POLICE DEPT,Accepted,JEFFERSON,KY3217,,37TH,ST,N,KY3082,BANK,,,,,38.272154184,-85.807897442,0.151,10/16/2019 12:00:00 AM,1753,2,2,0,0,CLEAR,DRY,False,SIDESWIPE-SAME DIRECTION,SIDESWIPE-SAME DIRECTION,STRAIGHT & LEVEL,DAYLIGHT,,,10/17/2019 8:39:26 AM,False,5276,Accepted,
25783037,0568000,LOUISVILLE METRO POLICE DEPT,Accepted,JEFFERSON,US0060,,SHELBYVILLE,RD,,,WILDWOOD,,,,,38.246137414,-85.573289745,8.058,10/16/2019 12:00:00 AM,0705,2,2,0,0,RAINING,WET,False,SIDESWIPE-SAME DIRECTION,SIDESWIPE-SAME DIRECTION,STRAIGHT & LEVEL,DARK-HWY LIGHTED/ON,,,10/16/2019 8:48:24 AM,False,7355,Accepted,
25787905,0568000,LOUISVILLE METRO POLICE DEPT,Accepted,JEFFERSON,,,ROBBS,LN,,KY1065,OUTER,,,,,38.138001767,-85.665261190,,10/16/2019 12:00:00 AM,1729,2,2,0,0,CLOUDY,DRY,True,SIDESWIPE-SAME DIRECTION,SIDESWIPE-SAME DIRECTION,STRAIGHT & LEVEL,DAYLIGHT,,,10/17/2019 8:37:21 AM,False,4693,Accepted,
25787918,0568000,LOUISVILLE METRO POLICE DEPT,Accepted,JEFFERSON,,630,BARBEE,AVE,E,KY0061,PRESTON,,,,,38.218651113,-85.747346273,0.020,10/16/2019 12:00:00 AM,1248,2,2,0,0,CLOUDY,DRY,False,VEHICLE BACKING IN INTERSECTION,BACKING,STRAIGHT & LEVEL,DAYLIGHT,,,10/17/2019 8:39:50 AM,False,5240,Accepted,
25787926,0568000,LOUISVILLE METRO POLICE DEPT,Accepted,JEFFERSON,,,DUMESNIL,ST,,,HAZEL,,,,,38.237251911,-85.805755239,0.789,10/16/2019 12:00:00 AM,0740,2,2,0,0,CLEAR,WET,False,VEHICLE BACKING IN INTERSECTION,BACKING,STRAIGHT & LEVEL,DAYLIGHT,,,10/17/2019 8:40:56 AM,False,5292,Accepted,
25783014,0568000,LOUISVILLE METRO POLICE DEPT,Accepted,JEFFERSON,KY1865,,NEW CUT,RD,,KY1142,PALATKA,,,,,38.150806187,-85.776357785,3.009,10/16/2019 12:00:00 AM,0440,2,2,0,0,RAINING,WET,False,ANGLE COLLISION - OTHER,ANGLE,STRAIGHT & LEVEL,DARK-HWY LIGHTED/ON,,,10/16/2019 8:46:23 AM,False,2721,Accepted,
25783024,0568000,LOUISVILLE METRO POLICE DEPT,Accepted,JEFFERSON,,,BUECHEL BANK,RD,,US0031E,BUECHEL,,,,,38.190762994,-85.647725081,0.143,10/16/2019 12:00:00 AM,0545,2,2,0,0,RAINING,WET,False,ANGLE COLLISION - OTHER,ANGLE,STRAIGHT & LEVEL,DARK-HWY NOT LIGHTED,,,10/16/2019 8:46:58 AM,False,2234,Accepted,
25787902,0568000,LOUISVILLE METRO POLICE DEPT,Accepted,JEFFERSON,,,SOUTHERN,PKWY,,,BLUEGRASS,,,,,38.178924088,-85.771292905,0.261,10/16/2019 12:00:00 AM,1559,2,2,0,0,CLEAR,DRY,False,ANGLE COLLISION - OTHER,ANGLE,STRAIGHT & LEVEL,DAYLIGHT,,,10/17/2019 8:37:05 AM,False,5263,Accepted,
25783007,0568000,LOUISVILLE METRO POLICE DEPT,Accepted,JEFFERSON,KY0061,,JACKSON,ST,S,,CAMP,,,,,38.231673778,-85.747914583,11.352,10/16/2019 12:00:00 AM,0134,2,2,0,1,CLOUDY,WET,False,ANGLE COLLISION - OTHER,ANGLE,STRAIGHT & LEVEL,DARK-HWY LIGHTED/ON,,,10/16/2019 8:46:08 AM,False,7243,Accepted,
25787819,0568000,LOUISVILLE METRO POLICE DEPT,Accepted,JEFFERSON,US0031W,,DIXIE,HWY,,KY1931,ST ANDREWS CHURCH,,,,,38.144577053,-85.838992421,11.758,10/16/2019 12:00:00 AM,1013,2,2,0,0,CLOUDY,DRY,False,ANGLE COLLISION - OTHER,ANGLE,STRAIGHT & LEVEL,DAYLIGHT,,,10/17/2019 8:23:27 AM,False,6326,Accepted,
25787843,0568000,LOUISVILLE METRO POLICE DEPT,Accepted,JEFFERSON,KY1020,,SOUTHSIDE,DR,,,SOUTHLAND,,,,,38.171217391,-85.764733907,6.970,10/16/2019 12:00:00 AM,1559,2,2,0,0,CLOUDY,DRY,False,ANGLE COLLISION - OTHER,ANGLE,STRAIGHT & LEVEL,DAYLIGHT,,,10/17/2019 8:26:24 AM,False,2499,Accepted,
25783034,0568000,LOUISVILLE METRO POLICE DEPT,Accepted,JEFFERSON,KY0061,,PRESTON,HWY,,,STANDIFORD,,,,,38.182434013,-85.720887909,7.567,10/16/2019 12:00:00 AM,0631,2,2,0,1,RAINING,WET,False,OTHER INTERSECTION COLLISIONS,REAR END,STRAIGHT & LEVEL,DARK-HWY LIGHTED/ON,,,10/16/2019 8:48:04 AM,False,5001,Accepted,
25784415,0568000,LOUISVILLE METRO POLICE DEPT,Accepted,JEFFERSON,,,GRINSTEAD,DR,,,PETERSON,,,,,38.248588118,-85.697060801,0.360,10/16/2019 12:00:00 AM,0750,3,3,0,0,CLEAR,WET,False,OTHER INTERSECTION COLLISIONS,REAR END,STRAIGHT & LEVEL,DAWN,,,10/16/2019 2:04:23 PM,False,5275,Accepted,
25787888,0568000,LOUISVILLE METRO POLICE DEPT,Accepted,JEFFERSON,,,ASHBY,LN,,US0031W,DIXIE,,,,,38.102950980,-85.869580034,0.004,10/16/2019 12:00:00 AM,1410,2,2,0,0,CLOUDY,DRY,True,OTHER INTERSECTION COLLISIONS,REAR END,STRAIGHT & LEVEL,DAYLIGHT,,,10/17/2019 8:34:09 AM,False,7336,Accepted,
25784463,0568000,LOUISVILLE METRO POLICE DEPT,Accepted,JEFFERSON,,,GOLDSMITH,LN,,US0031E,BARDSTOWN,,,,,38.208494549,-85.668932058,1.056,10/16/2019 12:00:00 AM,1207,2,2,0,0,CLOUDY,DRY,False,OTHER INTERSECTION COLLISIONS,REAR END,STRAIGHT & LEVEL,DAYLIGHT,,,10/16/2019 2:12:23 PM,False,2429,Accepted,
25787812,0568000,LOUISVILLE METRO POLICE DEPT,Accepted,JEFFERSON,I 0065,,I65 S,,,,,I 0065,I65 S EXIT133 ON RAMP FROM  E WARNOCK ST,I 0065,I65 S EXIT133 OFF RAMP TO  ARTHUR ST,38.213065521,-85.752765521,132.965,10/16/2019 12:00:00 AM,0026,2,2,0,0,RAINING,WET,False,COLLISION WITH FIXED OBJECT NON - INTERSECTION - FIRST EVENT COLLISION 09 - 32 EXCLUDING 16,ANGLE,STRAIGHT & LEVEL,DARK-HWY LIGHTED/ON,,,10/17/2019 8:22:05 AM,False,2308,Accepted,
25793294,0568000,LOUISVILLE METRO POLICE DEPT,Accepted,JEFFERSON,KY1020,,3RD,ST,S,,LEE,,,,,38.223193192,-85.760688136,10.506,10/16/2019 12:00:00 AM,1816,2,2,0,0,CLEAR,DRY,False,SIDESWIPE-SAME DIRECTION,SIDESWIPE-SAME DIRECTION,STRAIGHT & LEVEL,DAYLIGHT,,,10/18/2019 8:56:41 AM,False,5273,Accepted,
25808876,0568000,LOUISVILLE METRO POLICE DEPT,Accepted,JEFFERSON,KY1934,,CANE RUN,RD,,,KRAMERS,,,,,38.201226777,-85.835036781,9.374,10/16/2019 12:00:00 AM,1600,3,3,0,0,CLOUDY,DRY,False,SIDESWIPE-SAME DIRECTION,SIDESWIPE-SAME DIRECTION,STRAIGHT & LEVEL,DAYLIGHT,,,10/22/2019 8:17:35 AM,False,7467,Accepted,
25782999,0568000,LOUISVILLE METRO POLICE DEPT,Accepted,JEFFERSON,US0031W,,DIXIE,HWY,,US0031W,US31W S RAMP TO KY1934,,,,,38.092731226,-85.875663480,7.502,10/16/2019 12:00:00 AM,0045,2,2,0,0,CLOUDY,WET,False,SIDESWIPE-SAME DIRECTION,SIDESWIPE-SAME DIRECTION,STRAIGHT & LEVEL,DARK-HWY LIGHTED/ON,,,10/16/2019 8:45:03 AM,False,5033,Accepted,
25787946,0568000,LOUISVILLE METRO POLICE DEPT,Accepted,JEFFERSON,KY1747,,HURSTBOURNE,PKWY,S,,WATTERSON,,,,,38.162978840,-85.612820345,6.832,10/16/2019 12:00:00 AM,2022,4,4,0,2,CLEAR,DRY,False,OTHER INTERSECTION COLLISIONS,REAR END,STRAIGHT & LEVEL,DARK-HWY NOT LIGHTED,,,10/17/2019 8:44:02 AM,False,7120,Accepted,
25819456,0568000,LOUISVILLE METRO POLICE DEPT,Accepted,JEFFERSON,KY0061,,PRESTON,ST,S,US0031E,MARKET,,,,,38.254008633,-85.746140492,12.865,10/16/2019 12:00:00 AM,1410,2,2,0,0,CLEAR,DRY,False,SIDESWIPE-SAME DIRECTION,SIDESWIPE-SAME DIRECTION,STRAIGHT & LEVEL,DAYLIGHT,,,10/24/2019 8:13:11 AM,False,7058,Accepted,
25793157,0568000,LOUISVILLE METRO POLICE DEPT,Accepted,JEFFERSON,KY1450,,BLUE LICK,RD,,KY0061,PRESTON,,,,,38.133754298,-85.684194492,3.540,10/16/2019 12:00:00 AM,1802,2,2,0,0,CLOUDY,DRY,False,OTHER INTERSECTION COLLISIONS,REAR END,STRAIGHT & LEVEL,DAYLIGHT,,,10/18/2019 8:27:33 AM,False,2547,Accepted,
25804513,0568000,LOUISVILLE METRO POLICE DEPT,Accepted,JEFFERSON,KY1447,,WESTPORT,RD,,,JAPONICA,,,,,38.278953606,-85.596089217,3.786,10/16/2019 12:00:00 AM,0620,2,2,0,0,RAINING,WET,False,OTHER INTERSECTION COLLISIONS,REAR END,STRAIGHT & LEVEL,DAWN,,,10/21/2019 11:36:21 AM,False,7475,Accepted,
25866176,0568000,LOUISVILLE METRO POLICE DEPT,Accepted,JEFFERSON,,,26TH,ST,S,,GARLAND,,,,,38.244641543,-85.795444291,1.115,10/16/2019 12:00:00 AM,2215,2,1,0,0,CLEAR,DRY,True,OTHER INTERSECTION COLLISIONS,SINGLE VEHICLE,STRAIGHT & LEVEL,DARK-HWY LIGHTED/ON,,,11/1/2019 8:51:35 AM,False,7175,Accepted,
25793320,0568000,LOUISVILLE METRO POLICE DEPT,Accepted,JEFFERSON,KY0061,,PRESTON,HWY,,,,,FOREST,,WANNSEE,38.160925900,-85.699324648,5.667,10/16/2019 12:00:00 AM,1720,2,2,0,0,CLOUDY,DRY,False,SIDESWIPE COLLISION - SAME DIRECTION,SIDESWIPE-SAME DIRECTION,STRAIGHT & LEVEL,DAYLIGHT,,,10/18/2019 9:00:57 AM,False,5247,Accepted,
25787824,0568000,LOUISVILLE METRO POLICE DEPT,Accepted,JEFFERSON,,,HIKES,LN,,,,,,,,38.219577647,-85.626100231,3.197,10/16/2019 12:00:00 AM,1102,2,2,0,1,CLOUDY,DRY,False,SIDESWIPE COLLISION - SAME DIRECTION,SIDESWIPE-SAME DIRECTION,STRAIGHT & LEVEL,DAYLIGHT,,,10/17/2019 8:24:21 AM,False,7864,Accepted,