IncidentID,AgencyORI,AgencyName,IncidentStatusDesc,County,RdwyNumber,Street,RoadwayName,StreetSfx,StreetDir,IntersectionRdwy,IntersectionRdwyName,BetweenStRdwy1,BetweenStRdwyName1,BetweenStRdwy2,BetweenStRdwyName2,Latitude,Longitude,Milepoint,CollisionDate,CollisionTime,UnitsInvolved,MotorVehiclesInvolved,NumberKilled,NumberInjured,Weather,RdwyConditionCode,HitandRun,DirAnalysisCode,MannerofCollision,RdwyCharacter,LightCondition,RampFromRdwyId,RampToRdwyId,AcceptedDate,IsSecondaryCollision,OwnerBadge,IncidentStatus,
25787832,0568000,LOUISVILLE METRO POLICE DEPT,Accepted,JEFFERSON,KY0841,,,,,KY0841,GENE SNYDER,,,,,38.117526085,-85.743499125,0.281,10/16/2019 12:00:00 AM,1356,2,2,0,0,CLEAR,DRY,False,SIDESWIPE COLLISION - SAME DIRECTION,SIDESWIPE-SAME DIRECTION,STRAIGHT & LEVEL,DAYLIGHT,KY1020,KY0841,10/17/2019 8:25:37 AM,False,7424,Accepted,
25787898,0568000,LOUISVILLE METRO POLICE DEPT,Accepted,JEFFERSON,US0031E,,BARDSTOWN,RD,,,,,,,,38.212359033,-85.672062838,12.118,10/16/2019 12:00:00 AM,1727,2,2,0,0,CLEAR,DRY,False,SIDESWIPE COLLISION - SAME DIRECTION,SIDESWIPE-SAME DIRECTION,STRAIGHT & LEVEL,DAYLIGHT,,,10/17/2019 8:36:31 AM,False,7284,Accepted,
25784440,0568000,LOUISVILLE METRO POLICE DEPT,Accepted,JEFFERSON,,2068,DOUGLASS,BLVD,,,,,,,,38.226010812,-85.691134020,0.749,10/16/2019 12:00:00 AM,0950,2,2,0,0,CLOUDY,DRY,False,SIDESWIPE COLLISION - SAME DIRECTION,SIDESWIPE-SAME DIRECTION,STRAIGHT & LEVEL,DAYLIGHT,,,10/16/2019 2:07:02 PM,False,7284,Accepted,
25809013,0568000,LOUISVILLE METRO POLICE DEPT,Accepted,JEFFERSON,US0031E,3500BLOCK,BARDSTOWN,RD,,,,,,,,38.201392545,-85.663529571,11.237,10/16/2019 12:00:00 AM,2123,2,2,0,0,CLEAR,DRY,False,SIDESWIPE COLLISION - SAME DIRECTION,SIDESWIPE-SAME DIRECTION,STRAIGHT & LEVEL,DARK-HWY LIGHTED/ON,,,10/22/2019 8:30:48 AM,False,7200,Accepted,
25845103,0568000,LOUISVILLE METRO POLICE DEPT,Accepted,JEFFERSON,,,HERMAN,ST,,,,,,,,38.261239594,-85.819749608,0.678,10/16/2019 12:00:00 AM,1411,2,2,0,0,CLOUDY,DRY,False,SIDESWIPE COLLISION - SAME DIRECTION,SIDESWIPE-SAME DIRECTION,STRAIGHT & LEVEL,DAYLIGHT,,,10/28/2019 8:55:39 AM,False,7469,Accepted,
25783036,0568000,LOUISVILLE METRO POLICE DEPT,Accepted,JEFFERSON,I 0065,,I65 S,,,,,,,,,38.165083468,-85.721018703,128.823,10/16/2019 12:00:00 AM,0634,2,2,0,0,OTHER,WET,False,SIDESWIPE COLLISION - SAME DIRECTION,SIDESWIPE-SAME DIRECTION,STRAIGHT & LEVEL,DARK-HWY LIGHTED/ON,,,10/16/2019 8:48:17 AM,False,4903,Accepted,
25886342,0568000,LOUISVILLE METRO POLICE DEPT,Accepted,JEFFERSON,KY0907,,3RD ST,RD,,,,,,,,38.115221645,-85.835235105,2.090,10/16/2019 12:00:00 AM,1823,2,2,0,0,CLOUDY,DRY,False,REAR END IN TRAFFIC LANES BOTH VEHICLES MOVING,REAR END,STRAIGHT & LEVEL,DAYLIGHT,,,11/6/2019 8:51:04 AM,False,7174,Accepted,
25787941,0568000,LOUISVILLE METRO POLICE DEPT,Accepted,JEFFERSON,I 0264,,I264 W,,,,,,,,,38.195599565,-85.707734853,13.371,10/16/2019 12:00:00 AM,1512,2,2,0,0,CLOUDY,DRY,False,REAR END IN TRAFFIC LANES BOTH VEHICLES MOVING,REAR END,STRAIGHT & GRADE,DAYLIGHT,,,10/17/2019 8:43:28 AM,False,8278,Accepted,
25790731,0561000,JEFFERSONTOWN POLICE DEPT,Accepted,JEFFERSON,I 0064,,I64 W,,,,,I 0064,I64 W EXIT17 ON RAMP FROM KY913 S,I 0064,I64 W EXIT15 OFF RAMP FROM KY1747,38.222774504,-85.573393083,15.173,10/16/2019 12:00:00 AM,0729,3,3,0,0,CLOUDY,WET,False,REAR END IN TRAFFIC LANES BOTH VEHICLES MOVING,REAR END,STRAIGHT & LEVEL,DAYLIGHT,,,10/17/2019 4:23:17 PM,False,8309,Accepted,
25787897,0568000,LOUISVILLE METRO POLICE DEPT,Accepted,JEFFERSON,,,PARK,RD,S,,,,OLD SOUTH PARK,,WHIPPOORWILL,38.116896030,-85.694785012,0.988,10/16/2019 12:00:00 AM,1419,2,2,0,0,CLOUDY,DRY,True,REAR END IN TRAFFIC LANES BOTH VEHICLES MOVING,REAR END,STRAIGHT & LEVEL,DAYLIGHT,,,10/17/2019 8:36:20 AM,False,7397,Accepted,
25784446,0568000,LOUISVILLE METRO POLICE DEPT,Accepted,JEFFERSON,I 0065,,I65 S,,,,,I 0065,I65 S EXIT125 ON RAMP FROM KY481,KY1851,BARRICKS,38.100692018,-85.701158328,124.170,10/16/2019 12:00:00 AM,0655,2,2,0,0,CLOUDY,WET,False,REAR END IN TRAFFIC LANES BOTH VEHICLES MOVING,REAR END,STRAIGHT & LEVEL,DARK-HWY NOT LIGHTED,,,10/16/2019 2:07:50 PM,False,2017,Accepted,
25784447,0568000,LOUISVILLE METRO POLICE DEPT,Accepted,JEFFERSON,I 0065,,I65 S,,,,,I 0065,I65 S EXIT125 ON RAMP FROM KY481,KY1851,BARRICKS,38.099110840,-85.701074232,124.061,10/16/2019 12:00:00 AM,0709,2,2,0,0,CLOUDY,WET,False,REAR END IN TRAFFIC LANES BOTH VEHICLES MOVING,REAR END,STRAIGHT & LEVEL,DARK-HWY NOT LIGHTED,,,10/16/2019 2:08:03 PM,False,2017,Accepted,
25784448,0568000,LOUISVILLE METRO POLICE DEPT,Accepted,JEFFERSON,I 0065,,I65 N,,,,,,,,,38.165523408,-85.720604342,128.855,10/16/2019 12:00:00 AM,0725,2,2,0,0,CLOUDY,WET,False,REAR END IN TRAFFIC LANES BOTH VEHICLES MOVING,REAR END,STRAIGHT & LEVEL,DAWN,,,10/16/2019 2:08:16 PM,False,2000,Accepted,
25787880,0568000,LOUISVILLE METRO POLICE DEPT,Accepted,JEFFERSON,KY1447,,WESTPORT,RD,,,,I 0265,I265 S EXIT33 OFF RAMP TO KY1447,,CHAMBERLAIN,38.299166235,-85.541981677,7.022,10/16/2019 12:00:00 AM,1556,2,2,0,0,CLOUDY,DRY,False,REAR END IN TRAFFIC LANES BOTH VEHICLES MOVING,REAR END,STRAIGHT & GRADE,DAYLIGHT,,,10/17/2019 8:31:12 AM,False,7765,Accepted,
25793306,0568000,LOUISVILLE METRO POLICE DEPT,Accepted,JEFFERSON,I 0071,,I71 S,,,,,,,,,38.327700420,-85.546814146,11.234,10/16/2019 12:00:00 AM,1800,2,2,0,0,CLEAR,DRY,False,REAR END IN TRAFFIC LANES BOTH VEHICLES MOVING,REAR END,STRAIGHT & LEVEL,DAYLIGHT,,,10/18/2019 8:58:03 AM,False,7615,Accepted,
25793328,0568000,LOUISVILLE METRO POLICE DEPT,Accepted,JEFFERSON,US0031W,,DIXIE,HWY,,,,,SCENIC,,FINCASTLE,38.070719582,-85.884979861,5.881,10/16/2019 12:00:00 AM,1731,2,2,0,0,CLEAR,DRY,False,REAR END IN TRAFFIC LANES BOTH VEHICLES MOVING,REAR END,STRAIGHT & LEVEL,DAYLIGHT,,,10/18/2019 9:02:38 AM,False,7634,Accepted,
25804764,0568000,LOUISVILLE METRO POLICE DEPT,Accepted,JEFFERSON,KY1020,,SOUTHERN,PKWY,,,,,,,,38.181916819,-85.768337895,7.846,10/16/2019 12:00:00 AM,0724,3,3,0,0,CLEAR,WET,False,REAR END IN TRAFFIC LANES BOTH VEHICLES MOVING,REAR END,CURVE & LEVEL,DAWN,,,10/21/2019 12:00:58 PM,False,7010,Accepted,
25787827,0568000,LOUISVILLE METRO POLICE DEPT,Accepted,JEFFERSON,I 0064,,I64 W,,,,,I 0064,I64 W EXIT10 OFF RAMP TO KY2048,I 0064,I264 W EXIT19 RAMP FROM I264 W,38.235559327,-85.651098836,10.711,10/16/2019 12:00:00 AM,0737,2,2,0,0,CLEAR,WET,False,REAR END IN TRAFFIC LANES BOTH VEHICLES MOVING,REAR END,STRAIGHT & LEVEL,DAYLIGHT,,,10/17/2019 8:25:13 AM,False,7632,Accepted,
25787837,0568000,LOUISVILLE METRO POLICE DEPT,Accepted,JEFFERSON,KY1931,,ST ANDREWS CHURCH,RD,,,,,,,,38.143439267,-85.838751189,3.191,10/16/2019 12:00:00 AM,1417,2,2,0,0,CLOUDY,DRY,False,REAR END IN TRAFFIC LANES BOTH VEHICLES MOVING,REAR END,STRAIGHT & LEVEL,DAYLIGHT,,,10/17/2019 8:25:59 AM,False,7723,Accepted,
25787904,0568000,LOUISVILLE METRO POLICE DEPT,Accepted,JEFFERSON,,,JEFFERSON,BLVD,,,,,,,,38.147633108,-85.678808773,1.041,10/16/2019 12:00:00 AM,1254,2,2,0,1,CLOUDY,DRY,False,REAR END IN TRAFFIC LANES BOTH VEHICLES MOVING,REAR END,CURVE & LEVEL,DAYLIGHT,,,10/17/2019 8:37:13 AM,False,4693,Accepted,
25787962,0568000,LOUISVILLE METRO POLICE DEPT,Accepted,JEFFERSON,KY1020,8161,NATIONAL,TPKE,,,,,,,,38.134319542,-85.751807299,4.186,10/16/2019 12:00:00 AM,1931,2,2,0,1,CLEAR,DRY,False,1 VEHICLE PARKED POSITION (NOT PARKING LOT/DRIVEWAY),HEAD ON,STRAIGHT & LEVEL,DARK-HWY LIGHTED/ON,,,10/17/2019 8:45:51 AM,True,5170,Accepted,
25784445,0568000,LOUISVILLE METRO POLICE DEPT,Accepted,JEFFERSON,KY0061,3023,PRESTON,HWY,,,,,,,,38.206600909,-85.737332175,9.451,10/16/2019 12:00:00 AM,0100,2,2,0,0,RAINING,WET,True,1 VEHICLE PARKED POSITION (NOT PARKING LOT/DRIVEWAY),REAR END,STRAIGHT & LEVEL,DARK-HWY LIGHTED/ON,,,10/16/2019 2:07:38 PM,False,7898,Accepted,
25783047,0568000,LOUISVILLE METRO POLICE DEPT,Accepted,JEFFERSON,KY0155,4310,TAYLORSVILLE,RD,,,,,,,,38.219281549,-85.612579176,12.562,10/16/2019 12:00:00 AM,0612,2,2,0,0,RAINING,WET,False,1 VEHICLE PARKED POSITION (NOT PARKING LOT/DRIVEWAY),BACKING,STRAIGHT & LEVEL,DARK-HWY LIGHTED/ON,,,10/16/2019 8:51:51 AM,False,5146,Accepted,
25787816,0568000,LOUISVILLE METRO POLICE DEPT,Accepted,JEFFERSON,US0031W,15103,DIXIE,HWY,,,,,,,,38.045929440,-85.900181254,3.927,10/16/2019 12:00:00 AM,0656,2,2,0,0,CLOUDY,WET,False,OTHER ROADWAY OR MID-BLOCK COLLISION,OPPOSING LEFT TURN,STRAIGHT & LEVEL,DARK (UNKNOWN ROADWAY LIGHTING),,,10/17/2019 8:22:45 AM,False,6326,Accepted,
25787817,0568000,LOUISVILLE METRO POLICE DEPT,Accepted,JEFFERSON,,,INVERNESS,AVE,,,,,3RD,KY1020,SOUTHSIDE,38.167043174,-85.764835989,0.004,10/16/2019 12:00:00 AM,0853,2,2,0,0,CLOUDY,WET,False,VEHICLE BACKING NON INTERSECTION,BACKING,STRAIGHT & LEVEL,DAYLIGHT,,,10/17/2019 8:23:15 AM,False,6326,Accepted,
25784436,0568000,LOUISVILLE METRO POLICE DEPT,Accepted,JEFFERSON,,,PEE WEE REESE,RD,,,,,,,,38.235043790,-85.674573993,1.028,10/16/2019 12:00:00 AM,0740,2,2,0,4,RAINING,WET,False,1 VEHICLE ENTERING/LEAVING ENTRANCE,ANGLE,CURVE & GRADE,DAWN,,,10/16/2019 2:06:43 PM,False,7284,Accepted,
25783032,0568000,LOUISVILLE METRO POLICE DEPT,Accepted,JEFFERSON,I 0065,,I65 S,,,,,,,,,38.087136587,-85.701227828,123.235,10/16/2019 12:00:00 AM,0600,2,2,0,0,RAINING,WET,True,1 VEHICLE ENTERING/LEAVING ENTRANCE,ANGLE,STRAIGHT & LEVEL,DARK-HWY NOT LIGHTED,,,10/16/2019 8:47:34 AM,False,5248,Accepted,
25787938,0568000,LOUISVILLE METRO POLICE DEPT,Accepted,JEFFERSON,I 0264,,I264 W,,,,,,,,,38.198165379,-85.703953758,13.642,10/16/2019 12:00:00 AM,1037,2,2,0,0,CLOUDY,DRY,False,SIDESWIPE COLLISION - SAME DIRECTION,SIDESWIPE-SAME DIRECTION,CURVE & GRADE,DAYLIGHT,,,10/17/2019 8:43:16 AM,False,8278,Accepted,
25783046,0568000,LOUISVILLE METRO POLICE DEPT,Accepted,JEFFERSON,I 0065,,I65 S,,,,,,,,,38.086696842,-85.701266965,123.205,10/16/2019 12:00:00 AM,0543,2,2,0,1,RAINING,WET,True,SIDESWIPE COLLISION - SAME DIRECTION,SIDESWIPE-SAME DIRECTION,STRAIGHT & LEVEL,DARK-HWY NOT LIGHTED,,,10/16/2019 8:51:39 AM,False,7829,Accepted,
25793234,0568000,LOUISVILLE METRO POLICE DEPT,Accepted,JEFFERSON,KY1865,4137,TAYLOR,BLVD,,,,,,,,38.182677573,-85.783805267,5.301,10/16/2019 12:00:00 AM,1851,2,2,0,0,CLOUDY,DRY,False,SIDESWIPE COLLISION - SAME DIRECTION,SIDESWIPE-SAME DIRECTION,STRAIGHT & LEVEL,DUSK,,,10/18/2019 8:46:00 AM,False,7094,Accepted,
25787840,0568000,LOUISVILLE METRO POLICE DEPT,Accepted,JEFFERSON,US0031W,9212,DIXIE,HWY,,,,,,,,38.120989874,-85.856046881,9.725,10/16/2019 12:00:00 AM,1420,2,2,0,0,CLOUDY,DRY,False,SIDESWIPE COLLISION - OPPOSITE DIRECTION,SIDESWIPE-OPPOSITE DIRECTION,STRAIGHT & LEVEL,DAYLIGHT,,,10/17/2019 8:26:10 AM,False,7841,Accepted,
25787928,0568000,LOUISVILLE METRO POLICE DEPT,Accepted,JEFFERSON,,,DORSEY,LN,,,,,DORSEY HILL,,FOREST PARK,38.249893004,-85.561501976,0.367,10/16/2019 12:00:00 AM,0800,2,2,0,0,CLOUDY,WET,False,SIDESWIPE COLLISION - OPPOSITE DIRECTION,SIDESWIPE-OPPOSITE DIRECTION,STRAIGHT & GRADE,DAYLIGHT,,,10/17/2019 8:41:12 AM,False,7018,Accepted,
25787923,0568000,LOUISVILLE METRO POLICE DEPT,Accepted,JEFFERSON,,3600,DUTCHMANS,LN,,,,,,,,38.226898651,-85.648457465,0.129,10/16/2019 12:00:00 AM,1807,2,2,0,1,CLEAR,DRY,False,1 VEHICLE ENTERING/LEAVING ENTRANCE,ANGLE,STRAIGHT & LEVEL,DAYLIGHT,,,10/17/2019 8:40:43 AM,False,7284,Accepted,
25787933,0568000,LOUISVILLE METRO POLICE DEPT,Accepted,JEFFERSON,,,TEMPLE,ST,,,,,ST LOUIS,,WILSON,38.234213231,-85.792002047,0.056,10/16/2019 12:00:00 AM,0908,2,2,0,0,CLEAR,DRY,True,1 VEHICLE ENTERING/LEAVING ENTRANCE,ANGLE,STRAIGHT & LEVEL,DAYLIGHT,,,10/17/2019 8:41:37 AM,False,7363,Accepted,
25787822,0568000,LOUISVILLE METRO POLICE DEPT,Accepted,JEFFERSON,I 0064,,,,,,,,,,,38.276924566,-85.806196961,0.350,10/16/2019 12:00:00 AM,0806,1,1,0,0,CLOUDY,DRY,False,COLLISION WITH FIXED OBJECT NOT IN GORE ,SINGLE VEHICLE,STRAIGHT & LEVEL,DAYLIGHT,I 0064,I 0064,10/17/2019 8:23:54 AM,False,7772,Accepted,
25784432,0568000,LOUISVILLE METRO POLICE DEPT,Accepted,JEFFERSON,US0031W,,DIXIE,HWY,,,,,ORELL,,FLOWERVALE,38.084803775,-85.880081195,6.899,10/16/2019 12:00:00 AM,0852,3,3,0,0,CLEAR,WET,False,OTHER ROADWAY OR MID-BLOCK COLLISION,REAR END,STRAIGHT & LEVEL,DAYLIGHT,,,10/16/2019 2:06:11 PM,False,6141,Accepted,
25859973,0560600,WEST BUECHEL POLICE DEPT.,Accepted,JEFFERSON,,3600,BUECHEL BYPASS,,,,,,,,,38.191204169,-85.652098126,0.013,10/16/2019 12:00:00 AM,1050,2,2,0,0,CLEAR,DRY,False,OTHER ROADWAY OR MID-BLOCK COLLISION,OPPOSING LEFT TURN,CURVE & LEVEL,DAYLIGHT,,,10/30/2019 11:07:40 PM,False,1264,Accepted,
25793516,0568000,LOUISVILLE METRO POLICE DEPT,Accepted,JEFFERSON,KY0864,,POPLAR LEVEL,RD,,,,,DAHL,,GILMORE,38.181788326,-85.696944504,10.188,10/16/2019 12:00:00 AM,1559,2,2,0,2,CLOUDY,DRY,False,OTHER ROADWAY OR MID-BLOCK COLLISION,REAR TO REAR,STRAIGHT & LEVEL,DAYLIGHT,,,10/18/2019 9:20:49 AM,False,5247,Accepted,
25787826,0568000,LOUISVILLE METRO POLICE DEPT,Accepted,JEFFERSON,US0031E,,BARDSTOWN,RD,,,,,,,,38.187333905,-85.638019460,9.445,10/16/2019 12:00:00 AM,1330,2,2,0,0,CLOUDY,DRY,False,OTHER ROADWAY OR MID-BLOCK COLLISION,REAR END,STRAIGHT & LEVEL,DAYLIGHT,,,10/17/2019 8:24:38 AM,False,7864,Accepted,
25787952,0568000,LOUISVILLE METRO POLICE DEPT,Accepted,JEFFERSON,,,SPRINGHURST,BLVD,,,,,,,,38.294500063,-85.559828920,0.062,10/16/2019 12:00:00 AM,1942,2,2,0,0,CLEAR,DRY,False,OTHER ROADWAY OR MID-BLOCK COLLISION,OPPOSING LEFT TURN,STRAIGHT & LEVEL,DARK-HWY LIGHTED/ON,,,10/17/2019 8:44:58 AM,False,5004,Accepted,
25787954,0568000,LOUISVILLE METRO POLICE DEPT,Accepted,JEFFERSON,,,OLD NEW CUT,RD,,,,,,,,38.117542794,-85.775460993,0.008,10/16/2019 12:00:00 AM,2047,2,2,0,0,CLEAR,DRY,True,OTHER ROADWAY OR MID-BLOCK COLLISION,REAR TO REAR,STRAIGHT & LEVEL,DARK-HWY LIGHTED/ON,,,10/17/2019 8:45:07 AM,False,7244,Accepted,
25787887,0568000,LOUISVILLE METRO POLICE DEPT,Accepted,JEFFERSON,I 0264,,I264 W,,,,,,,,,38.190510058,-85.727714542,12.193,10/16/2019 12:00:00 AM,1535,1,1,0,0,CLOUDY,DRY,False,OTHER ROADWAY OR MID-BLOCK COLLISION,SINGLE VEHICLE,STRAIGHT & LEVEL,DAYLIGHT,,,10/17/2019 8:33:18 AM,False,7944,Accepted,
25787894,0568000,LOUISVILLE METRO POLICE DEPT,Accepted,JEFFERSON,,,8TH,ST,S,,,,LIBERTY,,JEFFERSON,38.253445077,-85.763828839,0.271,10/16/2019 12:00:00 AM,1657,2,2,0,0,CLEAR,DRY,False,OTHER ROADWAY OR MID-BLOCK COLLISION,REAR END,STRAIGHT & LEVEL,DAYLIGHT,,,10/17/2019 8:36:06 AM,False,2854,Accepted,
25787870,0568000,LOUISVILLE METRO POLICE DEPT,Accepted,JEFFERSON,I 0265,,,,,,,,,,,38.288215639,-85.513119097,0.363,10/15/2019 12:00:00 AM,1135,2,2,0,0,CLOUDY,DRY,False,OTHER ROADWAY OR MID-BLOCK COLLISION,REAR END,CURVE & LEVEL,DAYLIGHT,,,10/17/2019 8:28:35 AM,False,7858,Accepted,
25782905,0568000,LOUISVILLE METRO POLICE DEPT,Accepted,JEFFERSON,KY2052,6214,SHEPHERDSVILLE,RD,,,,,,,,38.158121825,-85.660008907,1.348,10/15/2019 12:00:00 AM,1317,2,2,0,0,CLEAR,DRY,False,OTHER ROADWAY OR MID-BLOCK COLLISION,OPPOSING LEFT TURN,STRAIGHT & LEVEL,DAYLIGHT,,,10/16/2019 8:29:54 AM,False,7739,Accepted,
25793542,0568000,LOUISVILLE METRO POLICE DEPT,Accepted,JEFFERSON,US0031E,,BARDSTOWN,RD,,,,,HIGHLAND,,GRINSTEAD,38.238669529,-85.721458465,15.456,10/15/2019 12:00:00 AM,1611,2,2,0,0,CLEAR,DRY,False,OTHER ROADWAY OR MID-BLOCK COLLISION,REAR END,STRAIGHT & LEVEL,DAYLIGHT,,,10/18/2019 9:25:35 AM,False,5289,Accepted,
25782981,0568000,LOUISVILLE METRO POLICE DEPT,Accepted,JEFFERSON,I 0064,,I64 E,,,,,I 0064,I64 E EXIT15 OFF RAMP TO KY1747,I 0064,I64 E EXIT15B OFF RAMP TO KY1747,38.226240034,-85.588037717,14.506,10/15/2019 12:00:00 AM,1743,1,1,0,0,CLOUDY,DRY,False,OTHER ROADWAY OR MID-BLOCK COLLISION,SINGLE VEHICLE,STRAIGHT & LEVEL,DAYLIGHT,,,10/16/2019 8:43:23 AM,False,6456,Accepted,
25787872,0568000,LOUISVILLE METRO POLICE DEPT,Accepted,JEFFERSON,,,SPRINGHURST,BLVD,,,,,,,,38.294829560,-85.560008102,0.087,10/15/2019 12:00:00 AM,1543,2,2,0,0,CLEAR,DRY,False,OTHER ROADWAY OR MID-BLOCK COLLISION,OPPOSING LEFT TURN,CURVE & GRADE,DAYLIGHT,,,10/17/2019 8:28:56 AM,False,7858,Accepted,
25804793,0568000,LOUISVILLE METRO POLICE DEPT,Accepted,JEFFERSON,,1700,NORRIS,PL,,,,,,,,38.223506564,-85.705445335,0.681,10/15/2019 12:00:00 AM,1442,1,1,0,0,CLEAR,DRY,False,OTHER ROADWAY OR MID-BLOCK COLLISION,SINGLE VEHICLE,STRAIGHT & LEVEL,DAYLIGHT,,,10/21/2019 12:04:01 PM,False,7960,Accepted,
25784421,0568000,LOUISVILLE METRO POLICE DEPT,Accepted,JEFFERSON,I 0065,,,,,,,,,,,38.115609598,-85.698415149,0.333,10/15/2019 12:00:00 AM,0706,2,2,0,1,CLOUDY,DRY,False,OTHER RAMP RELATED COLLISIONS NOT LISTED ABOVE,REAR END,STRAIGHT & LEVEL,DARK-HWY LIGHTED/ON,I 0065,I 0065,10/16/2019 2:05:15 PM,False,4656,Accepted,
25809030,0568000,LOUISVILLE METRO POLICE DEPT,Accepted,JEFFERSON,I 0064,,,,,,,,,,,38.257678095,-85.741206679,0.039,10/15/2019 12:00:00 AM,0917,2,2,0,0,CLOUDY,DRY,False,OTHER RAMP RELATED COLLISIONS NOT LISTED ABOVE,SIDESWIPE-SAME DIRECTION,CURVE & LEVEL,DAYLIGHT,I 0064,I 0064,10/22/2019 8:31:26 AM,False,7840,Accepted,
25782951,0568000,LOUISVILLE METRO POLICE DEPT,Accepted,JEFFERSON,US0031E,,BARDSTOWN,RD,,,,,WROCKLAGE,,WEBER,38.223695519,-85.687786709,13.307,10/15/2019 12:00:00 AM,1635,2,2,0,0,CLEAR,DRY,False,1 VEHICLE ENTERING/LEAVING ENTRANCE,ANGLE,STRAIGHT & LEVEL,DAYLIGHT,,,10/16/2019 8:39:25 AM,False,2230,Accepted,
25783033,0568000,LOUISVILLE METRO POLICE DEPT,Accepted,JEFFERSON,KY1447,,WESTPORT,RD,,,,,,,,38.293168762,-85.560495994,5.949,10/15/2019 12:00:00 AM,0628,2,2,0,0,CLEAR,DRY,False,1 VEHICLE ENTERING/LEAVING ENTRANCE,ANGLE,STRAIGHT & LEVEL,DAWN,,,10/16/2019 8:47:50 AM,False,7475,Accepted,
25783044,0568000,LOUISVILLE METRO POLICE DEPT,Accepted,JEFFERSON,,5001,MUD,LN,,,,,,,,38.091108776,-85.669811864,0.204,10/15/2019 12:00:00 AM,2004,2,2,0,0,CLEAR,DRY,False,1 VEHICLE ENTERING/LEAVING ENTRANCE,ANGLE,STRAIGHT & LEVEL,DARK-HWY NOT LIGHTED,,,10/16/2019 8:51:31 AM,False,7829,Accepted,
25782928,0568000,LOUISVILLE METRO POLICE DEPT,Accepted,JEFFERSON,,135,POPE,ST,,,,,,,,38.254994067,-85.717607982,0.367,10/15/2019 12:00:00 AM,1128,2,2,0,0,CLEAR,DRY,True,SIDESWIPE COLLISION - OPPOSITE DIRECTION,SIDESWIPE-OPPOSITE DIRECTION,STRAIGHT & HILLCREST,DAYLIGHT,,,10/16/2019 8:35:33 AM,False,7068,Accepted,
25782946,0568000,LOUISVILLE METRO POLICE DEPT,Accepted,JEFFERSON,KY0061,,PRESTON,HWY,,,,,,,,38.094681090,-85.669615237,0.773,10/15/2019 12:00:00 AM,1101,2,2,0,0,CLOUDY,DRY,True,SIDESWIPE COLLISION - SAME DIRECTION,SIDESWIPE-SAME DIRECTION,STRAIGHT & LEVEL,DAYLIGHT,,,10/16/2019 8:38:08 AM,False,4693,Accepted,
25782939,0568000,LOUISVILLE METRO POLICE DEPT,Accepted,JEFFERSON,,,JEFFERSON,ST,E,,,,,,,38.253123002,-85.750485281,0.956,10/15/2019 12:00:00 AM,0800,2,2,0,0,CLEAR,DRY,False,SIDESWIPE COLLISION - SAME DIRECTION,SIDESWIPE-SAME DIRECTION,STRAIGHT & LEVEL,DAYLIGHT,,,10/16/2019 8:36:44 AM,False,7288,Accepted,
25782974,0568000,LOUISVILLE METRO POLICE DEPT,Accepted,JEFFERSON,,,JUDGE,BLVD,,,,,,,,38.137581350,-85.669484659,0.006,10/15/2019 12:00:00 AM,0741,2,2,0,0,CLOUDY,DRY,False,VEHICLE BACKING NON INTERSECTION,BACKING,STRAIGHT & LEVEL,DAWN,,,10/16/2019 8:42:48 AM,False,7348,Accepted,
25782937,0568000,LOUISVILLE METRO POLICE DEPT,Accepted,JEFFERSON,,4100BLK,KURTZ,AVE,,,,,,,,38.106588164,-85.685585848,0.350,10/15/2019 12:00:00 AM,1607,2,2,0,0,CLEAR,DRY,False,VEHICLE BACKING NON INTERSECTION,BACKING,STRAIGHT & GRADE,DAYLIGHT,,,10/16/2019 8:36:30 AM,False,5261,Accepted,
25782907,0568000,LOUISVILLE METRO POLICE DEPT,Accepted,JEFFERSON,,,HILL,RD,,,,,CROSS,,HILL RD CT,38.229369401,-85.716625282,0.066,10/15/2019 12:00:00 AM,1339,2,2,0,0,CLEAR,DRY,False,1 VEHICLE PARKED POSITION (NOT PARKING LOT/DRIVEWAY),SIDESWIPE-SAME DIRECTION,CURVE & LEVEL,DAYLIGHT,,,10/16/2019 8:30:32 AM,False,5289,Accepted,
25783031,0568000,LOUISVILLE METRO POLICE DEPT,Accepted,JEFFERSON,KY1020,1111,2ND,ST,S,,,,,,,38.238011521,-85.756415306,11.563,10/15/2019 12:00:00 AM,2332,2,2,0,0,RAINING,WET,False,1 VEHICLE PARKED POSITION (NOT PARKING LOT/DRIVEWAY),SIDESWIPE-SAME DIRECTION,STRAIGHT & LEVEL,DARK-HWY LIGHTED/ON,,,10/16/2019 8:47:20 AM,False,5186,Accepted,
25783005,0568000,LOUISVILLE METRO POLICE DEPT,Accepted,JEFFERSON,,1060,EVERETT,AVE,,,,,HIGHLAND,,DEARING,38.240956872,-85.719983468,0.718,10/15/2019 12:00:00 AM,2040,2,2,0,0,CLEAR,DRY,False,1 VEHICLE PARKED POSITION (NOT PARKING LOT/DRIVEWAY),SIDESWIPE-SAME DIRECTION,STRAIGHT & LEVEL,DARK-HWY LIGHTED/ON,,,10/16/2019 8:45:48 AM,False,5272,Accepted,