IncidentID,AgencyORI,AgencyName,IncidentStatusDesc,County,RdwyNumber,Street,RoadwayName,StreetSfx,StreetDir,IntersectionRdwy,IntersectionRdwyName,BetweenStRdwy1,BetweenStRdwyName1,BetweenStRdwy2,BetweenStRdwyName2,Latitude,Longitude,Milepoint,CollisionDate,CollisionTime,UnitsInvolved,MotorVehiclesInvolved,NumberKilled,NumberInjured,Weather,RdwyConditionCode,HitandRun,DirAnalysisCode,MannerofCollision,RdwyCharacter,LightCondition,RampFromRdwyId,RampToRdwyId,AcceptedDate,IsSecondaryCollision,OwnerBadge,IncidentStatus,
25784441,0568000,LOUISVILLE METRO POLICE DEPT,Accepted,JEFFERSON,US0031E,,BARDSTOWN,RD,,,,,,,,38.144100638,-85.584520858,5.116,10/15/2019 12:00:00 AM,1649,2,2,0,0,CLEAR,DRY,False,REAR END IN TRAFFIC LANES BOTH VEHICLES MOVING,REAR END,STRAIGHT & LEVEL,DAYLIGHT,,,10/16/2019 2:07:13 PM,False,4693,Accepted,
25787821,0568000,LOUISVILLE METRO POLICE DEPT,Accepted,JEFFERSON,I 0265,,I265 W,,,,,,,,,38.113012020,-85.667983560,12.155,10/15/2019 12:00:00 AM,0728,2,2,0,0,CLEAR,DRY,False,REAR END IN TRAFFIC LANES BOTH VEHICLES MOVING,REAR END,STRAIGHT & LEVEL,DAWN,,,10/17/2019 8:23:42 AM,False,7772,Accepted,
25787877,0568000,LOUISVILLE METRO POLICE DEPT,Accepted,JEFFERSON,I 0071,,I71 S,,,,,,,,,38.305694106,-85.600385800,7.878,10/15/2019 12:00:00 AM,1721,2,2,0,0,CLEAR,DRY,False,REAR END IN TRAFFIC LANES BOTH VEHICLES MOVING,REAR END,STRAIGHT & LEVEL,DAYLIGHT,,,10/17/2019 8:29:47 AM,False,7858,Accepted,
25793268,0568000,LOUISVILLE METRO POLICE DEPT,Accepted,JEFFERSON,I 0065,,I65 N,,,,,,,,,38.204940178,-85.741602275,131.988,10/15/2019 12:00:00 AM,0849,2,2,0,1,CLEAR,DRY,False,REAR END IN TRAFFIC LANES BOTH VEHICLES MOVING,REAR END,STRAIGHT & LEVEL,DAYLIGHT,,,10/18/2019 8:51:37 AM,False,4656,Accepted,
25804552,0568000,LOUISVILLE METRO POLICE DEPT,Accepted,JEFFERSON,I 0264,,I264 E,,,,,,,,,38.189389940,-85.740173832,11.499,10/15/2019 12:00:00 AM,1652,2,2,0,0,CLEAR,DRY,False,REAR END IN TRAFFIC LANES BOTH VEHICLES MOVING,REAR END,STRAIGHT & LEVEL,DAYLIGHT,,,10/21/2019 11:38:16 AM,False,7764,Accepted,
25782969,0568000,LOUISVILLE METRO POLICE DEPT,Accepted,JEFFERSON,KY2251,,BARDSTOWN,RD,,,,,,,,38.199071669,-85.660043810,1.043,10/15/2019 12:00:00 AM,1754,2,2,0,0,CLEAR,DRY,False,REAR END IN TRAFFIC LANES BOTH VEHICLES MOVING,REAR END,STRAIGHT & LEVEL,DAYLIGHT,,,10/16/2019 8:42:18 AM,False,7497,Accepted,
25782978,0568000,LOUISVILLE METRO POLICE DEPT,Accepted,JEFFERSON,I 0065,,I65 S,,,,,,,,,38.124185855,-85.702163093,125.793,10/15/2019 12:00:00 AM,1725,2,2,0,0,CLEAR,DRY,False,REAR END IN TRAFFIC LANES BOTH VEHICLES MOVING,REAR END,STRAIGHT & LEVEL,DAYLIGHT,,,10/16/2019 8:43:07 AM,False,7348,Accepted,
25782902,0568000,LOUISVILLE METRO POLICE DEPT,Accepted,JEFFERSON,I 0065,,I65 N,,,,,I 0065,I65 N EXIT132 ON RAMP FROM  CRITTENDEN DR,I 0065,I65 N EXIT133A OFF RAMP TO  EASTERN PKWY,38.209692854,-85.752863122,132.730,10/15/2019 12:00:00 AM,0715,2,2,0,0,CLEAR,DRY,False,REAR END IN TRAFFIC LANES BOTH VEHICLES MOVING,REAR END,STRAIGHT & LEVEL,DARK-HWY LIGHTED/ON,,,10/16/2019 8:29:01 AM,False,2403,Accepted,
25782910,0568000,LOUISVILLE METRO POLICE DEPT,Accepted,JEFFERSON,US0031W,4814,DIXIE,HWY,,,,,,,,38.173456796,-85.824227359,13.747,10/15/2019 12:00:00 AM,0858,2,2,0,0,CLEAR,DRY,False,REAR END IN TRAFFIC LANES BOTH VEHICLES MOVING,REAR END,STRAIGHT & LEVEL,DAYLIGHT,,,10/16/2019 8:32:22 AM,False,6326,Accepted,
25782896,0568000,LOUISVILLE METRO POLICE DEPT,Accepted,JEFFERSON,US0031E,7715,BARDSTOWN,RD,,,,,,,,38.134314528,-85.579683807,4.386,10/15/2019 12:00:00 AM,0942,3,3,0,1,CLEAR,DRY,False,OTHER COLLISIONS ON SHOULDER,ANGLE,STRAIGHT & LEVEL,DAYLIGHT,,,10/16/2019 8:27:01 AM,False,7698,Accepted,
25782911,0568000,LOUISVILLE METRO POLICE DEPT,Accepted,JEFFERSON,I 0065,,I65 S,,,,,,,,,38.178085998,-85.719633964,129.726,10/15/2019 12:00:00 AM,1031,2,2,0,0,CLEAR,DRY,False,SIDESWIPE COLLISION - SAME DIRECTION,SIDESWIPE-SAME DIRECTION,CURVE & GRADE,DAYLIGHT,,,10/16/2019 8:32:51 AM,False,7830,Accepted,
25782950,0568000,LOUISVILLE METRO POLICE DEPT,Accepted,JEFFERSON,,1220,GILMORE,LN,,,,,,,,38.175961593,-85.710730747,0.147,10/15/2019 12:00:00 AM,1716,2,2,0,0,CLEAR,DRY,False,HEAD-ON COLLISION,HEAD ON,STRAIGHT & LEVEL,DAYLIGHT,,,10/16/2019 8:39:13 AM,False,7319,Accepted,
25782918,0568000,LOUISVILLE METRO POLICE DEPT,Accepted,JEFFERSON,US0031W,,DIXIE,HWY,,KY0907,VALLEY STATION,,,,,38.107665730,-85.866730426,8.632,10/15/2019 12:00:00 AM,1427,2,2,0,1,CLEAR,DRY,False,HEAD-ON COLLISION,HEAD ON,STRAIGHT & LEVEL,DAYLIGHT,,,10/16/2019 8:34:10 AM,False,7496,Accepted,
25782945,0568000,LOUISVILLE METRO POLICE DEPT,Accepted,JEFFERSON,KY0061,,PRESTON,HWY,,,,,,,,38.129973613,-85.682073610,3.318,10/15/2019 12:00:00 AM,1132,3,3,0,0,CLOUDY,DRY,False,SIDESWIPE COLLISION - SAME DIRECTION,SIDESWIPE-SAME DIRECTION,STRAIGHT & LEVEL,DAYLIGHT,,,10/16/2019 8:37:53 AM,False,4693,Accepted,
25782932,0568000,LOUISVILLE METRO POLICE DEPT,Accepted,JEFFERSON,KY1020,,SOUTHERN,PKWY,,,FAIRMONT,,,,,38.195281080,-85.766811300,8.763,10/15/2019 12:00:00 AM,1442,2,2,0,2,CLEAR,DRY,False,OTHER INTERSECTION COLLISIONS,REAR END,STRAIGHT & LEVEL,DAYLIGHT,,,10/16/2019 8:36:07 AM,False,7872,Accepted,
25782996,0568000,LOUISVILLE METRO POLICE DEPT,Accepted,JEFFERSON,US0031W,,DIXIE,HWY,,,ST PAULS CHURCH,,,,,38.150534421,-85.836822230,12.057,10/15/2019 12:00:00 AM,2150,2,2,0,0,CLOUDY,DRY,False,OTHER INTERSECTION COLLISIONS,REAR END,STRAIGHT & LEVEL,DARK-HWY LIGHTED/ON,,,10/16/2019 8:44:36 AM,False,5033,Accepted,
25782989,0568000,LOUISVILLE METRO POLICE DEPT,Accepted,JEFFERSON,,,SPRINGDALE,RD,,KY0022,BROWNSBORO,,,,,38.305152855,-85.577560995,,10/15/2019 12:00:00 AM,2014,2,2,0,0,CLEAR,DRY,False,OTHER INTERSECTION COLLISIONS,REAR END,STRAIGHT & LEVEL,DUSK,,,10/16/2019 8:43:50 AM,False,5030,Accepted,
25782980,0568000,LOUISVILLE METRO POLICE DEPT,Accepted,JEFFERSON,US0150,,BROADWAY,,E,KY0061,JACKSON,,,,,38.245159828,-85.745645883,3.072,10/15/2019 12:00:00 AM,1517,2,2,0,0,CLEAR,DRY,False,OTHER INTERSECTION COLLISIONS,REAR END,STRAIGHT & LEVEL,DAYLIGHT,,,10/16/2019 8:43:15 AM,False,2403,Accepted,
25782930,0568000,LOUISVILLE METRO POLICE DEPT,Accepted,JEFFERSON,KY1020,,NATIONAL,TPKE,,KY1065,OUTER,,,,,38.126420297,-85.748794411,3.632,10/15/2019 12:00:00 AM,1450,2,2,0,0,CLEAR,DRY,False,OTHER INTERSECTION COLLISIONS,REAR END,STRAIGHT & LEVEL,DAYLIGHT,,,10/16/2019 8:35:47 AM,False,7080,Accepted,
25782955,0568000,LOUISVILLE METRO POLICE DEPT,Accepted,JEFFERSON,US0031W,,DIXIE,HWY,,,UPPER HUNTERS,,,,,38.168422645,-85.828696583,13.263,10/15/2019 12:00:00 AM,1642,2,2,0,0,CLEAR,DRY,False,SIDESWIPE-SAME DIRECTION,SIDESWIPE-SAME DIRECTION,STRAIGHT & LEVEL,DAYLIGHT,,,10/16/2019 8:40:14 AM,False,7073,Accepted,
25787909,0568000,LOUISVILLE METRO POLICE DEPT,Accepted,JEFFERSON,KY1631,,CRITTENDEN,DR,,,PHILLIPS,,,,,38.192262520,-85.750918366,0.302,10/15/2019 12:00:00 AM,1709,2,2,0,0,CLEAR,DRY,False,SIDESWIPE-SAME DIRECTION,SIDESWIPE-SAME DIRECTION,STRAIGHT & LEVEL,DAYLIGHT,,,10/17/2019 8:37:49 AM,False,2128,Accepted,
25782912,0568000,LOUISVILLE METRO POLICE DEPT,Accepted,JEFFERSON,,,BLOOM,ST,E,,BROOK,,,,,38.221376399,-85.756025958,0.234,10/15/2019 12:00:00 AM,1401,2,2,0,0,CLEAR,DRY,False,SIDESWIPE-SAME DIRECTION,SIDESWIPE-SAME DIRECTION,STRAIGHT & LEVEL,DAYLIGHT,,,10/16/2019 8:33:04 AM,False,7391,Accepted,
25804705,0568000,LOUISVILLE METRO POLICE DEPT,Accepted,JEFFERSON,I 0264,,I264 E,,,,,I 0264,I264 E EXIT14 ON RAMP FROM KY864,I 0264,I264 E EXIT15 OFF RAMP TO KY1703,38.198902977,-85.702109458,13.754,10/15/2019 12:00:00 AM,1026,2,2,0,0,CLEAR,DRY,False,COLLISION WITH FIXED OBJECT NON - INTERSECTION - FIRST EVENT COLLISION 09 - 32 EXCLUDING 16,REAR END,STRAIGHT & LEVEL,DAYLIGHT,,,10/21/2019 11:53:02 AM,False,7938,Accepted,
25782942,0568000,LOUISVILLE METRO POLICE DEPT,Accepted,JEFFERSON,,4031,BROOK,ST,S,,,,KENTON,,EVELYN,38.197876674,-85.759998781,0.516,10/15/2019 12:00:00 AM,1715,3,3,0,0,CLEAR,DRY,True,1 VEHICLE PARKED POSITION (NOT PARKING LOT/DRIVEWAY),HEAD ON,STRAIGHT & LEVEL,DAYLIGHT,,,10/16/2019 8:37:23 AM,False,7872,Accepted,
25782952,0568000,LOUISVILLE METRO POLICE DEPT,Accepted,JEFFERSON,,,BONNYCASTLE,AVE,,,,,PARSONS,US0031E,BARDSTOWN,38.230644837,-85.704382776,0.549,10/15/2019 12:00:00 AM,1643,2,2,0,0,CLEAR,DRY,False,1 VEHICLE PARKED POSITION (NOT PARKING LOT/DRIVEWAY),SIDESWIPE-SAME DIRECTION,STRAIGHT & LEVEL,DAYLIGHT,,,10/16/2019 8:39:35 AM,False,2230,Accepted,
25782986,0568000,LOUISVILLE METRO POLICE DEPT,Accepted,JEFFERSON,,,32ND,ST,S,,,,RIVER PARK,I 0264,I264 W EXIT2 OFF RAMP TO  MUHAMMAD ALI BLVD,38.254362211,-85.805275100,1.829,10/15/2019 12:00:00 AM,1931,2,2,0,1,CLEAR,DRY,False,1 VEHICLE PARKED POSITION (NOT PARKING LOT/DRIVEWAY),REAR END,STRAIGHT & LEVEL,DUSK,,,10/16/2019 8:43:42 AM,False,5021,Accepted,
25777713,0568000,LOUISVILLE METRO POLICE DEPT,Accepted,JEFFERSON,,4731,BLEVINS GAP,RD,,,,,,,,38.096983778,-85.817192526,5.031,10/15/2019 12:00:00 AM,0115,1,1,0,1,CLEAR,DRY,False,COLLISION WITH FIXED OBJECT NON - INTERSECTION - FIRST EVENT COLLISION 09 - 32 EXCLUDING 16,SINGLE VEHICLE,CURVE & HILLCREST,DARK (UNKNOWN ROADWAY LIGHTING),,,10/15/2019 8:51:15 AM,False,7483,Accepted,
25777671,0568000,LOUISVILLE METRO POLICE DEPT,Accepted,JEFFERSON,I 0064,,I64 E,,,,,,,,,38.222318165,-85.495750722,19.466,10/15/2019 12:00:00 AM,0510,1,1,0,0,CLEAR,DRY,False,COLLISION WITH ANIMAL NON INTERSECTION,SINGLE VEHICLE,STRAIGHT & LEVEL,DARK-HWY NOT LIGHTED,,,10/15/2019 8:44:48 AM,False,2920,Accepted,
25782883,0568000,LOUISVILLE METRO POLICE DEPT,Accepted,JEFFERSON,US0150,,BROADWAY,,E,,BROOK,,,,,38.245608762,-85.751392533,2.720,10/15/2019 12:00:00 AM,0745,2,2,0,0,CLEAR,DRY,False,OTHER INTERSECTION COLLISIONS,REAR END,STRAIGHT & LEVEL,DAYLIGHT,,,10/16/2019 8:26:12 AM,False,6907,Accepted,
25782953,0568000,LOUISVILLE METRO POLICE DEPT,Accepted,JEFFERSON,KY1747,,HURSTBOURNE,PKWY,,,WATTERSON,,,,,38.162993984,-85.612997713,6.862,10/15/2019 12:00:00 AM,1730,2,2,0,0,CLEAR,DRY,False,OTHER INTERSECTION COLLISIONS,REAR END,STRAIGHT & LEVEL,DAYLIGHT,,,10/16/2019 8:39:49 AM,False,5005,Accepted,
25794958,0568000,LOUISVILLE METRO POLICE DEPT,Accepted,JEFFERSON,,,7TH,ST,S,,INDUSTRY,,,,,38.221129303,-85.775720060,0.115,10/15/2019 12:00:00 AM,1653,2,2,0,0,CLOUDY,DRY,False,OTHER INTERSECTION COLLISIONS,REAR END,STRAIGHT & LEVEL,DAYLIGHT,,,10/18/2019 3:04:41 PM,False,7472,Accepted,
25782944,0568000,LOUISVILLE METRO POLICE DEPT,Accepted,JEFFERSON,US0031E,,BARDSTOWN,RD,,,FERNDALE,,,,,38.155470903,-85.589954048,5.954,10/15/2019 12:00:00 AM,1656,2,2,0,0,CLEAR,DRY,False,OTHER INTERSECTION COLLISIONS,REAR END,STRAIGHT & LEVEL,DAYLIGHT,,,10/16/2019 8:37:43 AM,False,7278,Accepted,
25794212,0568000,LOUISVILLE METRO POLICE DEPT,Accepted,JEFFERSON,KY0864,,POPLAR LEVEL,RD,,,OAKDALE,,,,,38.160199397,-85.671966789,8.087,10/15/2019 12:00:00 AM,0813,2,2,0,0,CLEAR,DRY,False,ANGLE COLLISION - OTHER,ANGLE,STRAIGHT & LEVEL,DAYLIGHT,,,10/18/2019 11:53:05 AM,False,7451,Accepted,
25782972,0568000,LOUISVILLE METRO POLICE DEPT,Accepted,JEFFERSON,KY0061,,PRESTON,ST,S,,MUHAMMAD ALI,,,,,38.250006690,-85.746826464,12.583,10/15/2019 12:00:00 AM,1820,2,2,0,0,CLEAR,DRY,False,ANGLE COLLISION - OTHER,ANGLE,STRAIGHT & LEVEL,DAYLIGHT,,,10/16/2019 8:42:38 AM,True,6907,Accepted,
25782948,0568000,LOUISVILLE METRO POLICE DEPT,Accepted,JEFFERSON,,,SOUTHERN,AVE,,,34TH,,,,,38.232364494,-85.811518307,0.530,10/15/2019 12:00:00 AM,1220,2,2,0,0,CLEAR,DRY,False,ANGLE COLLISION - OTHER,ANGLE,STRAIGHT & LEVEL,DAYLIGHT,,,10/16/2019 8:38:37 AM,False,7326,Accepted,
25782954,0568000,LOUISVILLE METRO POLICE DEPT,Accepted,JEFFERSON,,,LEXINGTON,RD,,,ETLEY,,,,,38.245505270,-85.704547237,1.757,10/15/2019 12:00:00 AM,1707,2,2,0,0,CLEAR,DRY,False,ANGLE COLLISION - OTHER,ANGLE,STRAIGHT & LEVEL,DAYLIGHT,,,10/16/2019 8:40:04 AM,False,5293,Accepted,
25782921,0568000,LOUISVILLE METRO POLICE DEPT,Accepted,JEFFERSON,,,MARCH,BLVD,,,WHEATMORE,,,,,38.191738741,-85.799413506,0.077,10/15/2019 12:00:00 AM,1456,2,2,0,0,CLEAR,DRY,False,ANGLE COLLISION - OTHER,ANGLE,STRAIGHT & LEVEL,DAYLIGHT,,,10/16/2019 8:34:30 AM,False,7433,Accepted,
25782941,0568000,LOUISVILLE METRO POLICE DEPT,Accepted,JEFFERSON,,,24TH,ST,N,KY3064,PORTLAND,,,,,38.270076816,-85.787140988,0.686,10/15/2019 12:00:00 AM,1007,2,2,0,0,CLEAR,DRY,False,ANGLE COLLISION - OTHER,ANGLE,STRAIGHT & LEVEL,DAYLIGHT,,,10/16/2019 8:37:03 AM,False,5108,Accepted,
25777672,0568000,LOUISVILLE METRO POLICE DEPT,Accepted,JEFFERSON,,,LOWER HUNTERS,TRCE,,,UPPER HUNTERS,,,,,38.157801303,-85.847697801,0.725,10/15/2019 12:00:00 AM,0512,2,2,0,0,CLEAR,DRY,False,OPPOSITE DIRECTION - BOTH VEHICLES GOING STRAIGHT AHEAD,SIDESWIPE-OPPOSITE DIRECTION,STRAIGHT & LEVEL,DARK-HWY NOT LIGHTED,,,10/15/2019 8:45:02 AM,False,7992,Accepted,
25782970,0568000,LOUISVILLE METRO POLICE DEPT,Accepted,JEFFERSON,I 0065,,I65 N,,,I 0065,I65 N EXIT130 OFF RAMP TO KY61,,,,,38.172963393,-85.720152162,129.370,10/15/2019 12:00:00 AM,0700,2,2,0,0,CLEAR,DRY,True,SIDESWIPE-SAME DIRECTION,SIDESWIPE-SAME DIRECTION,STRAIGHT & LEVEL,DARK-HWY LIGHTED/ON,,,10/16/2019 8:42:27 AM,False,2403,Accepted,
25824751,0568000,LOUISVILLE METRO POLICE DEPT,Accepted,JEFFERSON,,,GAGEL,AVE,,,MCDEANE,,,,,38.173322431,-85.816786824,0.317,10/15/2019 12:00:00 AM,2307,2,2,0,0,RAINING,WET,False,REAR END - ONE VEHICLE TURNING LEFT,REAR END,STRAIGHT & LEVEL,DARK-HWY LIGHTED/ON,,,10/25/2019 8:43:27 AM,False,7010,Accepted,
25782977,0568000,LOUISVILLE METRO POLICE DEPT,Accepted,JEFFERSON,,,GELLHAUS,LN,,,CHENOWETH RUN,,,,,38.160458424,-85.541929635,0.880,10/15/2019 12:00:00 AM,1633,2,2,0,0,CLEAR,DRY,False,REAR END - ONE VEHICLE TURNING RIGHT,REAR END,STRAIGHT & LEVEL,DAYLIGHT,,,10/16/2019 8:42:59 AM,False,5282,Accepted,
25782933,0568000,LOUISVILLE METRO POLICE DEPT,Accepted,JEFFERSON,KY1450,,BLUE LICK,RD,,,MAYNARD,,,,,38.111524458,-85.690208680,1.838,10/15/2019 12:00:00 AM,0734,3,3,0,2,CLEAR,DRY,False,OPPOSING LEFT TURN,OPPOSING LEFT TURN,STRAIGHT & GRADE,DAWN,,,10/16/2019 8:36:15 AM,False,5261,Accepted,
25782903,0568000,LOUISVILLE METRO POLICE DEPT,Accepted,JEFFERSON,KY2052,,SHEPHERDSVILLE,RD,,KY0864,POPLAR LEVEL,,,,,38.160092106,-85.659977439,1.478,10/15/2019 12:00:00 AM,0754,2,2,0,2,CLEAR,DRY,False,OPPOSING LEFT TURN,OPPOSING LEFT TURN,STRAIGHT & LEVEL,DAYLIGHT,,,10/16/2019 8:29:31 AM,False,7739,Accepted,
25782959,0568000,LOUISVILLE METRO POLICE DEPT,Accepted,JEFFERSON,,,HARLAN,AVE,,,GRANT,,,,,38.201447233,-85.762745761,0.097,10/15/2019 12:00:00 AM,1656,2,2,0,0,CLEAR,DRY,False,ANGLE COLLISION - OTHER,ANGLE,STRAIGHT & LEVEL,DAYLIGHT,,,10/16/2019 8:40:40 AM,False,7398,Accepted,
25804794,0568000,LOUISVILLE METRO POLICE DEPT,Accepted,JEFFERSON,,,MUHAMMAD ALI,BLVD,E,,BROOK,,,,,38.250536682,-85.751538521,0.981,10/15/2019 12:00:00 AM,1630,2,2,0,0,CLEAR,DRY,True,ANGLE COLLISION - OTHER,ANGLE,STRAIGHT & GRADE,DAYLIGHT,,,10/21/2019 12:04:40 PM,False,2661,Accepted,
26502531,0568000,LOUISVILLE METRO POLICE DEPT,Accepted,JEFFERSON,KY1747,,FERN VALLEY,RD,,,OLD FERN VALLEY,,,,,38.157733969,-85.686434435,2.513,10/15/2019 12:00:00 AM,2109,2,2,0,0,CLEAR,DRY,True,ANGLE COLLISION - OTHER,ANGLE,STRAIGHT & LEVEL,DARK (UNKNOWN ROADWAY LIGHTING),,,3/12/2020 8:51:47 AM,False,5214,Accepted,
25782895,0568000,LOUISVILLE METRO POLICE DEPT,Accepted,JEFFERSON,,,ECHO,TRL,,,HICKORY HILLS,,,,,38.142341099,-85.507900162,0.889,10/15/2019 12:00:00 AM,0836,2,2,0,0,CLEAR,DRY,False,ANGLE COLLISION - OTHER,ANGLE,STRAIGHT & LEVEL,DAYLIGHT,,,10/16/2019 8:26:47 AM,False,7278,Accepted,
25782908,0568000,LOUISVILLE METRO POLICE DEPT,Accepted,JEFFERSON,,,JEFFERSON,ST,W,,11TH,,,,,38.255109114,-85.768596672,0.909,10/15/2019 12:00:00 AM,1246,2,2,0,2,CLEAR,DRY,False,ANGLE COLLISION - OTHER,ANGLE,STRAIGHT & LEVEL,DAYLIGHT,,,10/16/2019 8:30:56 AM,False,5187,Accepted,
25782900,0568000,LOUISVILLE METRO POLICE DEPT,Accepted,JEFFERSON,US0150,,BROADWAY,,W,KY1020,3RD,,,,,38.245963201,-85.756754473,2.473,10/15/2019 12:00:00 AM,1021,2,2,0,0,CLEAR,DRY,False,ANGLE COLLISION - OTHER,ANGLE,STRAIGHT & LEVEL,DAYLIGHT,,,10/16/2019 8:28:11 AM,False,5168,Accepted,
25777703,0568000,LOUISVILLE METRO POLICE DEPT,Accepted,JEFFERSON,KY1703,,BAXTER,AVE,,,WINDSOR,,,,,38.231971276,-85.717661281,5.011,10/15/2019 12:00:00 AM,0300,3,3,0,0,CLEAR,DRY,True,COLLISION WITH PARKED VEHICLE,SIDESWIPE-SAME DIRECTION,,DARK-HWY LIGHTED/ON,,,10/15/2019 8:47:12 AM,True,5272,Accepted,
25783043,0568000,LOUISVILLE METRO POLICE DEPT,Accepted,JEFFERSON,KY1747,,FERN VALLEY,RD,,,FERN GRADE,,,,,38.157677204,-85.725732816,0.345,10/15/2019 12:00:00 AM,1755,2,2,0,0,CLEAR,DRY,True,ANGLE COLLISION - ONE VEHICLE TURNING LEFT,ANGLE,STRAIGHT & LEVEL,DAYLIGHT,,,10/16/2019 8:51:06 AM,False,7354,Accepted,
25782949,0568000,LOUISVILLE METRO POLICE DEPT,Accepted,JEFFERSON,,,OAK,ST,W,,15TH,,,,,38.236694897,-85.778448063,1.256,10/15/2019 12:00:00 AM,1318,2,2,0,0,CLEAR,DRY,False,ANGLE COLLISION - ONE VEHICLE TURNING LEFT,ANGLE,STRAIGHT & LEVEL,DAYLIGHT,,,10/16/2019 8:38:55 AM,False,7326,Accepted,
25782957,0568000,LOUISVILLE METRO POLICE DEPT,Accepted,JEFFERSON,,,BELRAD,DR,,,SEBREE,,,,,38.180095700,-85.639651802,0.053,10/15/2019 12:00:00 AM,1735,2,1,0,1,CLEAR,DRY,False,COLLISION WITH BICYCLE IN INTERSECTION,SINGLE VEHICLE,STRAIGHT & LEVEL,DAYLIGHT,,,10/16/2019 8:40:26 AM,False,7739,Accepted,
25782897,0568000,LOUISVILLE METRO POLICE DEPT,Accepted,JEFFERSON,,1,AUDUBON PLAZA,DR,,,,,,,,38.214086456,-85.722957854,0.005,10/15/2019 12:00:00 AM,1004,3,3,0,0,CLEAR,DRY,False,COLLISION IN PARKING LOT,REAR END,STRAIGHT & GRADE,DAYLIGHT,,,10/16/2019 8:27:19 AM,False,2532,Accepted,
25782947,0568000,LOUISVILLE METRO POLICE DEPT,Accepted,JEFFERSON,,,STANDIFORD PLAZA,DR,,,,,,,,38.087987609,-85.665994093,0.349,10/15/2019 12:00:00 AM,1548,2,2,0,0,CLOUDY,DRY,False,COLLISION IN PARKING LOT,ANGLE,STRAIGHT & LEVEL,DAYLIGHT,,,10/16/2019 8:38:27 AM,False,4693,Accepted,
25783004,0568000,LOUISVILLE METRO POLICE DEPT,Accepted,JEFFERSON,,600,DISTILLERY COMMONS,,,,PAYNE,,,,,38.249746822,-85.722506993,0.007,10/15/2019 12:00:00 AM,2017,2,2,0,0,CLEAR,DRY,False,COLLISION IN PARKING LOT,SIDESWIPE-SAME DIRECTION,STRAIGHT & LEVEL,OTHER,,,10/16/2019 8:45:34 AM,False,5272,Accepted,
25824749,0568000,LOUISVILLE METRO POLICE DEPT,Accepted,JEFFERSON,,911,GRADE,LN,,,,,,,,38.158847969,-85.730863575,,10/15/2019 12:00:00 AM,0315,3,3,0,0,CLEAR,DRY,True,COLLISION IN PARKING LOT,REAR END,STRAIGHT & LEVEL,DARK-HWY LIGHTED/ON,,,10/25/2019 8:43:14 AM,False,7431,Accepted,
25771956,0568000,LOUISVILLE METRO POLICE DEPT,Accepted,JEFFERSON,KY1747,2000,FERN VALLEY,RD,,,,,,,,38.157437015,-85.729999754,0.108,10/14/2019 12:00:00 AM,0450,1,1,0,0,CLEAR,DRY,False,COLLISION IN PARKING LOT,SINGLE VEHICLE,STRAIGHT & LEVEL,DARK-HWY LIGHTED/ON,,,10/14/2019 8:59:20 AM,False,7016,Accepted,
25774286,0568000,LOUISVILLE METRO POLICE DEPT,Accepted,JEFFERSON,KY2055,10523,MANSLICK,RD,W,,,,,,,38.108154455,-85.762382501,1.639,10/14/2019 12:00:00 AM,1348,2,2,0,0,CLEAR,DRY,False,COLLISION IN PARKING LOT,ANGLE,STRAIGHT & LEVEL,DAYLIGHT,,,10/14/2019 3:10:11 PM,False,7202,Accepted,
25777555,0568000,LOUISVILLE METRO POLICE DEPT,Accepted,JEFFERSON,US0031W,10103,DIXIE,HWY,,,,,,,,38.108569507,-85.866136033,8.705,10/14/2019 12:00:00 AM,1313,2,2,0,0,CLEAR,DRY,False,COLLISION IN PARKING LOT,ANGLE,STRAIGHT & LEVEL,DAYLIGHT,,,10/15/2019 8:28:49 AM,False,6326,Accepted,
25777631,0568000,LOUISVILLE METRO POLICE DEPT,Accepted,JEFFERSON,KY1020,978,3RD,ST,S,,KENTUCKY,,,,,38.238750865,-85.757998557,11.599,10/14/2019 12:00:00 AM,1043,2,2,0,0,CLEAR,DRY,True,COLLISION IN PARKING LOT,REAR TO REAR,STRAIGHT & LEVEL,DAYLIGHT,,,10/15/2019 8:35:56 AM,False,5213,Accepted,
25777717,0568000,LOUISVILLE METRO POLICE DEPT,Accepted,JEFFERSON,,,GRINSTEAD,DR,,KY1703,BAXTER,,,,,38.237777752,-85.722376268,0.087,10/14/2019 12:00:00 AM,2343,2,1,0,0,CLEAR,DRY,False,COLLISION WITH PEDESTRIAN IN INTERSECTION,SINGLE VEHICLE,STRAIGHT & LEVEL,DARK-HWY LIGHTED/ON,,,10/15/2019 8:51:50 AM,False,5197,Accepted,
25777683,0568000,LOUISVILLE METRO POLICE DEPT,Accepted,JEFFERSON,,,TENNY,AVE,W,,3RD,,,,,38.176958374,-85.767097157,0.082,10/14/2019 12:00:00 AM,2204,1,1,0,0,CLEAR,DRY,False,COLLISION WITH FIXED OBJECT IN INTERSECTION - FIRST EVENT COLLISION 09 - 32,SINGLE VEHICLE,STRAIGHT & LEVEL,DARK-HWY LIGHTED/ON,,,10/15/2019 8:46:16 AM,False,5205,Accepted,