IncidentID,AgencyORI,AgencyName,IncidentStatusDesc,County,RdwyNumber,Street,RoadwayName,StreetSfx,StreetDir,IntersectionRdwy,IntersectionRdwyName,BetweenStRdwy1,BetweenStRdwyName1,BetweenStRdwy2,BetweenStRdwyName2,Latitude,Longitude,Milepoint,CollisionDate,CollisionTime,UnitsInvolved,MotorVehiclesInvolved,NumberKilled,NumberInjured,Weather,RdwyConditionCode,HitandRun,DirAnalysisCode,MannerofCollision,RdwyCharacter,LightCondition,RampFromRdwyId,RampToRdwyId,AcceptedDate,IsSecondaryCollision,OwnerBadge,IncidentStatus,
25774264,0568000,LOUISVILLE METRO POLICE DEPT,Accepted,JEFFERSON,KY0061,,PRESTON,HWY,,I 0265,I265 E EXIT12 ON RAMP FROM KY61 S,,,,,38.111726445,-85.675336833,1.990,10/14/2019 12:00:00 AM,1233,2,2,0,3,CLEAR,DRY,False,ANGLE COLLISION - ONE VEHICLE TURNING LEFT,ANGLE,STRAIGHT & GRADE,DAYLIGHT,,,10/14/2019 3:08:11 PM,False,2017,Accepted,
25777557,0568000,LOUISVILLE METRO POLICE DEPT,Accepted,JEFFERSON,,,ALLMOND,AVE,,,WOODLAWN,,,,,38.180782786,-85.758989083,0.879,10/14/2019 12:00:00 AM,1321,2,2,0,0,CLEAR,DRY,False,ANGLE COLLISION - ONE VEHICLE TURNING RIGHT,ANGLE,STRAIGHT & LEVEL,DAYLIGHT,,,10/15/2019 8:29:10 AM,False,7301,Accepted,
25777604,0568000,LOUISVILLE METRO POLICE DEPT,Accepted,JEFFERSON,,,ST CATHERINE,ST,E,,SCHILLER,,,,,38.234350424,-85.731681776,0.015,10/14/2019 12:00:00 AM,1717,2,2,0,0,CLEAR,DRY,False,ANGLE COLLISION - ONE VEHICLE TURNING RIGHT,ANGLE,STRAIGHT & LEVEL,DAYLIGHT,,,10/15/2019 8:32:48 AM,False,5204,Accepted,
25777562,0568000,LOUISVILLE METRO POLICE DEPT,Accepted,JEFFERSON,,,12TH,ST,S,US0150,BROADWAY,,,,,38.247620852,-85.771641973,0.389,10/14/2019 12:00:00 AM,1600,2,2,0,0,CLEAR,DRY,True,ANGLE COLLISION - ONE VEHICLE TURNING LEFT,ANGLE,STRAIGHT & LEVEL,DAYLIGHT,,,10/15/2019 8:30:14 AM,False,7386,Accepted,
25777653,0568000,LOUISVILLE METRO POLICE DEPT,Accepted,JEFFERSON,,,LIBERTY,ST,W,,6TH,,,,,38.253461567,-85.760481704,0.424,10/14/2019 12:00:00 AM,2250,2,2,0,2,CLEAR,DRY,False,ANGLE COLLISION - OTHER,ANGLE,STRAIGHT & LEVEL,DARK-HWY LIGHTED/ON,,,10/15/2019 8:41:54 AM,False,5135,Accepted,
25777610,0568000,LOUISVILLE METRO POLICE DEPT,Accepted,JEFFERSON,KY0061,,PRESTON,HWY,,,OLD FERN VALLEY,,,,,38.155034345,-85.695955651,5.201,10/14/2019 12:00:00 AM,1546,2,2,0,0,CLEAR,DRY,False,ANGLE COLLISION - OTHER,ANGLE,STRAIGHT & LEVEL,DAYLIGHT,,,10/15/2019 8:33:21 AM,False,4693,Accepted,
25774251,0568000,LOUISVILLE METRO POLICE DEPT,Accepted,JEFFERSON,,,HILLOCK,DR,,,OLD BARDSTOWN,,,,,38.130335631,-85.577789594,0.001,10/14/2019 12:00:00 AM,0720,2,2,0,0,CLEAR,DRY,False,ANGLE COLLISION - OTHER,ANGLE,STRAIGHT & LEVEL,DAWN,,,10/14/2019 3:06:07 PM,False,7962,Accepted,
25876462,0568000,LOUISVILLE METRO POLICE DEPT,Accepted,JEFFERSON,,,LANSING,AVE,W,KY1020,SOUTHERN,,,,,38.192595888,-85.766796939,0.068,10/14/2019 12:00:00 AM,1736,2,2,0,0,CLEAR,DRY,False,ANGLE COLLISION - ONE VEHICLE TURNING RIGHT,ANGLE,STRAIGHT & LEVEL,DAYLIGHT,,,11/4/2019 9:49:49 AM,False,7398,Accepted,
25771938,0568000,LOUISVILLE METRO POLICE DEPT,Accepted,JEFFERSON,,,RIVER PARK,DR,,I 0264,I264 E EXIT2 ON RAMP FROM  RIVER PARK DR,,,,,38.254325863,-85.806385818,1.128,10/14/2019 12:00:00 AM,0107,2,2,0,0,CLEAR,DRY,False,ANGLE COLLISION - OTHER,ANGLE,STRAIGHT & LEVEL,DARK-HWY LIGHTED/ON,,,10/14/2019 8:58:07 AM,False,7343,Accepted,
25774246,0568000,LOUISVILLE METRO POLICE DEPT,Accepted,JEFFERSON,,,RIVER PARK,DR,,,32ND,,,,,38.254230608,-85.805027732,1.203,10/14/2019 12:00:00 AM,0758,2,2,0,1,CLEAR,DRY,False,ANGLE COLLISION - OTHER,ANGLE,STRAIGHT & LEVEL,DAWN,,,10/14/2019 3:05:10 PM,False,7361,Accepted,
25777554,0568000,LOUISVILLE METRO POLICE DEPT,Accepted,JEFFERSON,KY0907,,VALLEY STATION,RD,,,RENAISSANCE VALLEY,,,,,38.105725887,-85.861444044,0.325,10/14/2019 12:00:00 AM,0759,2,2,0,0,CLEAR,DRY,False,ANGLE COLLISION - OTHER,ANGLE,STRAIGHT & LEVEL,DAYLIGHT,,,10/15/2019 8:28:42 AM,False,6326,Accepted,
25777560,0568000,LOUISVILLE METRO POLICE DEPT,Accepted,JEFFERSON,KY1727,,TERRY,RD,,,PARADISE,,,,,38.137545153,-85.873121381,1.092,10/14/2019 12:00:00 AM,1607,2,2,0,0,CLEAR,DRY,False,ANGLE COLLISION - OTHER,ANGLE,CURVE & LEVEL,DAYLIGHT,,,10/15/2019 8:29:46 AM,False,5257,Accepted,
25782968,0568000,LOUISVILLE METRO POLICE DEPT,Accepted,JEFFERSON,,,KENTUCKY,ST,W,,6TH,,,,,38.239872470,-85.762848038,3.359,10/14/2019 12:00:00 AM,1708,2,2,0,2,CLEAR,DRY,False,ANGLE COLLISION - OTHER,ANGLE,STRAIGHT & LEVEL,DAYLIGHT,,,10/16/2019 8:42:01 AM,False,7441,Accepted,
25787858,0568000,LOUISVILLE METRO POLICE DEPT,Accepted,JEFFERSON,,,CHAMBERLAIN,LN,,,WOLF PEN BRANCH,,,,,38.321219211,-85.570869826,4.669,10/14/2019 12:00:00 AM,1032,2,2,0,0,CLEAR,DRY,True,ANGLE COLLISION - OTHER,ANGLE,CURVE & LEVEL,DAYLIGHT,,,10/17/2019 8:27:58 AM,False,7858,Accepted,
25814718,0568000,LOUISVILLE METRO POLICE DEPT,Accepted,JEFFERSON,,,7TH,ST,S,,BURNETT,,,,,38.227721148,-85.768390223,0.732,10/14/2019 12:00:00 AM,1730,2,2,0,0,CLEAR,DRY,False,ANGLE COLLISION - OTHER,ANGLE,STRAIGHT & LEVEL,DAYLIGHT,,,10/23/2019 8:52:10 AM,False,5131,Accepted,
25777721,0568000,LOUISVILLE METRO POLICE DEPT,Accepted,JEFFERSON,KY1931,,MANSLICK,RD,,,LEDGEWOOD,,,,,38.163148744,-85.797708268,6.096,10/14/2019 12:00:00 AM,2229,2,2,0,2,CLEAR,DRY,False,OPPOSING LEFT TURN,OPPOSING LEFT TURN,STRAIGHT & LEVEL,DARK-HWY LIGHTED/ON,,,10/15/2019 8:52:09 AM,False,5212,Accepted,
25782914,0568000,LOUISVILLE METRO POLICE DEPT,Accepted,JEFFERSON,,,26TH,ST,N,KY3082,BANK,,,,,38.269332748,-85.790975593,0.618,10/14/2019 12:00:00 AM,1709,2,2,0,1,CLEAR,DRY,False,OPPOSING LEFT TURN,OPPOSING LEFT TURN,STRAIGHT & LEVEL,DAYLIGHT,,,10/16/2019 8:33:24 AM,False,5249,Accepted,
25782917,0568000,LOUISVILLE METRO POLICE DEPT,Accepted,JEFFERSON,I 0065,,I65 S,,,I 0065,I65 S EXIT128 OFF RAMP TO KY1631,,,,,38.165224381,-85.720935066,128.833,10/14/2019 12:00:00 AM,1722,2,2,0,0,CLEAR,DRY,False,SIDESWIPE-SAME DIRECTION,SIDESWIPE-SAME DIRECTION,STRAIGHT & LEVEL,DAYLIGHT,,,10/16/2019 8:33:59 AM,False,7319,Accepted,
25787863,0568000,LOUISVILLE METRO POLICE DEPT,Accepted,JEFFERSON,KY1747,,HURSTBOURNE,PKWY,N,KY1447,WESTPORT,,,,,38.287632875,-85.572221310,17.040,10/14/2019 12:00:00 AM,1309,2,2,0,0,CLEAR,DRY,False,SIDESWIPE-SAME DIRECTION,SIDESWIPE-SAME DIRECTION,STRAIGHT & LEVEL,DAYLIGHT,,,10/17/2019 8:28:16 AM,False,7858,Accepted,
25782940,0568000,LOUISVILLE METRO POLICE DEPT,Accepted,JEFFERSON,,,KENTUCKY,ST,E,KY0864,SHELBY,,,,,38.236933025,-85.740852788,0.757,10/14/2019 12:00:00 AM,0735,2,2,0,2,CLEAR,DRY,False,ANGLE COLLISION - OTHER,ANGLE,STRAIGHT & LEVEL,DAYLIGHT,,,10/16/2019 8:36:54 AM,False,5269,Accepted,
25777632,0568000,LOUISVILLE METRO POLICE DEPT,Accepted,JEFFERSON,KY1020,,SOUTHSIDE,DR,,,STRAWBERRY,,,,,38.158549956,-85.764743394,6.074,10/14/2019 12:00:00 AM,1719,2,2,0,0,CLEAR,DRY,False,ANGLE COLLISION - OTHER,ANGLE,STRAIGHT & LEVEL,DAYLIGHT,,,10/15/2019 8:36:08 AM,False,7139,Accepted,
25777634,0568000,LOUISVILLE METRO POLICE DEPT,Accepted,JEFFERSON,KY1065,,OUTER,LOOP,,I 0065,I65 S EXIT127 OFF RAMP TO KY6162,,,,,38.136626764,-85.713451410,4.565,10/14/2019 12:00:00 AM,1728,2,2,0,0,CLEAR,DRY,False,ANGLE COLLISION - OTHER,ANGLE,STRAIGHT & GRADE,DAYLIGHT,,,10/15/2019 8:36:26 AM,False,7269,Accepted,
25777623,0568000,LOUISVILLE METRO POLICE DEPT,Accepted,JEFFERSON,KY1020,,3RD,ST,S,,CENTRAL STATION,,,,,38.203591853,-85.764176172,9.373,10/14/2019 12:00:00 AM,1640,2,2,0,0,CLEAR,DRY,False,ANGLE COLLISION - OTHER,ANGLE,STRAIGHT & LEVEL,DAYLIGHT,,,10/15/2019 8:34:49 AM,False,7398,Accepted,
25771944,0568000,LOUISVILLE METRO POLICE DEPT,Accepted,JEFFERSON,KY1865,,NEW CUT,RD,,KY1142,PALATKA,,,,,38.150860159,-85.776400913,3.005,10/14/2019 12:00:00 AM,0139,2,2,0,1,CLEAR,DRY,True,ANGLE COLLISION - OTHER,ANGLE,STRAIGHT & LEVEL,DARK-HWY LIGHTED/ON,,,10/14/2019 8:58:29 AM,False,7649,Accepted,
25774265,0568000,LOUISVILLE METRO POLICE DEPT,Accepted,JEFFERSON,KY0061,,PRESTON,HWY,,,OAKLAWN,,,,,38.148773177,-85.692465316,4.729,10/14/2019 12:00:00 AM,1204,2,2,0,0,CLEAR,DRY,False,ANGLE COLLISION - OTHER,ANGLE,STRAIGHT & LEVEL,DAYLIGHT,,,10/14/2019 3:08:26 PM,False,2017,Accepted,
25774283,0568000,LOUISVILLE METRO POLICE DEPT,Accepted,JEFFERSON,KY0022,,BROWNSBORO,RD,,,SIMCOE,,,,,38.307935753,-85.574205663,3.976,10/14/2019 12:00:00 AM,1329,2,2,0,0,CLEAR,DRY,False,ANGLE COLLISION - OTHER,ANGLE,STRAIGHT & LEVEL,DAYLIGHT,,,10/14/2019 3:09:57 PM,False,2969,Accepted,
25777558,0568000,LOUISVILLE METRO POLICE DEPT,Accepted,JEFFERSON,,,ROWAN,ST,,US0150,N 22ND ST CONN,,,,,38.261114754,-85.784357563,0.871,10/14/2019 12:00:00 AM,1424,2,2,0,0,CLEAR,DRY,False,ANGLE COLLISION - OTHER,ANGLE,STRAIGHT & LEVEL,DAYLIGHT,,,10/15/2019 8:29:19 AM,False,5249,Accepted,
25777608,0568000,LOUISVILLE METRO POLICE DEPT,Accepted,JEFFERSON,,,VAUGHN MILL,RD,,,BRISCOE,,,,,38.141013806,-85.627011268,0.281,10/14/2019 12:00:00 AM,1155,2,2,0,2,CLEAR,DRY,False,ANGLE COLLISION - OTHER,ANGLE,STRAIGHT & LEVEL,DAYLIGHT,,,10/15/2019 8:33:07 AM,False,4693,Accepted,
25782923,0568000,LOUISVILLE METRO POLICE DEPT,Accepted,JEFFERSON,KY2048,,CANNONS,LN,,,WILLIS,,,,,38.246329074,-85.664328976,2.087,10/14/2019 12:00:00 AM,1242,2,2,0,0,CLEAR,DRY,False,ANGLE COLLISION - OTHER,ANGLE,STRAIGHT & LEVEL,DAYLIGHT,,,10/16/2019 8:35:00 AM,False,7068,Accepted,
25777673,0568000,LOUISVILLE METRO POLICE DEPT,Accepted,JEFFERSON,,,WILLIS,AVE,,KY1932,BRECKENRIDGE,,,,,38.251453664,-85.654222157,0.653,10/14/2019 12:00:00 AM,1955,3,3,0,0,CLEAR,DRY,False,ANGLE COLLISION - OTHER,ANGLE,STRAIGHT & LEVEL,DARK-HWY LIGHTED/ON,,,10/15/2019 8:45:43 AM,False,5171,Accepted,
25777648,0568000,LOUISVILLE METRO POLICE DEPT,Accepted,JEFFERSON,US0042,,STORY,AVE,,,JOHNSON,,,,,38.254626365,-85.731158288,0.089,10/14/2019 12:00:00 AM,1815,2,2,0,0,CLEAR,DRY,False,ANGLE COLLISION - OTHER,ANGLE,STRAIGHT & LEVEL,DUSK,,,10/15/2019 8:40:25 AM,False,2404,Accepted,
25809047,0568000,LOUISVILLE METRO POLICE DEPT,Accepted,JEFFERSON,I 0065,,I65 S,,,I 0065,I65 S EXIT125 OFF RAMP,,,,,38.116482204,-85.701804273,125.261,10/14/2019 12:00:00 AM,1700,3,3,0,0,CLEAR,DRY,True,OTHER INTERSECTION COLLISIONS,REAR END,STRAIGHT & LEVEL,DAYLIGHT,,,10/22/2019 8:33:17 AM,False,2142,Accepted,
25774278,0568000,LOUISVILLE METRO POLICE DEPT,Accepted,JEFFERSON,,,PARK,RD,S,KY1450,BLUE LICK,,,,,38.115844365,-85.689675238,0.724,10/14/2019 12:00:00 AM,0730,3,3,0,2,CLEAR,DRY,False,OTHER INTERSECTION COLLISIONS,REAR END,STRAIGHT & LEVEL,DAYLIGHT,,,10/14/2019 3:08:52 PM,False,7269,Accepted,
25777622,0568000,LOUISVILLE METRO POLICE DEPT,Accepted,JEFFERSON,,,MUHAMMAD ALI,BLVD,W,,13TH,,,,,38.252775728,-85.772447099,1.064,10/14/2019 12:00:00 AM,1737,1,1,0,0,CLEAR,DRY,False,OTHER INTERSECTION COLLISIONS,SINGLE VEHICLE,STRAIGHT & LEVEL,DAYLIGHT,,,10/15/2019 8:34:32 AM,False,7386,Accepted,
25777586,0568000,LOUISVILLE METRO POLICE DEPT,Accepted,JEFFERSON,I 0264,,I264 E,,,I 0065,I65 S,,,,,38.189719997,-85.734647736,11.801,10/14/2019 12:00:00 AM,1736,2,2,0,0,CLEAR,DRY,False,OTHER INTERSECTION COLLISIONS,REAR END,STRAIGHT & LEVEL,DAYLIGHT,,,10/15/2019 8:32:18 AM,False,7451,Accepted,
25771946,0568000,LOUISVILLE METRO POLICE DEPT,Accepted,JEFFERSON,,1429,NIGHTINGALE,RD,,,,,,,,38.206691962,-85.718257394,0.224,10/14/2019 12:00:00 AM,0347,4,4,0,0,CLEAR,DRY,False,1 VEHICLE PARKED POSITION (NOT PARKING LOT/DRIVEWAY),ANGLE,STRAIGHT & GRADE,DARK-HWY LIGHTED/OFF,,,10/14/2019 8:58:36 AM,False,7419,Accepted,
25777596,0568000,LOUISVILLE METRO POLICE DEPT,Accepted,JEFFERSON,KY1934,,CANE RUN,RD,,,,,,,,38.186161508,-85.852994329,7.929,10/14/2019 12:00:00 AM,1538,2,2,0,0,CLEAR,DRY,True,1 VEHICLE PARKED POSITION (NOT PARKING LOT/DRIVEWAY),REAR TO REAR,STRAIGHT & LEVEL,DAYLIGHT,,,10/15/2019 8:32:38 AM,False,7346,Accepted,
25777644,0568000,LOUISVILLE METRO POLICE DEPT,Accepted,JEFFERSON,,,OLD OUTER,LOOP,,,,,,,,38.136091801,-85.701234347,0.043,10/14/2019 12:00:00 AM,2005,2,2,0,0,CLEAR,DRY,False,1 VEHICLE PARKED POSITION (NOT PARKING LOT/DRIVEWAY),BACKING,STRAIGHT & LEVEL,DARK (UNKNOWN ROADWAY LIGHTING),,,10/15/2019 8:38:59 AM,False,5214,Accepted,
25782882,0568000,LOUISVILLE METRO POLICE DEPT,Accepted,JEFFERSON,,,PLANTSIDE,DR,,,,,,,,38.212351092,-85.526552474,3.303,10/14/2019 12:00:00 AM,1615,1,1,0,0,CLEAR,DRY,False,COLLISION WITH FIXED OBJECT NON - INTERSECTION - FIRST EVENT COLLISION 09 - 32 EXCLUDING 16,SINGLE VEHICLE,CURVE & GRADE,DAYLIGHT,,,10/16/2019 8:25:59 AM,False,7802,Accepted,
25774258,0568000,LOUISVILLE METRO POLICE DEPT,Accepted,JEFFERSON,,,RIVER PARK,DR,,,,,31ST,I 0264,I264 W EXIT2 OFF RAMP TO  MUHAMMAD ALI BLVD,38.253979043,-85.803187944,1.304,10/14/2019 12:00:00 AM,0657,1,1,0,0,CLEAR,DRY,False,COLLISION WITH FIXED OBJECT NON - INTERSECTION - FIRST EVENT COLLISION 09 - 32 EXCLUDING 16,SINGLE VEHICLE,STRAIGHT & LEVEL,DAYLIGHT,,,10/14/2019 3:07:33 PM,False,7805,Accepted,
25777626,0568000,LOUISVILLE METRO POLICE DEPT,Accepted,JEFFERSON,,1332,BLUEGRASS,AVE,,,,,LONSDALE,KY1865,TAYLOR,38.179484932,-85.785138681,0.750,10/14/2019 12:00:00 AM,0830,1,1,0,0,CLEAR,DRY,True,COLLISION WITH FIXED OBJECT NON - INTERSECTION - FIRST EVENT COLLISION 09 - 32 EXCLUDING 16,SINGLE VEHICLE,CURVE & LEVEL,DAYLIGHT,,,10/15/2019 8:35:12 AM,False,5266,Accepted,
25777651,0568000,LOUISVILLE METRO POLICE DEPT,Accepted,JEFFERSON,I 0065,,,,,,,,,,,38.119166645,-85.702206999,0.182,10/14/2019 12:00:00 AM,2237,1,1,0,0,CLEAR,DRY,False,COLLISION WITH FIXED OBJECT NON - INTERSECTION - FIRST EVENT COLLISION 09 - 32 EXCLUDING 16,SINGLE VEHICLE,CURVE & LEVEL,DARK-HWY LIGHTED/ON,,,10/15/2019 8:41:07 AM,False,7423,Accepted,
25774247,0568000,LOUISVILLE METRO POLICE DEPT,Accepted,JEFFERSON,I 0265,,I265 W,,,I 0065,I65 S EXIT10 RAMP TO I65 N,,,,,38.112986879,-85.693267416,10.699,10/14/2019 12:00:00 AM,0710,2,2,0,0,CLEAR,DRY,False,OTHER INTERSECTION COLLISIONS,REAR END,STRAIGHT & LEVEL,DARK-HWY LIGHTED/ON,,,10/14/2019 3:05:17 PM,False,2017,Accepted,
25774248,0568000,LOUISVILLE METRO POLICE DEPT,Accepted,JEFFERSON,KY1747,,FERN VALLEY,RD,,KY1747,KY1747 CROSSOVER,,,,,38.155967806,-85.654675316,4.251,10/14/2019 12:00:00 AM,0833,2,2,0,0,CLEAR,DRY,False,OTHER INTERSECTION COLLISIONS,REAR END,STRAIGHT & LEVEL,DAYLIGHT,,,10/14/2019 3:05:27 PM,False,2017,Accepted,
25777559,0568000,LOUISVILLE METRO POLICE DEPT,Accepted,JEFFERSON,KY1020,,NATIONAL,TPKE,,KY0907,SOUTHSIDE,,,,,38.152235464,-85.765191413,5.650,10/14/2019 12:00:00 AM,1451,2,2,0,0,CLEAR,DRY,False,OTHER INTERSECTION COLLISIONS,REAR END,STRAIGHT & GRADE,DAYLIGHT,,,10/15/2019 8:29:36 AM,False,7139,Accepted,
25777642,0568000,LOUISVILLE METRO POLICE DEPT,Accepted,JEFFERSON,,,GRIFFITHS,AVE,,US0150,22ND,,,,,38.264397411,-85.785328557,0.322,10/14/2019 12:00:00 AM,1802,2,2,0,0,CLEAR,DRY,False,SIDESWIPE-SAME DIRECTION,SIDESWIPE-SAME DIRECTION,STRAIGHT & LEVEL,DARK-HWY LIGHTED/ON,,,10/15/2019 8:38:20 AM,False,5223,Accepted,
25782899,0568000,LOUISVILLE METRO POLICE DEPT,Accepted,JEFFERSON,,,CHESTNUT,ST,E,,HANCOCK,,,,,38.247368335,-85.743206108,0.533,10/14/2019 12:00:00 AM,0845,2,2,0,0,CLEAR,DRY,False,SIDESWIPE-SAME DIRECTION,SIDESWIPE-SAME DIRECTION,STRAIGHT & LEVEL,DAYLIGHT,,,10/16/2019 8:27:53 AM,False,2403,Accepted,
25777591,0568000,LOUISVILLE METRO POLICE DEPT,Accepted,JEFFERSON,US0031E,,BARDSTOWN,RD,,,TREVILIAN,,,,,38.223003886,-85.684703472,13.126,10/14/2019 12:00:00 AM,1738,3,3,0,0,CLEAR,DRY,False,OTHER INTERSECTION COLLISIONS,REAR END,STRAIGHT & LEVEL,DAYLIGHT,,,10/15/2019 8:32:33 AM,False,5285,Accepted,
25787853,0568000,LOUISVILLE METRO POLICE DEPT,Accepted,JEFFERSON,US0060,,SHELBYVILLE,RD,,,SPREADING OAK,,,,,38.241449833,-85.496974131,12.375,10/14/2019 12:00:00 AM,0751,2,2,0,0,CLEAR,DRY,False,OTHER INTERSECTION COLLISIONS,REAR END,STRAIGHT & LEVEL,DAWN,,,10/17/2019 8:27:33 AM,False,7858,Accepted,
25787854,0568000,LOUISVILLE METRO POLICE DEPT,Accepted,JEFFERSON,,,MURPHY,LN,,KY1447,WESTPORT,,,,,38.302038404,-85.532565486,,10/14/2019 12:00:00 AM,1016,2,2,0,0,CLEAR,DRY,False,OTHER INTERSECTION COLLISIONS,REAR END,STRAIGHT & GRADE,DAYLIGHT,,,10/17/2019 8:27:42 AM,False,7858,Accepted,
25777649,0568000,LOUISVILLE METRO POLICE DEPT,Accepted,JEFFERSON,,,LEDGEWOOD,PKWY,,KY1931,MANSLICK,,,,,38.163219102,-85.797755997,0.005,10/14/2019 12:00:00 AM,2229,2,2,0,0,CLEAR,DRY,False,OTHER INTERSECTION COLLISIONS,REAR END,STRAIGHT & LEVEL,DARK-HWY NOT LIGHTED,,,10/15/2019 8:40:39 AM,True,7980,Accepted,
25777553,0568000,LOUISVILLE METRO POLICE DEPT,Accepted,JEFFERSON,,400 BLK,ST CATHERINE,ST,E,,,KY0061,JACKSON,KY0061,PRESTON,38.235449644,-85.748356883,0.925,10/14/2019 12:00:00 AM,0953,2,2,0,0,CLEAR,DRY,False,SIDESWIPE COLLISION - SAME DIRECTION,SIDESWIPE-SAME DIRECTION,CURVE & LEVEL,DAYLIGHT,,,10/15/2019 8:28:33 AM,False,5204,Accepted,
25794969,0568000,LOUISVILLE METRO POLICE DEPT,Accepted,JEFFERSON,I 0264,,I264 W,,,,,I 0264,I264 W EXIT18 ON RAMP FROM KY1932,I 0264,I264 W EXIT17B OFF RAMP TO KY155 N,38.226410334,-85.640487235,17.633,10/14/2019 12:00:00 AM,1616,2,2,0,0,CLEAR,DRY,True,SIDESWIPE COLLISION - SAME DIRECTION,SIDESWIPE-SAME DIRECTION,STRAIGHT & LEVEL,DAYLIGHT,,,10/18/2019 3:06:14 PM,False,7938,Accepted,
25777629,0568000,LOUISVILLE METRO POLICE DEPT,Accepted,JEFFERSON,,4000,ASHLAND,AVE,W,,,,,,,38.185098586,-85.763900301,0.090,10/14/2019 12:00:00 AM,1504,2,2,0,0,CLEAR,DRY,False,SIDESWIPE COLLISION - SAME DIRECTION,SIDESWIPE-SAME DIRECTION,STRAIGHT & LEVEL,DAYLIGHT,,,10/15/2019 8:35:20 AM,False,5266,Accepted,
25774268,0568000,LOUISVILLE METRO POLICE DEPT,Accepted,JEFFERSON,,,4TH,ST,S,,,US0060A,WINKLER,,M,38.210041040,-85.764710988,3.243,10/14/2019 12:00:00 AM,1338,2,2,0,0,CLEAR,DRY,True,SIDESWIPE COLLISION - SAME DIRECTION,SIDESWIPE-SAME DIRECTION,STRAIGHT & LEVEL,DAYLIGHT,,,10/14/2019 3:08:38 PM,False,7872,Accepted,
25782926,0568000,LOUISVILLE METRO POLICE DEPT,Accepted,JEFFERSON,KY2048,,CANNONS,LN,,,,,,,,38.249673614,-85.666784325,2.365,10/14/2019 12:00:00 AM,1550,2,2,0,0,CLEAR,DRY,False,SIDESWIPE COLLISION - SAME DIRECTION,SIDESWIPE-SAME DIRECTION,STRAIGHT & LEVEL,DAYLIGHT,,,10/16/2019 8:35:18 AM,False,7068,Accepted,
25949007,0568000,LOUISVILLE METRO POLICE DEPT,Accepted,JEFFERSON,KY1747,,HURSTBOURNE,PKWY,S,,,,HURSTBOURNE,,BUNSEN,38.218695502,-85.584240739,11.471,10/14/2019 12:00:00 AM,1128,2,2,0,0,CLEAR,DRY,False,SIDESWIPE COLLISION - SAME DIRECTION,SIDESWIPE-SAME DIRECTION,STRAIGHT & LEVEL,DAYLIGHT,,,11/20/2019 9:50:47 AM,False,7497,Accepted,
25774254,0568000,LOUISVILLE METRO POLICE DEPT,Accepted,JEFFERSON,,3302,AUTUMN,WAY,,,,,GOLDSMITH,,PROCTOR KNOTT,38.210440627,-85.663629344,0.050,10/14/2019 12:00:00 AM,0840,1,1,0,0,CLEAR,DRY,False,OTHER COLLISIONS ON SHOULDER,SINGLE VEHICLE,STRAIGHT & LEVEL,DAYLIGHT,,,10/14/2019 3:06:48 PM,False,5203,Accepted,
25824616,0568000,LOUISVILLE METRO POLICE DEPT,Accepted,JEFFERSON,I 0264,,I264 W,,,,,,,,,38.199480469,-85.701606629,13.799,10/14/2019 12:00:00 AM,1606,3,3,0,0,CLEAR,DRY,False,REAR END IN TRAFFIC LANES BOTH VEHICLES MOVING,REAR END,STRAIGHT & LEVEL,DAYLIGHT,,,10/25/2019 8:28:14 AM,False,7764,Accepted,
25777571,0568000,LOUISVILLE METRO POLICE DEPT,Accepted,JEFFERSON,,,GOLDSMITH,LN,,,,,,,,38.208597629,-85.668864727,1.063,10/14/2019 12:00:00 AM,1426,2,2,0,0,CLEAR,DRY,False,REAR END IN TRAFFIC LANES BOTH VEHICLES MOVING,REAR END,STRAIGHT & LEVEL,DAYLIGHT,,,10/15/2019 8:31:32 AM,False,7497,Accepted,
25777602,0568000,LOUISVILLE METRO POLICE DEPT,Accepted,JEFFERSON,KY1934,,CANE RUN,RD,,,,KY1727,TERRY,,LIONS ARMS,38.178063589,-85.862561883,7.144,10/14/2019 12:00:00 AM,1501,3,3,0,0,CLEAR,DRY,False,REAR END IN TRAFFIC LANES BOTH VEHICLES MOVING,REAR END,STRAIGHT & LEVEL,DAYLIGHT,,,10/15/2019 8:32:42 AM,False,5267,Accepted,
25774260,0568000,LOUISVILLE METRO POLICE DEPT,Accepted,JEFFERSON,,1900B,BUECHEL BANK,RD,,,,,,,,38.177980166,-85.649038241,1.002,10/14/2019 12:00:00 AM,1256,2,2,0,0,CLEAR,DRY,False,REAR END IN TRAFFIC LANES BOTH VEHICLES MOVING,REAR END,CURVE & LEVEL,DAYLIGHT,,,10/14/2019 3:07:53 PM,False,7739,Accepted,
25782901,0568000,LOUISVILLE METRO POLICE DEPT,Accepted,JEFFERSON,,,LIBERTY,ST,W,,,,4TH,,5TH,38.253196069,-85.758339627,0.543,10/14/2019 12:00:00 AM,1331,2,2,0,0,CLEAR,DRY,False,REAR END IN TRAFFIC LANES BOTH VEHICLES MOVING,REAR END,STRAIGHT & LEVEL,DAYLIGHT,,,10/16/2019 8:28:37 AM,False,2403,Accepted,
25774281,0568000,LOUISVILLE METRO POLICE DEPT,Accepted,JEFFERSON,I 0264,,I264 W,,,,,,,,,38.198219432,-85.703853039,13.624,10/14/2019 12:00:00 AM,1111,2,2,0,0,CLEAR,DRY,False,REAR END IN TRAFFIC LANES BOTH VEHICLES MOVING,REAR END,STRAIGHT & GRADE,DAYLIGHT,,,10/14/2019 3:09:39 PM,False,5168,Accepted,