IncidentID,AgencyORI,AgencyName,IncidentStatusDesc,County,RdwyNumber,Street,RoadwayName,StreetSfx,StreetDir,IntersectionRdwy,IntersectionRdwyName,BetweenStRdwy1,BetweenStRdwyName1,BetweenStRdwy2,BetweenStRdwyName2,Latitude,Longitude,Milepoint,CollisionDate,CollisionTime,UnitsInvolved,MotorVehiclesInvolved,NumberKilled,NumberInjured,Weather,RdwyConditionCode,HitandRun,DirAnalysisCode,MannerofCollision,RdwyCharacter,LightCondition,RampFromRdwyId,RampToRdwyId,AcceptedDate,IsSecondaryCollision,OwnerBadge,IncidentStatus,
25777609,0568000,LOUISVILLE METRO POLICE DEPT,Accepted,JEFFERSON,KY0061,,PRESTON,HWY,,,,,,,,38.156664336,-85.696761849,5.346,10/14/2019 12:00:00 AM,1518,2,2,0,0,CLEAR,DRY,False,REAR END IN TRAFFIC LANES BOTH VEHICLES MOVING,REAR END,STRAIGHT & LEVEL,DAYLIGHT,,,10/15/2019 8:33:11 AM,False,4693,Accepted,
25774255,0568000,LOUISVILLE METRO POLICE DEPT,Accepted,JEFFERSON,KY2054,1126,ALGONQUIN,PKWY,,,,,,,,38.215128082,-85.773754693,2.909,10/14/2019 12:00:00 AM,1119,2,2,0,1,CLEAR,DRY,False,REAR END IN TRAFFIC LANES BOTH VEHICLES MOVING,REAR END,STRAIGHT & LEVEL,DAYLIGHT,,,10/14/2019 3:07:02 PM,False,7433,Accepted,
25777640,0568000,LOUISVILLE METRO POLICE DEPT,Accepted,JEFFERSON,I 0264,,I264 W,,,,,I 0264,I264 W EXIT8A OFF RAMP TO US31W N,I 0264,I264 W EXIT9 ON RAMP FROM KY1865,38.186391918,-85.802663164,8.150,10/14/2019 12:00:00 AM,1740,2,2,0,0,CLEAR,DRY,False,REAR END IN TRAFFIC LANES BOTH VEHICLES MOVING,REAR END,STRAIGHT & LEVEL,DAYLIGHT,,,10/15/2019 8:37:38 AM,False,7422,Accepted,
25787961,0568000,LOUISVILLE METRO POLICE DEPT,Accepted,JEFFERSON,I 0064,,I64 W,,,,,,,,,38.252266866,-85.717599412,6.804,10/14/2019 12:00:00 AM,0730,2,2,0,0,CLEAR,DRY,False,REAR END IN TRAFFIC LANES BOTH VEHICLES MOVING,REAR END,CURVE & LEVEL,DAWN,,,10/17/2019 8:45:35 AM,False,5122,Accepted,
25824613,0568000,LOUISVILLE METRO POLICE DEPT,Accepted,JEFFERSON,I 0264,,I264 W,,,,,,,,,38.201008079,-85.695994605,14.120,10/14/2019 12:00:00 AM,1631,2,2,0,0,CLOUDY,DRY,False,REAR END IN TRAFFIC LANES BOTH VEHICLES MOVING,REAR END,STRAIGHT & LEVEL,DAYLIGHT,,,10/25/2019 8:28:06 AM,False,7764,Accepted,
25777620,0568000,LOUISVILLE METRO POLICE DEPT,Accepted,JEFFERSON,I 0071,,I71 N,,,,,,,,,38.274706989,-85.697446882,1.753,10/14/2019 12:00:00 AM,1447,1,1,0,0,CLEAR,DRY,False,OTHER ROADWAY OR MID-BLOCK COLLISION,SINGLE VEHICLE,STRAIGHT & LEVEL,DAYLIGHT,,,10/15/2019 8:34:24 AM,False,8278,Accepted,
25777578,0568000,LOUISVILLE METRO POLICE DEPT,Accepted,JEFFERSON,I 0065,,I264 E EXIT12 TRANSIT,,,,,,,,,38.189382818,-85.740393572,0.485,10/14/2019 12:00:00 AM,1631,2,2,0,0,CLEAR,DRY,False,OTHER ROADWAY OR MID-BLOCK COLLISION,REAR END,STRAIGHT & LEVEL,DAYLIGHT,,,10/15/2019 8:32:07 AM,False,7872,Accepted,
25777568,0568000,LOUISVILLE METRO POLICE DEPT,Accepted,JEFFERSON,I 0265,,I265 W,,,,,,,,,38.194269904,-85.508665585,23.476,10/14/2019 12:00:00 AM,1645,2,2,0,0,CLEAR,DRY,False,OTHER ROADWAY OR MID-BLOCK COLLISION,REAR END,STRAIGHT & LEVEL,DAYLIGHT,,,10/15/2019 8:31:14 AM,False,6953,Accepted,
25771939,0568000,LOUISVILLE METRO POLICE DEPT,Accepted,JEFFERSON,I 0265,,I265 E,,,,,I 0265,I265 E EXIT14 ON RAMP FROM  COOPER CHAPEL RD,I 0265,I265 E EXIT15 OFF RAMP TO KY864,38.121554888,-85.626491855,14.506,10/14/2019 12:00:00 AM,0042,1,1,0,0,CLEAR,DRY,False,OTHER ROADWAY OR MID-BLOCK COLLISION,SINGLE VEHICLE,STRAIGHT & LEVEL,DARK-HWY NOT LIGHTED,,,10/14/2019 8:58:11 AM,False,5141,Accepted,
25777635,0568000,LOUISVILLE METRO POLICE DEPT,Accepted,JEFFERSON,KY1932,,BRECKENRIDGE,LN,,,,,BERKSHIRE,KY0155,TAYLORSVILLE,38.221724918,-85.632010607,3.001,10/14/2019 12:00:00 AM,1413,2,2,0,0,CLEAR,DRY,False,VEHICLE BACKING NON INTERSECTION,BACKING,STRAIGHT & GRADE,DAYLIGHT,,,10/15/2019 8:36:40 AM,False,7482,Accepted,
25777614,0568000,LOUISVILLE METRO POLICE DEPT,Accepted,JEFFERSON,,,DIXIE,HWY,,,,,,,,38.228306121,-85.790537547,1.494,10/14/2019 12:00:00 AM,0830,2,2,0,0,CLEAR,DRY,False,SIDESWIPE COLLISION - SAME DIRECTION,SIDESWIPE-SAME DIRECTION,STRAIGHT & LEVEL,DAYLIGHT,,,10/15/2019 8:33:46 AM,False,5114,Accepted,
25777643,0568000,LOUISVILLE METRO POLICE DEPT,Accepted,JEFFERSON,,219,POPE,ST,,,,,EMBRY,US0042,BROWNSBORO,38.259012523,-85.715359492,0.063,10/14/2019 12:00:00 AM,2004,2,2,0,0,CLEAR,DRY,True,SIDESWIPE COLLISION - SAME DIRECTION,SIDESWIPE-SAME DIRECTION,STRAIGHT & LEVEL,DARK-HWY LIGHTED/ON,,,10/15/2019 8:38:29 AM,False,5188,Accepted,
25777650,0568000,LOUISVILLE METRO POLICE DEPT,Accepted,JEFFERSON,,,ROY WILKINS,AVE,,,,,ESQUIRE,,MAGAZINE,38.247998202,-85.766488360,0.668,10/14/2019 12:00:00 AM,2305,2,2,0,0,CLEAR,DRY,False,SIDESWIPE COLLISION - SAME DIRECTION,SIDESWIPE-SAME DIRECTION,STRAIGHT & LEVEL,DARK-HWY LIGHTED/ON,,,10/15/2019 8:40:55 AM,False,7111,Accepted,
25787876,0568000,LOUISVILLE METRO POLICE DEPT,Accepted,JEFFERSON,US0060,,SHELBYVILLE,RD,,,,,,,,38.249026662,-85.608918841,6.103,10/14/2019 12:00:00 AM,1402,2,2,0,0,CLEAR,DRY,False,SIDESWIPE COLLISION - SAME DIRECTION,SIDESWIPE-SAME DIRECTION,STRAIGHT & LEVEL,DAYLIGHT,,,10/17/2019 8:29:23 AM,False,7858,Accepted,
25777588,0568000,LOUISVILLE METRO POLICE DEPT,Accepted,JEFFERSON,US0150,,22ND,ST,N,,,,LYTLE,,BANK,38.267092641,-85.783247826,0.213,10/14/2019 12:00:00 AM,1707,2,2,0,0,CLEAR,DRY,True,1 VEHICLE ENTERING/LEAVING ENTRANCE,ANGLE,STRAIGHT & LEVEL,DAYLIGHT,,,10/15/2019 8:32:22 AM,False,7805,Accepted,
25777605,0568000,LOUISVILLE METRO POLICE DEPT,Accepted,JEFFERSON,,,NOLTEMEYER WYNDE,,,,,,,,,38.138967352,-85.680418519,0.057,10/14/2019 12:00:00 AM,1115,2,2,0,0,CLEAR,DRY,False,1 VEHICLE ENTERING/LEAVING ENTRANCE,ANGLE,STRAIGHT & LEVEL,DAYLIGHT,,,10/15/2019 8:32:59 AM,False,4693,Accepted,
25777637,0568000,LOUISVILLE METRO POLICE DEPT,Accepted,JEFFERSON,,,GOLDSMITH,LN,,,,US0031E,BARDSTOWN,,TRAFALGAR,38.208154964,-85.669482452,1.084,10/14/2019 12:00:00 AM,1547,2,2,0,0,CLEAR,DRY,False,1 VEHICLE ENTERING/LEAVING ENTRANCE,ANGLE,STRAIGHT & LEVEL,DAYLIGHT,,,10/15/2019 8:36:53 AM,False,7482,Accepted,
25777639,0568000,LOUISVILLE METRO POLICE DEPT,Accepted,JEFFERSON,,,LYNNHURST,AVE,,,,,WHITMORE,KY1865,TAYLOR,38.178594458,-85.784061577,0.127,10/14/2019 12:00:00 AM,0844,2,2,0,0,CLEAR,DRY,False,1 VEHICLE ENTERING/LEAVING ENTRANCE,ANGLE,STRAIGHT & LEVEL,DAYLIGHT,,,10/15/2019 8:37:12 AM,False,5232,Accepted,
25777563,0568000,LOUISVILLE METRO POLICE DEPT,Accepted,JEFFERSON,I 0064,,,,,,,,,,,38.258039817,-85.723683293,0.141,10/14/2019 12:00:00 AM,1616,2,2,0,0,CLEAR,DRY,False,OTHER RAMP RELATED COLLISIONS NOT LISTED ABOVE,REAR END,CURVE & GRADE,DAYLIGHT,I 0064,STORY AVE,10/15/2019 8:30:23 AM,False,6907,Accepted,
25774257,0568000,LOUISVILLE METRO POLICE DEPT,Accepted,JEFFERSON,I 0064,,,,,,,,,,,38.225760018,-85.587102181,0.265,10/14/2019 12:00:00 AM,0518,1,1,0,0,CLEAR,DRY,False,COLLISION WITH FIXED OBJECT NOT IN GORE ,SINGLE VEHICLE,STRAIGHT & LEVEL,DARK-HWY LIGHTED/ON,I 0064,KY1747,10/14/2019 3:07:24 PM,False,7633,Accepted,
25777732,0568000,LOUISVILLE METRO POLICE DEPT,Accepted,JEFFERSON,KY0841,,,,,,,,,,,38.103670711,-85.818849978,0.020,10/14/2019 12:00:00 AM,1215,1,1,0,0,CLEAR,DRY,False,COLLISION WITH FIXED OBJECT NOT IN GORE ,SINGLE VEHICLE,STRAIGHT & LEVEL,DAYLIGHT,KY0841,STONESTREET RD,10/15/2019 8:54:24 AM,False,5250,Accepted,
25777668,0568000,LOUISVILLE METRO POLICE DEPT,Accepted,JEFFERSON,I 0264,,,,,,,,,,,38.201315806,-85.687755673,0.286,10/14/2019 12:00:00 AM,1830,2,2,0,0,CLEAR,DRY,True,OTHER RAMP RELATED COLLISIONS NOT LISTED ABOVE,REAR END,CURVE & HILLCREST,DUSK,I 0264,KY1703,10/15/2019 8:44:25 AM,False,7916,Accepted,
25777615,0568000,LOUISVILLE METRO POLICE DEPT,Accepted,JEFFERSON,I 0064,,,,,,,,,,,38.257884434,-85.723675834,0.152,10/14/2019 12:00:00 AM,1201,2,2,0,0,CLEAR,DRY,True,OTHER RAMP RELATED COLLISIONS NOT LISTED ABOVE,REAR END,CURVE & GRADE,DAYLIGHT,I 0064,STORY AVE,10/15/2019 8:34:00 AM,False,8278,Accepted,
25777566,0568000,LOUISVILLE METRO POLICE DEPT,Accepted,JEFFERSON,I 0065,,,,,,,,,,,38.113933496,-85.703714791,0.429,10/14/2019 12:00:00 AM,1540,2,2,0,0,CLEAR,DRY,False,OTHER RAMP RELATED COLLISIONS NOT LISTED ABOVE,HEAD ON,CURVE & LEVEL,DAYLIGHT,I 0065,I 0065,10/15/2019 8:30:55 AM,False,7830,Accepted,
25777582,0568000,LOUISVILLE METRO POLICE DEPT,Accepted,JEFFERSON,I 0064,,,,,,,,,,,38.258528251,-85.743167266,0.104,10/14/2019 12:00:00 AM,1720,2,2,0,0,CLEAR,DRY,False,OTHER RAMP RELATED COLLISIONS NOT LISTED ABOVE,REAR END,CURVE & GRADE,DAYLIGHT,I 0064,I 0065,10/15/2019 8:32:12 AM,False,2855,Accepted,
25777616,0568000,LOUISVILLE METRO POLICE DEPT,Accepted,JEFFERSON,US0042,,STORY,AVE,,,,,,,,38.257844429,-85.723725234,0.532,10/14/2019 12:00:00 AM,1201,2,2,0,0,CLEAR,DRY,True,OTHER ROADWAY OR MID-BLOCK COLLISION,REAR END,STRAIGHT & LEVEL,DAYLIGHT,,,10/15/2019 8:34:08 AM,False,8278,Accepted,
25782931,0568000,LOUISVILLE METRO POLICE DEPT,Accepted,JEFFERSON,US0031W,,DIXIE,HWY,,,,,,,,38.171138074,-85.826536313,13.511,10/14/2019 12:00:00 AM,1603,2,2,0,0,CLEAR,DRY,False,OTHER ROADWAY OR MID-BLOCK COLLISION,OPPOSING LEFT TURN,STRAIGHT & LEVEL,DAYLIGHT,,,10/16/2019 8:35:58 AM,False,5250,Accepted,
25782982,0568000,LOUISVILLE METRO POLICE DEPT,Accepted,JEFFERSON,KY1865,,TAYLOR,BLVD,,,,,,,,38.188722590,-85.783473522,5.680,10/14/2019 12:00:00 AM,1647,2,2,0,0,CLEAR,DRY,False,OTHER ROADWAY OR MID-BLOCK COLLISION,REAR END,STRAIGHT & LEVEL,DAYLIGHT,,,10/16/2019 8:43:34 AM,False,2745,Accepted,
25771894,0568000,LOUISVILLE METRO POLICE DEPT,Accepted,JEFFERSON,,4107,MARKET,ST,W,,,,,,,38.262781879,-85.816031156,1.632,10/13/2019 12:00:00 AM,0916,1,1,0,1,CLEAR,DRY,False,OTHER ROADWAY OR MID-BLOCK COLLISION,SINGLE VEHICLE,STRAIGHT & LEVEL,DAYLIGHT,,,10/14/2019 8:57:27 AM,False,7329,Accepted,
25771921,0568000,LOUISVILLE METRO POLICE DEPT,Accepted,JEFFERSON,,5200,BLEVINS GAP,RD,,,,,,,,38.098088568,-85.816494762,5.117,10/13/2019 12:00:00 AM,2149,2,2,0,0,CLEAR,DRY,True,SIDESWIPE COLLISION - OPPOSITE DIRECTION,SIDESWIPE-OPPOSITE DIRECTION,STRAIGHT & LEVEL,DARK-HWY LIGHTED/OFF,,,10/14/2019 8:57:53 AM,False,7277,Accepted,
25771871,0568000,LOUISVILLE METRO POLICE DEPT,Accepted,JEFFERSON,US0060,,SHELBYVILLE,RD,,,,,BECKLEY WOODS,,SPREADING OAK,38.241511730,-85.497720042,12.333,10/13/2019 12:00:00 AM,1628,2,2,0,0,CLEAR,DRY,False,OTHER ROADWAY OR MID-BLOCK COLLISION,REAR END,STRAIGHT & HILLCREST,DAYLIGHT,,,10/14/2019 8:56:59 AM,False,7751,Accepted,
25771940,0568000,LOUISVILLE METRO POLICE DEPT,Accepted,JEFFERSON,KY0907,7919,3RD ST,RD,,,,,,,,38.129744119,-85.793073712,4.835,10/13/2019 12:00:00 AM,0349,1,1,0,2,CLEAR,DRY,False,OTHER ROADWAY OR MID-BLOCK COLLISION,SINGLE VEHICLE,STRAIGHT & LEVEL,DARK-HWY LIGHTED/ON,,,10/14/2019 8:58:14 AM,False,7332,Accepted,
25771842,0568000,LOUISVILLE METRO POLICE DEPT,Accepted,JEFFERSON,,,DALE ANN,DR,,,,,,,,38.208910441,-85.629475635,0.425,10/13/2019 12:00:00 AM,1347,2,2,0,0,CLEAR,DRY,True,VEHICLE BACKING NON INTERSECTION,BACKING,STRAIGHT & LEVEL,DAYLIGHT,,,10/14/2019 8:55:31 AM,False,5119,Accepted,
25771891,0568000,LOUISVILLE METRO POLICE DEPT,Accepted,JEFFERSON,KY0864,4239,POPLAR LEVEL,RD,,,,,,,,38.197056450,-85.707824262,11.423,10/13/2019 12:00:00 AM,1844,2,2,0,0,CLEAR,DRY,False,1 VEHICLE ENTERING/LEAVING ENTRANCE,ANGLE,STRAIGHT & LEVEL,DARK-HWY LIGHTED/ON,,,10/14/2019 8:57:23 AM,False,7359,Accepted,
25771959,0568000,LOUISVILLE METRO POLICE DEPT,Accepted,JEFFERSON,I 0264,,I264 E,,,,,,,,,38.186148500,-85.800983736,8.142,10/13/2019 12:00:00 AM,0025,2,2,0,0,CLEAR,DRY,False,REAR END IN TRAFFIC LANES BOTH VEHICLES MOVING,REAR END,STRAIGHT & LEVEL,DARK-HWY LIGHTED/ON,,,10/14/2019 8:59:40 AM,True,5052,Accepted,
25771867,0568000,LOUISVILLE METRO POLICE DEPT,Accepted,JEFFERSON,KY0022,,BROWNSBORO,RD,,,,,HAYWARD,KY0022C,SEMINARY,38.288415376,-85.621029570,0.928,10/13/2019 12:00:00 AM,1320,2,2,0,0,CLEAR,DRY,False,REAR END IN TRAFFIC LANES BOTH VEHICLES MOVING,REAR END,STRAIGHT & LEVEL,DAYLIGHT,,,10/14/2019 8:56:55 AM,False,7751,Accepted,
25784458,0568000,LOUISVILLE METRO POLICE DEPT,Accepted,JEFFERSON,,1244,4TH,ST,S,,,,,,,38.232970909,-85.760699797,1.647,10/13/2019 12:00:00 AM,0600,2,2,0,0,CLEAR,DRY,True,1 VEHICLE PARKED POSITION (NOT PARKING LOT/DRIVEWAY),REAR END,STRAIGHT & LEVEL,DARK-HWY NOT LIGHTED,,,10/16/2019 2:10:26 PM,False,7296,Accepted,
25771841,0568000,LOUISVILLE METRO POLICE DEPT,Accepted,JEFFERSON,,,BURNETT,AVE,W,,,KY1020,2ND,KY1020,3RD,38.227027291,-85.759082314,0.130,10/13/2019 12:00:00 AM,1321,2,2,0,0,CLEAR,DRY,True,1 VEHICLE PARKED POSITION (NOT PARKING LOT/DRIVEWAY),SIDESWIPE-SAME DIRECTION,STRAIGHT & LEVEL,DAYLIGHT,,,10/14/2019 8:55:28 AM,False,7619,Accepted,
25771858,0568000,LOUISVILLE METRO POLICE DEPT,Accepted,JEFFERSON,,,MAIN,ST,W,,,,26TH,,28TH,38.260991809,-85.795661445,0.514,10/13/2019 12:00:00 AM,0305,1,1,0,0,CLEAR,DRY,True,1 VEHICLE PARKED POSITION (NOT PARKING LOT/DRIVEWAY),SINGLE VEHICLE,STRAIGHT & LEVEL,DAYLIGHT,,,10/14/2019 8:56:43 AM,False,5276,Accepted,
25793377,0568000,LOUISVILLE METRO POLICE DEPT,Accepted,JEFFERSON,,7106,SUNNY VALE,WAY,,,,,,,,38.113643667,-85.889823790,0.121,10/13/2019 12:00:00 AM,2257,2,2,0,0,CLEAR,DRY,True,1 VEHICLE PARKED POSITION (NOT PARKING LOT/DRIVEWAY),ANGLE,STRAIGHT & LEVEL,DARK-HWY NOT LIGHTED,,,10/18/2019 9:12:08 AM,False,2311,Accepted,
25771879,0568000,LOUISVILLE METRO POLICE DEPT,Accepted,JEFFERSON,I 0265,,I265 W,,,,,I 0065,I65 S EXIT10 RAMP TO I65 N,I 0065,I65 S EXIT10 RAMP TO I65,38.113496618,-85.695183493,10.609,10/13/2019 12:00:00 AM,1719,2,2,0,2,CLEAR,DRY,False,REAR END IN TRAFFIC LANES BOTH VEHICLES MOVING,REAR END,STRAIGHT & LEVEL,DAYLIGHT,,,10/14/2019 8:57:07 AM,False,5284,Accepted,
25771855,0568000,LOUISVILLE METRO POLICE DEPT,Accepted,JEFFERSON,I 0264,,I264 E,,,,,,,,,38.189489707,-85.741713551,11.416,10/13/2019 12:00:00 AM,1014,2,2,0,0,CLEAR,DRY,False,REAR END IN TRAFFIC LANES BOTH VEHICLES MOVING,REAR END,STRAIGHT & LEVEL,DAYLIGHT,,,10/14/2019 8:56:32 AM,False,7898,Accepted,
25787890,0568000,LOUISVILLE METRO POLICE DEPT,Accepted,JEFFERSON,KY1934,3905,CANE RUN,RD,,,,,,,,38.210375824,-85.823577524,10.330,10/13/2019 12:00:00 AM,1630,2,2,0,0,CLEAR,DRY,False,REAR END IN TRAFFIC LANES BOTH VEHICLES MOVING,REAR END,STRAIGHT & LEVEL,DAYLIGHT,,,10/17/2019 8:35:14 AM,False,5002,Accepted,
25771825,0568000,LOUISVILLE METRO POLICE DEPT,Accepted,JEFFERSON,I 0265,,I265 E,,,,,,,,,38.132125716,-85.600790518,16.119,10/13/2019 12:00:00 AM,0043,1,1,0,0,CLEAR,DRY,False,OTHER COLLISIONS ON SHOULDER,SINGLE VEHICLE,STRAIGHT & LEVEL,DARK-HWY NOT LIGHTED,,,10/14/2019 8:54:18 AM,False,7106,Accepted,
25771929,0568000,LOUISVILLE METRO POLICE DEPT,Accepted,JEFFERSON,KY1447,,WESTPORT,RD,,,,,SPRINGHURST,,ASSEMBLY,38.292731018,-85.561460795,5.889,10/13/2019 12:00:00 AM,2119,2,2,0,0,CLEAR,DRY,True,SIDESWIPE COLLISION - SAME DIRECTION,SIDESWIPE-SAME DIRECTION,,,,,10/14/2019 8:57:57 AM,False,5228,Accepted,
25771883,0568000,LOUISVILLE METRO POLICE DEPT,Accepted,JEFFERSON,KY2054,,ALGONQUIN,PKWY,,,7TH,,,,,38.220089735,-85.777440993,2.515,10/13/2019 12:00:00 AM,1750,2,2,0,0,CLEAR,DRY,False,OTHER INTERSECTION COLLISIONS,REAR END,STRAIGHT & LEVEL,DUSK,,,10/14/2019 8:57:11 AM,False,5292,Accepted,
25771859,0568000,LOUISVILLE METRO POLICE DEPT,Accepted,JEFFERSON,,,WARNOCK,ST,,,FLOYD,,,,,38.214604458,-85.755200494,0.356,10/13/2019 12:00:00 AM,1243,2,2,0,0,CLEAR,DRY,False,OTHER INTERSECTION COLLISIONS,REAR END,STRAIGHT & LEVEL,DAYLIGHT,,,10/14/2019 8:56:46 AM,False,5240,Accepted,
25771899,0568000,LOUISVILLE METRO POLICE DEPT,Accepted,JEFFERSON,KY2052,,SHEPHERDSVILLE,RD,,,WHISPERING HILLS,,,,,38.148632146,-85.659934057,0.691,10/13/2019 12:00:00 AM,0508,2,2,0,0,CLEAR,DRY,False,OTHER INTERSECTION COLLISIONS,REAR END,STRAIGHT & GRADE,DARK-HWY LIGHTED/ON,,,10/14/2019 8:57:37 AM,False,7120,Accepted,
25771960,0568000,LOUISVILLE METRO POLICE DEPT,Accepted,JEFFERSON,,,4TH,ST,S,,MONTANA,,,,,38.211626725,-85.764439622,3.132,10/13/2019 12:00:00 AM,2041,2,2,0,0,CLEAR,DRY,False,SIDESWIPE-SAME DIRECTION,SIDESWIPE-SAME DIRECTION,STRAIGHT & LEVEL,DARK-HWY LIGHTED/ON,,,10/14/2019 8:59:44 AM,False,5052,Accepted,
25866174,0568000,LOUISVILLE METRO POLICE DEPT,Accepted,JEFFERSON,KY1065,,OUTER,LOOP,,,JEFFERSON,,,,,38.138071610,-85.675136436,6.692,10/13/2019 12:00:00 AM,1910,2,2,0,0,CLEAR,DRY,False,OTHER INTERSECTION COLLISIONS,REAR END,STRAIGHT & LEVEL,DUSK,,,11/1/2019 8:51:03 AM,False,7915,Accepted,
25782729,0566900,LOUISVILLE AIRPORT POLICE,Accepted,JEFFERSON,,600,TERMINAL,DR,,,,,,,,38.185930761,-85.745795228,0.069,10/13/2019 12:00:00 AM,0547,1,1,0,0,CLEAR,DRY,False,COLLISION WITH FIXED OBJECT NON - INTERSECTION - FIRST EVENT COLLISION 09 - 32 EXCLUDING 16,SINGLE VEHICLE,CURVE & GRADE,DARK-HWY LIGHTED/ON,,,10/16/2019 7:28:30 AM,False,5875,Accepted,
25771860,0568000,LOUISVILLE METRO POLICE DEPT,Accepted,JEFFERSON,I 0264,,I264 E,,,,,,,,,38.189576195,-85.740202570,11.498,10/13/2019 12:00:00 AM,1520,1,1,0,0,CLEAR,DRY,False,COLLISION WITH FIXED OBJECT NON - INTERSECTION - FIRST EVENT COLLISION 09 - 32 EXCLUDING 16,SINGLE VEHICLE,STRAIGHT & LEVEL,DAYLIGHT,,,10/14/2019 8:56:49 AM,False,5263,Accepted,
25771856,0568000,LOUISVILLE METRO POLICE DEPT,Accepted,JEFFERSON,,1322,SALE,AVE,,,,,,,,38.197474875,-85.783454841,0.349,10/13/2019 12:00:00 AM,1700,2,2,0,0,CLEAR,DRY,False,1 VEHICLE PARKED POSITION (NOT PARKING LOT/DRIVEWAY),REAR END,STRAIGHT & LEVEL,DAYLIGHT,,,10/14/2019 8:56:36 AM,False,7360,Accepted,
25771846,0568000,LOUISVILLE METRO POLICE DEPT,Accepted,JEFFERSON,,,FERN VALLEY,WAY,,,,,FERN VALLEY,KY1747,FERN VALLEY,38.157304669,-85.664700035,0.264,10/13/2019 12:00:00 AM,1501,2,2,0,0,CLEAR,DRY,True,1 VEHICLE PARKED POSITION (NOT PARKING LOT/DRIVEWAY),BACKING,STRAIGHT & LEVEL,DAYLIGHT,,,10/14/2019 8:55:47 AM,False,5284,Accepted,
25771851,0568000,LOUISVILLE METRO POLICE DEPT,Accepted,JEFFERSON,KY1931,6400,GREENWOOD,RD,,,,,,,,38.144718420,-85.871811272,1.382,10/13/2019 12:00:00 AM,0846,2,1,0,1,CLEAR,DRY,False,COLLISION WITH PEDESTRIAN NON - INTERSECTION,SINGLE VEHICLE,STRAIGHT & LEVEL,DAYLIGHT,,,10/14/2019 8:56:10 AM,False,7177,Accepted,
25771838,0568000,LOUISVILLE METRO POLICE DEPT,Accepted,JEFFERSON,KY0155,,TAYLORSVILLE,RD,,KY0913,BLANKENBAKER,,,,,38.187286390,-85.548057786,8.236,10/13/2019 12:00:00 AM,1223,2,2,0,0,CLEAR,DRY,False,OTHER INTERSECTION COLLISIONS,REAR END,STRAIGHT & GRADE,DAYLIGHT,,,10/14/2019 8:55:18 AM,False,5295,Accepted,
25783049,0568000,LOUISVILLE METRO POLICE DEPT,Accepted,JEFFERSON,,,MUHAMMAD ALI,BLVD,W,,29TH,,,,,38.255717378,-85.798874660,2.546,10/13/2019 12:00:00 AM,1619,2,2,0,1,CLEAR,DRY,False,ANGLE COLLISION - OTHER,ANGLE,STRAIGHT & LEVEL,DAYLIGHT,,,10/16/2019 8:52:01 AM,False,7241,Accepted,
25771834,0568000,LOUISVILLE METRO POLICE DEPT,Accepted,JEFFERSON,,,DENISE,DR,,,LOIS,,,,,38.124542291,-85.664358530,0.433,10/13/2019 12:00:00 AM,0837,2,2,0,0,CLEAR,DRY,False,ANGLE COLLISION - OTHER,ANGLE,STRAIGHT & LEVEL,DAWN,,,10/14/2019 8:54:56 AM,False,5259,Accepted,
25771935,0568000,LOUISVILLE METRO POLICE DEPT,Accepted,JEFFERSON,KY2052,,SHEPHERDSVILLE,RD,,,SAXON,,,,,38.144579789,-85.660138010,0.405,10/13/2019 12:00:00 AM,2335,2,2,0,0,CLEAR,DRY,False,ANGLE COLLISION - OTHER,ANGLE,STRAIGHT & HILLCREST,DARK-HWY NOT LIGHTED,,,10/14/2019 8:58:03 AM,False,7120,Accepted,
25771852,0568000,LOUISVILLE METRO POLICE DEPT,Accepted,JEFFERSON,KY0061,,PRESTON,HWY,,,PINECROFT,,,,,38.134456217,-85.684533640,3.664,10/13/2019 12:00:00 AM,1700,2,2,0,0,CLEAR,DRY,False,ANGLE COLLISION - OTHER,ANGLE,STRAIGHT & LEVEL,DAYLIGHT,,,10/14/2019 8:56:18 AM,False,7486,Accepted,
25771853,0568000,LOUISVILLE METRO POLICE DEPT,Accepted,JEFFERSON,KY0864,,LOGAN,ST,,,KENTUCKY,,,,,38.236594174,-85.739391273,14.856,10/13/2019 12:00:00 AM,1430,2,2,0,0,CLEAR,DRY,False,SIDESWIPE-SAME DIRECTION,SIDESWIPE-SAME DIRECTION,STRAIGHT & LEVEL,DAYLIGHT,,,10/14/2019 8:56:24 AM,False,5245,Accepted,
25771943,0568000,LOUISVILLE METRO POLICE DEPT,Accepted,JEFFERSON,,,BLUEGRASS,AVE,,KY1865,TAYLOR,,,,,38.179576919,-85.783250266,0.851,10/13/2019 12:00:00 AM,2330,2,2,0,0,CLEAR,DRY,False,OPPOSITE DIRECTION - BOTH VEHICLES GOING STRAIGHT AHEAD,SIDESWIPE-OPPOSITE DIRECTION,STRAIGHT & LEVEL,DARK (UNKNOWN ROADWAY LIGHTING),,,10/14/2019 8:58:25 AM,False,5038,Accepted,
25771843,0568000,LOUISVILLE METRO POLICE DEPT,Accepted,JEFFERSON,US0031E,,BARDSTOWN,RD,,,FAIRGROUND,,,,,38.162943467,-85.595991121,6.591,10/13/2019 12:00:00 AM,1354,2,2,0,2,CLEAR,DRY,False,OPPOSING LEFT TURN,OPPOSING LEFT TURN,STRAIGHT & LEVEL,DAYLIGHT,,,10/14/2019 8:55:35 AM,False,5295,Accepted,