IncidentID,AgencyORI,AgencyName,IncidentStatusDesc,County,RdwyNumber,Street,RoadwayName,StreetSfx,StreetDir,IntersectionRdwy,IntersectionRdwyName,BetweenStRdwy1,BetweenStRdwyName1,BetweenStRdwy2,BetweenStRdwyName2,Latitude,Longitude,Milepoint,CollisionDate,CollisionTime,UnitsInvolved,MotorVehiclesInvolved,NumberKilled,NumberInjured,Weather,RdwyConditionCode,HitandRun,DirAnalysisCode,MannerofCollision,RdwyCharacter,LightCondition,RampFromRdwyId,RampToRdwyId,AcceptedDate,IsSecondaryCollision,OwnerBadge,IncidentStatus,
25793367,0568000,LOUISVILLE METRO POLICE DEPT,Accepted,JEFFERSON,KY1865,,NEW CUT,RD,,,WILDERNESS,,,,,38.153913497,-85.777096079,3.237,10/13/2019 12:00:00 AM,2035,2,2,1,3,CLOUDY,DRY,False,OPPOSING LEFT TURN,OPPOSING LEFT TURN,STRAIGHT & LEVEL,DARK-HWY NOT LIGHTED,,,10/18/2019 9:09:54 AM,False,7851,Accepted,
25787964,0568000,LOUISVILLE METRO POLICE DEPT,Accepted,JEFFERSON,,,GOLDSMITH,LN,,,MEADOW,,,,,38.210548033,-85.654353565,0.432,10/13/2019 12:00:00 AM,2052,2,2,0,1,CLEAR,DRY,False,ANGLE COLLISION - OTHER,ANGLE,STRAIGHT & LEVEL,DARK-HWY LIGHTED/ON,,,10/17/2019 8:46:08 AM,False,7200,Accepted,
25787950,0568000,LOUISVILLE METRO POLICE DEPT,Accepted,JEFFERSON,KY0061,,JACKSON,ST,S,,ST CATHERINE,,,,,38.235300017,-85.747286895,11.614,10/13/2019 12:00:00 AM,1958,2,2,0,0,CLEAR,DRY,False,ANGLE COLLISION - OTHER,ANGLE,STRAIGHT & LEVEL,DARK-HWY LIGHTED/ON,,,10/17/2019 8:44:45 AM,False,5022,Accepted,
25771845,0568000,LOUISVILLE METRO POLICE DEPT,Accepted,JEFFERSON,KY0061,,PRESTON,HWY,,,TRIO,,,,,38.129889343,-85.682052291,3.323,10/13/2019 12:00:00 AM,1530,2,2,0,0,CLEAR,DRY,False,ANGLE COLLISION - OTHER,ANGLE,STRAIGHT & LEVEL,DAYLIGHT,,,10/14/2019 8:55:44 AM,False,7486,Accepted,
25771903,0568000,LOUISVILLE METRO POLICE DEPT,Accepted,JEFFERSON,KY1747,,HURSTBOURNE,PKWY,,,HAMES,,,,,38.166750330,-85.606603793,7.315,10/13/2019 12:00:00 AM,2035,2,2,0,0,CLEAR,DRY,False,ANGLE COLLISION - OTHER,ANGLE,STRAIGHT & LEVEL,DARK-HWY NOT LIGHTED,,,10/14/2019 8:57:45 AM,False,7120,Accepted,
26448937,0568000,LOUISVILLE METRO POLICE DEPT,Accepted,JEFFERSON,KY1020,,2ND,ST,S,,OAK,,,,,38.235138225,-85.756950095,11.396,10/13/2019 12:00:00 AM,2115,2,2,0,0,CLEAR,DRY,False,ANGLE COLLISION - OTHER,ANGLE,STRAIGHT & GRADE,DARK-HWY LIGHTED/OFF,,,3/2/2020 8:51:43 AM,False,5166,Accepted,
25771832,0568000,LOUISVILLE METRO POLICE DEPT,Accepted,JEFFERSON,,,BERRY,BLVD,,,PEACHTREE,,,,,38.196146127,-85.780918573,0.113,10/13/2019 12:00:00 AM,0449,1,1,0,0,CLEAR,DRY,False,COLLISION WITH FIXED OBJECT IN INTERSECTION - FIRST EVENT COLLISION 09 - 32,SINGLE VEHICLE,STRAIGHT & LEVEL,DARK-HWY LIGHTED/ON,,,10/14/2019 8:54:42 AM,False,7435,Accepted,
25771896,0568000,LOUISVILLE METRO POLICE DEPT,Accepted,JEFFERSON,,,26TH,ST,S,,HALE,,,,,38.238784588,-85.796081352,1.507,10/13/2019 12:00:00 AM,1810,2,1,0,1,CLEAR,DRY,False,COLLISION WITH PEDESTRIAN IN INTERSECTION,SINGLE VEHICLE,STRAIGHT & LEVEL,DAYLIGHT,,,10/14/2019 8:57:30 AM,False,5151,Accepted,
25771857,0568000,LOUISVILLE METRO POLICE DEPT,Accepted,JEFFERSON,KY0061,,PRESTON,ST,S,,LYNN,,,,,38.217651160,-85.745960590,10.470,10/13/2019 12:00:00 AM,1750,2,2,0,0,CLEAR,DRY,True,COLLISION WITH PARKED VEHICLE,REAR END,STRAIGHT & LEVEL,DAYLIGHT,,,10/14/2019 8:56:40 AM,False,5273,Accepted,
25771941,0568000,LOUISVILLE METRO POLICE DEPT,Accepted,JEFFERSON,KY0864,,POPLAR LEVEL,RD,,,SHEILA,,,,,38.159096439,-85.664745185,7.695,10/13/2019 12:00:00 AM,1901,2,2,0,0,CLEAR,DRY,False,COLLISION WITH PARKED VEHICLE,REAR END,STRAIGHT & LEVEL,DAWN,,,10/14/2019 8:58:18 AM,False,5265,Accepted,
25771734,0568000,LOUISVILLE METRO POLICE DEPT,Accepted,JEFFERSON,KY2860,,GRINSTEAD,DR,,,GLENMARY,,,,,38.243284528,-85.708319747,0.800,10/12/2019 12:00:00 AM,0140,1,1,0,1,CLEAR,WET,False,COLLISION WITH FIXED OBJECT IN INTERSECTION - FIRST EVENT COLLISION 09 - 32,SINGLE VEHICLE,CURVE & GRADE,DARK-HWY NOT LIGHTED,,,10/14/2019 8:50:01 AM,False,5152,Accepted,
25771772,0568000,LOUISVILLE METRO POLICE DEPT,Accepted,JEFFERSON,,,BURNETT,AVE,E,,TEXAS,,,,,38.221721862,-85.737505135,1.143,10/12/2019 12:00:00 AM,0742,2,1,0,1,CLEAR,DRY,False,COLLISION WITH BICYCLE IN INTERSECTION,SINGLE VEHICLE,STRAIGHT & LEVEL,DAYLIGHT,,,10/14/2019 8:52:16 AM,False,5240,Accepted,
25771821,0568000,LOUISVILLE METRO POLICE DEPT,Accepted,JEFFERSON,KY0864,,POPLAR LEVEL,RD,,,SHADY VILLA,,,,,38.163130902,-85.678756539,8.547,10/12/2019 12:00:00 AM,2150,2,2,0,1,CLEAR,DRY,False,ANGLE COLLISION - OTHER,ANGLE,STRAIGHT & LEVEL,DARK-HWY LIGHTED/ON,,,10/14/2019 8:54:02 AM,False,5144,Accepted,
25771762,0568000,LOUISVILLE METRO POLICE DEPT,Accepted,JEFFERSON,KY0155,,TAYLORSVILLE,RD,,,YORKSHIRE,,,,,38.219894324,-85.627991283,13.432,10/12/2019 12:00:00 AM,1019,2,2,0,0,CLEAR,DRY,False,ANGLE COLLISION - OTHER,ANGLE,STRAIGHT & LEVEL,DAYLIGHT,,,10/14/2019 8:52:07 AM,False,7366,Accepted,
25771730,0568000,LOUISVILLE METRO POLICE DEPT,Accepted,JEFFERSON,KY0061,,PRESTON,HWY,,,INDIAN,,,,,38.168743011,-85.706575389,6.338,10/12/2019 12:00:00 AM,0512,2,2,0,0,CLEAR,DRY,False,ANGLE COLLISION - OTHER,ANGLE,STRAIGHT & LEVEL,DARK-HWY LIGHTED/ON,,,10/14/2019 8:49:43 AM,False,5144,Accepted,
25771755,0568000,LOUISVILLE METRO POLICE DEPT,Accepted,JEFFERSON,KY1450,,BLUE LICK,RD,,,FOREMAN,,,,,38.129296476,-85.689438985,3.081,10/12/2019 12:00:00 AM,1007,2,2,0,2,CLEAR,DRY,False,ANGLE COLLISION - OTHER,ANGLE,STRAIGHT & LEVEL,DAYLIGHT,,,10/14/2019 8:51:58 AM,False,2324,Accepted,
25771739,0568000,LOUISVILLE METRO POLICE DEPT,Accepted,JEFFERSON,,,WHITNEY,AVE,W,,CLIFF,,,,,38.193886828,-85.774807118,0.452,10/12/2019 12:00:00 AM,0806,2,2,0,0,CLEAR,DRY,False,ANGLE COLLISION - OTHER,ANGLE,STRAIGHT & LEVEL,DAWN,,,10/14/2019 8:50:28 AM,False,7977,Accepted,
25787892,0568000,LOUISVILLE METRO POLICE DEPT,Accepted,JEFFERSON,US0150,,BROADWAY,,W,,12TH ST CONN,,,,,38.247594344,-85.771624274,1.650,10/12/2019 12:00:00 AM,1224,2,2,0,1,CLEAR,DRY,False,ANGLE COLLISION - OTHER,ANGLE,STRAIGHT & LEVEL,DAYLIGHT,,,10/17/2019 8:35:52 AM,False,2854,Accepted,
25771829,0568000,LOUISVILLE METRO POLICE DEPT,Accepted,JEFFERSON,US0150,,BROADWAY,,W,,1ST,,,,,38.245742303,-85.753608820,2.643,10/12/2019 12:00:00 AM,2209,2,2,0,1,CLEAR,DRY,True,OPPOSITE DIRECTION - BOTH VEHICLES GOING STRAIGHT AHEAD,SIDESWIPE-OPPOSITE DIRECTION,STRAIGHT & LEVEL,DARK-HWY LIGHTED/ON,,,10/14/2019 8:54:34 AM,False,5172,Accepted,
25771945,0568000,LOUISVILLE METRO POLICE DEPT,Accepted,JEFFERSON,US0031E,,BARDSTOWN,RD,,US0031E,US31E CROSSOVER,,,,,38.201149089,-85.663364073,11.219,10/12/2019 12:00:00 AM,2122,2,2,0,0,CLEAR,DRY,False,OPPOSING LEFT TURN,OPPOSING LEFT TURN,STRAIGHT & LEVEL,DARK-HWY NOT LIGHTED,,,10/14/2019 8:58:33 AM,False,5019,Accepted,
25771830,0568000,LOUISVILLE METRO POLICE DEPT,Accepted,JEFFERSON,,,JEFFERSON,ST,W,KY1020,2ND,,,,,38.253434712,-85.753700047,0.088,10/12/2019 12:00:00 AM,2247,2,2,0,0,CLEAR,DRY,False,SIDESWIPE-SAME DIRECTION,SIDESWIPE-SAME DIRECTION,STRAIGHT & LEVEL,DARK-HWY LIGHTED/ON,,,10/14/2019 8:54:37 AM,False,5122,Accepted,
25771788,0568000,LOUISVILLE METRO POLICE DEPT,Accepted,JEFFERSON,KY1934,,CANE RUN,RD,,,ROCKFORD,,,,,38.184123643,-85.855382889,7.743,10/12/2019 12:00:00 AM,1632,2,2,0,0,CLEAR,DRY,False,SIDESWIPE-SAME DIRECTION,SIDESWIPE-SAME DIRECTION,STRAIGHT & LEVEL,DAYLIGHT,,,10/14/2019 8:53:02 AM,False,5208,Accepted,
25771746,0568000,LOUISVILLE METRO POLICE DEPT,Accepted,JEFFERSON,,,PORTLAND,AVE,,US0150,22ND,,,,,38.268391742,-85.782614329,0.692,10/12/2019 12:00:00 AM,1108,2,2,0,0,CLEAR,DRY,False,VEHICLE BACKING IN INTERSECTION,BACKING,STRAIGHT & LEVEL,DAYLIGHT,,,10/14/2019 8:51:14 AM,False,5276,Accepted,
25771826,0568000,LOUISVILLE METRO POLICE DEPT,Accepted,JEFFERSON,,,5TH,ST,S,,BRENTWOOD,,,,,38.194846662,-85.768370345,1.334,10/12/2019 12:00:00 AM,1942,2,2,0,1,CLEAR,DRY,True,ANGLE COLLISION - OTHER,ANGLE,STRAIGHT & LEVEL,DARK (UNKNOWN ROADWAY LIGHTING),,,10/14/2019 8:54:23 AM,False,5237,Accepted,
25771749,0568000,LOUISVILLE METRO POLICE DEPT,Accepted,JEFFERSON,KY1065,,OUTER,LOOP,,,NOLTEMEYER WYNDE,,,,,38.138267343,-85.680467011,6.406,10/12/2019 12:00:00 AM,1125,2,2,0,0,CLEAR,DRY,False,ANGLE COLLISION - OTHER,ANGLE,STRAIGHT & LEVEL,DAYLIGHT,,,10/14/2019 8:51:41 AM,False,2547,Accepted,
25771767,0568000,LOUISVILLE METRO POLICE DEPT,Accepted,JEFFERSON,,,SCHILLER,AVE,,,ST CATHERINE,,,,,38.234379862,-85.731794819,0.384,10/12/2019 12:00:00 AM,1450,2,2,0,0,CLEAR,DRY,False,ANGLE COLLISION - OTHER,ANGLE,CURVE & LEVEL,DAYLIGHT,,,10/14/2019 8:52:11 AM,False,2499,Accepted,
25771817,0568000,LOUISVILLE METRO POLICE DEPT,Accepted,JEFFERSON,US0031W,,22ND,ST,S,,MARKET,,,,,38.258557707,-85.786592078,20.207,10/12/2019 12:00:00 AM,1535,2,2,0,0,CLEAR,DRY,False,ANGLE COLLISION - OTHER,ANGLE,STRAIGHT & LEVEL,DAYLIGHT,,,10/14/2019 8:53:42 AM,False,7292,Accepted,
25771726,0568000,LOUISVILLE METRO POLICE DEPT,Accepted,JEFFERSON,KY0864,,POPLAR LEVEL,RD,,,TREVILIAN,,,,,38.205345973,-85.713036335,12.079,10/12/2019 12:00:00 AM,0011,3,3,0,1,CLEAR,WET,False,ANGLE COLLISION - OTHER,ANGLE,STRAIGHT & GRADE,DARK-HWY LIGHTED/ON,,,10/14/2019 8:49:26 AM,True,7419,Accepted,
25771942,0568000,LOUISVILLE METRO POLICE DEPT,Accepted,JEFFERSON,US0060A,,EASTERN,PKWY,,KY0061,SHELBY,,,,,38.214845246,-85.742654983,4.581,10/12/2019 12:00:00 AM,0230,2,2,0,0,CLOUDY,DRY,False,ANGLE COLLISION - OTHER,ANGLE,STRAIGHT & LEVEL,DARK (UNKNOWN ROADWAY LIGHTING),,,10/14/2019 8:58:21 AM,False,5111,Accepted,
25771742,0568000,LOUISVILLE METRO POLICE DEPT,Accepted,JEFFERSON,KY1020,,SOUTHSIDE,DR,,,STRAWBERRY,,,,,38.158282712,-85.764593217,6.081,10/12/2019 12:00:00 AM,1037,2,2,0,0,CLEAR,DRY,False,ANGLE COLLISION - OTHER,ANGLE,STRAIGHT & LEVEL,DAYLIGHT,,,10/14/2019 8:50:42 AM,False,7424,Accepted,
25793315,0568000,LOUISVILLE METRO POLICE DEPT,Accepted,JEFFERSON,US0031E,,MARKET,ST,E,,,,CLAY,,SHELBY,38.253274474,-85.739206623,17.000,10/12/2019 12:00:00 AM,1120,2,2,0,0,CLEAR,DRY,False,1 VEHICLE PARKED POSITION (NOT PARKING LOT/DRIVEWAY),REAR END,STRAIGHT & LEVEL,DAYLIGHT,,,10/18/2019 8:59:26 AM,False,7058,Accepted,
25793326,0568000,LOUISVILLE METRO POLICE DEPT,Accepted,JEFFERSON,US0031W,,,,,KY0841,US31W RAMP FROM KY841,,,,,38.093872304,-85.874840027,0.306,10/12/2019 12:00:00 AM,1000,2,2,0,0,CLEAR,DRY,False,OTHER INTERSECTION COLLISIONS,REAR END,STRAIGHT & GRADE,DAYLIGHT,,,10/18/2019 9:02:08 AM,False,7634,Accepted,
25771810,0568000,LOUISVILLE METRO POLICE DEPT,Accepted,JEFFERSON,US0031W,,DIXIE,HWY,,,FLINTLOCK,,,,,38.160027132,-85.832646827,12.727,10/12/2019 12:00:00 AM,1626,2,2,0,0,CLEAR,DRY,False,OTHER INTERSECTION COLLISIONS,REAR END,STRAIGHT & LEVEL,DAYLIGHT,,,10/14/2019 8:53:32 AM,False,7232,Accepted,
25771348,0566700,MIDDLETOWN POLICE DEPARTMENT,Accepted,JEFFERSON,I 0265,,I265 N,,,I 0064,I64 E,,,,,38.222207466,-85.505525964,25.444,10/12/2019 12:00:00 AM,1125,2,2,0,0,CLEAR,DRY,False,SIDESWIPE-SAME DIRECTION,SIDESWIPE-SAME DIRECTION,STRAIGHT & LEVEL,DAYLIGHT,,,10/14/2019 8:03:08 AM,False,2002,Accepted,
25771839,0568000,LOUISVILLE METRO POLICE DEPT,Accepted,JEFFERSON,,,ELDERWOOD,WAY,,,,,,,,38.194010929,-85.801739196,0.061,10/12/2019 12:00:00 AM,1119,2,2,0,0,CLEAR,DRY,True,SIDESWIPE COLLISION - SAME DIRECTION,SIDESWIPE-SAME DIRECTION,,DAYLIGHT,,,10/14/2019 8:55:21 AM,False,5153,Accepted,
25771813,0568000,LOUISVILLE METRO POLICE DEPT,Accepted,JEFFERSON,KY0061,,PRESTON,ST,S,,,,ATWOOD,,FETTER,38.215693784,-85.744103712,10.217,10/12/2019 12:00:00 AM,1306,2,2,0,0,CLEAR,DRY,False,SIDESWIPE COLLISION - SAME DIRECTION,SIDESWIPE-SAME DIRECTION,STRAIGHT & LEVEL,DAYLIGHT,,,10/14/2019 8:53:37 AM,False,5247,Accepted,
25771747,0568000,LOUISVILLE METRO POLICE DEPT,Accepted,JEFFERSON,KY1747,,HURSTBOURNE,PKWY,S,,,,STONY BROOK,KY1747,KY1747 CROSSOVER,38.173278254,-85.605575289,7.800,10/12/2019 12:00:00 AM,1245,2,2,0,0,CLEAR,DRY,False,SIDESWIPE COLLISION - SAME DIRECTION,SIDESWIPE-SAME DIRECTION,STRAIGHT & GRADE,DAYLIGHT,,,10/14/2019 8:51:22 AM,False,5295,Accepted,
25771759,0568000,LOUISVILLE METRO POLICE DEPT,Accepted,JEFFERSON,,,ARLINGTON,AVE,,,STOLL,,,,,38.254797121,-85.714991131,0.086,10/12/2019 12:00:00 AM,1535,2,2,0,0,CLEAR,DRY,False,HEAD-ON COLLISION,HEAD ON,STRAIGHT & LEVEL,DAYLIGHT,,,10/14/2019 8:52:02 AM,False,7128,Accepted,
25771823,0568000,LOUISVILLE METRO POLICE DEPT,Accepted,JEFFERSON,,,TREVILIAN,WAY,,,,,,,,38.210161838,-85.703628736,2.088,10/12/2019 12:00:00 AM,1834,2,2,0,0,CLEAR,DRY,False,REAR END IN TRAFFIC LANES BOTH VEHICLES MOVING,REAR END,STRAIGHT & GRADE,DUSK,,,10/14/2019 8:54:09 AM,False,7359,Accepted,
25771797,0568000,LOUISVILLE METRO POLICE DEPT,Accepted,JEFFERSON,I 0264,,I264 E,,,,,,,,,38.190123256,-85.755734049,10.650,10/12/2019 12:00:00 AM,1533,2,2,0,0,CLEAR,DRY,False,REAR END IN TRAFFIC LANES BOTH VEHICLES MOVING,REAR END,STRAIGHT & LEVEL,DAYLIGHT,,,10/14/2019 8:53:18 AM,True,5286,Accepted,
25771824,0568000,LOUISVILLE METRO POLICE DEPT,Accepted,JEFFERSON,,1419,CENTRAL,AVE,,,,,,,,38.212217103,-85.780633631,1.500,10/12/2019 12:00:00 AM,2208,2,2,0,0,CLEAR,DRY,False,1 VEHICLE PARKED POSITION (NOT PARKING LOT/DRIVEWAY),SIDESWIPE-SAME DIRECTION,STRAIGHT & LEVEL,DARK-HWY LIGHTED/OFF,,,10/14/2019 8:54:14 AM,False,5183,Accepted,
25771750,0568000,LOUISVILLE METRO POLICE DEPT,Accepted,JEFFERSON,,511,INVERNESS,AVE,,,,,,,,38.167803802,-85.772789431,0.443,10/12/2019 12:00:00 AM,1115,2,2,0,1,CLEAR,DRY,False,1 VEHICLE PARKED POSITION (NOT PARKING LOT/DRIVEWAY),BACKING,STRAIGHT & LEVEL,DAYLIGHT,,,10/14/2019 8:51:45 AM,False,7232,Accepted,
25771740,0568000,LOUISVILLE METRO POLICE DEPT,Accepted,JEFFERSON,,8301,BROAD RUN,RD,,,,,,,,38.130337534,-85.546196161,0.584,10/12/2019 12:00:00 AM,0830,2,2,0,0,CLEAR,DRY,False,REAR END IN TRAFFIC LANES BOTH VEHICLES MOVING,REAR END,STRAIGHT & LEVEL,DAYLIGHT,,,10/14/2019 8:50:32 AM,False,6878,Accepted,
25771777,0568000,LOUISVILLE METRO POLICE DEPT,Accepted,JEFFERSON,,,INDIAN,TRL,E,,,,,,,38.170659366,-85.688854474,0.982,10/12/2019 12:00:00 AM,1600,2,2,0,0,CLEAR,DRY,True,REAR END IN TRAFFIC LANES BOTH VEHICLES MOVING,REAR END,STRAIGHT & GRADE,DAYLIGHT,,,10/14/2019 8:52:24 AM,False,5130,Accepted,
25771785,0568000,LOUISVILLE METRO POLICE DEPT,Accepted,JEFFERSON,I 0264,,I264 E,,,,,I 0264,I264 E EXIT11 OFF RAMP,I 0264,I264 E EXIT10 ON RAMP FROM KY1020,38.190120169,-85.755665672,10.653,10/12/2019 12:00:00 AM,1533,2,2,0,0,CLEAR,DRY,False,REAR END IN TRAFFIC LANES BOTH VEHICLES MOVING,REAR END,STRAIGHT & LEVEL,DAYLIGHT,,,10/14/2019 8:52:58 AM,False,7207,Accepted,
25771958,0568000,LOUISVILLE METRO POLICE DEPT,Accepted,JEFFERSON,US0031E,,BAXTER,AVE,,,,,,,,38.248441780,-85.730658804,16.294,10/12/2019 12:00:00 AM,0348,2,2,0,0,CLEAR,DRY,False,REAR END IN TRAFFIC LANES BOTH VEHICLES MOVING,REAR END,STRAIGHT & GRADE,DARK-HWY LIGHTED/ON,,,10/14/2019 8:59:31 AM,False,7376,Accepted,
25771752,0568000,LOUISVILLE METRO POLICE DEPT,Accepted,JEFFERSON,KY0907,,SOUTHSIDE,DR,,,,,,,,38.151603742,-85.766343891,6.936,10/12/2019 12:00:00 AM,1323,2,2,0,0,CLEAR,DRY,True,REAR END IN TRAFFIC LANES BOTH VEHICLES MOVING,REAR END,STRAIGHT & LEVEL,DAYLIGHT,,,10/14/2019 8:51:53 AM,False,7424,Accepted,
25771723,0568000,LOUISVILLE METRO POLICE DEPT,Accepted,JEFFERSON,US0060,,SHELBYVILLE,RD,,,,,,,,38.244937507,-85.558718542,8.852,10/12/2019 12:00:00 AM,0319,2,2,0,0,CLEAR,DRY,False,1 VEHICLE ENTERING/LEAVING ENTRANCE,ANGLE,STRAIGHT & LEVEL,DARK-HWY LIGHTED/ON,,,10/14/2019 8:49:02 AM,False,7330,Accepted,
25771957,0568000,LOUISVILLE METRO POLICE DEPT,Accepted,JEFFERSON,US0031E,,BARDSTOWN,RD,,,,,,,,38.238623341,-85.721329517,15.408,10/12/2019 12:00:00 AM,0043,2,2,0,0,CLEAR,DRY,False,1 VEHICLE ENTERING/LEAVING ENTRANCE,ANGLE,STRAIGHT & GRADE,DARK-HWY LIGHTED/ON,,,10/14/2019 8:59:23 AM,False,7376,Accepted,
25771828,0568000,LOUISVILLE METRO POLICE DEPT,Accepted,JEFFERSON,I 0264,,I264 E,,,,,,,,,38.186294762,-85.799333736,8.232,10/12/2019 12:00:00 AM,2328,1,1,0,1,CLEAR,DRY,False,OTHER ROADWAY OR MID-BLOCK COLLISION,SINGLE VEHICLE,STRAIGHT & LEVEL,DARK-HWY LIGHTED/ON,,,10/14/2019 8:54:31 AM,False,5237,Accepted,
25771781,0568000,LOUISVILLE METRO POLICE DEPT,Accepted,JEFFERSON,KY1747,,HURSTBOURNE,PKWY,S,,,,,,,38.218701273,-85.584243895,11.448,10/12/2019 12:00:00 AM,1624,2,2,0,0,CLEAR,DRY,False,OTHER ROADWAY OR MID-BLOCK COLLISION,REAR END,STRAIGHT & LEVEL,DAYLIGHT,,,10/14/2019 8:52:45 AM,False,7864,Accepted,
25771820,0568000,LOUISVILLE METRO POLICE DEPT,Accepted,JEFFERSON,US0060,,SHELBYVILLE,RD,,,,,,,,38.238893020,-85.488315107,12.895,10/12/2019 12:00:00 AM,1913,2,2,0,0,CLEAR,DRY,False,1 VEHICLE ENTERING/LEAVING ENTRANCE,ANGLE,STRAIGHT & GRADE,DAYLIGHT,,,10/14/2019 8:53:58 AM,False,6532,Accepted,
25771719,0568000,LOUISVILLE METRO POLICE DEPT,Accepted,JEFFERSON,,3608,MANSLICK,RD,,,,,,,,38.194900036,-85.799800685,0.026,10/12/2019 12:00:00 AM,2345,2,2,0,1,RAINING,WET,False,1 VEHICLE ENTERING/LEAVING ENTRANCE,ANGLE,CURVE & LEVEL,DARK-HWY LIGHTED/ON,,,10/14/2019 8:48:44 AM,False,7455,Accepted,
25771720,0568000,LOUISVILLE METRO POLICE DEPT,Accepted,JEFFERSON,KY1934,4700,CANE RUN,RD,,,,,TEAKWOOD,,NEW LYNNVIEW,38.188558030,-85.850784108,8.136,10/12/2019 12:00:00 AM,0054,2,2,0,1,CLEAR,WET,True,1 VEHICLE ENTERING/LEAVING ENTRANCE,ANGLE,STRAIGHT & LEVEL,DARK-HWY LIGHTED/ON,,,10/14/2019 8:48:49 AM,False,5140,Accepted,
25771792,0568000,LOUISVILLE METRO POLICE DEPT,Accepted,JEFFERSON,I 0265,,I265 N,,,,,,,,,38.278628286,-85.500441236,29.383,10/12/2019 12:00:00 AM,1703,2,2,0,0,CLEAR,DRY,False,SIDESWIPE COLLISION - SAME DIRECTION,SIDESWIPE-SAME DIRECTION,STRAIGHT & LEVEL,DAYLIGHT,,,10/14/2019 8:53:12 AM,False,5240,Accepted,
25771833,0568000,LOUISVILLE METRO POLICE DEPT,Accepted,JEFFERSON,KY0864,,FEGENBUSH,LN,,,,KY0864,BEULAH CHURCH,KY1065,OUTER,38.137971848,-85.614821101,4.329,10/12/2019 12:00:00 AM,1847,2,2,0,0,CLEAR,DRY,False,OTHER ROADWAY OR MID-BLOCK COLLISION,REAR END,STRAIGHT & LEVEL,DUSK,,,10/14/2019 8:54:49 AM,False,6937,Accepted,
25790541,0560300,ST. MATTHEWS POLICE DEPARTMENT,Accepted,JEFFERSON,US0060,5001,SHELBYVILLE,RD,,,,,,,,38.250232559,-85.621811377,5.400,10/12/2019 12:00:00 AM,1610,2,2,0,0,CLEAR,DRY,False,OTHER ROADWAY OR MID-BLOCK COLLISION,REAR END,STRAIGHT & GRADE,DAYLIGHT,,,10/17/2019 3:54:10 PM,False,9160,Accepted,
25771840,0568000,LOUISVILLE METRO POLICE DEPT,Accepted,JEFFERSON,I 0065,,,,,,,,,,,38.190874940,-85.727964065,0.359,10/12/2019 12:00:00 AM,1422,2,2,0,0,CLEAR,DRY,False,OTHER RAMP RELATED COLLISIONS NOT LISTED ABOVE,REAR END,STRAIGHT & LEVEL,DAYLIGHT,I 0065,I 0065,10/14/2019 8:55:25 AM,False,5153,Accepted,
25771783,0568000,LOUISVILLE METRO POLICE DEPT,Accepted,JEFFERSON,I 0264,,,,,,,,,,,38.256904086,-85.805884723,0.002,10/12/2019 12:00:00 AM,1314,2,2,0,0,CLEAR,DRY,False,OTHER RAMP RELATED COLLISIONS NOT LISTED ABOVE,SIDESWIPE-SAME DIRECTION,STRAIGHT & LEVEL,DAYLIGHT,I 0264,MUHAMMAD ALI BLVD,10/14/2019 8:52:51 AM,False,7469,Accepted,
25771819,0568000,LOUISVILLE METRO POLICE DEPT,Accepted,JEFFERSON,I 0264,,,,,,,,,,,38.189995473,-85.761428537,0.168,10/12/2019 12:00:00 AM,1549,1,1,0,0,CLEAR,DRY,False,OTHER RAMP RELATED COLLISIONS NOT LISTED ABOVE,SINGLE VEHICLE,STRAIGHT & LEVEL,DAYLIGHT,KY1020,I 0264,10/14/2019 8:53:53 AM,False,5263,Accepted,
25771745,0568000,LOUISVILLE METRO POLICE DEPT,Accepted,JEFFERSON,US0060A,,EASTERN,PKWY,,KY0061,PRESTON,,,,,38.214373700,-85.743191772,4.535,10/12/2019 12:00:00 AM,1145,2,2,0,0,CLEAR,DRY,False,COLLISION IN PARKING LOT,REAR TO REAR,STRAIGHT & LEVEL,DAYLIGHT,,,10/14/2019 8:51:10 AM,False,5245,Accepted,
25808840,0568000,LOUISVILLE METRO POLICE DEPT,Accepted,JEFFERSON,KY2803,2210,ARTHUR,ST,,I 0065,I65 S EXIT133 OFF RAMP TO  ARTHUR ST,,,,,38.214733669,-85.752820783,0.252,10/11/2019 12:00:00 AM,1925,2,2,0,0,CLEAR,DRY,False,COLLISION IN PARKING LOT,ANGLE,STRAIGHT & LEVEL,DARK-HWY LIGHTED/ON,,,10/22/2019 8:14:05 AM,False,7922,Accepted,
25771850,0568000,LOUISVILLE METRO POLICE DEPT,Accepted,JEFFERSON,,,DENA,DR,,,,,,,,38.192466431,-85.802007257,0.056,10/11/2019 12:00:00 AM,1600,2,2,0,0,CLOUDY,DRY,True,COLLISION IN PARKING LOT,REAR END,STRAIGHT & LEVEL,DAYLIGHT,,,10/14/2019 8:56:04 AM,False,5271,Accepted,
25771651,0568000,LOUISVILLE METRO POLICE DEPT,Accepted,JEFFERSON,,7001,RAGGARD,RD,,,,,,,,38.174029471,-85.870263625,0.062,10/11/2019 12:00:00 AM,1410,2,2,0,0,RAINING,WET,False,COLLISION IN PARKING LOT,BACKING,STRAIGHT & LEVEL,DAYLIGHT,,,10/14/2019 8:40:56 AM,False,7723,Accepted,