IncidentID,AgencyORI,AgencyName,IncidentStatusDesc,County,RdwyNumber,Street,RoadwayName,StreetSfx,StreetDir,IntersectionRdwy,IntersectionRdwyName,BetweenStRdwy1,BetweenStRdwyName1,BetweenStRdwy2,BetweenStRdwyName2,Latitude,Longitude,Milepoint,CollisionDate,CollisionTime,UnitsInvolved,MotorVehiclesInvolved,NumberKilled,NumberInjured,Weather,RdwyConditionCode,HitandRun,DirAnalysisCode,MannerofCollision,RdwyCharacter,LightCondition,RampFromRdwyId,RampToRdwyId,AcceptedDate,IsSecondaryCollision,OwnerBadge,IncidentStatus,
25771629,0568000,LOUISVILLE METRO POLICE DEPT,Accepted,JEFFERSON,,3308,RIVER CHASE,CT,,,,,,,,38.205263162,-85.678795379,0.011,10/11/2019 12:00:00 AM,1405,2,2,0,0,RAINING,WET,True,COLLISION IN PARKING LOT,BACKING,STRAIGHT & LEVEL,DAYLIGHT,,,10/14/2019 8:37:52 AM,False,7879,Accepted,
25784455,0568000,LOUISVILLE METRO POLICE DEPT,Accepted,JEFFERSON,I 0064,,,,,,,,,,,38.236453726,-85.619239841,0.524,10/11/2019 12:00:00 AM,2348,1,1,0,1,RAINING,WET,False,OTHER RAMP RELATED COLLISIONS NOT LISTED ABOVE,SINGLE VEHICLE,CURVE & LEVEL,DARK-HWY LIGHTED/ON,I 0064,I 0064,10/16/2019 2:09:05 PM,False,7633,Accepted,
25771862,0568000,LOUISVILLE METRO POLICE DEPT,Accepted,JEFFERSON,I 0064,,,,,,,,,,,38.258883145,-85.766006145,0.079,10/11/2019 12:00:00 AM,1304,1,1,0,1,CLOUDY,WET,False,COLLISION WITH FIXED OBJECT NOT IN GORE ,SINGLE VEHICLE,CURVE & GRADE,DAYLIGHT,I 0064,US31W,10/14/2019 8:56:52 AM,False,2217,Accepted,
25787882,0568000,LOUISVILLE METRO POLICE DEPT,Accepted,JEFFERSON,I 0064,,,,,,,,,,,38.258170694,-85.742227115,1.041,10/11/2019 12:00:00 AM,1251,1,1,0,0,RAINING,WET,False,OTHER RAMP RELATED COLLISIONS NOT LISTED ABOVE,SINGLE VEHICLE,CURVE & GRADE,DAYLIGHT,I 0064,I 0065,10/17/2019 8:32:20 AM,False,7944,Accepted,
25771577,0568000,LOUISVILLE METRO POLICE DEPT,Accepted,JEFFERSON,I 0264,,,,,,,,,,,38.228286074,-85.635603656,0.250,10/11/2019 12:00:00 AM,0854,2,2,0,0,CLEAR,DRY,False,OTHER RAMP RELATED COLLISIONS NOT LISTED ABOVE,REAR END,STRAIGHT & LEVEL,DAYLIGHT,I 0264,KY1932,10/14/2019 8:31:37 AM,False,4903,Accepted,
25771666,0568000,LOUISVILLE METRO POLICE DEPT,Accepted,JEFFERSON,I 0064,,,,,,,,,,,38.237185989,-85.619049570,0.363,10/11/2019 12:00:00 AM,0919,2,2,0,0,CLOUDY,DRY,False,OTHER RAMP RELATED COLLISIONS NOT LISTED ABOVE,REAR END,CURVE & LEVEL,DAYLIGHT,I 0064,I 0264,10/14/2019 8:42:51 AM,False,7751,Accepted,
25777707,0568000,LOUISVILLE METRO POLICE DEPT,Accepted,JEFFERSON,I 0064,,,,,,,,,,,38.258060441,-85.742225839,1.050,10/11/2019 12:00:00 AM,1039,1,1,0,0,RAINING,WET,False,OTHER RAMP RELATED COLLISIONS NOT LISTED ABOVE,SINGLE VEHICLE,CURVE & GRADE,DAYLIGHT,I 0064,I 0065,10/15/2019 8:48:18 AM,False,7840,Accepted,
25787884,0568000,LOUISVILLE METRO POLICE DEPT,Accepted,JEFFERSON,I 0064,,,,,,,,,,,38.234616063,-85.657712310,0.275,10/11/2019 12:00:00 AM,1337,2,2,0,0,CLOUDY,WET,False,OTHER RAMP RELATED COLLISIONS NOT LISTED ABOVE,REAR END,CURVE & GRADE,DAYLIGHT,I 0064,KY2048,10/17/2019 8:32:40 AM,False,7944,Accepted,
25771644,0568000,LOUISVILLE METRO POLICE DEPT,Accepted,JEFFERSON,US0031W,,DIXIE,HWY,,,,,PAGES,,STEPHAN,38.129214062,-85.848574867,10.423,10/11/2019 12:00:00 AM,1043,3,3,0,2,RAINING,WET,False,OTHER ROADWAY OR MID-BLOCK COLLISION,REAR END,STRAIGHT & LEVEL,DAYLIGHT,,,10/14/2019 8:40:09 AM,True,6877,Accepted,
25771653,0568000,LOUISVILLE METRO POLICE DEPT,Accepted,JEFFERSON,,,MINYARD,DR,,,,,CLAY,,MEADOW HILL,38.141835227,-85.696913185,0.359,10/11/2019 12:00:00 AM,1640,2,2,0,0,CLOUDY,DRY,False,OTHER ROADWAY OR MID-BLOCK COLLISION,REAR END,STRAIGHT & LEVEL,DAYLIGHT,,,10/14/2019 8:41:22 AM,False,2324,Accepted,
25771668,0568000,LOUISVILLE METRO POLICE DEPT,Accepted,JEFFERSON,KY2050,,HERR,LN,,,,KY0022,BROWNSBORO,,WESBORO,38.283326034,-85.627524546,2.136,10/11/2019 12:00:00 AM,1528,3,3,0,0,CLOUDY,DRY,False,OTHER ROADWAY OR MID-BLOCK COLLISION,REAR END,STRAIGHT & LEVEL,DAYLIGHT,,,10/14/2019 8:43:27 AM,False,7751,Accepted,
25771692,0568000,LOUISVILLE METRO POLICE DEPT,Accepted,JEFFERSON,I 0064,,I64 W,,,,,,,,,38.234595992,-85.613100516,12.858,10/11/2019 12:00:00 AM,1517,2,2,0,1,CLOUDY,DRY,False,OTHER ROADWAY OR MID-BLOCK COLLISION,REAR END,STRAIGHT & LEVEL,DAYLIGHT,,,10/14/2019 8:46:26 AM,False,8278,Accepted,
25771641,0568000,LOUISVILLE METRO POLICE DEPT,Accepted,JEFFERSON,I 0264,,I264 E,,,,,,,,,38.225929807,-85.640993244,17.610,10/11/2019 12:00:00 AM,1550,2,2,0,0,CLOUDY,DRY,True,OTHER ROADWAY OR MID-BLOCK COLLISION,REAR END,STRAIGHT & LEVEL,DAYLIGHT,,,10/14/2019 8:39:44 AM,False,6862,Accepted,
25771717,0568000,LOUISVILLE METRO POLICE DEPT,Accepted,JEFFERSON,I 0064,,I64 W,,,,,,,,,38.249447506,-85.707753245,7.380,10/11/2019 12:00:00 AM,2134,1,1,0,0,RAINING,WET,False,OTHER ROADWAY OR MID-BLOCK COLLISION,SINGLE VEHICLE,STRAIGHT & LEVEL,DARK-HWY NOT LIGHTED,,,10/14/2019 8:48:33 AM,False,2308,Accepted,
25771650,0568000,LOUISVILLE METRO POLICE DEPT,Accepted,JEFFERSON,KY2048,,CANNONS,LN,,,,,,,,38.222594640,-85.658017641,0.031,10/11/2019 12:00:00 AM,1441,2,2,0,0,CLOUDY,WET,True,OTHER ROADWAY OR MID-BLOCK COLLISION,REAR END,STRAIGHT & LEVEL,DAYLIGHT,,,10/14/2019 8:40:51 AM,False,6813,Accepted,
25787945,0568000,LOUISVILLE METRO POLICE DEPT,Accepted,JEFFERSON,I 0064,,I64 E,,,,,,,,,38.252868970,-85.718504718,7.018,10/11/2019 12:00:00 AM,2254,2,2,0,0,RAINING,WET,False,SIDESWIPE COLLISION - SAME DIRECTION,SIDESWIPE-SAME DIRECTION,STRAIGHT & LEVEL,DARK-HWY LIGHTED/ON,,,10/17/2019 8:43:50 AM,False,5258,Accepted,
25787886,0568000,LOUISVILLE METRO POLICE DEPT,Accepted,JEFFERSON,I 0065,,I65 N EXIT130 TRANSIT,,,,,,,,,38.184314865,-85.723142918,0.586,10/11/2019 12:00:00 AM,1536,2,2,0,0,CLOUDY,DRY,False,SIDESWIPE COLLISION - SAME DIRECTION,SIDESWIPE-SAME DIRECTION,CURVE & LEVEL,DAYLIGHT,,,10/17/2019 8:32:59 AM,False,7944,Accepted,
25771738,0568000,LOUISVILLE METRO POLICE DEPT,Accepted,JEFFERSON,KY0864,,BEULAH CHURCH,RD,,,,KY0864,FEGENBUSH,,DELCOUR,38.135883901,-85.613588658,4.131,10/11/2019 12:00:00 AM,1815,2,2,0,1,RAINING,WET,False,1 VEHICLE ENTERING/LEAVING ENTRANCE,ANGLE,STRAIGHT & LEVEL,DUSK,,,10/14/2019 8:50:23 AM,False,5284,Accepted,
25771744,0568000,LOUISVILLE METRO POLICE DEPT,Accepted,JEFFERSON,,,ST CATHERINE,ST,W,,,,GARVIN,,5TH,38.237484462,-85.760698487,0.315,10/11/2019 12:00:00 AM,1127,2,2,0,0,RAINING,WET,False,1 VEHICLE ENTERING/LEAVING ENTRANCE,ANGLE,CURVE & LEVEL,DAYLIGHT,,,10/14/2019 8:51:03 AM,False,7619,Accepted,
25771638,0568000,LOUISVILLE METRO POLICE DEPT,Accepted,JEFFERSON,US0031W,10100,DIXIE,HWY,,,,,,,,38.109373042,-85.865584649,8.769,10/11/2019 12:00:00 AM,0730,2,2,0,1,CLEAR,DRY,False,1 VEHICLE ENTERING/LEAVING ENTRANCE,ANGLE,STRAIGHT & LEVEL,DAYLIGHT,,,10/14/2019 8:39:01 AM,False,7841,Accepted,
25771608,0568000,LOUISVILLE METRO POLICE DEPT,Accepted,JEFFERSON,KY1065,,OUTER,LOOP,,,,,GRADE,KY1065,KY1065 CROSSOVER,38.132578987,-85.726884851,3.780,10/11/2019 12:00:00 AM,0712,4,4,0,3,CLEAR,DRY,False,1 VEHICLE ENTERING/LEAVING ENTRANCE,ANGLE,STRAIGHT & LEVEL,DARK-HWY LIGHTED/OFF,,,10/14/2019 8:35:17 AM,False,2324,Accepted,
25771609,0568000,LOUISVILLE METRO POLICE DEPT,Accepted,JEFFERSON,US0060,,SHELBYVILLE,RD,,,,,WHIPPS MILL,,CHRISTIAN,38.248793653,-85.605444163,6.294,10/11/2019 12:00:00 AM,1230,2,2,0,0,RAINING,WET,False,1 VEHICLE ENTERING/LEAVING ENTRANCE,ANGLE,STRAIGHT & LEVEL,DAYLIGHT,,,10/14/2019 8:35:29 AM,False,6862,Accepted,
25771618,0568000,LOUISVILLE METRO POLICE DEPT,Accepted,JEFFERSON,KY2052,5402,SHEPHERDSVILLE,RD,,,,,,,,38.169647740,-85.659478757,2.143,10/11/2019 12:00:00 AM,0759,2,2,0,0,CLEAR,DRY,False,1 VEHICLE ENTERING/LEAVING ENTRANCE,ANGLE,STRAIGHT & LEVEL,DAWN,,,10/14/2019 8:36:27 AM,False,7366,Accepted,
25763495,0561500,UNIV. OF LOUISVILLE POLICE,Accepted,JEFFERSON,,120,BRANDEIS,AVE,E,,,,,,,38.219011656,-85.757508472,0.032,10/11/2019 12:00:00 AM,1240,2,2,0,0,RAINING,WET,False,1 VEHICLE ENTERING/LEAVING ENTRANCE,ANGLE,STRAIGHT & LEVEL,DAYLIGHT,,,10/11/2019 3:32:53 PM,False,5620,Accepted,
25771601,0568000,LOUISVILLE METRO POLICE DEPT,Accepted,JEFFERSON,KY0864,,FEGENBUSH,LN,,,,,WATTERSON,KY1065,BEULAH CHURCH,38.138414509,-85.615364137,4.371,10/11/2019 12:00:00 AM,1046,2,2,0,0,RAINING,WET,False,1 VEHICLE ENTERING/LEAVING ENTRANCE,ANGLE,STRAIGHT & LEVEL,DAYLIGHT,,,10/14/2019 8:33:15 AM,False,5284,Accepted,
25771673,0568000,LOUISVILLE METRO POLICE DEPT,Accepted,JEFFERSON,KY1450,,BLUE LICK,RD,,,,,,,,38.102304168,-85.693869464,1.170,10/11/2019 12:00:00 AM,1309,2,2,0,1,CLOUDY,WET,False,1 VEHICLE ENTERING/LEAVING ENTRANCE,ANGLE,CURVE & LEVEL,DAYLIGHT,,,10/14/2019 8:44:01 AM,False,4693,Accepted,
25771725,0568000,LOUISVILLE METRO POLICE DEPT,Accepted,JEFFERSON,I 0264,,I264 E,,,,,,,,,38.284513738,-85.641346735,22.524,10/11/2019 12:00:00 AM,1724,3,3,0,0,RAINING,WET,True,REAR END IN TRAFFIC LANES BOTH VEHICLES MOVING,REAR END,STRAIGHT & LEVEL,DUSK,,,10/14/2019 8:49:17 AM,False,5004,Accepted,
25771715,0568000,LOUISVILLE METRO POLICE DEPT,Accepted,JEFFERSON,KY1747,3005,FERN VALLEY,RD,,,,,,,,38.157012733,-85.707842897,1.315,10/11/2019 12:00:00 AM,2218,2,2,0,0,RAINING,WET,False,REAR END IN TRAFFIC LANES BOTH VEHICLES MOVING,REAR END,STRAIGHT & LEVEL,DARK-HWY LIGHTED/ON,,,10/14/2019 8:48:20 AM,False,5182,Accepted,
25771660,0568000,LOUISVILLE METRO POLICE DEPT,Accepted,JEFFERSON,KY1932,,BRECKENRIDGE,LN,,,,,,,,38.215319354,-85.627250324,2.482,10/11/2019 12:00:00 AM,1755,2,2,0,0,CLOUDY,WET,False,REAR END IN TRAFFIC LANES BOTH VEHICLES MOVING,REAR END,STRAIGHT & LEVEL,DAYLIGHT,,,10/14/2019 8:42:16 AM,False,7864,Accepted,
25771626,0568000,LOUISVILLE METRO POLICE DEPT,Accepted,JEFFERSON,,,CHAMBERLAIN,LN,,,,,,,,38.299146508,-85.541626668,2.096,10/11/2019 12:00:00 AM,1230,2,2,0,0,,,True,REAR END IN TRAFFIC LANES BOTH VEHICLES MOVING,REAR END,STRAIGHT & LEVEL,,,,10/14/2019 8:37:12 AM,False,7615,Accepted,
25771724,0568000,LOUISVILLE METRO POLICE DEPT,Accepted,JEFFERSON,I 0065,,I65 N,,,,,,,,,38.231344418,-85.750859971,134.241,10/11/2019 12:00:00 AM,1839,2,2,0,0,RAINING,WET,False,REAR END IN TRAFFIC LANES BOTH VEHICLES MOVING,REAR END,STRAIGHT & LEVEL,DARK-HWY LIGHTED/ON,,,10/14/2019 8:49:07 AM,False,5111,Accepted,
25771613,0568000,LOUISVILLE METRO POLICE DEPT,Accepted,JEFFERSON,KY0907,,VALLEY STATION,RD,,,,,,,,38.105798228,-85.861627698,0.335,10/11/2019 12:00:00 AM,0736,2,2,0,0,CLEAR,DRY,False,REAR END IN TRAFFIC LANES BOTH VEHICLES MOVING,REAR END,STRAIGHT & LEVEL,DAYLIGHT,,,10/14/2019 8:36:05 AM,False,6326,Accepted,
25771683,0568000,LOUISVILLE METRO POLICE DEPT,Accepted,JEFFERSON,,,CHESTNUT,ST,W,,,,26TH,,24TH,38.252788995,-85.792554352,0.459,10/11/2019 12:00:00 AM,1010,2,2,0,0,CLEAR,DRY,False,1 VEHICLE PARKED POSITION (NOT PARKING LOT/DRIVEWAY),SIDESWIPE-SAME DIRECTION,STRAIGHT & LEVEL,DAYLIGHT,,,10/14/2019 8:45:19 AM,False,7463,Accepted,
25761824,0568000,LOUISVILLE METRO POLICE DEPT,Accepted,JEFFERSON,,118,JEFFERSON,ST,W,,,,,,,38.253379774,-85.752574670,0.029,10/11/2019 12:00:00 AM,0220,2,2,0,0,CLEAR,DRY,True,1 VEHICLE PARKED POSITION (NOT PARKING LOT/DRIVEWAY),REAR END,STRAIGHT & LEVEL,DARK-HWY LIGHTED/ON,,,10/11/2019 10:18:46 AM,False,5135,Accepted,
25771737,0568000,LOUISVILLE METRO POLICE DEPT,Accepted,JEFFERSON,I 0064,,I64 W,,,,,I 0064,I64 W EXIT19B RAMP TO I265 N,I 0064,I64 W EXIT19B RAMP TO I265 N,38.221431453,-85.461131128,21.299,10/11/2019 12:00:00 AM,0812,2,2,0,0,CLEAR,DRY,True,REAR END IN TRAFFIC LANES BOTH VEHICLES MOVING,REAR END,STRAIGHT & LEVEL,DAWN,,,10/14/2019 8:50:18 AM,False,5287,Accepted,
25771694,0568000,LOUISVILLE METRO POLICE DEPT,Accepted,JEFFERSON,I 0264,,I264 W,,,,,,,,,38.193051329,-85.712010327,13.078,10/11/2019 12:00:00 AM,1816,3,3,0,0,RAINING,WET,False,REAR END IN TRAFFIC LANES BOTH VEHICLES MOVING,REAR END,STRAIGHT & LEVEL,DARK-HWY LIGHTED/ON,,,10/14/2019 8:46:38 AM,False,7359,Accepted,
25771706,0568000,LOUISVILLE METRO POLICE DEPT,Accepted,JEFFERSON,KY0864,4239,POPLAR LEVEL,RD,,,,,,,,38.197664540,-85.707860481,11.468,10/11/2019 12:00:00 AM,2349,3,3,0,0,RAINING,WET,False,REAR END IN TRAFFIC LANES BOTH VEHICLES MOVING,REAR END,STRAIGHT & LEVEL,DARK-HWY LIGHTED/ON,,,10/14/2019 8:47:46 AM,False,7359,Accepted,
25771662,0568000,LOUISVILLE METRO POLICE DEPT,Accepted,JEFFERSON,I 0071,,I71 S,,,,,,,,,38.293777128,-85.634117001,5.835,10/11/2019 12:00:00 AM,0723,3,3,0,0,CLOUDY,DRY,True,REAR END IN TRAFFIC LANES BOTH VEHICLES MOVING,REAR END,STRAIGHT & GRADE,DAWN,,,10/14/2019 8:42:28 AM,False,7751,Accepted,
25794968,0568000,LOUISVILLE METRO POLICE DEPT,Accepted,JEFFERSON,I 0264,,I264 W,,,,,I 0264,I264 W EXIT16 ON RAMP FROM US31E,I 0264,I264 W EXIT15A OFF RAMP TO KY1703 N,38.208505470,-85.675975839,15.354,10/11/2019 12:00:00 AM,1133,2,2,0,0,RAINING,WET,False,REAR END IN TRAFFIC LANES BOTH VEHICLES MOVING,REAR END,STRAIGHT & GRADE,DAYLIGHT,,,10/18/2019 3:06:03 PM,False,7840,Accepted,
25910855,0568000,LOUISVILLE METRO POLICE DEPT,Accepted,JEFFERSON,US0031E,,BARDSTOWN,RD,,US0031E,BAXTER,,,,,38.240241889,-85.724278708,15.651,10/11/2019 12:00:00 AM,2000,2,2,0,2,SNOWING,WET,False,HEAD-ON COLLISION,HEAD ON,STRAIGHT & LEVEL,DARK-HWY LIGHTED/ON,,,11/12/2019 7:48:40 AM,False,5188,Accepted,
25808992,0568000,LOUISVILLE METRO POLICE DEPT,Accepted,JEFFERSON,KY0155,,TAYLORSVILLE,RD,,,,,,,,38.223320619,-85.674193561,15.963,10/11/2019 12:00:00 AM,2349,2,2,0,0,CLOUDY,WET,True,SIDESWIPE COLLISION - SAME DIRECTION,SIDESWIPE-SAME DIRECTION,STRAIGHT & LEVEL,DARK-HWY LIGHTED/ON,,,10/22/2019 8:26:55 AM,False,6947,Accepted,
25771646,0568000,LOUISVILLE METRO POLICE DEPT,Accepted,JEFFERSON,I 0264,,I264 W,,,,,I 0065,I264 W EXIT12 OFF RAMP TO,I 0264,I264 W EXIT14 ON RAMP FROM KY864,38.191155130,-85.717842543,12.732,10/11/2019 12:00:00 AM,1549,2,2,0,0,CLOUDY,DRY,False,SIDESWIPE COLLISION - SAME DIRECTION,SIDESWIPE-SAME DIRECTION,CURVE & LEVEL,DAYLIGHT,,,10/14/2019 8:40:26 AM,False,7473,Accepted,
25771718,0568000,LOUISVILLE METRO POLICE DEPT,Accepted,JEFFERSON,I 0264,,I264 W,,,,,,,,,38.231547969,-85.630624314,18.275,10/11/2019 12:00:00 AM,1923,4,4,0,0,RAINING,WET,False,SIDESWIPE COLLISION - SAME DIRECTION,SIDESWIPE-SAME DIRECTION,STRAIGHT & LEVEL,DARK-HWY LIGHTED/ON,,,10/14/2019 8:48:38 AM,False,2308,Accepted,
25771743,0568000,LOUISVILLE METRO POLICE DEPT,Accepted,JEFFERSON,US0150,,BROADWAY,,E,,,,,,,38.244812347,-85.741076462,3.327,10/11/2019 12:00:00 AM,1028,2,2,0,0,RAINING,WET,False,SIDESWIPE COLLISION - SAME DIRECTION,SIDESWIPE-SAME DIRECTION,STRAIGHT & LEVEL,DAYLIGHT,,,10/14/2019 8:50:51 AM,False,7239,Accepted,
25771691,0568000,LOUISVILLE METRO POLICE DEPT,Accepted,JEFFERSON,I 0065,,I65 N EXIT130 TRANSIT,,,,,,,,,38.181881720,-85.721392885,0.393,10/11/2019 12:00:00 AM,1406,2,2,0,0,CLOUDY,DRY,False,SIDESWIPE COLLISION - SAME DIRECTION,SIDESWIPE-SAME DIRECTION,STRAIGHT & LEVEL,DAYLIGHT,,,10/14/2019 8:46:22 AM,False,8278,Accepted,
25771649,0568000,LOUISVILLE METRO POLICE DEPT,Accepted,JEFFERSON,US0031E,,BARDSTOWN,RD,,,,,,,,38.232902693,-85.710982331,14.743,10/11/2019 12:00:00 AM,1323,2,2,0,0,CLOUDY,WET,True,SIDESWIPE COLLISION - SAME DIRECTION,SIDESWIPE-SAME DIRECTION,STRAIGHT & LEVEL,DAYLIGHT,,,10/14/2019 8:40:48 AM,False,6813,Accepted,
25771642,0568000,LOUISVILLE METRO POLICE DEPT,Accepted,JEFFERSON,KY3077,,RIVER,RD,,,,,3RD,,4TH,38.258749943,-85.755320169,0.327,10/11/2019 12:00:00 AM,1007,2,2,0,0,CLOUDY,DRY,False,SIDESWIPE COLLISION - SAME DIRECTION,SIDESWIPE-SAME DIRECTION,CURVE & LEVEL,DAYLIGHT,,,10/14/2019 8:39:57 AM,False,7229,Accepted,
25771635,0568000,LOUISVILLE METRO POLICE DEPT,Accepted,JEFFERSON,KY1450,,BLUE LICK,RD,,,KURTZ,,,,,38.107882069,-85.691935268,1.568,10/11/2019 12:00:00 AM,1446,3,3,0,0,RAINING,WET,False,SIDESWIPE-SAME DIRECTION,SIDESWIPE-SAME DIRECTION,STRAIGHT & LEVEL,DAYLIGHT,,,10/14/2019 8:38:31 AM,False,5026,Accepted,
25771657,0568000,LOUISVILLE METRO POLICE DEPT,Accepted,JEFFERSON,KY2054,,ALGONQUIN,PKWY,,,PACIFIC,,,,,38.224850930,-85.813652808,0.482,10/11/2019 12:00:00 AM,1442,2,2,0,0,CLEAR,WET,False,SIDESWIPE-SAME DIRECTION,SIDESWIPE-SAME DIRECTION,STRAIGHT & LEVEL,DAYLIGHT,,,10/14/2019 8:41:56 AM,False,5002,Accepted,
25784410,0568000,LOUISVILLE METRO POLICE DEPT,Accepted,JEFFERSON,,,13TH,ST,S,KY2054,ALGONQUIN,,,,,38.220955559,-85.777928838,2.177,10/11/2019 12:00:00 AM,1548,2,2,0,0,CLOUDY,WET,False,OTHER INTERSECTION COLLISIONS,REAR END,STRAIGHT & LEVEL,DAYLIGHT,,,10/16/2019 2:03:59 PM,False,5260,Accepted,
25771732,0568000,LOUISVILLE METRO POLICE DEPT,Accepted,JEFFERSON,KY1865,,TAYLOR,BLVD,,I 0264,I264 W EXIT9 OFF RAMP TO KY1865,,,,,38.188942222,-85.783460804,5.696,10/11/2019 12:00:00 AM,2058,2,2,0,0,RAINING,WET,False,OTHER INTERSECTION COLLISIONS,REAR END,STRAIGHT & LEVEL,DARK-HWY LIGHTED/ON,,,10/14/2019 8:49:52 AM,False,7435,Accepted,
25771849,0568000,LOUISVILLE METRO POLICE DEPT,Accepted,JEFFERSON,,,7TH,ST,S,,HILL,,,,,38.226618098,-85.769075315,0.647,10/11/2019 12:00:00 AM,1100,2,2,0,0,CLOUDY,WET,False,OTHER INTERSECTION COLLISIONS,REAR END,STRAIGHT & LEVEL,DAYLIGHT,,,10/14/2019 8:55:57 AM,False,5271,Accepted,
25784460,0568000,LOUISVILLE METRO POLICE DEPT,Accepted,JEFFERSON,KY1932,,BRECKENRIDGE,LN,,,LANDSIDE,,,,,38.200410807,-85.623549707,1.339,10/11/2019 12:00:00 AM,1153,2,2,0,0,RAINING,WET,False,SIDESWIPE-SAME DIRECTION,SIDESWIPE-SAME DIRECTION,STRAIGHT & LEVEL,DAYLIGHT,,,10/16/2019 2:11:03 PM,False,2429,Accepted,
25845258,0568000,LOUISVILLE METRO POLICE DEPT,Accepted,JEFFERSON,US0031E,,BARDSTOWN,RD,,,WEBER,,,,,38.223512743,-85.686843150,13.249,10/11/2019 12:00:00 AM,1240,2,2,0,0,CLEAR,DRY,False,SIDESWIPE-SAME DIRECTION,SIDESWIPE-SAME DIRECTION,STRAIGHT & LEVEL,DAYLIGHT,,,10/28/2019 9:06:07 AM,False,2100,Accepted,
25771588,0568000,LOUISVILLE METRO POLICE DEPT,Accepted,JEFFERSON,,,5TH,ST,S,,GARLAND,,,,,38.240669283,-85.760614612,2.687,10/11/2019 12:00:00 AM,1005,2,2,0,0,RAINING,WET,False,SIDESWIPE-SAME DIRECTION,SIDESWIPE-SAME DIRECTION,STRAIGHT & LEVEL,DAYLIGHT,,,10/14/2019 8:31:50 AM,False,7296,Accepted,
25814418,0568000,LOUISVILLE METRO POLICE DEPT,Accepted,JEFFERSON,KY1703,,NEWBURG,RD,,,BELLARMINE,,,,,38.215609632,-85.704446139,3.636,10/11/2019 12:00:00 AM,1257,3,3,0,0,CLOUDY,WET,False,OTHER INTERSECTION COLLISIONS,REAR END,STRAIGHT & LEVEL,DAYLIGHT,,,10/23/2019 8:25:07 AM,False,7740,Accepted,
25771634,0568000,LOUISVILLE METRO POLICE DEPT,Accepted,JEFFERSON,KY1447,,WESTPORT,RD,,,NORTHUMBERLAND,,,,,38.304869538,-85.521957553,8.160,10/11/2019 12:00:00 AM,1403,3,3,0,0,RAINING,WET,False,OTHER INTERSECTION COLLISIONS,REAR END,STRAIGHT & GRADE,DAYLIGHT,,,10/14/2019 8:38:25 AM,False,7765,Accepted,
25771632,0568000,LOUISVILLE METRO POLICE DEPT,Accepted,JEFFERSON,KY0061,,PRESTON,HWY,,,MUD,,,,,38.092843536,-85.669285906,0.651,10/11/2019 12:00:00 AM,1435,2,2,0,0,RAINING,WET,False,OTHER INTERSECTION COLLISIONS,REAR END,STRAIGHT & LEVEL,DAYLIGHT,,,10/14/2019 8:38:18 AM,False,7989,Accepted,
25761833,0568000,LOUISVILLE METRO POLICE DEPT,Accepted,JEFFERSON,,,JEFFERSON,BLVD,,KY1065,OUTER,,,,,38.138098445,-85.675161747,0.009,10/11/2019 12:00:00 AM,0751,2,2,0,0,CLOUDY,DRY,False,OTHER INTERSECTION COLLISIONS,REAR END,STRAIGHT & LEVEL,DAYLIGHT,,,10/11/2019 10:19:31 AM,False,2547,Accepted,
25771693,0568000,LOUISVILLE METRO POLICE DEPT,Accepted,JEFFERSON,KY0155,,TAYLORSVILLE,RD,,,LOWE,,,,,38.219041186,-85.606872360,12.299,10/11/2019 12:00:00 AM,2053,2,2,0,0,RAINING,WET,False,OTHER INTERSECTION COLLISIONS,REAR END,STRAIGHT & LEVEL,DARK-HWY LIGHTED/ON,,,10/14/2019 8:46:33 AM,False,5207,Accepted,
25771676,0568000,LOUISVILLE METRO POLICE DEPT,Accepted,JEFFERSON,,,ENGLISH STATION,RD,S,KY0148,TAYLORSVILLE,,,,,38.191435090,-85.471867510,0.110,10/11/2019 12:00:00 AM,1622,2,2,0,0,CLOUDY,WET,False,OTHER INTERSECTION COLLISIONS,REAR END,STRAIGHT & LEVEL,DAYLIGHT,,,10/14/2019 8:44:22 AM,False,4693,Accepted,
25771663,0568000,LOUISVILLE METRO POLICE DEPT,Accepted,JEFFERSON,,6017,INNES TRACE,RD,,,,,,,,38.300471524,-85.636088977,0.169,10/11/2019 12:00:00 AM,0821,2,2,0,0,CLEAR,DRY,False,1 VEHICLE PARKED POSITION (NOT PARKING LOT/DRIVEWAY),BACKING,CURVE & LEVEL,DAYLIGHT,,,10/14/2019 8:42:35 AM,False,7751,Accepted,
25771789,0568000,LOUISVILLE METRO POLICE DEPT,Accepted,JEFFERSON,,2128,GRAND,AVE,,,,,,,,38.240245668,-85.789586086,0.211,10/11/2019 12:00:00 AM,1902,2,2,0,0,CLEAR,DRY,True,1 VEHICLE PARKED POSITION (NOT PARKING LOT/DRIVEWAY),SIDESWIPE-SAME DIRECTION,STRAIGHT & LEVEL,DUSK,,,10/14/2019 8:53:08 AM,False,7387,Accepted,