IncidentID,AgencyORI,AgencyName,IncidentStatusDesc,County,RdwyNumber,Street,RoadwayName,StreetSfx,StreetDir,IntersectionRdwy,IntersectionRdwyName,BetweenStRdwy1,BetweenStRdwyName1,BetweenStRdwy2,BetweenStRdwyName2,Latitude,Longitude,Milepoint,CollisionDate,CollisionTime,UnitsInvolved,MotorVehiclesInvolved,NumberKilled,NumberInjured,Weather,RdwyConditionCode,HitandRun,DirAnalysisCode,MannerofCollision,RdwyCharacter,LightCondition,RampFromRdwyId,RampToRdwyId,AcceptedDate,IsSecondaryCollision,OwnerBadge,IncidentStatus,
25771701,0568000,LOUISVILLE METRO POLICE DEPT,Accepted,JEFFERSON,,8120,WATTERSON,TRL,,,,,,,,38.181408680,-85.611093654,0.792,10/11/2019 12:00:00 AM,1020,1,1,0,0,RAINING,WET,False,COLLISION WITH FIXED OBJECT NON - INTERSECTION - FIRST EVENT COLLISION 09 - 32 EXCLUDING 16,SINGLE VEHICLE,CURVE & LEVEL,DARK-HWY LIGHTED/OFF,,,10/14/2019 8:47:14 AM,False,5207,Accepted,
25761831,0568000,LOUISVILLE METRO POLICE DEPT,Accepted,JEFFERSON,,1226,13TH,ST,S,,,,,,,38.242821605,-85.774158910,0.984,10/11/2019 12:00:00 AM,0053,1,1,0,1,CLEAR,DRY,False,COLLISION WITH FIXED OBJECT NON - INTERSECTION - FIRST EVENT COLLISION 09 - 32 EXCLUDING 16,SINGLE VEHICLE,STRAIGHT & LEVEL,DARK-HWY LIGHTED/ON,,,10/11/2019 10:19:11 AM,False,5256,Accepted,
25771806,0568000,LOUISVILLE METRO POLICE DEPT,Accepted,JEFFERSON,US0031W,,DIXIE,HWY,,,FLOWERVALE,,,,,38.085348309,-85.879751182,6.938,10/11/2019 12:00:00 AM,1838,2,2,0,0,RAINING,WET,False,OTHER INTERSECTION COLLISIONS,REAR END,STRAIGHT & LEVEL,DUSK,,,10/14/2019 8:53:27 AM,False,7336,Accepted,
25771677,0568000,LOUISVILLE METRO POLICE DEPT,Accepted,JEFFERSON,KY0061,,PRESTON,HWY,,KY1450,BLUE LICK,,,,,38.133447381,-85.684010499,3.629,10/11/2019 12:00:00 AM,1437,3,3,0,0,CLOUDY,WET,False,OTHER INTERSECTION COLLISIONS,REAR END,STRAIGHT & LEVEL,DAYLIGHT,,,10/14/2019 8:44:27 AM,False,7397,Accepted,
25771681,0568000,LOUISVILLE METRO POLICE DEPT,Accepted,JEFFERSON,,,BLANTON,LN,,,MILLS,,,,,38.154643089,-85.826565833,0.501,10/11/2019 12:00:00 AM,1429,2,2,0,0,RAINING,WET,True,OTHER INTERSECTION COLLISIONS,REAR END,CURVE & HILLCREST,DAYLIGHT,,,10/14/2019 8:45:03 AM,False,7177,Accepted,
25771686,0568000,LOUISVILLE METRO POLICE DEPT,Accepted,JEFFERSON,KY0907,,SOUTHSIDE,DR,,KY1142,PALATKA,,,,,38.148725676,-85.771777667,6.596,10/11/2019 12:00:00 AM,1842,2,2,0,0,CLOUDY,WET,False,OTHER INTERSECTION COLLISIONS,REAR END,STRAIGHT & LEVEL,DARK-HWY LIGHTED/ON,,,10/14/2019 8:45:41 AM,False,7427,Accepted,
25771687,0568000,LOUISVILLE METRO POLICE DEPT,Accepted,JEFFERSON,,,7TH,ST,S,,MAGNOLIA,,,,,38.229745318,-85.767510154,0.879,10/11/2019 12:00:00 AM,1103,2,2,0,0,RAINING,WET,False,OTHER INTERSECTION COLLISIONS,REAR END,STRAIGHT & LEVEL,DAYLIGHT,,,10/14/2019 8:45:48 AM,False,7402,Accepted,
25771728,0568000,LOUISVILLE METRO POLICE DEPT,Accepted,JEFFERSON,KY0864,,FEGENBUSH,LN,,KY1065,OUTER,,,,,38.138559781,-85.615722985,4.388,10/11/2019 12:00:00 AM,2030,2,2,0,0,RAINING,WET,False,OTHER INTERSECTION COLLISIONS,REAR END,CURVE & LEVEL,DARK-HWY LIGHTED/ON,,,10/14/2019 8:49:35 AM,False,5198,Accepted,
25787999,0568000,LOUISVILLE METRO POLICE DEPT,Accepted,JEFFERSON,,,GARDINER,LN,,,ROBARDS,,,,,38.198724140,-85.691614096,0.988,10/11/2019 12:00:00 AM,1446,2,2,0,0,CLOUDY,WET,False,OTHER INTERSECTION COLLISIONS,REAR END,STRAIGHT & LEVEL,DAYLIGHT,,,10/17/2019 8:47:42 AM,False,5290,Accepted,
25771614,0568000,LOUISVILLE METRO POLICE DEPT,Accepted,JEFFERSON,KY1931,,ST ANDREWS CHURCH,RD,,,BLANTON,,,,,38.151886211,-85.819279479,4.412,10/11/2019 12:00:00 AM,1040,2,2,0,0,RAINING,WET,False,OTHER INTERSECTION COLLISIONS,REAR END,STRAIGHT & LEVEL,DAYLIGHT,,,10/14/2019 8:36:11 AM,False,6326,Accepted,
25771619,0568000,LOUISVILLE METRO POLICE DEPT,Accepted,JEFFERSON,,,BERKSHIRE,AVE,,KY1932,BRECKENRIDGE,,,,,38.222446496,-85.632654796,0.002,10/11/2019 12:00:00 AM,1206,2,2,0,0,RAINING,WET,False,OTHER INTERSECTION COLLISIONS,REAR END,STRAIGHT & GRADE,DAYLIGHT,,,10/14/2019 8:36:39 AM,False,7366,Accepted,
25771675,0568000,LOUISVILLE METRO POLICE DEPT,Accepted,JEFFERSON,US0031E,,BARDSTOWN,RD,,KY1065,SEATONVILLE,,,,,38.149942813,-85.587263876,5.560,10/11/2019 12:00:00 AM,1235,2,2,0,1,RAINING,WET,False,ANGLE COLLISION - OTHER,ANGLE,STRAIGHT & LEVEL,DAYLIGHT,,,10/14/2019 8:44:17 AM,False,4693,Accepted,
25771699,0568000,LOUISVILLE METRO POLICE DEPT,Accepted,JEFFERSON,,,GOLDSMITH,LN,,,LEITH,,,,,38.201955970,-85.681484887,0.225,10/11/2019 12:00:00 AM,2150,2,2,0,0,RAINING,WET,False,ANGLE COLLISION - OTHER,ANGLE,STRAIGHT & LEVEL,DARK-HWY LIGHTED/ON,,,10/14/2019 8:47:08 AM,False,7341,Accepted,
25771656,0568000,LOUISVILLE METRO POLICE DEPT,Accepted,JEFFERSON,US0031W,,DIXIE,HWY,,,FLINTLOCK,,,,,38.160012174,-85.832752783,12.732,10/11/2019 12:00:00 AM,1127,2,2,0,0,RAINING,WET,False,ANGLE COLLISION - OTHER,ANGLE,STRAIGHT & LEVEL,DAYLIGHT,,,10/14/2019 8:41:38 AM,False,7356,Accepted,
25784461,0568000,LOUISVILLE METRO POLICE DEPT,Accepted,JEFFERSON,KY1932,,BRECKENRIDGE,LN,,,MANNER DALE,,,,,38.202569142,-85.622399275,1.500,10/11/2019 12:00:00 AM,1301,2,2,0,0,CLOUDY,WET,False,ANGLE COLLISION - OTHER,ANGLE,STRAIGHT & LEVEL,DAYLIGHT,,,10/16/2019 2:11:39 PM,False,2429,Accepted,
25771731,0568000,LOUISVILLE METRO POLICE DEPT,Accepted,JEFFERSON,US0031E,1800,BARDSTOWN,RD,,,ROANOKE,,,,,38.227754576,-85.699981971,14.045,10/11/2019 12:00:00 AM,1915,2,2,0,1,RAINING,WET,False,SIDESWIPE-SAME DIRECTION,SIDESWIPE-SAME DIRECTION,STRAIGHT & LEVEL,DARK-HWY LIGHTED/ON,,,10/14/2019 8:49:48 AM,False,7101,Accepted,
25771689,0568000,LOUISVILLE METRO POLICE DEPT,Accepted,JEFFERSON,KY1020,,NATIONAL,TPKE,,KY1065,OUTER,,,,,38.127031524,-85.748957438,3.666,10/11/2019 12:00:00 AM,1552,2,2,0,0,RAINING,WET,False,SIDESWIPE-SAME DIRECTION,SIDESWIPE-SAME DIRECTION,STRAIGHT & LEVEL,DAYLIGHT,,,10/14/2019 8:46:13 AM,False,7373,Accepted,
25771729,0568000,LOUISVILLE METRO POLICE DEPT,Accepted,JEFFERSON,,,MUD,LN,,,ANTLE,,,,,38.088292367,-85.670027490,0.435,10/11/2019 12:00:00 AM,2200,2,2,0,0,RAINING,WET,False,OPPOSING LEFT TURN,OPPOSING LEFT TURN,STRAIGHT & LEVEL,DARK-HWY NOT LIGHTED,,,10/14/2019 8:49:39 AM,False,5198,Accepted,
25771721,0568000,LOUISVILLE METRO POLICE DEPT,Accepted,JEFFERSON,,,ST ANTHONY CHURCH,RD,,,FORDHAVEN,,,,,38.147511431,-85.819279155,0.258,10/11/2019 12:00:00 AM,2245,2,2,0,1,RAINING,WET,True,OPPOSING LEFT TURN,OPPOSING LEFT TURN,STRAIGHT & GRADE,DARK-HWY LIGHTED/ON,,,10/14/2019 8:48:54 AM,False,7444,Accepted,
25771682,0568000,LOUISVILLE METRO POLICE DEPT,Accepted,JEFFERSON,,,ST ANTHONY CHURCH,RD,,,ST ANTHONY GARDENS,,,,,38.145318396,-85.817306389,0.443,10/11/2019 12:00:00 AM,1742,2,2,0,0,RAINING,WET,False,OPPOSITE DIRECTION - BOTH VEHICLES GOING STRAIGHT AHEAD,SIDESWIPE-OPPOSITE DIRECTION,CURVE & LEVEL,DAYLIGHT,,,10/14/2019 8:45:12 AM,False,7768,Accepted,
25771698,0568000,LOUISVILLE METRO POLICE DEPT,Accepted,JEFFERSON,KY0061,,SHELBY,ST,S,US0060A,EASTERN,,,,,38.214849841,-85.742631442,10.106,10/11/2019 12:00:00 AM,1920,2,2,0,0,CLEAR,DRY,True,VEHICLE BACKING IN INTERSECTION,BACKING,STRAIGHT & GRADE,DARK-HWY LIGHTED/ON,,,10/14/2019 8:47:04 AM,False,7419,Accepted,
25771674,0568000,LOUISVILLE METRO POLICE DEPT,Accepted,JEFFERSON,,,INTERCHANGE,DR,,KY6304,OLD PRESTON,,,,,38.096298962,-85.670744078,0.768,10/11/2019 12:00:00 AM,1452,2,2,0,0,CLOUDY,WET,True,OPPOSING LEFT TURN,OPPOSING LEFT TURN,STRAIGHT & LEVEL,DAYLIGHT,,,10/14/2019 8:44:10 AM,False,4693,Accepted,
25814416,0568000,LOUISVILLE METRO POLICE DEPT,Accepted,JEFFERSON,,,TREVILIAN,WAY,,KY1703,NEWBURG,,,,,38.213582618,-85.701017314,1.737,10/11/2019 12:00:00 AM,1211,2,2,0,0,RAINING,WET,False,OPPOSING LEFT TURN,OPPOSING LEFT TURN,CURVE & LEVEL,DAYLIGHT,,,10/23/2019 8:24:54 AM,False,7740,Accepted,
25771615,0568000,LOUISVILLE METRO POLICE DEPT,Accepted,JEFFERSON,KY1230,,LOWER RIVER,RD,,KY1849,MOORMAN,,,,,38.096035243,-85.893162036,2.464,10/11/2019 12:00:00 AM,0819,2,2,0,3,CLEAR,DRY,False,OPPOSING LEFT TURN,OPPOSING LEFT TURN,STRAIGHT & LEVEL,DAYLIGHT,,,10/14/2019 8:36:17 AM,False,6326,Accepted,
25771722,0568000,LOUISVILLE METRO POLICE DEPT,Accepted,JEFFERSON,US0060A,,EASTERN,PKWY,,,LYDIA,,,,,38.220736804,-85.733189077,5.242,10/11/2019 12:00:00 AM,2153,2,2,0,0,RAINING,WET,False,REAR END - ONE VEHICLE TURNING LEFT,REAR END,CURVE & LEVEL,DARK-HWY LIGHTED/ON,,,10/14/2019 8:48:58 AM,False,5052,Accepted,
25771713,0568000,LOUISVILLE METRO POLICE DEPT,Accepted,JEFFERSON,,,MADISON,ST,W,,26TH,,,,,38.254102518,-85.794386009,1.196,10/11/2019 12:00:00 AM,2136,2,2,0,2,RAINING,WET,True,ANGLE COLLISION - OTHER,ANGLE,STRAIGHT & LEVEL,DARK-HWY NOT LIGHTED,,,10/14/2019 8:48:09 AM,False,7425,Accepted,
25771714,0568000,LOUISVILLE METRO POLICE DEPT,Accepted,JEFFERSON,US0060A,,EASTERN,PKWY,,KY1020,3RD,,,,,38.213731243,-85.762172178,3.416,10/11/2019 12:00:00 AM,2211,2,2,0,0,RAINING,WET,False,ANGLE COLLISION - OTHER,ANGLE,STRAIGHT & LEVEL,DARK-HWY LIGHTED/ON,,,10/14/2019 8:48:15 AM,False,5237,Accepted,
25771688,0568000,LOUISVILLE METRO POLICE DEPT,Accepted,JEFFERSON,,,ASHLAND,AVE,W,KY1865,TAYLOR,,,,,38.186643708,-85.783805016,0.993,10/11/2019 12:00:00 AM,1813,2,2,0,0,RAINING,WET,False,ANGLE COLLISION - OTHER,ANGLE,STRAIGHT & LEVEL,DAYLIGHT,,,10/14/2019 8:45:57 AM,False,7402,Accepted,
25771654,0568000,LOUISVILLE METRO POLICE DEPT,Accepted,JEFFERSON,KY0061,,PRESTON,HWY,,,MINOR,,,,,38.144768539,-85.690225968,4.427,10/11/2019 12:00:00 AM,0825,2,2,0,1,CLOUDY,DRY,False,ANGLE COLLISION - OTHER,ANGLE,STRAIGHT & LEVEL,DAYLIGHT,,,10/14/2019 8:41:29 AM,False,7442,Accepted,
25771661,0568000,LOUISVILLE METRO POLICE DEPT,Accepted,JEFFERSON,,,OMAR KHAYYAM,BLVD,,,JOHNSONTOWN,,,,,38.121568419,-85.869905529,0.001,10/11/2019 12:00:00 AM,0650,2,2,0,0,CLEAR,DRY,False,ANGLE COLLISION - OTHER,ANGLE,STRAIGHT & LEVEL,DARK (UNKNOWN ROADWAY LIGHTING),,,10/14/2019 8:42:22 AM,False,7336,Accepted,
25771630,0568000,LOUISVILLE METRO POLICE DEPT,Accepted,JEFFERSON,KY0864,,FEGENBUSH,LN,,,VAUGHN MILL,,,,,38.144994237,-85.627612409,5.175,10/11/2019 12:00:00 AM,1306,2,2,0,1,CLOUDY,WET,False,ANGLE COLLISION - OTHER,ANGLE,CURVE & LEVEL,DAYLIGHT,,,10/14/2019 8:38:06 AM,False,5284,Accepted,
25771639,0568000,LOUISVILLE METRO POLICE DEPT,Accepted,JEFFERSON,KY1747,,FERN VALLEY,RD,,KY1747,KY1747 CROSSOVER,,,,,38.157392722,-85.695626500,2.018,10/11/2019 12:00:00 AM,1526,2,2,0,0,CLOUDY,DRY,False,ANGLE COLLISION - OTHER,ANGLE,STRAIGHT & LEVEL,DAYLIGHT,,,10/14/2019 8:39:07 AM,False,2324,Accepted,
25998003,0568000,LOUISVILLE METRO POLICE DEPT,Accepted,JEFFERSON,,,BROOK,ST,S,,BLOOM,,,,,38.221374260,-85.756025610,1.163,10/11/2019 12:00:00 AM,0957,2,1,0,0,CLEAR,DRY,False,ANGLE COLLISION - OTHER,ANGLE,STRAIGHT & LEVEL,DAYLIGHT,,,12/2/2019 10:43:49 AM,False,5240,Accepted,
25761834,0568000,LOUISVILLE METRO POLICE DEPT,Accepted,JEFFERSON,,,BICKNELL,AVE,,KY1865,TAYLOR,,,,,38.183104787,-85.783761726,0.286,10/11/2019 12:00:00 AM,0828,2,2,0,0,CLEAR,DRY,False,ANGLE COLLISION - OTHER,ANGLE,STRAIGHT & LEVEL,DAYLIGHT,,,10/11/2019 10:19:47 AM,False,2499,Accepted,
25824775,0568000,LOUISVILLE METRO POLICE DEPT,Accepted,JEFFERSON,,,DENNY CRUM OVERPASS,,,,2ND,,,,,38.204535403,-85.763211614,0.042,10/11/2019 12:00:00 AM,1150,2,2,0,0,RAINING,WET,False,ANGLE COLLISION - OTHER,ANGLE,STRAIGHT & HILLCREST,DAYLIGHT,,,10/25/2019 8:46:09 AM,False,7286,Accepted,
25771622,0568000,LOUISVILLE METRO POLICE DEPT,Accepted,JEFFERSON,KY0864,,FEGENBUSH,LN,,,WATTERSON,,,,,38.138556526,-85.615653672,4.390,10/11/2019 12:00:00 AM,1318,2,2,0,0,CLOUDY,WET,False,ANGLE COLLISION - OTHER,ANGLE,STRAIGHT & LEVEL,DAYLIGHT,,,10/14/2019 8:36:47 AM,False,2547,Accepted,
25771652,0568000,LOUISVILLE METRO POLICE DEPT,Accepted,JEFFERSON,KY1631,,CRITTENDEN,DR,,,SIOUX,,,,,38.192721127,-85.750920632,0.330,10/11/2019 12:00:00 AM,1237,2,2,0,0,CLOUDY,WET,False,ANGLE COLLISION - OTHER,ANGLE,STRAIGHT & LEVEL,DAYLIGHT,,,10/14/2019 8:41:10 AM,False,5286,Accepted,
25771627,0568000,LOUISVILLE METRO POLICE DEPT,Accepted,JEFFERSON,,,7TH,ST,S,,MAGNOLIA,,,,,38.229678830,-85.767532695,0.874,10/11/2019 12:00:00 AM,1230,2,2,0,0,RAINING,WET,False,ANGLE COLLISION - OTHER,ANGLE,STRAIGHT & HILLCREST,DAYLIGHT,,,10/14/2019 8:37:27 AM,False,5245,Accepted,
25788002,0568000,LOUISVILLE METRO POLICE DEPT,Accepted,JEFFERSON,KY1020,,3RD,ST,S,,LIBERTY,,,,,38.252882973,-85.755490258,12.581,10/11/2019 12:00:00 AM,1053,2,2,0,0,CLEAR,DRY,False,COLLISION WITH FIXED OBJECT IN INTERSECTION - FIRST EVENT COLLISION 09 - 32,SIDESWIPE-SAME DIRECTION,STRAIGHT & LEVEL,DARK-HWY LIGHTED/ON,,,10/17/2019 8:49:27 AM,False,5025,Accepted,
25771636,0568000,LOUISVILLE METRO POLICE DEPT,Accepted,JEFFERSON,,,CARROLL,AVE,,,SCHOLAR,,,,,38.185037664,-85.716224583,0.263,10/11/2019 12:00:00 AM,1436,2,2,0,0,RAINING,WET,False,NON-COLLISION OBJECT COLLISION,ANGLE,CURVE & LEVEL,DAYLIGHT,,,10/14/2019 8:38:39 AM,False,2796,Accepted,
25861563,0568000,LOUISVILLE METRO POLICE DEPT,Accepted,JEFFERSON,US0060A,,EASTERN,PKWY,,,CASTLEVALE,,,,,38.225329413,-85.726326282,5.762,10/11/2019 12:00:00 AM,2048,2,2,0,0,RAINING,WET,False,NON-COLLISION OBJECT COLLISION,REAR END,STRAIGHT & LEVEL,DARK-HWY LIGHTED/ON,,,10/31/2019 9:06:14 AM,False,5152,Accepted,
25921849,0568000,LOUISVILLE METRO POLICE DEPT,Accepted,JEFFERSON,US0031E,,BARDSTOWN,RD,,,SPEED,,,,,38.228484223,-85.701066224,14.121,10/11/2019 12:00:00 AM,0824,2,2,0,0,CLEAR,DRY,False,ANGLE COLLISION - ONE VEHICLE TURNING LEFT,ANGLE,STRAIGHT & LEVEL,DAYLIGHT,,,11/14/2019 8:28:41 AM,False,2100,Accepted,
25771685,0568000,LOUISVILLE METRO POLICE DEPT,Accepted,JEFFERSON,US0150,,BROADWAY,,W,US0031W,DR W J HODGE,,,,,38.249164460,-85.786522972,0.825,10/11/2019 12:00:00 AM,1130,2,2,0,0,CLOUDY,WET,False,ANGLE COLLISION - ONE VEHICLE TURNING LEFT,ANGLE,STRAIGHT & LEVEL,DAYLIGHT,,,10/14/2019 8:45:34 AM,False,7463,Accepted,
25761662,0568000,LOUISVILLE METRO POLICE DEPT,Accepted,JEFFERSON,,,JEFFERSON,ST,W,US0031W,22ND,,,,,38.257141372,-85.786844290,1.907,10/10/2019 12:00:00 AM,0655,2,2,0,1,CLEAR,DRY,False,ANGLE COLLISION - ONE VEHICLE TURNING RIGHT,ANGLE,STRAIGHT & LEVEL,DAWN,,,10/11/2019 10:04:18 AM,False,5249,Accepted,
25761665,0568000,LOUISVILLE METRO POLICE DEPT,Accepted,JEFFERSON,US0042,,BROWNSBORO,RD,,,KENILWORTH,,,,,38.259629786,-85.709083959,1.442,10/10/2019 12:00:00 AM,1128,2,2,0,0,CLEAR,DRY,False,ANGLE COLLISION - ONE VEHICLE TURNING RIGHT,ANGLE,STRAIGHT & LEVEL,DAYLIGHT,,,10/11/2019 10:04:46 AM,False,7028,Accepted,
25761985,0560300,ST. MATTHEWS POLICE DEPARTMENT,Accepted,JEFFERSON,I 0264,,I264 E,,,I 0064,I64 W,,,,,38.238165159,-85.623047843,18.932,10/10/2019 12:00:00 AM,1712,1,1,0,0,CLEAR,DRY,False,NON-COLLISION OBJECT COLLISION,SINGLE VEHICLE,STRAIGHT & LEVEL,DAYLIGHT,,,10/11/2019 10:31:53 AM,False,9192,Accepted,
25761687,0568000,LOUISVILLE METRO POLICE DEPT,Accepted,JEFFERSON,,,CARDINAL,BLVD,W,KY1020,3RD,,,,,38.220553103,-85.761177356,0.181,10/10/2019 12:00:00 AM,1422,2,1,0,1,CLEAR,DRY,False,COLLISION WITH BICYCLE IN INTERSECTION,SINGLE VEHICLE,STRAIGHT & LEVEL,DAYLIGHT,,,10/11/2019 10:08:08 AM,False,7433,Accepted,
25761659,0568000,LOUISVILLE METRO POLICE DEPT,Accepted,JEFFERSON,KY1065,,OUTER,LOOP,,,SHEPHERDSVILLE,,,,,38.138950711,-85.657606038,7.657,10/10/2019 12:00:00 AM,0735,4,4,0,4,CLEAR,DRY,False,ANGLE COLLISION - OTHER,ANGLE,STRAIGHT & LEVEL,DAWN,,,10/11/2019 10:04:01 AM,False,2017,Accepted,
25761712,0568000,LOUISVILLE METRO POLICE DEPT,Accepted,JEFFERSON,KY0061,,PRESTON,HWY,,,OLD FERN VALLEY,,,,,38.154995400,-85.695933412,5.198,10/10/2019 12:00:00 AM,1232,2,2,0,2,CLOUDY,DRY,False,ANGLE COLLISION - OTHER,ANGLE,STRAIGHT & LEVEL,DAYLIGHT,,,10/11/2019 10:11:54 AM,False,4693,Accepted,
25774252,0568000,LOUISVILLE METRO POLICE DEPT,Accepted,JEFFERSON,,,MUHAMMAD ALI,BLVD,W,,10TH,,,,,38.252342425,-85.768549915,0.880,10/10/2019 12:00:00 AM,1103,2,2,0,0,CLEAR,DRY,False,ANGLE COLLISION - OTHER,ANGLE,STRAIGHT & LEVEL,DAYLIGHT,,,10/14/2019 3:06:18 PM,False,5168,Accepted,
25774279,0568000,LOUISVILLE METRO POLICE DEPT,Accepted,JEFFERSON,KY3082,,BANK,ST,,,25TH,,,,,38.268344400,-85.788283426,1.231,10/10/2019 12:00:00 AM,1400,2,2,0,0,CLEAR,DRY,False,ANGLE COLLISION - OTHER,ANGLE,STRAIGHT & LEVEL,DAYLIGHT,,,10/14/2019 3:09:14 PM,False,5249,Accepted,
25761714,0568000,LOUISVILLE METRO POLICE DEPT,Accepted,JEFFERSON,KY1065,,OUTER,LOOP,,I 0065,I65 S EXIT127 ON RAMP FROM KY1065,,,,,38.136947548,-85.709438890,4.783,10/10/2019 12:00:00 AM,1443,2,2,0,0,CLOUDY,DRY,False,OPPOSING LEFT TURN,OPPOSING LEFT TURN,STRAIGHT & HILLCREST,DAYLIGHT,,,10/11/2019 10:12:19 AM,False,4693,Accepted,
25761707,0568000,LOUISVILLE METRO POLICE DEPT,Accepted,JEFFERSON,KY1727,,TERRY,RD,,,NOAH,,,,,38.160067242,-85.866990272,2.690,10/10/2019 12:00:00 AM,1645,2,2,0,0,CLEAR,DRY,False,REAR END - ONE VEHICLE TURNING RIGHT,REAR END,STRAIGHT & LEVEL,DAYLIGHT,,,10/11/2019 10:11:10 AM,False,7339,Accepted,
25761825,0568000,LOUISVILLE METRO POLICE DEPT,Accepted,JEFFERSON,KY0061,,PRESTON,HWY,,I 0065,I65 N EXIT130 OFF RAMP TO KY61,,,,,38.178794473,-85.717106032,7.244,10/10/2019 12:00:00 AM,2230,2,2,0,0,CLEAR,DRY,False,OPPOSING LEFT TURN,OPPOSING LEFT TURN,STRAIGHT & LEVEL,DARK-HWY NOT LIGHTED,,,10/11/2019 10:18:50 AM,False,5165,Accepted,
25777655,0568000,LOUISVILLE METRO POLICE DEPT,Accepted,JEFFERSON,,,MUD,LN,,,ANTLE,,,,,38.087808033,-85.671241255,0.512,10/10/2019 12:00:00 AM,1955,2,2,0,0,CLEAR,DRY,True,OPPOSITE DIRECTION - BOTH VEHICLES GOING STRAIGHT AHEAD,SIDESWIPE-OPPOSITE DIRECTION,STRAIGHT & LEVEL,DARK-HWY LIGHTED/ON,,,10/15/2019 8:42:25 AM,False,7829,Accepted,
25782916,0568000,LOUISVILLE METRO POLICE DEPT,Accepted,JEFFERSON,I 0065,,I65 N,,,I 0065,I65 N EXIT130 OFF RAMP TO KY61,,,,,38.173245740,-85.720086190,129.389,10/10/2019 12:00:00 AM,1747,2,2,0,0,CLEAR,DRY,False,SIDESWIPE-SAME DIRECTION,SIDESWIPE-SAME DIRECTION,STRAIGHT & LEVEL,DAYLIGHT,,,10/16/2019 8:33:51 AM,False,7319,Accepted,
25771953,0568000,LOUISVILLE METRO POLICE DEPT,Accepted,JEFFERSON,KY0146,,LA GRANGE,RD,,,CHAMBERLAIN,,,,,38.289446879,-85.512456027,7.560,10/10/2019 12:00:00 AM,0930,2,2,0,0,CLEAR,DRY,False,SIDESWIPE-SAME DIRECTION,SIDESWIPE-SAME DIRECTION,STRAIGHT & LEVEL,DAYLIGHT,,,10/14/2019 8:59:08 AM,False,7858,Accepted,
25876682,0568000,LOUISVILLE METRO POLICE DEPT,Accepted,JEFFERSON,US0031W,,DIXIE,HWY,,,HARDESTY,,,,,38.216792042,-85.795218124,17.147,10/10/2019 12:00:00 AM,1750,2,2,0,0,CLOUDY,DRY,False,SIDESWIPE-SAME DIRECTION,SIDESWIPE-SAME DIRECTION,STRAIGHT & LEVEL,DAYLIGHT,,,11/4/2019 10:11:54 AM,False,2569,Accepted,
25777556,0568000,LOUISVILLE METRO POLICE DEPT,Accepted,JEFFERSON,,,26TH,ST,N,,MAIN,,,,,38.260718790,-85.793575388,0.001,10/10/2019 12:00:00 AM,1150,2,2,0,0,CLEAR,DRY,False,ANGLE COLLISION - OTHER,ANGLE,STRAIGHT & LEVEL,DAYLIGHT,,,10/15/2019 8:29:00 AM,False,7405,Accepted,
25761739,0568000,LOUISVILLE METRO POLICE DEPT,Accepted,JEFFERSON,,,GAULBERT,AVE,W,,25TH,,,,,38.229061467,-85.797421526,1.054,10/10/2019 12:00:00 AM,1113,3,3,0,0,CLEAR,DRY,True,ANGLE COLLISION - OTHER,ANGLE,STRAIGHT & LEVEL,DAYLIGHT,,,10/11/2019 10:14:39 AM,False,7420,Accepted,
25761819,0568000,LOUISVILLE METRO POLICE DEPT,Accepted,JEFFERSON,KY1142,,PALATKA,RD,,,VENETIAN,,,,,38.154095334,-85.796985443,0.288,10/10/2019 12:00:00 AM,2113,2,2,0,0,CLEAR,DRY,False,OTHER INTERSECTION COLLISIONS,REAR END,CURVE & GRADE,DARK-HWY LIGHTED/OFF,,,10/11/2019 10:18:22 AM,False,7436,Accepted,
25761742,0568000,LOUISVILLE METRO POLICE DEPT,Accepted,JEFFERSON,KY1934,,CANE RUN,RD,,KY2051,LEES,,,,,38.184075041,-85.855307242,7.741,10/10/2019 12:00:00 AM,1505,2,2,0,0,CLEAR,DRY,False,OTHER INTERSECTION COLLISIONS,REAR END,STRAIGHT & LEVEL,DAYLIGHT,,,10/11/2019 10:14:55 AM,False,7420,Accepted,
25761786,0568000,LOUISVILLE METRO POLICE DEPT,Accepted,JEFFERSON,,,SIX MILE,LN,,KY1747,HURSTBOURNE,,,,,38.198579114,-85.603238032,2.855,10/10/2019 12:00:00 AM,1642,2,2,0,0,CLOUDY,DRY,False,OTHER INTERSECTION COLLISIONS,REAR END,STRAIGHT & GRADE,DAYLIGHT,,,10/11/2019 10:17:06 AM,False,7294,Accepted,
25761809,0568000,LOUISVILLE METRO POLICE DEPT,Accepted,JEFFERSON,US0031E,,BARDSTOWN,RD,,,COLONEL HANCOCK,,,,,38.130451463,-85.577420277,4.085,10/10/2019 12:00:00 AM,1937,2,2,0,0,CLEAR,DRY,False,OTHER INTERSECTION COLLISIONS,REAR END,CURVE & LEVEL,DARK-HWY NOT LIGHTED,,,10/11/2019 10:17:40 AM,False,6028,Accepted,
25771955,0568000,LOUISVILLE METRO POLICE DEPT,Accepted,JEFFERSON,KY0146,,LA GRANGE,RD,,I 0265,I265 S EXIT30 ON RAMP FROM KY146,,,,,38.282943044,-85.514824854,7.110,10/10/2019 12:00:00 AM,1519,2,2,0,0,CLEAR,DRY,False,OTHER INTERSECTION COLLISIONS,REAR END,STRAIGHT & LEVEL,DAYLIGHT,,,10/14/2019 8:59:17 AM,False,7858,Accepted,