IncidentID,AgencyORI,AgencyName,IncidentStatusDesc,County,RdwyNumber,Street,RoadwayName,StreetSfx,StreetDir,IntersectionRdwy,IntersectionRdwyName,BetweenStRdwy1,BetweenStRdwyName1,BetweenStRdwy2,BetweenStRdwyName2,Latitude,Longitude,Milepoint,CollisionDate,CollisionTime,UnitsInvolved,MotorVehiclesInvolved,NumberKilled,NumberInjured,Weather,RdwyConditionCode,HitandRun,DirAnalysisCode,MannerofCollision,RdwyCharacter,LightCondition,RampFromRdwyId,RampToRdwyId,AcceptedDate,IsSecondaryCollision,OwnerBadge,IncidentStatus,
25782891,0568000,LOUISVILLE METRO POLICE DEPT,Accepted,JEFFERSON,KY1020,,NATIONAL,TPKE,,,GLENGARRY,,,,,38.123378963,-85.748520454,3.433,10/10/2019 12:00:00 AM,1555,2,2,0,0,CLEAR,DRY,False,OTHER INTERSECTION COLLISIONS,REAR END,STRAIGHT & LEVEL,DAYLIGHT,,,10/16/2019 8:26:34 AM,False,7080,Accepted,
25804732,0568000,LOUISVILLE METRO POLICE DEPT,Accepted,JEFFERSON,KY1934,4150,CANE RUN,RD,,,,,,,,38.202323940,-85.833587565,9.478,10/10/2019 12:00:00 AM,0654,2,1,0,1,CLEAR,DRY,False,COLLISION WITH PEDESTRIAN NON - INTERSECTION,SINGLE VEHICLE,STRAIGHT & LEVEL,DARK-HWY LIGHTED/ON,,,10/21/2019 11:56:36 AM,False,7476,Accepted,
25804498,0568000,LOUISVILLE METRO POLICE DEPT,Accepted,JEFFERSON,KY0841,,GENE SNYDER,FWY,,,,,PARK,KY0841,KY841 CROSSOVER,38.115979094,-85.729145912,8.702,10/10/2019 12:00:00 AM,0250,1,1,0,0,CLEAR,DRY,False,COLLISION WITH ANIMAL NON INTERSECTION,SINGLE VEHICLE,STRAIGHT & LEVEL,DARK-HWY NOT LIGHTED,,,10/21/2019 11:34:43 AM,False,6360,Accepted,
25761746,0568000,LOUISVILLE METRO POLICE DEPT,Accepted,JEFFERSON,KY2054,,ALGONQUIN,PKWY,,,DIXIE,,,,,38.223074005,-85.791597106,1.690,10/10/2019 12:00:00 AM,1150,2,2,0,0,CLEAR,DRY,False,OTHER INTERSECTION COLLISIONS,REAR END,STRAIGHT & LEVEL,DAYLIGHT,,,10/11/2019 10:15:08 AM,False,5132,Accepted,
25761719,0568000,LOUISVILLE METRO POLICE DEPT,Accepted,JEFFERSON,KY1865,,NEW CUT,RD,,,KENWOOD,,,,,38.162039722,-85.779298414,3.804,10/10/2019 12:00:00 AM,1731,2,2,0,0,CLEAR,DRY,False,OTHER INTERSECTION COLLISIONS,REAR END,STRAIGHT & LEVEL,DAYLIGHT,,,10/11/2019 10:13:05 AM,False,7139,Accepted,
25761745,0568000,LOUISVILLE METRO POLICE DEPT,Accepted,JEFFERSON,US0031E,,BARDSTOWN,RD,,,SPEED,,,,,38.228453095,-85.701053494,14.123,10/10/2019 12:00:00 AM,1611,2,2,0,0,CLEAR,DRY,True,SIDESWIPE-SAME DIRECTION,SIDESWIPE-SAME DIRECTION,STRAIGHT & LEVEL,DAYLIGHT,,,10/11/2019 10:15:05 AM,False,7960,Accepted,
25761690,0568000,LOUISVILLE METRO POLICE DEPT,Accepted,JEFFERSON,KY1703,,NEWBURG,RD,,,BISHOP,,,,,38.200806769,-85.686173385,2.138,10/10/2019 12:00:00 AM,1558,2,2,0,0,CLEAR,DRY,False,SIDESWIPE-SAME DIRECTION,SIDESWIPE-SAME DIRECTION,STRAIGHT & LEVEL,DAYLIGHT,,,10/11/2019 10:08:59 AM,False,2532,Accepted,
25771951,0568000,LOUISVILLE METRO POLICE DEPT,Accepted,JEFFERSON,KY1747,,HURSTBOURNE,PKWY,N,KY0022,BROWNSBORO,,,,,38.305149927,-85.577549679,18.424,10/10/2019 12:00:00 AM,0839,2,2,0,0,CLEAR,DRY,False,OTHER INTERSECTION COLLISIONS,REAR END,STRAIGHT & LEVEL,DAYLIGHT,,,10/14/2019 8:59:01 AM,False,7858,Accepted,
25774250,0568000,LOUISVILLE METRO POLICE DEPT,Accepted,JEFFERSON,I 0264,,I264 E,,,US0031E,BARDSTOWN,,,,,38.211035101,-85.671231953,15.666,10/10/2019 12:00:00 AM,0733,2,2,0,0,CLEAR,DRY,False,OTHER INTERSECTION COLLISIONS,REAR END,STRAIGHT & LEVEL,DAYLIGHT,,,10/14/2019 3:05:56 PM,False,5285,Accepted,
25761722,0568000,LOUISVILLE METRO POLICE DEPT,Accepted,JEFFERSON,,,STRAWBERRY,LN,,,TECHNOLOGY SOUTH,,,,,38.169604891,-85.751800033,1.102,10/10/2019 12:00:00 AM,1428,2,2,0,0,CLEAR,DRY,False,SIDESWIPE-SAME DIRECTION,SIDESWIPE-SAME DIRECTION,STRAIGHT & LEVEL,DAYLIGHT,,,10/11/2019 10:13:19 AM,False,5213,Accepted,
25761732,0568000,LOUISVILLE METRO POLICE DEPT,Accepted,JEFFERSON,I 0065,,I65 N,,,I 0065,I65 N EXIT134 ON RAMP FROM US61,,,,,38.224471480,-85.751013487,133.772,10/10/2019 12:00:00 AM,1707,2,2,0,0,CLEAR,DRY,True,SIDESWIPE-SAME DIRECTION,SIDESWIPE-SAME DIRECTION,CURVE & GRADE,DAYLIGHT,,,10/11/2019 10:13:44 AM,False,7407,Accepted,
25756366,0568000,LOUISVILLE METRO POLICE DEPT,Accepted,JEFFERSON,KY0841,,GENE SNYDER,FWY,,KY2055,MANSLICK,,,,,38.117287309,-85.787428310,5.451,10/10/2019 12:00:00 AM,0535,2,2,0,0,CLEAR,DRY,False,SIDESWIPE-SAME DIRECTION,SIDESWIPE-SAME DIRECTION,STRAIGHT & LEVEL,DARK-HWY LIGHTED/ON,,,10/10/2019 9:51:50 AM,False,5220,Accepted,
25756407,0568000,LOUISVILLE METRO POLICE DEPT,Accepted,JEFFERSON,,,JEFFERSON,ST,E,,,,1ST,,BROOK,38.253217472,-85.751383840,1.014,10/10/2019 12:00:00 AM,0815,2,2,0,0,CLEAR,DRY,False,SIDESWIPE COLLISION - SAME DIRECTION,SIDESWIPE-SAME DIRECTION,STRAIGHT & LEVEL,DAYLIGHT,,,10/10/2019 9:59:19 AM,False,2403,Accepted,
25761832,0568000,LOUISVILLE METRO POLICE DEPT,Accepted,JEFFERSON,I 0065,,I65 N,,,,,,,,,38.174807083,-85.719559031,129.502,10/10/2019 12:00:00 AM,1247,2,2,0,0,CLEAR,DRY,False,SIDESWIPE COLLISION - SAME DIRECTION,SIDESWIPE-SAME DIRECTION,STRAIGHT & LEVEL,DAYLIGHT,,,10/11/2019 10:19:25 AM,False,4903,Accepted,
25771603,0568000,LOUISVILLE METRO POLICE DEPT,Accepted,JEFFERSON,I 0065,,I65 S,,,,,,,,,38.225897157,-85.751574522,133.859,10/10/2019 12:00:00 AM,1540,2,2,0,0,CLEAR,DRY,True,SIDESWIPE COLLISION - SAME DIRECTION,SIDESWIPE-SAME DIRECTION,CURVE & LEVEL,DAYLIGHT,,,10/14/2019 8:33:43 AM,False,8278,Accepted,
25761843,0568000,LOUISVILLE METRO POLICE DEPT,Accepted,JEFFERSON,,400BLK,ST CATHERINE,ST,E,,,,,,,38.235458135,-85.748386992,0.925,10/10/2019 12:00:00 AM,1537,2,2,0,0,CLEAR,DRY,False,SIDESWIPE COLLISION - SAME DIRECTION,SIDESWIPE-SAME DIRECTION,CURVE & GRADE,DAYLIGHT,,,10/11/2019 10:21:13 AM,False,7391,Accepted,
25761692,0568000,LOUISVILLE METRO POLICE DEPT,Accepted,JEFFERSON,US0031W,15700B,DIXIE,HWY,,,,,,,,38.037149288,-85.909007979,3.143,10/10/2019 12:00:00 AM,1525,4,4,0,0,CLEAR,DRY,True,SIDESWIPE COLLISION - SAME DIRECTION,SIDESWIPE-SAME DIRECTION,CURVE & GRADE,DAYLIGHT,,,10/11/2019 10:09:37 AM,False,7144,Accepted,
25761664,0568000,LOUISVILLE METRO POLICE DEPT,Accepted,JEFFERSON,,933,MARY,ST,,,,,,,,38.234052356,-85.738461402,0.263,10/10/2019 12:00:00 AM,0715,2,2,0,0,CLEAR,DRY,True,1 VEHICLE PARKED POSITION (NOT PARKING LOT/DRIVEWAY),,STRAIGHT & LEVEL,UNKNOWN,,,10/11/2019 10:04:38 AM,False,7391,Accepted,
25761826,0568000,LOUISVILLE METRO POLICE DEPT,Accepted,JEFFERSON,,2032,LYTLE,ST,,,,,20TH,US0150,22ND,38.266313515,-85.781511730,0.539,10/10/2019 12:00:00 AM,2134,2,2,0,0,CLEAR,DRY,False,1 VEHICLE PARKED POSITION (NOT PARKING LOT/DRIVEWAY),HEAD ON,STRAIGHT & LEVEL,DARK-HWY LIGHTED/ON,,,10/11/2019 10:18:54 AM,False,5021,Accepted,
25761718,0568000,LOUISVILLE METRO POLICE DEPT,Accepted,JEFFERSON,,222,1ST,ST,S,,,US0031E,MARKET,,JEFFERSON,38.254026638,-85.751939550,0.143,10/10/2019 12:00:00 AM,1645,2,2,0,0,CLEAR,DRY,False,1 VEHICLE PARKED POSITION (NOT PARKING LOT/DRIVEWAY),SIDESWIPE-SAME DIRECTION,STRAIGHT & LEVEL,DAYLIGHT,,,10/11/2019 10:12:57 AM,False,6907,Accepted,
25761720,0568000,LOUISVILLE METRO POLICE DEPT,Accepted,JEFFERSON,,1416,CASTLEWOOD,AVE,,,,,,,,38.230760405,-85.720121521,0.212,10/10/2019 12:00:00 AM,1640,2,2,0,0,CLOUDY,DRY,False,1 VEHICLE PARKED POSITION (NOT PARKING LOT/DRIVEWAY),REAR END,CURVE & LEVEL,DAYLIGHT,,,10/11/2019 10:13:16 AM,False,7570,Accepted,
25788756,0568000,LOUISVILLE METRO POLICE DEPT,Accepted,JEFFERSON,,933,MARY,ST,,,,,,,,38.234138380,-85.738903851,0.287,10/10/2019 12:00:00 AM,1022,3,1,0,0,CLEAR,DRY,False,1 VEHICLE PARKED POSITION (NOT PARKING LOT/DRIVEWAY),SIDESWIPE-SAME DIRECTION,STRAIGHT & LEVEL,DAYLIGHT,,,10/17/2019 10:40:22 AM,False,7407,Accepted,
25761710,0568000,LOUISVILLE METRO POLICE DEPT,Accepted,JEFFERSON,I 0065,,I65 S,,,,,I 0065,I65 S EXIT134 ON RAMP FROM  MAGNOLIA AVE,I 0065,I65 S EXIT134 OFF RAMP TO  ARTHUR ST,38.226138759,-85.751656940,133.876,10/10/2019 12:00:00 AM,1340,2,2,0,0,CLEAR,DRY,False,REAR END IN TRAFFIC LANES BOTH VEHICLES MOVING,REAR END,STRAIGHT & LEVEL,DAYLIGHT,,,10/11/2019 10:11:18 AM,False,5269,Accepted,
25761728,0568000,LOUISVILLE METRO POLICE DEPT,Accepted,JEFFERSON,I 0264,,I264 E,,,,,,,,,38.189358633,-85.781603305,9.237,10/10/2019 12:00:00 AM,1622,2,2,0,0,CLOUDY,DRY,False,REAR END IN TRAFFIC LANES BOTH VEHICLES MOVING,REAR END,CURVE & GRADE,DAYLIGHT,,,10/11/2019 10:13:33 AM,False,7944,Accepted,
25761711,0568000,LOUISVILLE METRO POLICE DEPT,Accepted,JEFFERSON,KY0864,,POPLAR LEVEL,RD,,,,I 0264,I264 E EXIT14 ON RAMP FROM KY864 S,I 0264,I264 W EXIT14 OFF RAMP TO KY864 S,38.194940404,-85.707376845,11.277,10/10/2019 12:00:00 AM,1720,2,2,0,0,CLEAR,DRY,False,REAR END IN TRAFFIC LANES BOTH VEHICLES MOVING,REAR END,STRAIGHT & GRADE,DAYLIGHT,,,10/11/2019 10:11:38 AM,False,7830,Accepted,
25761734,0568000,LOUISVILLE METRO POLICE DEPT,Accepted,JEFFERSON,I 0064,,I64 E,,,,,,,,,38.229030364,-85.596865048,14.000,10/10/2019 12:00:00 AM,1640,2,2,0,1,CLEAR,DRY,False,REAR END IN TRAFFIC LANES BOTH VEHICLES MOVING,REAR END,STRAIGHT & HILLCREST,DAYLIGHT,,,10/11/2019 10:13:54 AM,False,2217,Accepted,
25756410,0568000,LOUISVILLE METRO POLICE DEPT,Accepted,JEFFERSON,I 0065,,I65 S,,,,,,,,,38.252423341,-85.746188156,135.907,10/10/2019 12:00:00 AM,0740,2,2,0,0,CLEAR,DRY,False,REAR END IN TRAFFIC LANES BOTH VEHICLES MOVING,REAR END,CURVE & LEVEL,DAYLIGHT,,,10/10/2019 9:59:31 AM,False,4903,Accepted,
25756411,0568000,LOUISVILLE METRO POLICE DEPT,Accepted,JEFFERSON,I 0065,,I65 N,,,,,,,,,38.203379065,-85.738462515,131.789,10/10/2019 12:00:00 AM,0826,2,2,0,0,CLEAR,DRY,False,REAR END IN TRAFFIC LANES BOTH VEHICLES MOVING,REAR END,STRAIGHT & LEVEL,DAYLIGHT,,,10/10/2019 9:59:49 AM,False,4903,Accepted,
25756355,0568000,LOUISVILLE METRO POLICE DEPT,Accepted,JEFFERSON,US0031E,,BARDSTOWN,RD,,,,,LONG HOME,,FAIRMOUNT,38.121180140,-85.572287308,3.393,10/10/2019 12:00:00 AM,0429,2,2,0,0,CLOUDY,DRY,False,REAR END IN TRAFFIC LANES BOTH VEHICLES MOVING,REAR END,STRAIGHT & LEVEL,DARK-HWY LIGHTED/OFF,,,10/10/2019 9:50:34 AM,False,6977,Accepted,
25771952,0568000,LOUISVILLE METRO POLICE DEPT,Accepted,JEFFERSON,KY1447,,WESTPORT,RD,,,,,,,,38.288431540,-85.570406453,5.341,10/10/2019 12:00:00 AM,0930,2,2,0,0,CLEAR,DRY,False,REAR END IN TRAFFIC LANES BOTH VEHICLES MOVING,REAR END,STRAIGHT & LEVEL,DAYLIGHT,,,10/14/2019 8:59:04 AM,False,7858,Accepted,
25771950,0568000,LOUISVILLE METRO POLICE DEPT,Accepted,JEFFERSON,,,MURPHY,LN,,,,,,,,38.312077293,-85.539832454,0.798,10/10/2019 12:00:00 AM,0750,2,2,0,0,CLEAR,DRY,False,REAR END IN TRAFFIC LANES BOTH VEHICLES MOVING,REAR END,STRAIGHT & LEVEL,DAYLIGHT,,,10/14/2019 8:58:57 AM,False,7858,Accepted,
25761689,0568000,LOUISVILLE METRO POLICE DEPT,Accepted,JEFFERSON,US0031,,CLARK MEMORIAL,BRG,,,,,,,,38.259352887,-85.752630822,0.218,10/10/2019 12:00:00 AM,1157,2,2,0,0,CLEAR,DRY,False,REAR END IN TRAFFIC LANES BOTH VEHICLES MOVING,REAR END,STRAIGHT & LEVEL,DAYLIGHT,,,10/11/2019 10:08:49 AM,False,7386,Accepted,
25756500,0568000,LOUISVILLE METRO POLICE DEPT,Accepted,JEFFERSON,US0060,8015,SHELBYVILLE,RD,,,,,WHIPPS MILL,,CHRISTIAN,38.248652382,-85.604473534,6.348,10/10/2019 12:00:00 AM,0856,2,2,0,0,CLOUDY,DRY,False,REAR END IN TRAFFIC LANES BOTH VEHICLES MOVING,REAR END,STRAIGHT & LEVEL,DAYLIGHT,,,10/10/2019 10:16:57 AM,False,6456,Accepted,
25761748,0568000,LOUISVILLE METRO POLICE DEPT,Accepted,JEFFERSON,US0031W,,DR W J HODGE,ST,,,,,,,,38.238252566,-85.788491781,18.902,10/10/2019 12:00:00 AM,1254,2,2,0,0,CLEAR,DRY,False,1 VEHICLE ENTERING/LEAVING ENTRANCE,ANGLE,STRAIGHT & LEVEL,DAYLIGHT,,,10/11/2019 10:15:59 AM,False,5114,Accepted,
25777564,0568000,LOUISVILLE METRO POLICE DEPT,Accepted,JEFFERSON,,,PHILLIPS,LN,,,,KY0061,PRESTON,,MONARCH,38.197481790,-85.731988996,1.253,10/10/2019 12:00:00 AM,1348,2,2,0,0,CLEAR,DRY,False,1 VEHICLE ENTERING/LEAVING ENTRANCE,ANGLE,STRAIGHT & LEVEL,DAYLIGHT,,,10/15/2019 8:30:44 AM,False,7938,Accepted,
25761667,0568000,LOUISVILLE METRO POLICE DEPT,Accepted,JEFFERSON,KY1747,,HURSTBOURNE,PKWY,N,,,,EDEN,US0060,SHELBYVILLE,38.247397856,-85.577321119,13.578,10/10/2019 12:00:00 AM,1237,2,2,0,0,CLEAR,DRY,False,1 VEHICLE ENTERING/LEAVING ENTRANCE,ANGLE,STRAIGHT & LEVEL,DAYLIGHT,,,10/11/2019 10:04:54 AM,False,7337,Accepted,
25761677,0568000,LOUISVILLE METRO POLICE DEPT,Accepted,JEFFERSON,,,ZORN,AVE,,,,,,,,38.274349460,-85.696990244,1.517,10/10/2019 12:00:00 AM,1145,2,2,0,0,CLEAR,DRY,False,1 VEHICLE ENTERING/LEAVING ENTRANCE,ANGLE,STRAIGHT & LEVEL,DAYLIGHT,,,10/11/2019 10:05:47 AM,False,7068,Accepted,
25761694,0568000,LOUISVILLE METRO POLICE DEPT,Accepted,JEFFERSON,KY2055,,MT HOLLY,RD,,,,,FAIRDALE,,MORGAN,38.104952912,-85.758670479,1.366,10/10/2019 12:00:00 AM,1535,2,2,0,0,CLEAR,DRY,True,1 VEHICLE ENTERING/LEAVING ENTRANCE,ANGLE,STRAIGHT & LEVEL,DAYLIGHT,,,10/11/2019 10:10:02 AM,False,7202,Accepted,
25771822,0568000,LOUISVILLE METRO POLICE DEPT,Accepted,JEFFERSON,KY2051,,LEES,LN,,,,,,,,38.184352752,-85.855871046,2.026,10/10/2019 12:00:00 AM,1624,2,2,0,0,CLEAR,DRY,True,OTHER ROADWAY OR MID-BLOCK COLLISION,REAR END,STRAIGHT & LEVEL,DAYLIGHT,,,10/14/2019 8:54:06 AM,False,7346,Accepted,
25761717,0568000,LOUISVILLE METRO POLICE DEPT,Accepted,JEFFERSON,,,GLASER,LN,,,,,,,,38.143683779,-85.601170071,1.311,10/10/2019 12:00:00 AM,1511,2,2,0,0,CLOUDY,DRY,False,SIDESWIPE COLLISION - OPPOSITE DIRECTION,SIDESWIPE-OPPOSITE DIRECTION,CURVE & LEVEL,DAYLIGHT,,,10/11/2019 10:12:45 AM,False,4693,Accepted,
25771648,0568000,LOUISVILLE METRO POLICE DEPT,Accepted,JEFFERSON,I 0065,,I65 N,,,,,,,,,38.239680980,-85.753019803,134.840,10/10/2019 12:00:00 AM,0852,2,2,0,0,CLOUDY,DRY,False,OTHER ROADWAY OR MID-BLOCK COLLISION,REAR END,STRAIGHT & LEVEL,DAYLIGHT,,,10/14/2019 8:40:41 AM,False,4656,Accepted,
25761697,0568000,LOUISVILLE METRO POLICE DEPT,Accepted,JEFFERSON,KY2052,,SHEPHERDSVILLE,RD,,,,,,,,38.164051118,-85.659885967,1.755,10/10/2019 12:00:00 AM,1644,2,2,0,0,CLEAR,DRY,False,OTHER ROADWAY OR MID-BLOCK COLLISION,REAR END,STRAIGHT & LEVEL,DAYLIGHT,,,10/11/2019 10:10:31 AM,False,7497,Accepted,
25761762,0568000,LOUISVILLE METRO POLICE DEPT,Accepted,JEFFERSON,KY0841,,GENE SNYDER,FWY,,,,,,,,38.115042479,-85.793337045,5.077,10/10/2019 12:00:00 AM,1310,1,1,0,0,CLEAR,DRY,False,OTHER ROADWAY OR MID-BLOCK COLLISION,SINGLE VEHICLE,STRAIGHT & LEVEL,DAYLIGHT,,,10/11/2019 10:16:34 AM,False,7221,Accepted,
25761827,0568000,LOUISVILLE METRO POLICE DEPT,Accepted,JEFFERSON,I 0065,,I65 S,,,,,I 0065,I65 S EXIT134 OFF RAMP TO  ARTHUR ST,I 0065,I65 S EXIT134 ON RAMP FROM  MAGNOLIA AVE,38.224857709,-85.751299956,133.786,10/10/2019 12:00:00 AM,2001,2,2,0,0,CLEAR,DRY,False,OTHER ROADWAY OR MID-BLOCK COLLISION,REAR END,STRAIGHT & LEVEL,DARK-HWY LIGHTED/ON,,,10/11/2019 10:19:02 AM,False,7527,Accepted,
25804796,0568000,LOUISVILLE METRO POLICE DEPT,Accepted,JEFFERSON,KY0864,,BEULAH CHURCH,RD,,,,,DELCOUR,KY0864,FEGENBUSH,38.135817446,-85.613601868,4.126,10/10/2019 12:00:00 AM,1542,2,2,0,0,CLEAR,DRY,False,OTHER ROADWAY OR MID-BLOCK COLLISION,OPPOSING LEFT TURN,STRAIGHT & LEVEL,DAYLIGHT,,,10/21/2019 12:04:52 PM,False,7484,Accepted,
25761695,0568000,LOUISVILLE METRO POLICE DEPT,Accepted,JEFFERSON,US0031E,,BARDSTOWN,RD,,,,,GOLDSMITH,,BELMONT,38.206315840,-85.667122279,11.611,10/10/2019 12:00:00 AM,0827,2,2,0,0,CLEAR,DRY,False,OTHER ROADWAY OR MID-BLOCK COLLISION,REAR END,STRAIGHT & LEVEL,DAYLIGHT,,,10/11/2019 10:10:22 AM,False,7497,Accepted,
25761678,0568000,LOUISVILLE METRO POLICE DEPT,Accepted,JEFFERSON,US0031W,5120,DIXIE,HWY,,,,,,,,38.166864342,-85.829277788,13.181,10/10/2019 12:00:00 AM,1304,2,2,0,0,CLEAR,DRY,False,OTHER ROADWAY OR MID-BLOCK COLLISION,REAR END,STRAIGHT & LEVEL,DAYLIGHT,,,10/11/2019 10:05:52 AM,False,6326,Accepted,
25927072,0568000,LOUISVILLE METRO POLICE DEPT,Accepted,JEFFERSON,I 0065,,OUTERLOOP,,,,,,,,,38.137056457,-85.707241388,0.614,10/10/2019 12:00:00 AM,1722,4,4,0,0,CLEAR,DRY,False,OTHER RAMP RELATED COLLISIONS NOT LISTED ABOVE,REAR END,STRAIGHT & HILLCREST,DAYLIGHT,I 0065,KY1065,11/15/2019 9:12:04 AM,False,7269,Accepted,
25761729,0568000,LOUISVILLE METRO POLICE DEPT,Accepted,JEFFERSON,I 0264,,,,,,,,,,,38.245918496,-85.620341864,0.394,10/10/2019 12:00:00 AM,1724,2,2,0,0,CLOUDY,DRY,False,OTHER RAMP RELATED COLLISIONS NOT LISTED ABOVE,REAR END,STRAIGHT & LEVEL,DAYLIGHT,I 0264,US0060,10/11/2019 10:13:37 AM,False,7944,Accepted,
25761744,0568000,LOUISVILLE METRO POLICE DEPT,Accepted,JEFFERSON,I 0064,,,,,,,,,,,38.261142169,-85.728298408,0.282,10/10/2019 12:00:00 AM,1735,2,2,0,0,CLEAR,DRY,False,OTHER RAMP RELATED COLLISIONS NOT LISTED ABOVE,REAR END,STRAIGHT & LEVEL,DAYLIGHT,I 0064,I 0071,10/11/2019 10:15:01 AM,False,6907,Accepted,
25771647,0568000,LOUISVILLE METRO POLICE DEPT,Accepted,JEFFERSON,I 0064,,,,,,,,,,,38.259368047,-85.742141040,0.963,10/10/2019 12:00:00 AM,0946,1,1,0,0,CLOUDY,DRY,False,OTHER RAMP RELATED COLLISIONS NOT LISTED ABOVE,SINGLE VEHICLE,CURVE & LEVEL,DAYLIGHT,I 0064,I 0065,10/14/2019 8:40:35 AM,False,4656,Accepted,
25761778,0568000,LOUISVILLE METRO POLICE DEPT,Accepted,JEFFERSON,US0031W,4915,DIXIE,HWY,,,,,,,,38.168564052,-85.828378235,13.272,10/10/2019 12:00:00 AM,1805,2,2,0,0,CLEAR,DRY,False,COLLISION IN PARKING LOT,ANGLE,STRAIGHT & LEVEL,DAYLIGHT,,,10/11/2019 10:16:47 AM,False,7202,Accepted,
25761644,0568000,LOUISVILLE METRO POLICE DEPT,Accepted,JEFFERSON,,,41ST,ST,S,,FORDSON,,,,,38.237063968,-85.820556434,0.337,10/10/2019 12:00:00 AM,0904,2,2,0,0,CLEAR,DRY,True,COLLISION IN PARKING LOT,SIDESWIPE-SAME DIRECTION,STRAIGHT & LEVEL,DAWN,,,10/11/2019 10:03:04 AM,False,5180,Accepted,
25761700,0568000,LOUISVILLE METRO POLICE DEPT,Accepted,JEFFERSON,,2501,4TH,ST,S,,,,,,,38.213465905,-85.764102667,2.953,10/10/2019 12:00:00 AM,1330,2,2,0,0,CLEAR,DRY,True,COLLISION IN PARKING LOT,HEAD ON,STRAIGHT & GRADE,DAYLIGHT,,,10/11/2019 10:10:39 AM,False,5204,Accepted,
25761679,0568000,LOUISVILLE METRO POLICE DEPT,Accepted,JEFFERSON,,1925,LEWISTON,DR,,,,,,,,38.172202494,-85.828458947,0.139,10/10/2019 12:00:00 AM,1209,6,6,0,0,CLEAR,DRY,False,COLLISION IN PARKING LOT,SIDESWIPE-OPPOSITE DIRECTION,STRAIGHT & LEVEL,DAYLIGHT,,,10/11/2019 10:06:04 AM,False,6326,Accepted,
25771954,0568000,LOUISVILLE METRO POLICE DEPT,Accepted,JEFFERSON,,,SPRINGHURST,BLVD,,,,,,,,38.296428314,-85.560105219,0.197,10/10/2019 12:00:00 AM,1339,2,2,0,0,CLEAR,DRY,False,COLLISION IN PARKING LOT,ANGLE,STRAIGHT & LEVEL,DAYLIGHT,,,10/14/2019 8:59:13 AM,False,7858,Accepted,
25756306,0568000,LOUISVILLE METRO POLICE DEPT,Accepted,JEFFERSON,KY2052,,SHEPHERDSVILLE,RD,,,,,,,,38.154645730,-85.659958522,,10/9/2019 12:00:00 AM,1238,2,2,0,0,CLOUDY,DRY,True,COLLISION IN PARKING LOT,ANGLE,STRAIGHT & LEVEL,DAYLIGHT,,,10/10/2019 9:40:49 AM,False,4693,Accepted,
25753855,0561500,UNIV. OF LOUISVILLE POLICE,Accepted,JEFFERSON,,2100,FLOYD,ST,S,,,,,,,38.217053827,-85.755097629,2.662,10/9/2019 12:00:00 AM,1635,2,2,0,0,CLOUDY,DRY,False,COLLISION IN PARKING LOT,BACKING,STRAIGHT & GRADE,DAYLIGHT,,,10/9/2019 5:48:42 PM,False,5694,Accepted,
25771602,0568000,LOUISVILLE METRO POLICE DEPT,Accepted,JEFFERSON,I 0264,,,,,,,,,,,38.196236993,-85.707648277,0.242,10/9/2019 12:00:00 AM,1407,2,2,0,0,CLOUDY,DRY,False,OTHER RAMP RELATED COLLISIONS NOT LISTED ABOVE,REAR END,CURVE & GRADE,DAYLIGHT,I 0264,KY0864,10/14/2019 8:33:32 AM,False,8278,Accepted,
25756263,0568000,LOUISVILLE METRO POLICE DEPT,Accepted,JEFFERSON,US0031W,,DIXIE,HWY,,,,,,,,38.153056019,-85.836055678,12.254,10/9/2019 12:00:00 AM,1332,3,3,0,0,CLOUDY,DRY,False,OTHER ROADWAY OR MID-BLOCK COLLISION,REAR END,STRAIGHT & LEVEL,DAYLIGHT,,,10/10/2019 9:34:11 AM,False,6326,Accepted,
25756215,0568000,LOUISVILLE METRO POLICE DEPT,Accepted,JEFFERSON,US0060,,SHELBYVILLE,RD,,,,,ARTERBURN,,CHRISTIAN,38.248841583,-85.606846960,6.217,10/9/2019 12:00:00 AM,0901,2,2,0,0,CLOUDY,DRY,True,OTHER ROADWAY OR MID-BLOCK COLLISION,REAR END,STRAIGHT & LEVEL,DAYLIGHT,,,10/10/2019 9:29:08 AM,False,6456,Accepted,
25751192,0568000,LOUISVILLE METRO POLICE DEPT,Accepted,JEFFERSON,I 0064,,I64 W,,,,,,,,,38.259037877,-85.750192721,4.649,10/9/2019 12:00:00 AM,0734,4,4,0,0,CLOUDY,DRY,False,OTHER ROADWAY OR MID-BLOCK COLLISION,REAR END,STRAIGHT & LEVEL,DAYLIGHT,,,10/9/2019 9:57:53 AM,False,4903,Accepted,
25756264,0568000,LOUISVILLE METRO POLICE DEPT,Accepted,JEFFERSON,,,FURMAN,BLVD,,,,,,,,38.220079038,-85.646487712,0.087,10/9/2019 12:00:00 AM,1424,2,2,0,0,CLEAR,DRY,False,OTHER ROADWAY OR MID-BLOCK COLLISION,OPPOSING LEFT TURN,STRAIGHT & LEVEL,DAYLIGHT,,,10/10/2019 9:34:34 AM,False,7497,Accepted,