IncidentID,AgencyORI,AgencyName,IncidentStatusDesc,County,RdwyNumber,Street,RoadwayName,StreetSfx,StreetDir,IntersectionRdwy,IntersectionRdwyName,BetweenStRdwy1,BetweenStRdwyName1,BetweenStRdwy2,BetweenStRdwyName2,Latitude,Longitude,Milepoint,CollisionDate,CollisionTime,UnitsInvolved,MotorVehiclesInvolved,NumberKilled,NumberInjured,Weather,RdwyConditionCode,HitandRun,DirAnalysisCode,MannerofCollision,RdwyCharacter,LightCondition,RampFromRdwyId,RampToRdwyId,AcceptedDate,IsSecondaryCollision,OwnerBadge,IncidentStatus,
25771949,0568000,LOUISVILLE METRO POLICE DEPT,Accepted,JEFFERSON,US0060,,SHELBYVILLE,RD,,,,,,,,38.241211441,-85.495448838,12.462,10/9/2019 12:00:00 AM,1458,2,2,0,0,CLOUDY,DRY,False,SIDESWIPE COLLISION - SAME DIRECTION,SIDESWIPE-SAME DIRECTION,STRAIGHT & LEVEL,DAYLIGHT,,,10/14/2019 8:58:51 AM,False,7858,Accepted,
25774249,0568000,LOUISVILLE METRO POLICE DEPT,Accepted,JEFFERSON,I 0264,,I264 W,,,,,I 0264,I264 W EXIT17 ON RAMP FROM KY155,I 0264,I264 W EXIT16 OFF RAMP TO US31E,38.214535372,-85.665237009,16.072,10/9/2019 12:00:00 AM,1730,2,2,0,0,CLEAR,DRY,True,SIDESWIPE COLLISION - SAME DIRECTION,SIDESWIPE-SAME DIRECTION,,DAYLIGHT,,,10/14/2019 3:05:47 PM,False,7121,Accepted,
25787911,0568000,LOUISVILLE METRO POLICE DEPT,Accepted,JEFFERSON,KY0022,,BROWNSBORO,RD,,,,,,,,38.295801994,-85.601623984,2.157,10/9/2019 12:00:00 AM,1602,2,2,0,0,CLEAR,DRY,False,SIDESWIPE COLLISION - SAME DIRECTION,SIDESWIPE-SAME DIRECTION,STRAIGHT & LEVEL,DAYLIGHT,,,10/17/2019 8:38:19 AM,False,7858,Accepted,
25771947,0568000,LOUISVILLE METRO POLICE DEPT,Accepted,JEFFERSON,I 0265,,I265 N,,,,,,,,,38.311354990,-85.575379725,34.291,10/9/2019 12:00:00 AM,0738,3,3,0,0,CLOUDY,DRY,False,OTHER ROADWAY OR MID-BLOCK COLLISION,REAR END,STRAIGHT & LEVEL,DAYLIGHT,,,10/14/2019 8:58:41 AM,False,7858,Accepted,
25771948,0568000,LOUISVILLE METRO POLICE DEPT,Accepted,JEFFERSON,I 0265,,,,,,,,,,,38.288223224,-85.513142598,0.364,10/9/2019 12:00:00 AM,1159,2,2,0,0,CLOUDY,DRY,True,OTHER ROADWAY OR MID-BLOCK COLLISION,REAR END,STRAIGHT & LEVEL,DAYLIGHT,,,10/14/2019 8:58:46 AM,False,7858,Accepted,
25756297,0568000,LOUISVILLE METRO POLICE DEPT,Accepted,JEFFERSON,KY1020,,NATIONAL,TPKE,,,,,,,,38.150303107,-85.762317665,5.442,10/9/2019 12:00:00 AM,1541,2,2,0,0,CLOUDY,DRY,False,1 VEHICLE ENTERING/LEAVING ENTRANCE,ANGLE,STRAIGHT & LEVEL,DAYLIGHT,,,10/10/2019 9:39:04 AM,False,7234,Accepted,
25756315,0568000,LOUISVILLE METRO POLICE DEPT,Accepted,JEFFERSON,KY1747,,HURSTBOURNE,PKWY,S,,,,,,,38.245259955,-85.576790086,13.424,10/9/2019 12:00:00 AM,1641,2,2,0,0,CLOUDY,DRY,False,1 VEHICLE ENTERING/LEAVING ENTRANCE,ANGLE,STRAIGHT & LEVEL,DAYLIGHT,,,10/10/2019 9:42:05 AM,False,7802,Accepted,
25756308,0568000,LOUISVILLE METRO POLICE DEPT,Accepted,JEFFERSON,,,OAKLAWN,DR,,,,,,,,38.148383653,-85.687952346,0.251,10/9/2019 12:00:00 AM,1705,2,2,0,0,CLOUDY,DRY,False,1 VEHICLE ENTERING/LEAVING ENTRANCE,ANGLE,STRAIGHT & LEVEL,DAYLIGHT,,,10/10/2019 9:41:23 AM,False,4693,Accepted,
25751244,0568000,LOUISVILLE METRO POLICE DEPT,Accepted,JEFFERSON,I 0064,,I64 W,,,,,,,,,38.259165259,-85.743632362,5.013,10/9/2019 12:00:00 AM,0943,2,2,0,0,CLOUDY,DRY,False,REAR END IN TRAFFIC LANES BOTH VEHICLES MOVING,REAR END,STRAIGHT & LEVEL,DAYLIGHT,,,10/9/2019 10:04:31 AM,False,7386,Accepted,
25756307,0568000,LOUISVILLE METRO POLICE DEPT,Accepted,JEFFERSON,KY0061,,PRESTON,HWY,,,,,,,,38.139268426,-85.687319419,4.019,10/9/2019 12:00:00 AM,1521,2,2,0,0,CLOUDY,DRY,False,REAR END IN TRAFFIC LANES BOTH VEHICLES MOVING,REAR END,STRAIGHT & LEVEL,DAYLIGHT,,,10/10/2019 9:41:03 AM,False,4693,Accepted,
25756293,0568000,LOUISVILLE METRO POLICE DEPT,Accepted,JEFFERSON,,3441,BOHANNON,AVE,,,,,,,,38.202645113,-85.778881313,0.311,10/9/2019 12:00:00 AM,1651,2,2,0,0,CLEAR,DRY,True,REAR END IN TRAFFIC LANES BOTH VEHICLES MOVING,REAR END,STRAIGHT & LEVEL,DAYLIGHT,,,10/10/2019 9:37:53 AM,False,7872,Accepted,
25756301,0568000,LOUISVILLE METRO POLICE DEPT,Accepted,JEFFERSON,,,WARNOCK,ST,,,,,FLOYD,KY2803,ARTHUR,38.214412517,-85.753615335,0.280,10/9/2019 12:00:00 AM,0818,2,2,0,0,CLOUDY,DRY,False,REAR END IN TRAFFIC LANES BOTH VEHICLES MOVING,REAR END,STRAIGHT & LEVEL,DAYLIGHT,,,10/10/2019 9:39:53 AM,False,5269,Accepted,
25756273,0568000,LOUISVILLE METRO POLICE DEPT,Accepted,JEFFERSON,US0150,,22ND,ST,N,,,,NORTHWESTERN,I 0064,I64 E EXIT3 OFF RAMP TO US31W,38.269498843,-85.781963827,0.031,10/9/2019 12:00:00 AM,0951,2,2,0,0,CLOUDY,DRY,False,REAR END IN TRAFFIC LANES BOTH VEHICLES MOVING,REAR END,CURVE & LEVEL,DAYLIGHT,,,10/10/2019 9:35:28 AM,False,7940,Accepted,
25756362,0568000,LOUISVILLE METRO POLICE DEPT,Accepted,JEFFERSON,KY2052,,SHEPHERDSVILLE,RD,,,,,,,,38.148598803,-85.659919112,0.690,10/9/2019 12:00:00 AM,2235,2,2,0,0,CLEAR,DRY,False,REAR END IN TRAFFIC LANES BOTH VEHICLES MOVING,REAR END,STRAIGHT & LEVEL,DARK-HWY LIGHTED/ON,,,10/10/2019 9:51:35 AM,False,7449,Accepted,
25756312,0568000,LOUISVILLE METRO POLICE DEPT,Accepted,JEFFERSON,KY1931,,MANSLICK,RD,,,,,GAGEL,,ROSEWOOD,38.170419350,-85.797575055,6.589,10/9/2019 12:00:00 AM,1226,2,2,0,1,CLOUDY,DRY,False,REAR END IN TRAFFIC LANES BOTH VEHICLES MOVING,REAR END,STRAIGHT & LEVEL,DAYLIGHT,,,10/10/2019 9:41:56 AM,False,5266,Accepted,
25756268,0568000,LOUISVILLE METRO POLICE DEPT,Accepted,JEFFERSON,US0031E,,BARDSTOWN,RD,,,,,,,,38.225184067,-85.695242158,13.722,10/9/2019 12:00:00 AM,1455,2,2,0,0,CLOUDY,DRY,False,REAR END IN TRAFFIC LANES BOTH VEHICLES MOVING,REAR END,STRAIGHT & LEVEL,DAYLIGHT,,,10/10/2019 9:35:14 AM,False,5112,Accepted,
25756294,0568000,LOUISVILLE METRO POLICE DEPT,Accepted,JEFFERSON,,653,37TH,ST,S,,,,,,,38.250641541,-85.813444763,0.040,10/9/2019 12:00:00 AM,1636,2,2,0,0,CLOUDY,DRY,True,REAR END IN TRAFFIC LANES BOTH VEHICLES MOVING,REAR END,STRAIGHT & LEVEL,DAYLIGHT,,,10/10/2019 9:38:11 AM,False,7460,Accepted,
25814717,0568000,LOUISVILLE METRO POLICE DEPT,Accepted,JEFFERSON,,,JEFFERSON,ST,W,,,,,,,38.254393073,-85.762319929,0.564,10/9/2019 12:00:00 AM,1000,2,2,0,0,CLEAR,DRY,False,REAR END IN TRAFFIC LANES BOTH VEHICLES MOVING,REAR END,STRAIGHT & LEVEL,DAYLIGHT,,,10/23/2019 8:52:02 AM,False,7628,Accepted,
25756319,0568000,LOUISVILLE METRO POLICE DEPT,Accepted,JEFFERSON,,1618,25TH,ST,S,,,,,,,38.228269234,-85.797637921,1.429,10/9/2019 12:00:00 AM,1909,2,2,0,0,CLEAR,DRY,False,1 VEHICLE PARKED POSITION (NOT PARKING LOT/DRIVEWAY),SIDESWIPE-SAME DIRECTION,STRAIGHT & LEVEL,DUSK,,,10/10/2019 9:43:12 AM,False,7420,Accepted,
25756288,0568000,LOUISVILLE METRO POLICE DEPT,Accepted,JEFFERSON,,,EDITH,RD,,,,,,,,38.264320131,-85.709162694,0.238,10/9/2019 12:00:00 AM,1638,2,2,0,0,CLOUDY,DRY,False,1 VEHICLE PARKED POSITION (NOT PARKING LOT/DRIVEWAY),REAR END,CURVE & GRADE,DAYLIGHT,,,10/10/2019 9:37:12 AM,False,7028,Accepted,
25753361,0560300,ST. MATTHEWS POLICE DEPARTMENT,Accepted,JEFFERSON,US0060,,SHELBYVILLE,RD,,,,,,,,38.252828064,-85.655344304,3.542,10/9/2019 12:00:00 AM,1140,2,2,0,0,CLOUDY,DRY,True,SIDESWIPE COLLISION - SAME DIRECTION,SIDESWIPE-SAME DIRECTION,STRAIGHT & LEVEL,DAYLIGHT,,,10/9/2019 3:57:52 PM,False,9146,Accepted,
25756221,0568000,LOUISVILLE METRO POLICE DEPT,Accepted,JEFFERSON,I 0264,,I264 E,,,,,,,,,38.190082496,-85.752974871,10.800,10/9/2019 12:00:00 AM,1115,2,2,0,0,CLOUDY,DRY,False,SIDESWIPE COLLISION - SAME DIRECTION,SIDESWIPE-SAME DIRECTION,CURVE & GRADE,DAYLIGHT,,,10/10/2019 9:30:44 AM,False,8278,Accepted,
25756260,0568000,LOUISVILLE METRO POLICE DEPT,Accepted,JEFFERSON,,,LEXINGTON,RD,,,,,PAYNE,,LIBERTY,38.251178494,-85.723509216,0.573,10/9/2019 12:00:00 AM,1412,2,2,0,0,CLOUDY,DRY,True,SIDESWIPE COLLISION - SAME DIRECTION,SIDESWIPE-SAME DIRECTION,STRAIGHT & LEVEL,DAYLIGHT,,,10/10/2019 9:33:39 AM,False,5289,Accepted,
25756302,0568000,LOUISVILLE METRO POLICE DEPT,Accepted,JEFFERSON,,,ELLISON,AVE,,,,,SCHILLER,,JULIA,38.232060167,-85.726899040,0.657,10/9/2019 12:00:00 AM,1123,2,2,0,0,CLOUDY,DRY,True,SIDESWIPE COLLISION - SAME DIRECTION,SIDESWIPE-SAME DIRECTION,STRAIGHT & LEVEL,DAYLIGHT,,,10/10/2019 9:40:11 AM,False,5269,Accepted,
25756304,0568000,LOUISVILLE METRO POLICE DEPT,Accepted,JEFFERSON,,,GARVIN,PL,,CS1022F,OAK,,,,,38.235182082,-85.761950697,0.152,10/9/2019 12:00:00 AM,0635,2,2,0,0,CLEAR,DRY,False,SIDESWIPE COLLISION - SAME DIRECTION,SIDESWIPE-SAME DIRECTION,STRAIGHT & LEVEL,DAWN,,,10/10/2019 9:40:28 AM,False,5213,Accepted,
25771716,0568000,LOUISVILLE METRO POLICE DEPT,Accepted,JEFFERSON,I 0065,,I65 N,,,,,,,,,38.177783768,-85.719334219,129.709,10/9/2019 12:00:00 AM,1939,2,2,0,1,CLEAR,DRY,False,SIDESWIPE COLLISION - SAME DIRECTION,SIDESWIPE-SAME DIRECTION,CURVE & GRADE,DARK-HWY LIGHTED/OFF,,,10/14/2019 8:48:26 AM,False,2308,Accepted,
25761724,0568000,LOUISVILLE METRO POLICE DEPT,Accepted,JEFFERSON,I 0064,,I64 E,,,,,,,,,38.269763738,-85.782273678,2.753,10/9/2019 12:00:00 AM,1611,2,2,0,0,CLOUDY,DRY,False,SIDESWIPE COLLISION - SAME DIRECTION,SIDESWIPE-SAME DIRECTION,CURVE & LEVEL,DAYLIGHT,,,10/11/2019 10:13:26 AM,False,7944,Accepted,
25761807,0568000,LOUISVILLE METRO POLICE DEPT,Accepted,JEFFERSON,US0060,7817,SHELBYVILLE,RD,,,,,,,,38.249044915,-85.609131331,6.092,10/9/2019 12:00:00 AM,1718,2,2,0,0,CLOUDY,DRY,False,SIDESWIPE COLLISION - SAME DIRECTION,SIDESWIPE-SAME DIRECTION,STRAIGHT & LEVEL,DAYLIGHT,,,10/11/2019 10:17:31 AM,False,6456,Accepted,
25756352,0568000,LOUISVILLE METRO POLICE DEPT,Accepted,JEFFERSON,I 0064,,I64 E,,,,,,,,,38.272722395,-85.785126014,2.476,10/9/2019 12:00:00 AM,2216,2,2,0,0,CLEAR,DRY,True,SIDESWIPE COLLISION - SAME DIRECTION,SIDESWIPE-SAME DIRECTION,CURVE & LEVEL,DARK-HWY LIGHTED/ON,,,10/10/2019 9:50:07 AM,False,7243,Accepted,
25756283,0568000,LOUISVILLE METRO POLICE DEPT,Accepted,JEFFERSON,,,GRADE,LN,,,,I 0065,I65 S EXIT130 ON RAMP FROM  GRADE LN,,THOROUGHBRED EXPRESS,38.177226411,-85.721066391,0.249,10/9/2019 12:00:00 AM,0613,2,2,0,0,CLEAR,DRY,False,HEAD-ON COLLISION,HEAD ON,CURVE & LEVEL,DAYLIGHT,,,10/10/2019 9:36:49 AM,False,7451,Accepted,
25788777,0568000,LOUISVILLE METRO POLICE DEPT,Accepted,JEFFERSON,I 0064,,I64 W,,,,,,,,,38.258260167,-85.722858670,6.356,10/9/2019 12:00:00 AM,1335,2,1,0,0,CLEAR,DRY,False,REAR END IN TRAFFIC LANES BOTH VEHICLES MOVING,REAR END,STRAIGHT & GRADE,DAYLIGHT,,,10/17/2019 10:45:34 AM,False,6907,Accepted,
25814463,0568000,LOUISVILLE METRO POLICE DEPT,Accepted,JEFFERSON,I 0264,,I264 E,,,,,,,,,38.190136859,-85.755231534,10.677,10/9/2019 12:00:00 AM,1146,4,4,0,0,CLEAR,DRY,False,REAR END IN TRAFFIC LANES BOTH VEHICLES MOVING,REAR END,STRAIGHT & GRADE,DAYLIGHT,,,10/23/2019 8:32:03 AM,False,8278,Accepted,
25756261,0568000,LOUISVILLE METRO POLICE DEPT,Accepted,JEFFERSON,US0031W,9208,DIXIE,HWY,,,,,,,,38.120040219,-85.856800686,9.557,10/9/2019 12:00:00 AM,1239,2,2,0,0,CLOUDY,DRY,False,OTHER COLLISIONS ON SHOULDER,ANGLE,STRAIGHT & LEVEL,DAYLIGHT,,,10/10/2019 9:33:54 AM,False,6326,Accepted,
25761681,0568000,LOUISVILLE METRO POLICE DEPT,Accepted,JEFFERSON,KY1020,,NATIONAL,TPKE,,,HAY,,,,,38.129924446,-85.750108124,3.828,10/9/2019 12:00:00 AM,1645,2,2,0,0,CLEAR,DRY,False,SIDESWIPE-SAME DIRECTION,SIDESWIPE-SAME DIRECTION,STRAIGHT & LEVEL,DAYLIGHT,,,10/11/2019 10:06:35 AM,False,7080,Accepted,
25756335,0568000,LOUISVILLE METRO POLICE DEPT,Accepted,JEFFERSON,KY0061,,PRESTON,HWY,,I 0265,I265 E EXIT12 OFF RAMP TO KY61 N,,,,,38.108706733,-85.674604662,1.780,10/9/2019 12:00:00 AM,1510,2,2,0,0,CLEAR,DRY,False,SIDESWIPE-SAME DIRECTION,SIDESWIPE-SAME DIRECTION,STRAIGHT & LEVEL,DAYLIGHT,,,10/10/2019 9:46:39 AM,False,2142,Accepted,
25756211,0568000,LOUISVILLE METRO POLICE DEPT,Accepted,JEFFERSON,KY0864,,POPLAR LEVEL,RD,,,AUDUBON,,,,,38.210124697,-85.716993491,12.477,10/9/2019 12:00:00 AM,0934,2,2,0,1,CLOUDY,DRY,False,OTHER INTERSECTION COLLISIONS,REAR END,STRAIGHT & LEVEL,DAYLIGHT,,,10/10/2019 9:28:06 AM,False,6148,Accepted,
25751174,0568000,LOUISVILLE METRO POLICE DEPT,Accepted,JEFFERSON,KY1747,,HURSTBOURNE,PKWY,N,,SPRINGHURST,,,,,38.303906056,-85.575948106,18.266,10/9/2019 12:00:00 AM,0546,2,2,0,0,CLEAR,DRY,False,OTHER INTERSECTION COLLISIONS,REAR END,CURVE & HILLCREST,DARK-HWY LIGHTED/ON,,,10/9/2019 9:55:13 AM,False,5228,Accepted,
25756317,0568000,LOUISVILLE METRO POLICE DEPT,Accepted,JEFFERSON,,2609,ACCASIA,DR,,,SUNFLOWER,,,,,38.189143092,-85.837571628,0.207,10/9/2019 12:00:00 AM,1316,2,2,0,0,CLEAR,DRY,False,OTHER INTERSECTION COLLISIONS,REAR END,STRAIGHT & LEVEL,DAYLIGHT,,,10/10/2019 9:42:42 AM,False,7420,Accepted,
25756217,0568000,LOUISVILLE METRO POLICE DEPT,Accepted,JEFFERSON,KY0061,,PRESTON,HWY,,,BATES,,,,,38.140758410,-85.688009719,4.103,10/9/2019 12:00:00 AM,1041,2,2,0,0,CLOUDY,DRY,False,OTHER INTERSECTION COLLISIONS,REAR END,STRAIGHT & LEVEL,DAYLIGHT,,,10/10/2019 9:29:55 AM,False,2017,Accepted,
25756300,0568000,LOUISVILLE METRO POLICE DEPT,Accepted,JEFFERSON,KY1020,,3RD,ST,S,,CENTRAL,,,,,38.204759630,-85.763927689,9.471,10/9/2019 12:00:00 AM,1638,2,2,0,0,CLOUDY,DRY,False,OTHER INTERSECTION COLLISIONS,REAR END,STRAIGHT & LEVEL,DAYLIGHT,,,10/10/2019 9:39:30 AM,False,5204,Accepted,
25756298,0568000,LOUISVILLE METRO POLICE DEPT,Accepted,JEFFERSON,US0150,,BROADWAY,,W,KY1020,2ND,,,,,38.245833564,-85.755073153,2.559,10/9/2019 12:00:00 AM,1700,2,2,0,0,CLEAR,DRY,False,OTHER INTERSECTION COLLISIONS,REAR END,STRAIGHT & LEVEL,DAYLIGHT,,,10/10/2019 9:39:12 AM,False,7386,Accepted,
26030724,0568000,LOUISVILLE METRO POLICE DEPT,Accepted,JEFFERSON,KY1230,12025,LOWER RIVER,RD,,,,,,,,38.081741595,-85.900519907,1.394,10/9/2019 12:00:00 AM,0030,1,1,0,0,CLEAR,DRY,False,COLLISION WITH ANIMAL NON INTERSECTION,SINGLE VEHICLE,STRAIGHT & LEVEL,DARK-HWY LIGHTED/OFF,,,12/9/2019 9:36:55 AM,False,7295,Accepted,
25756350,0568000,LOUISVILLE METRO POLICE DEPT,Accepted,JEFFERSON,,,SOUTHVIEW,RD,,,,,,,,38.151910128,-85.779062764,0.247,10/9/2019 12:00:00 AM,2249,1,1,0,0,CLEAR,DRY,False,COLLISION WITH FIXED OBJECT NON - INTERSECTION - FIRST EVENT COLLISION 09 - 32 EXCLUDING 16,SINGLE VEHICLE,STRAIGHT & LEVEL,DARK-HWY LIGHTED/ON,,,10/10/2019 9:49:45 AM,False,5209,Accepted,
25756280,0568000,LOUISVILLE METRO POLICE DEPT,Accepted,JEFFERSON,US0031E,,MAIN,ST,E,,BROOK,,,,,38.255891256,-85.749907772,17.699,10/9/2019 12:00:00 AM,1455,2,2,0,0,CLOUDY,DRY,False,OTHER INTERSECTION COLLISIONS,REAR END,STRAIGHT & LEVEL,DAYLIGHT,,,10/10/2019 9:36:11 AM,False,6907,Accepted,
25756299,0568000,LOUISVILLE METRO POLICE DEPT,Accepted,JEFFERSON,,,16TH,ST,S,,CEDAR,,,,,38.254689018,-85.777098759,0.289,10/9/2019 12:00:00 AM,1554,2,2,0,0,CLOUDY,DRY,False,ANGLE COLLISION - OTHER,ANGLE,STRAIGHT & LEVEL,DAYLIGHT,,,10/10/2019 9:39:23 AM,False,7805,Accepted,
25756234,0568000,LOUISVILLE METRO POLICE DEPT,Accepted,JEFFERSON,,246,SHAWNEE,TER,S,,HERMAN,,,,,38.262238122,-85.823003979,0.142,10/9/2019 12:00:00 AM,0910,2,2,0,0,CLEAR,DRY,False,ANGLE COLLISION - OTHER,ANGLE,STRAIGHT & LEVEL,DAYLIGHT,,,10/10/2019 9:32:05 AM,False,7112,Accepted,
25756258,0568000,LOUISVILLE METRO POLICE DEPT,Accepted,JEFFERSON,KY1703,,BAXTER,AVE,,,CASTLEWOOD,,,,,38.230302909,-85.716343962,4.868,10/9/2019 12:00:00 AM,0739,2,2,0,0,CLEAR,DRY,False,ANGLE COLLISION - OTHER,ANGLE,STRAIGHT & LEVEL,DAYLIGHT,,,10/10/2019 9:32:56 AM,False,5289,Accepted,
25777641,0568000,LOUISVILLE METRO POLICE DEPT,Accepted,JEFFERSON,KY1020,,2ND,ST,S,,HILL,,,,,38.225649930,-85.758597348,10.694,10/9/2019 12:00:00 AM,2009,2,2,0,0,CLEAR,DRY,False,ANGLE COLLISION - OTHER,ANGLE,STRAIGHT & LEVEL,DARK-HWY LIGHTED/ON,,,10/15/2019 8:38:10 AM,False,5186,Accepted,
25756279,0568000,LOUISVILLE METRO POLICE DEPT,Accepted,JEFFERSON,KY0146,,LA GRANGE,RD,,,REAMERS,,,,,38.296885495,-85.506222627,8.238,10/9/2019 12:00:00 AM,1533,2,2,0,0,CLOUDY,DRY,False,VEHICLE BACKING IN INTERSECTION,BACKING,STRAIGHT & LEVEL,DAYLIGHT,,,10/10/2019 9:35:55 AM,False,6334,Accepted,
25756353,0568000,LOUISVILLE METRO POLICE DEPT,Accepted,JEFFERSON,,,CHENOWETH RUN,RD,,,GELLHAUS,,,,,38.160409516,-85.541931819,3.023,10/9/2019 12:00:00 AM,1909,2,2,0,0,CLOUDY,DRY,False,OPPOSITE DIRECTION - BOTH VEHICLES GOING STRAIGHT AHEAD,SIDESWIPE-OPPOSITE DIRECTION,STRAIGHT & LEVEL,DARK-HWY NOT LIGHTED,,,10/10/2019 9:50:23 AM,False,5011,Accepted,
25910793,0568000,LOUISVILLE METRO POLICE DEPT,Accepted,JEFFERSON,US0031W,,22ND,ST,S,,BOLLING,,,,,38.229811959,-85.792440218,18.220,10/9/2019 12:00:00 AM,1400,3,3,0,1,CLEAR,DRY,True,ANGLE COLLISION - OTHER,ANGLE,STRAIGHT & LEVEL,DAYLIGHT,,,11/12/2019 7:40:33 AM,False,5132,Accepted,
25756404,0568000,LOUISVILLE METRO POLICE DEPT,Accepted,JEFFERSON,KY0864,,POPLAR LEVEL,RD,,,RANGELAND,,,,,38.167209730,-85.681779836,8.884,10/9/2019 12:00:00 AM,1804,2,2,0,0,CLEAR,DRY,False,ANGLE COLLISION - OTHER,ANGLE,STRAIGHT & LEVEL,DAYLIGHT,,,10/10/2019 9:58:10 AM,False,7830,Accepted,
25761675,0568000,LOUISVILLE METRO POLICE DEPT,Accepted,JEFFERSON,US0060,,FRANKFORT,AVE,,,PETERSON,,,,,38.253995861,-85.698081503,1.214,10/9/2019 12:00:00 AM,1820,2,2,0,1,CLEAR,DRY,False,ANGLE COLLISION - OTHER,ANGLE,STRAIGHT & LEVEL,DAYLIGHT,,,10/11/2019 10:05:40 AM,False,7068,Accepted,
25761736,0568000,LOUISVILLE METRO POLICE DEPT,Accepted,JEFFERSON,,,GLASER,LN,,KY0864,FEGENBUSH,,,,,38.140789001,-85.619494171,0.002,10/9/2019 12:00:00 AM,1721,3,3,0,4,CLEAR,DRY,False,ANGLE COLLISION - OTHER,ANGLE,STRAIGHT & LEVEL,DAYLIGHT,,,10/11/2019 10:14:13 AM,False,7484,Accepted,
25756292,0568000,LOUISVILLE METRO POLICE DEPT,Accepted,JEFFERSON,,,7TH,ST,S,,JEFFERSON,,,,,38.254438354,-85.761988613,2.570,10/9/2019 12:00:00 AM,1515,2,1,0,0,CLEAR,DRY,False,COLLISION WITH PEDESTRIAN IN INTERSECTION,SINGLE VEHICLE,STRAIGHT & LEVEL,DAYLIGHT,,,10/10/2019 9:37:32 AM,False,5168,Accepted,
25761813,0568000,LOUISVILLE METRO POLICE DEPT,Accepted,JEFFERSON,,,PORTLAND,AVE,,,20TH,,,,,38.266772609,-85.780406696,0.534,10/9/2019 12:00:00 AM,2105,2,1,0,1,CLEAR,DRY,True,COLLISION WITH PEDESTRIAN IN INTERSECTION,SINGLE VEHICLE,STRAIGHT & LEVEL,DARK-HWY LIGHTED/ON,,,10/11/2019 10:17:59 AM,False,5223,Accepted,
25750951,0568000,LOUISVILLE METRO POLICE DEPT,Accepted,JEFFERSON,KY1747,,HURSTBOURNE,PKWY,S,,HURSTBOURNE,,,,,38.217625119,-85.587042778,11.288,10/8/2019 12:00:00 AM,1530,2,2,0,2,CLEAR,DRY,False,ANGLE COLLISION - ONE VEHICLE TURNING LEFT,ANGLE,STRAIGHT & LEVEL,DAYLIGHT,,,10/9/2019 9:42:19 AM,False,7864,Accepted,
25771679,0568000,LOUISVILLE METRO POLICE DEPT,Accepted,JEFFERSON,,,OAK,ST,W,,ARTHUR KLING,,,,,38.234786801,-85.757716346,0.130,10/8/2019 12:00:00 AM,1015,2,2,0,0,CLEAR,DRY,False,COLLISION WITH PARKED VEHICLE,SIDESWIPE-SAME DIRECTION,STRAIGHT & LEVEL,DAYLIGHT,,,10/14/2019 8:44:46 AM,False,7619,Accepted,
25771736,0568000,LOUISVILLE METRO POLICE DEPT,Accepted,JEFFERSON,,,MAGAZINE,ST,,,30TH,,,,,38.252410940,-85.801144295,1.866,10/8/2019 12:00:00 AM,1740,2,2,0,0,CLEAR,DRY,False,ANGLE COLLISION - ONE VEHICLE TURNING LEFT,ANGLE,STRAIGHT & LEVEL,DUSK,,,10/14/2019 8:50:10 AM,False,7241,Accepted,
25771597,0568000,LOUISVILLE METRO POLICE DEPT,Accepted,JEFFERSON,KY0061,,SHELBY,ST,S,US0060A,EASTERN,,,,,38.214292303,-85.742283279,10.075,10/8/2019 12:00:00 AM,1406,2,2,0,0,CLEAR,DRY,False,COLLISION WITH PARKED VEHICLE,ANGLE,CURVE & LEVEL,DAYLIGHT,,,10/14/2019 8:32:12 AM,False,5263,Accepted,
25751181,0568000,LOUISVILLE METRO POLICE DEPT,Accepted,JEFFERSON,US0150,,BROADWAY,,W,KY1020,3RD,,,,,38.245970390,-85.756913113,2.464,10/8/2019 12:00:00 AM,2055,2,2,0,0,CLEAR,DRY,True,COLLISION WITH PARKED VEHICLE,SIDESWIPE-SAME DIRECTION,STRAIGHT & LEVEL,DARK-HWY LIGHTED/ON,,,10/9/2019 9:55:46 AM,False,5148,Accepted,
25751146,0568000,LOUISVILLE METRO POLICE DEPT,Accepted,JEFFERSON,KY0061,,PRESTON,HWY,,,INDIAN,,,,,38.169487437,-85.707343042,6.299,10/8/2019 12:00:00 AM,1939,3,3,0,2,CLEAR,DRY,False,ANGLE COLLISION - OTHER,ANGLE,STRAIGHT & LEVEL,DARK-HWY LIGHTED/ON,,,10/9/2019 9:52:39 AM,False,7206,Accepted,
25746736,0568000,LOUISVILLE METRO POLICE DEPT,Accepted,JEFFERSON,,,VIRGINIA,AVE,,,32ND,,,,,38.238700216,-85.806983104,0.585,10/8/2019 12:00:00 AM,0724,2,2,0,0,CLEAR,DRY,True,ANGLE COLLISION - OTHER,ANGLE,STRAIGHT & LEVEL,DAYLIGHT,,,10/8/2019 12:25:28 PM,False,5292,Accepted,
25751074,0568000,LOUISVILLE METRO POLICE DEPT,Accepted,JEFFERSON,,,CHESTNUT,ST,W,,5TH,,,,,38.249102927,-85.759586289,2.216,10/8/2019 12:00:00 AM,1531,2,2,0,6,CLEAR,DRY,False,ANGLE COLLISION - OTHER,ANGLE,STRAIGHT & LEVEL,DAYLIGHT,,,10/9/2019 9:49:20 AM,False,7229,Accepted,
25751155,0568000,LOUISVILLE METRO POLICE DEPT,Accepted,JEFFERSON,KY1819,,BILLTOWN,RD,,,GELLHAUS,,,,,38.150523517,-85.549447004,5.534,10/8/2019 12:00:00 AM,2123,2,2,0,0,CLEAR,DRY,True,ANGLE COLLISION - OTHER,ANGLE,STRAIGHT & LEVEL,DARK-HWY NOT LIGHTED,,,10/9/2019 9:53:50 AM,False,7828,Accepted,