IncidentID,AgencyORI,AgencyName,IncidentStatusDesc,County,RdwyNumber,Street,RoadwayName,StreetSfx,StreetDir,IntersectionRdwy,IntersectionRdwyName,BetweenStRdwy1,BetweenStRdwyName1,BetweenStRdwy2,BetweenStRdwyName2,Latitude,Longitude,Milepoint,CollisionDate,CollisionTime,UnitsInvolved,MotorVehiclesInvolved,NumberKilled,NumberInjured,Weather,RdwyConditionCode,HitandRun,DirAnalysisCode,MannerofCollision,RdwyCharacter,LightCondition,RampFromRdwyId,RampToRdwyId,AcceptedDate,IsSecondaryCollision,OwnerBadge,IncidentStatus,
25969818,0568000,LOUISVILLE METRO POLICE DEPT,Accepted,JEFFERSON,KY2860,,GRINSTEAD,DR,,,CHEROKEE,,,,,38.239174509,-85.719562585,0.093,10/8/2019 12:00:00 AM,1338,2,2,0,0,CLEAR,DRY,False,ANGLE COLLISION - OTHER,ANGLE,STRAIGHT & GRADE,DAYLIGHT,,,11/25/2019 9:55:59 AM,False,2228,Accepted,
25746711,0568000,LOUISVILLE METRO POLICE DEPT,Accepted,JEFFERSON,KY1020,,NATIONAL,TPKE,,KY1065,OUTER,,,,,38.126954563,-85.748963392,3.661,10/8/2019 12:00:00 AM,0522,3,3,0,2,FOG,DRY,False,OPPOSING LEFT TURN,OPPOSING LEFT TURN,STRAIGHT & LEVEL,DARK-HWY NOT LIGHTED,,,10/8/2019 12:23:30 PM,False,7149,Accepted,
25751023,0568000,LOUISVILLE METRO POLICE DEPT,Accepted,JEFFERSON,KY0022,,BROWNSBORO,RD,,,SIMCOE,,,,,38.307906641,-85.574182705,3.978,10/8/2019 12:00:00 AM,1255,2,2,0,1,CLEAR,DRY,False,OPPOSING LEFT TURN,OPPOSING LEFT TURN,STRAIGHT & LEVEL,DAYLIGHT,,,10/9/2019 9:47:33 AM,False,7751,Accepted,
25751157,0568000,LOUISVILLE METRO POLICE DEPT,Accepted,JEFFERSON,KY1447,,WESTPORT,RD,,,INDIAN LAKE,,,,,38.296175987,-85.553276060,6.386,10/8/2019 12:00:00 AM,2340,2,2,0,0,CLEAR,DRY,False,OPPOSING LEFT TURN,OPPOSING LEFT TURN,STRAIGHT & LEVEL,DARK-HWY LIGHTED/ON,,,10/9/2019 9:54:09 AM,False,5228,Accepted,
25788782,0568000,LOUISVILLE METRO POLICE DEPT,Accepted,JEFFERSON,,,KENTUCKY,ST,W,KY1020,2ND,,,,,38.238551235,-85.756294213,3.738,10/8/2019 12:00:00 AM,1814,2,1,0,1,CLEAR,DRY,False,ANGLE COLLISION - OTHER,ANGLE,STRAIGHT & LEVEL,DAYLIGHT,,,10/17/2019 10:49:37 AM,False,7619,Accepted,
25751117,0568000,LOUISVILLE METRO POLICE DEPT,Accepted,JEFFERSON,,,EASUM,RD,,,COVENTRY HILL,,,,,38.174849686,-85.539356961,1.992,10/8/2019 12:00:00 AM,1515,2,2,0,0,CLEAR,DRY,False,ANGLE COLLISION - OTHER,ANGLE,CURVE & LEVEL,DAYLIGHT,,,10/9/2019 9:50:11 AM,False,5268,Accepted,
25750925,0568000,LOUISVILLE METRO POLICE DEPT,Accepted,JEFFERSON,,,FLOYD,ST,S,,OAK,,,,,38.234209715,-85.751636871,1.492,10/8/2019 12:00:00 AM,1505,2,2,0,0,CLEAR,DRY,False,ANGLE COLLISION - OTHER,ANGLE,STRAIGHT & LEVEL,DAYLIGHT,,,10/9/2019 9:41:06 AM,False,7296,Accepted,
25771735,0568000,LOUISVILLE METRO POLICE DEPT,Accepted,JEFFERSON,,,43RD,ST,S,,WINNROSE,,,,,38.239420271,-85.825533511,1.822,10/8/2019 12:00:00 AM,1205,2,2,0,0,CLEAR,DRY,False,ANGLE COLLISION - OTHER,ANGLE,STRAIGHT & LEVEL,DAYLIGHT,,,10/14/2019 8:50:05 AM,False,5161,Accepted,
25788792,0568000,LOUISVILLE METRO POLICE DEPT,Accepted,JEFFERSON,KY0864,,POPLAR LEVEL,RD,,,FERN VALLEY,,,,,38.158572437,-85.651234824,6.923,10/8/2019 12:00:00 AM,1824,2,1,0,0,CLEAR,DRY,True,OTHER INTERSECTION COLLISIONS,REAR END,,DAYLIGHT,,,10/17/2019 10:51:58 AM,False,7303,Accepted,
25771712,0568000,LOUISVILLE METRO POLICE DEPT,Accepted,JEFFERSON,,,ALDER,AVE,,,,,,,,38.174462160,-85.713277746,0.040,10/8/2019 12:00:00 AM,0619,1,1,0,0,CLEAR,DRY,False,COLLISION WITH FIXED OBJECT NON - INTERSECTION - FIRST EVENT COLLISION 09 - 32 EXCLUDING 16,SINGLE VEHICLE,STRAIGHT & LEVEL,DARK-HWY NOT LIGHTED,,,10/14/2019 8:48:05 AM,False,7283,Accepted,
25751078,0568000,LOUISVILLE METRO POLICE DEPT,Accepted,JEFFERSON,KY1931,,ST ANDREWS CHURCH,RD,,,CARDINAL WOODS,,,,,38.153976708,-85.803593414,5.349,10/8/2019 12:00:00 AM,1143,2,2,0,0,CLEAR,DRY,False,OTHER INTERSECTION COLLISIONS,REAR END,STRAIGHT & LEVEL,DAYLIGHT,,,10/9/2019 9:49:31 AM,False,7177,Accepted,
25751035,0568000,LOUISVILLE METRO POLICE DEPT,Accepted,JEFFERSON,I 0071,,I71 N,,,I 0265,I265 N,,,,,38.314816824,-85.581734657,9.098,10/8/2019 12:00:00 AM,1708,2,2,0,0,CLOUDY,DRY,False,OTHER INTERSECTION COLLISIONS,REAR END,STRAIGHT & LEVEL,DAYLIGHT,,,10/9/2019 9:47:48 AM,False,7751,Accepted,
25751143,0568000,LOUISVILLE METRO POLICE DEPT,Accepted,JEFFERSON,KY1865,,NEW CUT,RD,,KY1065,OUTER,,,,,38.126388138,-85.776117173,1.264,10/8/2019 12:00:00 AM,2149,2,2,0,0,CLEAR,DRY,False,OTHER INTERSECTION COLLISIONS,REAR END,STRAIGHT & LEVEL,DARK-HWY NOT LIGHTED,,,10/9/2019 9:52:27 AM,False,7149,Accepted,
25751150,0568000,LOUISVILLE METRO POLICE DEPT,Accepted,JEFFERSON,US0031W,,DIXIE,HWY,,,MEYERS,,,,,38.165312746,-85.830374172,13.063,10/8/2019 12:00:00 AM,2101,2,2,0,0,CLEAR,DRY,False,OTHER INTERSECTION COLLISIONS,REAR END,STRAIGHT & LEVEL,DARK-HWY LIGHTED/ON,,,10/9/2019 9:53:08 AM,False,5224,Accepted,
25751170,0568000,LOUISVILLE METRO POLICE DEPT,Accepted,JEFFERSON,KY1747,,FERN VALLEY,RD,,,HOLIDAY TOWERS,,,,,38.157259546,-85.714006673,0.997,10/8/2019 12:00:00 AM,2210,2,2,0,0,CLEAR,DRY,False,OTHER INTERSECTION COLLISIONS,REAR END,STRAIGHT & LEVEL,DARK-HWY LIGHTED/ON,,,10/9/2019 9:54:49 AM,False,5182,Accepted,
25746725,0568000,LOUISVILLE METRO POLICE DEPT,Accepted,JEFFERSON,US0031E,,BARDSTOWN,RD,,KY1747,HURSTBOURNE,,,,,38.168927766,-85.605001025,7.242,10/8/2019 12:00:00 AM,0837,2,2,0,0,CLEAR,DRY,False,OTHER INTERSECTION COLLISIONS,REAR END,STRAIGHT & LEVEL,DAYLIGHT,,,10/8/2019 12:24:32 PM,False,2017,Accepted,
25756331,0568000,LOUISVILLE METRO POLICE DEPT,Accepted,JEFFERSON,I 0064,,I64 W,,,I 0064,I64 W EXIT12 RAMP TO I264 E,,,,,38.234751018,-85.613399669,12.838,10/8/2019 12:00:00 AM,1539,2,2,0,0,CLEAR,DRY,False,OTHER INTERSECTION COLLISIONS,REAR END,CURVE & GRADE,DAYLIGHT,,,10/10/2019 9:46:09 AM,False,2142,Accepted,
25751131,0568000,LOUISVILLE METRO POLICE DEPT,Accepted,JEFFERSON,,,COPRA,LN,,,SUNDAY,,,,,38.150701143,-85.663693249,0.043,10/8/2019 12:00:00 AM,1728,2,2,0,0,CLEAR,DRY,False,OTHER INTERSECTION COLLISIONS,REAR END,STRAIGHT & LEVEL,DAYLIGHT,,,10/9/2019 9:50:31 AM,False,2547,Accepted,
25750947,0568000,LOUISVILLE METRO POLICE DEPT,Accepted,JEFFERSON,,,ZORN,AVE,,,RIVER,,,,,38.277429175,-85.699202499,1.751,10/8/2019 12:00:00 AM,1530,2,2,0,0,CLEAR,DRY,False,OTHER INTERSECTION COLLISIONS,REAR END,STRAIGHT & LEVEL,DAYLIGHT,,,10/9/2019 9:42:04 AM,False,5275,Accepted,
25756310,0568000,LOUISVILLE METRO POLICE DEPT,Accepted,JEFFERSON,I 0065,,I65 N,,,I 0065,I65 N EXIT134A OFF RAMP TO KY61,,,,,38.226560134,-85.751505853,133.908,10/8/2019 12:00:00 AM,2009,1,1,0,0,CLEAR,DRY,False,OTHER INTERSECTION COLLISIONS,SINGLE VEHICLE,CURVE & GRADE,DARK-HWY NOT LIGHTED,,,10/10/2019 9:41:39 AM,False,2308,Accepted,
25747002,0560400,SHIVELY POLICE DEPARTMENT,Accepted,JEFFERSON,I 0264,,I264 E,,,I 0264,I264 E EXIT8 ON RAMP FROM US31W S,,,,,38.185131907,-85.813905489,7.435,10/8/2019 12:00:00 AM,0809,2,2,0,0,FOG,DRY,False,OTHER INTERSECTION COLLISIONS,REAR END,STRAIGHT & LEVEL,DAYLIGHT,,,10/8/2019 1:13:27 PM,False,7103,Accepted,
25751048,0568000,LOUISVILLE METRO POLICE DEPT,Accepted,JEFFERSON,US0031W,,MARKET,ST,W,,4TH,,,,,38.255225474,-85.756840489,21.857,10/8/2019 12:00:00 AM,1455,2,2,0,0,CLEAR,DRY,False,SIDESWIPE-SAME DIRECTION,SIDESWIPE-SAME DIRECTION,STRAIGHT & LEVEL,DAYLIGHT,,,10/9/2019 9:48:37 AM,False,7229,Accepted,
25751132,0568000,LOUISVILLE METRO POLICE DEPT,Accepted,JEFFERSON,US0060A,,TAYLOR,BLVD,,,DRESDEN,,,,,38.197445263,-85.782905020,1.505,10/8/2019 12:00:00 AM,1630,2,2,0,0,CLEAR,DRY,False,SIDESWIPE-SAME DIRECTION,SIDESWIPE-SAME DIRECTION,STRAIGHT & LEVEL,DAYLIGHT,,,10/9/2019 9:50:48 AM,False,7495,Accepted,
25750922,0568000,LOUISVILLE METRO POLICE DEPT,Accepted,JEFFERSON,US0031E,,MARKET,ST,E,,SHELBY,,,,,38.253194971,-85.738033345,16.935,10/8/2019 12:00:00 AM,0755,2,2,0,0,FOG,DRY,False,SIDESWIPE-SAME DIRECTION,SIDESWIPE-SAME DIRECTION,STRAIGHT & LEVEL,DAYLIGHT,,,10/9/2019 9:40:44 AM,False,2406,Accepted,
25750997,0568000,LOUISVILLE METRO POLICE DEPT,Accepted,JEFFERSON,,,RANCHLAND,DR,,,LEWISTON,,,,,38.170974432,-85.830569101,0.006,10/8/2019 12:00:00 AM,0751,2,2,0,0,FOG,DRY,False,SIDESWIPE-SAME DIRECTION,SIDESWIPE-SAME DIRECTION,STRAIGHT & LEVEL,DAYLIGHT,,,10/9/2019 9:46:28 AM,False,7485,Accepted,
25771835,0568000,LOUISVILLE METRO POLICE DEPT,Accepted,JEFFERSON,KY0864,,POPLAR LEVEL,RD,,KY2052,SHEPHERDSVILLE,,,,,38.160122352,-85.659745790,7.405,10/8/2019 12:00:00 AM,1700,2,2,0,1,CLEAR,DRY,False,OTHER INTERSECTION COLLISIONS,REAR END,CURVE & LEVEL,DAYLIGHT,,,10/14/2019 8:55:01 AM,False,7602,Accepted,
25750935,0568000,LOUISVILLE METRO POLICE DEPT,Accepted,JEFFERSON,,,ENGLISH,AVE,,,HILLCREST,,,,,38.256460377,-85.684881567,0.115,10/8/2019 12:00:00 AM,1335,2,2,0,0,CLEAR,DRY,False,SIDESWIPE-SAME DIRECTION,SIDESWIPE-SAME DIRECTION,STRAIGHT & LEVEL,DAYLIGHT,,,10/9/2019 9:41:39 AM,False,5275,Accepted,
25751177,0568000,LOUISVILLE METRO POLICE DEPT,Accepted,JEFFERSON,KY1447,,WESTPORT,RD,,,MURPHY,,,,,38.302034328,-85.532565434,7.560,10/8/2019 12:00:00 AM,2251,2,2,0,0,CLOUDY,DRY,True,SIDESWIPE-SAME DIRECTION,SIDESWIPE-SAME DIRECTION,STRAIGHT & LEVEL,DARK-HWY LIGHTED/ON,,,10/9/2019 9:55:23 AM,False,7159,Accepted,
25750984,0568000,LOUISVILLE METRO POLICE DEPT,Accepted,JEFFERSON,,,15TH,ST,S,US0031W,MARKET,,,,,38.257238768,-85.774973801,2.212,10/8/2019 12:00:00 AM,1425,2,2,0,0,CLEAR,DRY,False,SIDESWIPE-SAME DIRECTION,SIDESWIPE-SAME DIRECTION,STRAIGHT & LEVEL,DAYLIGHT,,,10/9/2019 9:45:35 AM,False,5040,Accepted,
25750995,0568000,LOUISVILLE METRO POLICE DEPT,Accepted,JEFFERSON,KY0146,,NEW LA GRANGE,RD,,,WASHBURN,,,,,38.254253866,-85.611972094,0.452,10/8/2019 12:00:00 AM,1308,2,2,0,0,CLEAR,DRY,False,SIDESWIPE-SAME DIRECTION,SIDESWIPE-SAME DIRECTION,STRAIGHT & LEVEL,DAYLIGHT,,,10/9/2019 9:46:13 AM,False,5109,Accepted,
25750890,0568000,LOUISVILLE METRO POLICE DEPT,Accepted,JEFFERSON,,11504,HALIFAX,DR,,,,,,,,38.309954869,-85.538158859,0.732,10/8/2019 12:00:00 AM,1241,1,1,0,0,CLEAR,DRY,True,OTHER COLLISIONS ON SHOULDER,SINGLE VEHICLE,CURVE & LEVEL,DAYLIGHT,,,10/9/2019 9:38:05 AM,False,2346,Accepted,
25845697,0568000,LOUISVILLE METRO POLICE DEPT,Accepted,JEFFERSON,I 0064,,I64 E,,,,,,,,,38.269654666,-85.782206362,2.762,10/8/2019 12:00:00 AM,2030,2,2,0,0,CLEAR,DRY,True,REAR END IN TRAFFIC LANES BOTH VEHICLES MOVING,REAR END,STRAIGHT & LEVEL,DARK-HWY LIGHTED/ON,,,10/28/2019 9:46:35 AM,False,7416,Accepted,
25751043,0568000,LOUISVILLE METRO POLICE DEPT,Accepted,JEFFERSON,,,PEACHTREE,AVE,,,BLUEGRASS,,,,,38.179739304,-85.778625855,1.274,10/8/2019 12:00:00 AM,1230,2,2,0,0,CLEAR,DRY,False,HEAD-ON COLLISION,HEAD ON,STRAIGHT & LEVEL,DAYLIGHT,,,10/9/2019 9:48:19 AM,False,5245,Accepted,
25751139,0568000,LOUISVILLE METRO POLICE DEPT,Accepted,JEFFERSON,,,HUGH,AVE,,,,,,,,38.191169648,-85.700888557,0.209,10/8/2019 12:00:00 AM,0600,2,2,0,0,FOG,DRY,False,SIDESWIPE COLLISION - SAME DIRECTION,SIDESWIPE-SAME DIRECTION,STRAIGHT & LEVEL,DARK-HWY LIGHTED/ON,,,10/9/2019 9:52:11 AM,False,7371,Accepted,
25750898,0568000,LOUISVILLE METRO POLICE DEPT,Accepted,JEFFERSON,I 0065,,,,,,,I 0065,I65 N EXIT130 ON RAMP FROM KY61,I 0065,I65 N EXIT130 TRANSIT,38.180589221,-85.720599752,0.201,10/8/2019 12:00:00 AM,0730,2,2,0,0,CLEAR,DRY,False,SIDESWIPE COLLISION - SAME DIRECTION,SIDESWIPE-SAME DIRECTION,STRAIGHT & LEVEL,DAYLIGHT,,,10/9/2019 9:38:59 AM,False,2000,Accepted,
25746729,0568000,LOUISVILLE METRO POLICE DEPT,Accepted,JEFFERSON,I 0065,,I65 N,,,,,,,,,38.120782650,-85.701755117,125.559,10/8/2019 12:00:00 AM,0845,2,2,0,0,CLEAR,DRY,True,SIDESWIPE COLLISION - SAME DIRECTION,SIDESWIPE-SAME DIRECTION,STRAIGHT & LEVEL,DAYLIGHT,,,10/8/2019 12:24:50 PM,False,4903,Accepted,
25751141,0568000,LOUISVILLE METRO POLICE DEPT,Accepted,JEFFERSON,,,KNOLL GATE,RD,,,,,,,,38.162390962,-85.780240862,0.088,10/8/2019 12:00:00 AM,2033,2,2,0,0,CLEAR,DRY,True,1 VEHICLE PARKED POSITION (NOT PARKING LOT/DRIVEWAY),SIDESWIPE-SAME DIRECTION,STRAIGHT & LEVEL,DARK-HWY NOT LIGHTED,,,10/9/2019 9:52:18 AM,False,8278,Accepted,
25746735,0568000,LOUISVILLE METRO POLICE DEPT,Accepted,JEFFERSON,,3407,SHANKS,LN,,,,,,,,38.196267075,-85.844111661,0.109,10/8/2019 12:00:00 AM,0849,2,2,0,0,CLEAR,DRY,True,1 VEHICLE PARKED POSITION (NOT PARKING LOT/DRIVEWAY),SIDESWIPE-SAME DIRECTION,STRAIGHT & LEVEL,DAYLIGHT,,,10/8/2019 12:25:19 PM,False,5208,Accepted,
25746739,0568000,LOUISVILLE METRO POLICE DEPT,Accepted,JEFFERSON,,4301,MURPHY,LN,,,,,,,,38.303224595,-85.533498068,0.097,10/8/2019 12:00:00 AM,0930,2,2,0,0,CLEAR,DRY,True,1 VEHICLE PARKED POSITION (NOT PARKING LOT/DRIVEWAY),SIDESWIPE-SAME DIRECTION,STRAIGHT & GRADE,DAYLIGHT,,,10/8/2019 12:25:54 PM,False,2346,Accepted,
25814427,0568000,LOUISVILLE METRO POLICE DEPT,Accepted,JEFFERSON,I 0064,,I64 W,,,,,,,,,38.236544376,-85.618240447,12.547,10/8/2019 12:00:00 AM,1722,2,2,0,0,CLEAR,DRY,False,REAR END IN TRAFFIC LANES BOTH VEHICLES MOVING,REAR END,STRAIGHT & GRADE,DAYLIGHT,,,10/23/2019 8:27:11 AM,False,7764,Accepted,
25750987,0568000,LOUISVILLE METRO POLICE DEPT,Accepted,JEFFERSON,KY1020,,2ND,ST,S,,,,,,,38.220171799,-85.759955159,10.334,10/8/2019 12:00:00 AM,1033,2,2,0,0,CLEAR,DRY,False,REAR END IN TRAFFIC LANES BOTH VEHICLES MOVING,REAR END,STRAIGHT & LEVEL,DAYLIGHT,,,10/9/2019 9:45:58 AM,False,5273,Accepted,
25756212,0568000,LOUISVILLE METRO POLICE DEPT,Accepted,JEFFERSON,KY1020,,NATIONAL,TPKE,,,,,,,,38.126624938,-85.748953523,3.679,10/8/2019 12:00:00 AM,1524,2,2,0,1,CLEAR,DRY,False,REAR END IN TRAFFIC LANES BOTH VEHICLES MOVING,REAR END,STRAIGHT & LEVEL,DAYLIGHT,,,10/10/2019 9:28:24 AM,False,7234,Accepted,
25751136,0568000,LOUISVILLE METRO POLICE DEPT,Accepted,JEFFERSON,I 0064,,I64 E,,,,,,,,,38.260292540,-85.736930240,5.732,10/8/2019 12:00:00 AM,1710,2,2,0,0,CLEAR,DRY,False,REAR END IN TRAFFIC LANES BOTH VEHICLES MOVING,REAR END,STRAIGHT & LEVEL,DAYLIGHT,,,10/9/2019 9:51:51 AM,False,7862,Accepted,
25750966,0568000,LOUISVILLE METRO POLICE DEPT,Accepted,JEFFERSON,,,STONE LAKES,DR,,,,,,,,38.189255432,-85.515973895,0.297,10/8/2019 12:00:00 AM,1223,2,2,0,0,CLEAR,DRY,False,REAR END IN TRAFFIC LANES BOTH VEHICLES MOVING,REAR END,STRAIGHT & LEVEL,DAYLIGHT,,,10/9/2019 9:43:31 AM,False,4693,Accepted,
25750968,0568000,LOUISVILLE METRO POLICE DEPT,Accepted,JEFFERSON,,,SHEPHERDSVILLE,RD,,,,,,,,38.119714572,-85.668542178,1.487,10/8/2019 12:00:00 AM,1337,3,3,0,0,CLEAR,DRY,False,REAR END IN TRAFFIC LANES BOTH VEHICLES MOVING,REAR END,STRAIGHT & LEVEL,DAYLIGHT,,,10/9/2019 9:44:00 AM,False,4693,Accepted,
25751059,0568000,LOUISVILLE METRO POLICE DEPT,Accepted,JEFFERSON,KY1703,,NEWBURG,RD,,,,,,,,38.203112568,-85.691054444,2.396,10/8/2019 12:00:00 AM,1113,2,2,0,0,CLEAR,DRY,False,REAR END IN TRAFFIC LANES BOTH VEHICLES MOVING,REAR END,STRAIGHT & GRADE,DAYLIGHT,,,10/9/2019 9:48:53 AM,False,6813,Accepted,
25756334,0568000,LOUISVILLE METRO POLICE DEPT,Accepted,JEFFERSON,I 0064,,I64 W,,,,,,,,,38.238127929,-85.627899562,12.001,10/8/2019 12:00:00 AM,1722,2,2,0,0,CLEAR,DRY,False,REAR END IN TRAFFIC LANES BOTH VEHICLES MOVING,REAR END,STRAIGHT & LEVEL,DAYLIGHT,,,10/10/2019 9:46:29 AM,False,2142,Accepted,
25751135,0568000,LOUISVILLE METRO POLICE DEPT,Accepted,JEFFERSON,,,HIKES,LN,,,,,HUNSINGER,KY1932,BRECKENRIDGE,38.218844321,-85.627380582,3.110,10/8/2019 12:00:00 AM,1548,2,2,0,0,CLEAR,DRY,False,1 VEHICLE ENTERING/LEAVING ENTRANCE,ANGLE,STRAIGHT & LEVEL,DAYLIGHT,,,10/9/2019 9:51:33 AM,False,5247,Accepted,
25750926,0568000,LOUISVILLE METRO POLICE DEPT,Accepted,JEFFERSON,KY1065,1620,OUTER,LOOP,,,,,,,,38.130223034,-85.735524187,3.282,10/8/2019 12:00:00 AM,1500,2,2,0,0,CLEAR,DRY,False,1 VEHICLE ENTERING/LEAVING ENTRANCE,ANGLE,STRAIGHT & LEVEL,DAYLIGHT,,,10/9/2019 9:41:25 AM,False,7486,Accepted,
25750959,0568000,LOUISVILLE METRO POLICE DEPT,Accepted,JEFFERSON,,,BOHANNON STATION,RD,,,,,,,,38.125153990,-85.571377324,0.079,10/8/2019 12:00:00 AM,1143,2,2,0,0,CLEAR,DRY,False,1 VEHICLE ENTERING/LEAVING ENTRANCE,ANGLE,STRAIGHT & LEVEL,DAYLIGHT,,,10/9/2019 9:43:18 AM,False,4693,Accepted,
25750976,0568000,LOUISVILLE METRO POLICE DEPT,Accepted,JEFFERSON,KY0061,,PRESTON,HWY,,,,,,,,38.117337624,-85.677119417,2.394,10/8/2019 12:00:00 AM,1710,2,2,0,0,CLEAR,DRY,True,1 VEHICLE ENTERING/LEAVING ENTRANCE,ANGLE,STRAIGHT & LEVEL,DAYLIGHT,,,10/9/2019 9:45:04 AM,False,4693,Accepted,
25756214,0568000,LOUISVILLE METRO POLICE DEPT,Accepted,JEFFERSON,,,RIVER,RD,,,,,FULTON,,ADAMS,38.264473606,-85.725438039,1.237,10/8/2019 12:00:00 AM,1248,2,2,0,0,CLEAR,DRY,False,1 VEHICLE ENTERING/LEAVING ENTRANCE,ANGLE,STRAIGHT & LEVEL,DAYLIGHT,,,10/10/2019 9:28:59 AM,False,7058,Accepted,
25771748,0568000,LOUISVILLE METRO POLICE DEPT,Accepted,JEFFERSON,,,AIKEN,RD,,,,,,,,38.270341064,-85.481158792,2.890,10/8/2019 12:00:00 AM,1757,2,2,0,0,CLEAR,DRY,False,1 VEHICLE ENTERING/LEAVING ENTRANCE,ANGLE,STRAIGHT & GRADE,DAYLIGHT,,,10/14/2019 8:51:32 AM,False,6532,Accepted,
25750899,0568000,LOUISVILLE METRO POLICE DEPT,Accepted,JEFFERSON,,5121,ANTLE,DR,,,,,,,,38.087177929,-85.665568929,0.276,10/8/2019 12:00:00 AM,0854,2,2,0,0,CLEAR,DRY,False,1 VEHICLE ENTERING/LEAVING ENTRANCE,ANGLE,STRAIGHT & LEVEL,DAYLIGHT,,,10/9/2019 9:39:09 AM,False,7799,Accepted,
25756216,0568000,LOUISVILLE METRO POLICE DEPT,Accepted,JEFFERSON,,5601,OXFORD,CT,,,,,,,,38.160715046,-85.603452744,0.012,10/8/2019 12:00:00 AM,1356,2,2,0,0,CLEAR,DRY,True,VEHICLE BACKING NON INTERSECTION,BACKING,STRAIGHT & LEVEL,DAYLIGHT,,,10/10/2019 9:29:20 AM,False,2017,Accepted,
25861376,0568000,LOUISVILLE METRO POLICE DEPT,Accepted,JEFFERSON,KY2054,,ALGONQUIN,PKWY,,,,,,,,38.215215898,-85.773841278,2.901,10/8/2019 12:00:00 AM,1900,2,2,0,0,CLOUDY,DRY,False,1 VEHICLE ENTERING/LEAVING ENTRANCE,ANGLE,CURVE & LEVEL,DAYLIGHT,,,10/31/2019 8:47:39 AM,False,7298,Accepted,
25751069,0568000,LOUISVILLE METRO POLICE DEPT,Accepted,JEFFERSON,KY0155,,TAYLORSVILLE,RD,,,,,,,,38.222018989,-85.657504736,15.053,10/8/2019 12:00:00 AM,1519,2,2,0,2,CLEAR,DRY,False,OTHER ROADWAY OR MID-BLOCK COLLISION,REAR END,STRAIGHT & LEVEL,DAYLIGHT,,,10/9/2019 9:49:06 AM,False,6813,Accepted,
25750908,0568000,LOUISVILLE METRO POLICE DEPT,Accepted,JEFFERSON,,,MURPHY,LN,,,,,,,,38.303224595,-85.533498068,0.097,10/8/2019 12:00:00 AM,1345,2,2,0,0,CLEAR,DRY,True,OTHER ROADWAY OR MID-BLOCK COLLISION,REAR END,STRAIGHT & GRADE,DAYLIGHT,,,10/9/2019 9:39:27 AM,False,2346,Accepted,
25751134,0568000,LOUISVILLE METRO POLICE DEPT,Accepted,JEFFERSON,I 0264,,I264 E,,,,,,,,,38.225816040,-85.641087990,17.602,10/8/2019 12:00:00 AM,1627,5,5,0,0,CLEAR,DRY,False,OTHER ROADWAY OR MID-BLOCK COLLISION,REAR TO REAR,STRAIGHT & LEVEL,DAYLIGHT,,,10/9/2019 9:51:01 AM,False,5247,Accepted,
25746740,0568000,LOUISVILLE METRO POLICE DEPT,Accepted,JEFFERSON,KY1865,,TAYLOR,BLVD,,,,,MATHA,,WOODLAWN,38.181691940,-85.783579949,5.183,10/8/2019 12:00:00 AM,0855,3,3,0,0,CLEAR,DRY,False,OTHER ROADWAY OR MID-BLOCK COLLISION,REAR END,STRAIGHT & LEVEL,DAYLIGHT,,,10/8/2019 12:26:05 PM,False,2499,Accepted,
25746712,0568000,LOUISVILLE METRO POLICE DEPT,Accepted,JEFFERSON,I 0264,,I264 E,,,,,,,,,38.232889179,-85.627684408,18.480,10/8/2019 12:00:00 AM,0730,2,2,0,0,CLEAR,DRY,False,OTHER ROADWAY OR MID-BLOCK COLLISION,REAR END,STRAIGHT & LEVEL,DAYLIGHT,,,10/8/2019 12:23:38 PM,False,4903,Accepted,
25804797,0568000,LOUISVILLE METRO POLICE DEPT,Accepted,JEFFERSON,US0031E,,BARDSTOWN,RD,,,,,,,,38.162802133,-85.595762433,6.576,10/8/2019 12:00:00 AM,1700,2,2,0,0,CLEAR,DRY,False,OTHER ROADWAY OR MID-BLOCK COLLISION,REAR END,STRAIGHT & LEVEL,DAYLIGHT,,,10/21/2019 12:05:08 PM,False,7573,Accepted,
25751019,0568000,LOUISVILLE METRO POLICE DEPT,Accepted,JEFFERSON,I 0265,,,,,,,,,,,38.308924704,-85.573139935,0.232,10/8/2019 12:00:00 AM,1210,2,2,0,0,CLEAR,DRY,False,OTHER RAMP RELATED COLLISIONS NOT LISTED ABOVE,REAR END,STRAIGHT & HILLCREST,DAYLIGHT,I 0265,KY0022,10/9/2019 9:47:15 AM,False,7751,Accepted,
25771640,0568000,LOUISVILLE METRO POLICE DEPT,Accepted,JEFFERSON,I 0064,,,,,,,,,,,38.257896931,-85.723668817,0.125,10/8/2019 12:00:00 AM,1004,2,2,0,0,CLEAR,DRY,False,OTHER RAMP RELATED COLLISIONS NOT LISTED ABOVE,REAR END,CURVE & LEVEL,DAYLIGHT,I 0064,STORY AVE,10/14/2019 8:39:27 AM,False,2764,Accepted,
25751206,0568000,LOUISVILLE METRO POLICE DEPT,Accepted,JEFFERSON,I 0065,,,,,,,,,,,38.156580458,-85.716586079,0.420,10/8/2019 12:00:00 AM,1631,2,2,0,0,CLEAR,DRY,False,OTHER RAMP RELATED COLLISIONS NOT LISTED ABOVE,REAR END,STRAIGHT & LEVEL,DAYLIGHT,I 0065,KY1631,10/9/2019 10:00:07 AM,False,4693,Accepted,