IncidentID,AgencyORI,AgencyName,IncidentStatusDesc,County,RdwyNumber,Street,RoadwayName,StreetSfx,StreetDir,IntersectionRdwy,IntersectionRdwyName,BetweenStRdwy1,BetweenStRdwyName1,BetweenStRdwy2,BetweenStRdwyName2,Latitude,Longitude,Milepoint,CollisionDate,CollisionTime,UnitsInvolved,MotorVehiclesInvolved,NumberKilled,NumberInjured,Weather,RdwyConditionCode,HitandRun,DirAnalysisCode,MannerofCollision,RdwyCharacter,LightCondition,RampFromRdwyId,RampToRdwyId,AcceptedDate,IsSecondaryCollision,OwnerBadge,IncidentStatus,
25771741,0568000,LOUISVILLE METRO POLICE DEPT,Accepted,JEFFERSON,I 0264,,,,,,,,,,,38.194625441,-85.708398983,0.043,10/8/2019 12:00:00 AM,1700,2,2,0,0,CLEAR,DRY,False,OTHER RAMP RELATED COLLISIONS NOT LISTED ABOVE,REAR END,STRAIGHT & LEVEL,DAYLIGHT,KY0864,I 0264,10/14/2019 8:50:36 AM,False,7400,Accepted,
25751183,0568000,LOUISVILLE METRO POLICE DEPT,Accepted,JEFFERSON,I 0065,,,,,,,,,,,38.192163871,-85.730488244,1.275,10/7/2019 12:00:00 AM,0859,1,1,0,0,RAINING,WET,False,OTHER RAMP RELATED COLLISIONS NOT LISTED ABOVE,SINGLE VEHICLE,STRAIGHT & GRADE,DAYLIGHT,I 0065,I 0264,10/9/2019 9:55:53 AM,False,4656,Accepted,
25761820,0568000,LOUISVILLE METRO POLICE DEPT,Accepted,JEFFERSON,I 0065,,I65 S,,,,,,,,,38.216649691,-85.752434936,0.036,10/7/2019 12:00:00 AM,0500,2,2,0,0,RAINING,WET,False,OTHER RAMP RELATED COLLISIONS NOT LISTED ABOVE,REAR END,STRAIGHT & LEVEL,DARK-HWY LIGHTED/ON,I 0065,ARTHUR ST,10/11/2019 10:18:40 AM,True,7344,Accepted,
25746483,0568000,LOUISVILLE METRO POLICE DEPT,Accepted,JEFFERSON,I 0065,,,,,,,,,,,38.178759280,-85.717146612,0.401,10/7/2019 12:00:00 AM,0759,2,2,0,0,RAINING,WET,False,OTHER RAMP RELATED COLLISIONS NOT LISTED ABOVE,REAR END,STRAIGHT & LEVEL,DAYLIGHT,I 0065,KY0061,10/8/2019 12:03:25 PM,False,4903,Accepted,
25746535,0568000,LOUISVILLE METRO POLICE DEPT,Accepted,JEFFERSON,I 0065,,,,,,,,,,,38.157146982,-85.716521755,0.032,10/7/2019 12:00:00 AM,0730,2,2,0,0,RAINING,WET,False,OTHER RAMP RELATED COLLISIONS NOT LISTED ABOVE,REAR END,CURVE & HILLCREST,DARK-HWY LIGHTED/ON,KY1631,I 0065,10/8/2019 12:10:44 PM,False,5026,Accepted,
25756324,0568000,LOUISVILLE METRO POLICE DEPT,Accepted,JEFFERSON,I 0064,,,,,,,,,,,38.260929403,-85.733075529,0.015,10/7/2019 12:00:00 AM,0629,2,2,0,1,RAINING,WET,False,OTHER RAMP RELATED COLLISIONS NOT LISTED ABOVE,SIDESWIPE-SAME DIRECTION,STRAIGHT & LEVEL,DARK-HWY LIGHTED/ON,I 0064,I 0071,10/10/2019 9:43:39 AM,False,4656,Accepted,
25739867,0568000,LOUISVILLE METRO POLICE DEPT,Accepted,JEFFERSON,I 0064,,,,,,,,,,,38.247577723,-85.699776962,0.231,10/7/2019 12:00:00 AM,0303,1,1,0,0,RAINING,WET,False,COLLISION WITH FIXED OBJECT NOT IN GORE ,SINGLE VEHICLE,STRAIGHT & LEVEL,DARK-HWY NOT LIGHTED,I 0064,GRINSTEAD DR,10/7/2019 7:59:29 AM,False,5272,Accepted,
25746704,0568000,LOUISVILLE METRO POLICE DEPT,Accepted,JEFFERSON,,3408,RICHMONT,RD,,,,,,,,38.199293391,-85.843703757,0.248,10/7/2019 12:00:00 AM,1756,2,1,0,0,CLEAR,DRY,True,OTHER ROADWAY OR MID-BLOCK COLLISION,SINGLE VEHICLE,STRAIGHT & LEVEL,DAYLIGHT,,,10/8/2019 12:21:35 PM,False,7437,Accepted,
25746503,0568000,LOUISVILLE METRO POLICE DEPT,Accepted,JEFFERSON,KY1932,,BRECKENRIDGE,LN,,,,,CHURCHILL PARK,,HIKES,38.215159713,-85.627275046,2.470,10/7/2019 12:00:00 AM,0812,3,3,0,1,RAINING,WET,False,OTHER ROADWAY OR MID-BLOCK COLLISION,REAR END,STRAIGHT & LEVEL,DAWN,,,10/8/2019 12:05:49 PM,False,2429,Accepted,
25746564,0568000,LOUISVILLE METRO POLICE DEPT,Accepted,JEFFERSON,,,3RD,ST,S,,,,WAMPUM,,WELLINGTON,38.185507212,-85.765528817,1.044,10/7/2019 12:00:00 AM,1732,2,2,0,1,CLEAR,DRY,False,OTHER ROADWAY OR MID-BLOCK COLLISION,REAR END,STRAIGHT & LEVEL,DAYLIGHT,,,10/8/2019 12:14:53 PM,False,2499,Accepted,
25746532,0568000,LOUISVILLE METRO POLICE DEPT,Accepted,JEFFERSON,US0060,,SHELBYVILLE,RD,,,,KY1531,EASTWOOD FISHERVILLE,,HIGHLAND,38.233396667,-85.453841900,14.871,10/7/2019 12:00:00 AM,1249,2,2,0,0,CLOUDY,DRY,False,OTHER ROADWAY OR MID-BLOCK COLLISION,REAR END,STRAIGHT & LEVEL,DAYLIGHT,,,10/8/2019 12:10:32 PM,False,7751,Accepted,
25746702,0568000,LOUISVILLE METRO POLICE DEPT,Accepted,JEFFERSON,KY1865,,TAYLOR,BLVD,,,,,,,,38.190005158,-85.783421880,5.749,10/7/2019 12:00:00 AM,2248,2,2,0,0,CLEAR,DRY,False,OTHER ROADWAY OR MID-BLOCK COLLISION,REAR END,STRAIGHT & LEVEL,DARK (UNKNOWN ROADWAY LIGHTING),,,10/8/2019 12:21:02 PM,False,5111,Accepted,
25746509,0568000,LOUISVILLE METRO POLICE DEPT,Accepted,JEFFERSON,KY0864,,POPLAR LEVEL,RD,,,,,,,,38.187673818,-85.702038506,10.688,10/7/2019 12:00:00 AM,1020,2,2,0,2,RAINING,WET,False,1 VEHICLE ENTERING/LEAVING ENTRANCE,ANGLE,STRAIGHT & GRADE,DAYLIGHT,,,10/8/2019 12:06:28 PM,False,5130,Accepted,
25746530,0568000,LOUISVILLE METRO POLICE DEPT,Accepted,JEFFERSON,KY1703,,NEWBURG,RD,,,,,,,,38.201312671,-85.687486189,2.168,10/7/2019 12:00:00 AM,1042,2,2,0,1,CLOUDY,WET,True,1 VEHICLE ENTERING/LEAVING ENTRANCE,ANGLE,STRAIGHT & LEVEL,DAYLIGHT,,,10/8/2019 12:10:01 PM,False,6813,Accepted,
25746571,0568000,LOUISVILLE METRO POLICE DEPT,Accepted,JEFFERSON,US0031E,,BARDSTOWN,RD,,,,,,,,38.146967466,-85.585826138,5.327,10/7/2019 12:00:00 AM,1236,2,2,0,0,CLOUDY,DRY,False,1 VEHICLE ENTERING/LEAVING ENTRANCE,ANGLE,STRAIGHT & LEVEL,DAYLIGHT,,,10/8/2019 12:15:55 PM,False,4693,Accepted,
25746540,0568000,LOUISVILLE METRO POLICE DEPT,Accepted,JEFFERSON,US0031E,,BARDSTOWN,RD,,,,I 0265,I265 W EXIT17 ON RAMP FROM US31E,I 0265,I265 E EXIT17 OFF RAMP TO US31E,38.142125586,-85.583393760,4.959,10/7/2019 12:00:00 AM,1530,3,3,0,0,CLEAR,DRY,False,REAR END IN TRAFFIC LANES BOTH VEHICLES MOVING,REAR END,STRAIGHT & LEVEL,DAYLIGHT,,,10/8/2019 12:10:54 PM,False,6878,Accepted,
25746478,0568000,LOUISVILLE METRO POLICE DEPT,Accepted,JEFFERSON,I 0264,,I264 W,,,,,,,,,38.230900767,-85.631895658,18.193,10/7/2019 12:00:00 AM,0846,4,4,0,0,RAINING,WET,False,REAR END IN TRAFFIC LANES BOTH VEHICLES MOVING,REAR END,STRAIGHT & LEVEL,DAYLIGHT,,,10/8/2019 12:03:03 PM,False,4903,Accepted,
25746552,0568000,LOUISVILLE METRO POLICE DEPT,Accepted,JEFFERSON,KY3084,,OLD HENRY,RD,,,,,BUSH FARM,,ARNOLD PALMER,38.274732007,-85.490034341,1.851,10/7/2019 12:00:00 AM,0809,3,3,0,0,RAINING,WET,False,REAR END IN TRAFFIC LANES BOTH VEHICLES MOVING,REAR END,STRAIGHT & LEVEL,DAWN,,,10/8/2019 12:12:19 PM,False,5287,Accepted,
25746492,0568000,LOUISVILLE METRO POLICE DEPT,Accepted,JEFFERSON,US0031E,,BARDSTOWN,RD,,,,I 0265,I265 W EXIT17 ON RAMP FROM US31E,I 0265,I265 E EXIT17 OFF RAMP TO US31E,38.139862936,-85.582304633,4.787,10/7/2019 12:00:00 AM,1025,2,2,0,1,RAINING,WET,False,REAR END IN TRAFFIC LANES BOTH VEHICLES MOVING,REAR END,STRAIGHT & GRADE,DAYLIGHT,,,10/8/2019 12:04:21 PM,False,6878,Accepted,
25739868,0568000,LOUISVILLE METRO POLICE DEPT,Accepted,JEFFERSON,,2104,HILL,ST,W,,,,,,,38.229015602,-85.793018231,1.988,10/7/2019 12:00:00 AM,0017,2,2,0,0,RAINING,WET,True,1 VEHICLE PARKED POSITION (NOT PARKING LOT/DRIVEWAY),SIDESWIPE-SAME DIRECTION,STRAIGHT & LEVEL,DARK-HWY LIGHTED/ON,,,10/7/2019 7:59:34 AM,False,5039,Accepted,
25746611,0568000,LOUISVILLE METRO POLICE DEPT,Accepted,JEFFERSON,US0042,,STORY,AVE,,,,,ADAMS,I 0064,I64 E EXIT7 OFF RAMP TO  STORY AVE,38.257492804,-85.724509496,0.482,10/7/2019 12:00:00 AM,0945,2,2,0,0,CLOUDY,WET,False,SIDESWIPE COLLISION - SAME DIRECTION,SIDESWIPE-SAME DIRECTION,STRAIGHT & LEVEL,DAYLIGHT,,,10/8/2019 12:17:10 PM,False,7229,Accepted,
25746636,0568000,LOUISVILLE METRO POLICE DEPT,Accepted,JEFFERSON,US0031E,,MAIN,ST,W,,,,1ST,US0031W,2ND,38.256267430,-85.753294945,17.886,10/7/2019 12:00:00 AM,1713,2,2,0,0,CLEAR,DRY,False,SIDESWIPE COLLISION - SAME DIRECTION,SIDESWIPE-SAME DIRECTION,STRAIGHT & LEVEL,DAYLIGHT,,,10/8/2019 12:18:42 PM,False,5040,Accepted,
25746491,0568000,LOUISVILLE METRO POLICE DEPT,Accepted,JEFFERSON,I 0065,,I65 N,,,,,,,,,38.096877040,-85.700571068,123.909,10/7/2019 12:00:00 AM,0604,2,2,0,0,RAINING,WET,False,SIDESWIPE COLLISION - SAME DIRECTION,SIDESWIPE-SAME DIRECTION,STRAIGHT & LEVEL,DARK-HWY NOT LIGHTED,,,10/8/2019 12:04:03 PM,False,4903,Accepted,
25740799,0568000,LOUISVILLE METRO POLICE DEPT,Accepted,JEFFERSON,,,WOODLAWN,AVE,E,,,,LOUISVILLE,,CRITTENDEN,38.181425389,-85.756837689,0.345,10/7/2019 12:00:00 AM,0852,2,2,0,0,RAINING,WET,False,SIDESWIPE COLLISION - SAME DIRECTION,SIDESWIPE-SAME DIRECTION,STRAIGHT & HILLCREST,DAYLIGHT,,,10/7/2019 10:09:04 AM,False,2499,Accepted,
25746566,0568000,LOUISVILLE METRO POLICE DEPT,Accepted,JEFFERSON,US0031W,,DIXIE,HWY,,,,,,,,38.085884835,-85.879742382,6.914,10/7/2019 12:00:00 AM,1100,2,2,0,0,CLOUDY,WET,False,SIDESWIPE COLLISION - SAME DIRECTION,SIDESWIPE-SAME DIRECTION,STRAIGHT & LEVEL,DAYLIGHT,,,10/8/2019 12:15:04 PM,False,7234,Accepted,
25746549,0568000,LOUISVILLE METRO POLICE DEPT,Accepted,JEFFERSON,KY1747,,FERN VALLEY,RD,,,,,PARAMOUNT PARK,,INDUSTRIAL,38.157000832,-85.708074518,1.325,10/7/2019 12:00:00 AM,0847,2,2,0,0,CLOUDY,WET,False,SIDESWIPE COLLISION - SAME DIRECTION,SIDESWIPE-SAME DIRECTION,STRAIGHT & LEVEL,DAWN,,,10/8/2019 12:11:19 PM,False,2324,Accepted,
25746486,0568000,LOUISVILLE METRO POLICE DEPT,Accepted,JEFFERSON,I 0265,,I265 S,,,,,,,,,38.285353105,-85.506007870,29.935,10/7/2019 12:00:00 AM,0659,2,2,0,0,RAINING,WET,False,SIDESWIPE COLLISION - SAME DIRECTION,SIDESWIPE-SAME DIRECTION,CURVE & LEVEL,DARK-HWY NOT LIGHTED,,,10/8/2019 12:03:39 PM,False,4903,Accepted,
25746684,0568000,LOUISVILLE METRO POLICE DEPT,Accepted,JEFFERSON,I 0264,,I264 W,,,I 0065,I65 S EXIT131B RAMP TO I264 W,,,,,38.189927303,-85.737972912,11.636,10/7/2019 12:00:00 AM,2312,1,1,0,1,CLEAR,DRY,False,OTHER INTERSECTION COLLISIONS,SINGLE VEHICLE,STRAIGHT & LEVEL,DARK-HWY LIGHTED/ON,,,10/8/2019 12:20:14 PM,False,5265,Accepted,
25746475,0568000,LOUISVILLE METRO POLICE DEPT,Accepted,JEFFERSON,KY0061,,PRESTON,HWY,,,BELMAR,,,,,38.194725196,-85.729715115,8.537,10/7/2019 12:00:00 AM,1023,2,2,0,0,RAINING,WET,False,OTHER INTERSECTION COLLISIONS,REAR END,STRAIGHT & LEVEL,DAYLIGHT,,,10/8/2019 12:02:50 PM,False,7400,Accepted,
25746518,0568000,LOUISVILLE METRO POLICE DEPT,Accepted,JEFFERSON,,,OAK,ST,W,,15TH,,,,,38.236730301,-85.778278835,1.254,10/7/2019 12:00:00 AM,1258,1,1,0,0,CLOUDY,DRY,False,OTHER INTERSECTION COLLISIONS,SINGLE VEHICLE,STRAIGHT & GRADE,DAYLIGHT,,,10/8/2019 12:08:39 PM,False,5151,Accepted,
25756346,0568000,LOUISVILLE METRO POLICE DEPT,Accepted,JEFFERSON,KY1447,,WESTPORT,RD,,KY1747,HURSTBOURNE,,,,,38.287677149,-85.572162292,5.242,10/7/2019 12:00:00 AM,0602,3,3,0,0,RAINING,WET,False,OTHER INTERSECTION COLLISIONS,REAR END,STRAIGHT & LEVEL,DARK-HWY NOT LIGHTED,,,10/10/2019 9:48:47 AM,False,5128,Accepted,
25746561,0568000,LOUISVILLE METRO POLICE DEPT,Accepted,JEFFERSON,KY2052,,SHEPHERDSVILLE,RD,,,RANGELAND,,,,,38.164330860,-85.659887363,1.774,10/7/2019 12:00:00 AM,1716,2,2,0,0,CLEAR,DRY,False,OTHER INTERSECTION COLLISIONS,REAR END,STRAIGHT & LEVEL,DAYLIGHT,,,10/8/2019 12:14:39 PM,False,7366,Accepted,
25746568,0568000,LOUISVILLE METRO POLICE DEPT,Accepted,JEFFERSON,US0031W,,,,,US0031W,DIXIE,,,,,38.093844558,-85.874838246,0.304,10/7/2019 12:00:00 AM,1618,2,2,0,0,CLEAR,DRY,False,OTHER INTERSECTION COLLISIONS,REAR END,CURVE & GRADE,DAYLIGHT,,,10/8/2019 12:15:22 PM,False,7234,Accepted,
25746628,0568000,LOUISVILLE METRO POLICE DEPT,Accepted,JEFFERSON,KY1932,,BRECKENRIDGE,LN,,,HIKES,,,,,38.218158979,-85.628526826,2.692,10/7/2019 12:00:00 AM,1155,2,2,0,0,CLOUDY,WET,False,OTHER INTERSECTION COLLISIONS,REAR TO REAR,STRAIGHT & LEVEL,DAYLIGHT,,,10/8/2019 12:17:19 PM,False,5247,Accepted,
25761816,0568000,LOUISVILLE METRO POLICE DEPT,Accepted,JEFFERSON,,,JEFFERSON,ST,W,,13TH,,,,,38.255473722,-85.771940007,1.092,10/7/2019 12:00:00 AM,0647,2,2,0,0,RAINING,WET,False,OTHER INTERSECTION COLLISIONS,REAR END,STRAIGHT & LEVEL,DARK-HWY LIGHTED/ON,,,10/11/2019 10:18:14 AM,False,7823,Accepted,
25746638,0568000,LOUISVILLE METRO POLICE DEPT,Accepted,JEFFERSON,,,7TH,ST,S,,SHIPP,,,,,38.226242810,-85.769322365,0.614,10/7/2019 12:00:00 AM,1845,2,2,0,0,CLEAR,DRY,True,OTHER INTERSECTION COLLISIONS,REAR END,STRAIGHT & LEVEL,DAYLIGHT,,,10/8/2019 12:18:52 PM,False,7360,Accepted,
25746630,0568000,LOUISVILLE METRO POLICE DEPT,Accepted,JEFFERSON,US0031E,,BARDSTOWN,RD,,,BELMONT,,,,,38.206291092,-85.667137601,11.602,10/7/2019 12:00:00 AM,1539,2,2,0,0,CLEAR,DRY,True,OTHER INTERSECTION COLLISIONS,REAR END,STRAIGHT & LEVEL,DAYLIGHT,,,10/8/2019 12:17:42 PM,False,5247,Accepted,
25746738,0568000,LOUISVILLE METRO POLICE DEPT,Accepted,JEFFERSON,,,BRENTLINGER,LN,,US0031E,BARDSTOWN,,,,,38.134168963,-85.579590478,0.002,10/7/2019 12:00:00 AM,0735,2,2,0,0,CLOUDY,WET,False,OTHER INTERSECTION COLLISIONS,REAR END,STRAIGHT & GRADE,DAWN,,,10/8/2019 12:25:44 PM,False,2764,Accepted,
25746632,0568000,LOUISVILLE METRO POLICE DEPT,Accepted,JEFFERSON,US0031E,,BARDSTOWN,RD,,I 0265,I265 E EXIT17 OFF RAMP TO US31E,,,,,38.139355667,-85.582218387,4.754,10/7/2019 12:00:00 AM,1552,2,2,0,0,CLEAR,DRY,False,OTHER INTERSECTION COLLISIONS,REAR END,STRAIGHT & LEVEL,DAYLIGHT,,,10/8/2019 12:17:51 PM,False,5295,Accepted,
25746515,0568000,LOUISVILLE METRO POLICE DEPT,Accepted,JEFFERSON,US0060,,SHELBYVILLE,RD,,,WHIPPS MILL,,,,,38.248552173,-85.602830504,6.431,10/7/2019 12:00:00 AM,0743,2,2,0,0,RAINING,WET,False,OTHER INTERSECTION COLLISIONS,REAR END,STRAIGHT & LEVEL,DAYLIGHT,,,10/8/2019 12:08:00 PM,False,5109,Accepted,
25750918,0568000,LOUISVILLE METRO POLICE DEPT,Accepted,JEFFERSON,KY1931,3603,MANSLICK,RD,,,,,,,,38.193567017,-85.800790887,8.239,10/7/2019 12:00:00 AM,0930,1,1,0,0,CLOUDY,DRY,False,COLLISION WITH FIXED OBJECT NON - INTERSECTION - FIRST EVENT COLLISION 09 - 32 EXCLUDING 16,SINGLE VEHICLE,STRAIGHT & LEVEL,DAYLIGHT,,,10/9/2019 9:40:25 AM,False,5271,Accepted,
25739877,0568000,LOUISVILLE METRO POLICE DEPT,Accepted,JEFFERSON,,3313,BOHANNON,AVE,,,,,,,,38.202770144,-85.778761139,0.301,10/7/2019 12:00:00 AM,0413,2,2,0,0,RAINING,WET,True,COLLISION WITH FIXED OBJECT NON - INTERSECTION - FIRST EVENT COLLISION 09 - 32 EXCLUDING 16,SIDESWIPE-SAME DIRECTION,STRAIGHT & LEVEL,DARK-HWY LIGHTED/ON,,,10/7/2019 8:00:00 AM,False,5252,Accepted,
25746472,0568000,LOUISVILLE METRO POLICE DEPT,Accepted,JEFFERSON,,1812,GREYLING,DR,,,,,,,,38.116072396,-85.800355821,0.356,10/7/2019 12:00:00 AM,0754,1,1,0,0,RAINING,WET,False,COLLISION WITH FIXED OBJECT NON - INTERSECTION - FIRST EVENT COLLISION 09 - 32 EXCLUDING 16,SINGLE VEHICLE,CURVE & LEVEL,DAWN,,,10/8/2019 12:02:27 PM,False,7252,Accepted,
25777647,0568000,LOUISVILLE METRO POLICE DEPT,Accepted,JEFFERSON,,2400B,BROADWAY,,W,,,,,,,38.249434999,-85.792623016,0.241,10/7/2019 12:00:00 AM,0033,3,3,0,0,RAINING,WET,True,1 VEHICLE PARKED POSITION (NOT PARKING LOT/DRIVEWAY),SIDESWIPE-SAME DIRECTION,STRAIGHT & LEVEL,DARK-HWY LIGHTED/ON,,,10/15/2019 8:39:51 AM,False,5223,Accepted,
25808879,0568000,LOUISVILLE METRO POLICE DEPT,Accepted,JEFFERSON,KY1020,,2ND,ST,S,,,US0031E,MARKET,,JEFFERSON,38.253940865,-85.753776302,12.659,10/7/2019 12:00:00 AM,1904,2,2,0,0,CLOUDY,WET,True,1 VEHICLE PARKED POSITION (NOT PARKING LOT/DRIVEWAY),REAR END,STRAIGHT & LEVEL,DUSK,,,10/22/2019 8:18:24 AM,False,7017,Accepted,
25845762,0568000,LOUISVILLE METRO POLICE DEPT,Accepted,JEFFERSON,,,PORTLAND,AVE,,US0150,22ND,,,,,38.268401292,-85.782544096,0.695,10/7/2019 12:00:00 AM,2220,2,2,0,0,CLEAR,DRY,False,OTHER INTERSECTION COLLISIONS,REAR END,STRAIGHT & LEVEL,DARK-HWY LIGHTED/ON,,,10/28/2019 9:50:00 AM,False,7416,Accepted,
25751102,0568000,LOUISVILLE METRO POLICE DEPT,Accepted,JEFFERSON,,,3RD,ST,S,KY2801,FLORENCE,,,,,38.191177660,-85.764900095,0.650,10/7/2019 12:00:00 AM,1356,2,2,0,0,CLOUDY,DRY,False,ANGLE COLLISION - OTHER,ANGLE,STRAIGHT & LEVEL,DAYLIGHT,,,10/9/2019 9:49:53 AM,False,7251,Accepted,
25746529,0568000,LOUISVILLE METRO POLICE DEPT,Accepted,JEFFERSON,KY1747,,HURSTBOURNE,PKWY,S,,BUNSEN,,,,,38.218977088,-85.584197316,11.456,10/7/2019 12:00:00 AM,1347,2,2,0,1,CLOUDY,WET,False,ANGLE COLLISION - OTHER,ANGLE,STRAIGHT & LEVEL,DAYLIGHT,,,10/8/2019 12:09:48 PM,False,7864,Accepted,
25746691,0568000,LOUISVILLE METRO POLICE DEPT,Accepted,JEFFERSON,KY1934,,CANE RUN,RD,,KY2051,LEES,,,,,38.183864502,-85.855339291,7.731,10/7/2019 12:00:00 AM,2225,2,2,0,0,CLEAR,DRY,True,ANGLE COLLISION - OTHER,ANGLE,STRAIGHT & LEVEL,DARK-HWY LIGHTED/ON,,,10/8/2019 12:20:22 PM,False,5140,Accepted,
25750893,0568000,LOUISVILLE METRO POLICE DEPT,Accepted,JEFFERSON,KY1631,,CRITTENDEN,DR,,,CHICOPEE,,,,,38.193145982,-85.750954871,0.360,10/7/2019 12:00:00 AM,1650,2,2,0,0,CLEAR,DRY,False,ANGLE COLLISION - OTHER,ANGLE,STRAIGHT & LEVEL,DAYLIGHT,,,10/9/2019 9:38:27 AM,False,5286,Accepted,
25746639,0568000,LOUISVILLE METRO POLICE DEPT,Accepted,JEFFERSON,,,9TH,ST,S,,BRECKINRIDGE,,,,,38.242963363,-85.767519704,0.269,10/7/2019 12:00:00 AM,1220,2,2,0,0,CLOUDY,DRY,False,ANGLE COLLISION - OTHER,ANGLE,STRAIGHT & LEVEL,DAYLIGHT,,,10/8/2019 12:19:02 PM,False,7387,Accepted,
25746597,0568000,LOUISVILLE METRO POLICE DEPT,Accepted,JEFFERSON,KY1447,,WESTPORT,RD,,,TOWNE CENTER,,,,,38.296305242,-85.553327321,6.388,10/7/2019 12:00:00 AM,1759,2,2,0,0,CLEAR,DRY,False,ANGLE COLLISION - OTHER,ANGLE,STRAIGHT & GRADE,DAYLIGHT,,,10/8/2019 12:16:52 PM,False,7313,Accepted,
25784427,0568000,LOUISVILLE METRO POLICE DEPT,Accepted,JEFFERSON,US0060A,,GRINSTEAD,DR,,US0060A,CHEROKEE,,,,,38.243312682,-85.705266882,7.754,10/7/2019 12:00:00 AM,1506,2,2,0,0,CLOUDY,DRY,False,ANGLE COLLISION - OTHER,ANGLE,CURVE & GRADE,DAYLIGHT,,,10/16/2019 2:05:47 PM,False,2228,Accepted,
25771910,0568000,LOUISVILLE METRO POLICE DEPT,Accepted,JEFFERSON,,,SWAN,ST,,,MARY,,,,,38.233919924,-85.737110153,0.120,10/7/2019 12:00:00 AM,1033,2,2,0,0,CLEAR,DRY,True,ANGLE COLLISION - OTHER,ANGLE,STRAIGHT & LEVEL,DAYLIGHT,,,10/14/2019 8:57:50 AM,False,7181,Accepted,
25746559,0568000,LOUISVILLE METRO POLICE DEPT,Accepted,JEFFERSON,KY1932,,BRECKENRIDGE,LN,,,MEADOW RIDGE,,,,,38.189870069,-85.625828844,0.596,10/7/2019 12:00:00 AM,1045,2,2,0,4,RAINING,WET,False,OPPOSING LEFT TURN,OPPOSING LEFT TURN,STRAIGHT & LEVEL,DAYLIGHT,,,10/8/2019 12:14:15 PM,False,7366,Accepted,
25756213,0568000,LOUISVILLE METRO POLICE DEPT,Accepted,JEFFERSON,US0150,,BROADWAY,,W,,7TH,,,,,38.246453308,-85.763465427,2.100,10/7/2019 12:00:00 AM,1110,3,3,0,1,CLEAR,DRY,False,VEHICLE BACKING IN INTERSECTION,BACKING,STRAIGHT & LEVEL,DAYLIGHT,,,10/10/2019 9:28:46 AM,False,7058,Accepted,
25814430,0568000,LOUISVILLE METRO POLICE DEPT,Accepted,JEFFERSON,I 0064,,I64 E,,,I 0064,I64 W EXIT19B RAMP TO I265 N,,,,,38.222452008,-85.505823381,18.911,10/7/2019 12:00:00 AM,1638,2,2,0,0,CLEAR,DRY,False,SIDESWIPE-SAME DIRECTION,SIDESWIPE-SAME DIRECTION,STRAIGHT & LEVEL,DAYLIGHT,,,10/23/2019 8:27:48 AM,False,7764,Accepted,
25771837,0568000,LOUISVILLE METRO POLICE DEPT,Accepted,JEFFERSON,US0031E,,BARDSTOWN,RD,,KY1932,BRECKENRIDGE,,,,,38.181653174,-85.627546221,8.745,10/7/2019 12:00:00 AM,1033,2,2,0,0,CLEAR,DRY,False,ANGLE COLLISION - OTHER,ANGLE,STRAIGHT & LEVEL,DAYLIGHT,,,10/14/2019 8:55:13 AM,False,7303,Accepted,
25746569,0568000,LOUISVILLE METRO POLICE DEPT,Accepted,JEFFERSON,KY2048,,CANNONS,LN,,,WARNER,,,,,38.242582920,-85.661420757,1.785,10/7/2019 12:00:00 AM,1740,2,2,0,0,CLEAR,DRY,False,ANGLE COLLISION - OTHER,ANGLE,STRAIGHT & LEVEL,DAYLIGHT,,,10/8/2019 12:15:46 PM,False,7281,Accepted,
25746575,0568000,LOUISVILLE METRO POLICE DEPT,Accepted,JEFFERSON,,,MINOR,LN,,,REEVES,,,,,38.138145986,-85.701223349,1.049,10/7/2019 12:00:00 AM,1505,2,2,0,0,CLOUDY,DRY,False,ANGLE COLLISION - OTHER,ANGLE,STRAIGHT & LEVEL,DAYLIGHT,,,10/8/2019 12:16:20 PM,False,4693,Accepted,
25746550,0568000,LOUISVILLE METRO POLICE DEPT,Accepted,JEFFERSON,,,CHESTNUT,ST,W,,4TH,,,,,38.248946679,-85.757871005,2.364,10/7/2019 12:00:00 AM,1627,2,1,0,1,CLEAR,DRY,False,COLLISION WITH PEDESTRIAN IN INTERSECTION,SINGLE VEHICLE,STRAIGHT & LEVEL,DAYLIGHT,,,10/8/2019 12:11:53 PM,False,7266,Accepted,
25756347,0568000,LOUISVILLE METRO POLICE DEPT,Accepted,JEFFERSON,,,HANCOCK,ST,S,,GRAY,,,,,38.246064996,-85.743386444,0.622,10/7/2019 12:00:00 AM,0700,2,1,0,1,RAINING,WET,True,COLLISION WITH PEDESTRIAN IN INTERSECTION,SINGLE VEHICLE,STRAIGHT & LEVEL,DARK-HWY LIGHTED/ON,,,10/10/2019 9:49:14 AM,False,5135,Accepted,
25746785,0568000,LOUISVILLE METRO POLICE DEPT,Accepted,JEFFERSON,US0060A,,TAYLOR,BLVD,,,EARL,,,,,38.202794979,-85.780664012,1.953,10/7/2019 12:00:00 AM,0846,2,1,0,0,RAINING,WET,False,COLLISION WITH BICYCLE IN INTERSECTION,SINGLE VEHICLE,STRAIGHT & LEVEL,DAYLIGHT,,,10/8/2019 12:32:12 PM,False,5286,Accepted,