IncidentID,AgencyORI,AgencyName,IncidentStatusDesc,County,RdwyNumber,Street,RoadwayName,StreetSfx,StreetDir,IntersectionRdwy,IntersectionRdwyName,BetweenStRdwy1,BetweenStRdwyName1,BetweenStRdwy2,BetweenStRdwyName2,Latitude,Longitude,Milepoint,CollisionDate,CollisionTime,UnitsInvolved,MotorVehiclesInvolved,NumberKilled,NumberInjured,Weather,RdwyConditionCode,HitandRun,DirAnalysisCode,MannerofCollision,RdwyCharacter,LightCondition,RampFromRdwyId,RampToRdwyId,AcceptedDate,IsSecondaryCollision,OwnerBadge,IncidentStatus,
25756336,0568000,LOUISVILLE METRO POLICE DEPT,Accepted,JEFFERSON,,,FAIRGROUND,RD,,,PLUMWOOD,,,,,38.165178480,-85.585618931,0.722,10/7/2019 12:00:00 AM,0645,1,1,0,0,RAINING,WET,False,COLLISION WITH FIXED OBJECT IN INTERSECTION - FIRST EVENT COLLISION 09 - 32,SINGLE VEHICLE,CURVE & LEVEL,DARK-HWY NOT LIGHTED,,,10/10/2019 9:47:16 AM,False,7761,Accepted,
25746703,0568000,LOUISVILLE METRO POLICE DEPT,Accepted,JEFFERSON,KY1931,,GREENWOOD,RD,,,DAISY,,,,,38.143990299,-85.850326517,2.517,10/7/2019 12:00:00 AM,2123,1,1,0,0,CLEAR,DRY,False,COLLISION WITH FIXED OBJECT IN INTERSECTION - FIRST EVENT COLLISION 09 - 32,SINGLE VEHICLE,STRAIGHT & LEVEL,DARK-HWY LIGHTED/ON,,,10/8/2019 12:21:23 PM,False,7649,Accepted,
25746640,0568000,LOUISVILLE METRO POLICE DEPT,Accepted,JEFFERSON,,,ELECTRON,DR,,KY0913,BLANKENBAKER,,,,,38.204822731,-85.537850965,1.024,10/7/2019 12:00:00 AM,0728,1,1,0,0,RAINING,WET,False,COLLISION WITH FIXED OBJECT IN INTERSECTION - FIRST EVENT COLLISION 09 - 32,SINGLE VEHICLE,STRAIGHT & LEVEL,DAWN,,,10/8/2019 12:19:10 PM,False,7018,Accepted,
25739870,0568000,LOUISVILLE METRO POLICE DEPT,Accepted,JEFFERSON,KY1865,,NEW CUT,RD,,,HARPERS FERRY,,,,,38.132207043,-85.772555470,1.700,10/6/2019 12:00:00 AM,2030,1,1,0,0,RAINING,WET,False,COLLISION WITH FIXED OBJECT IN INTERSECTION - FIRST EVENT COLLISION 09 - 32,SINGLE VEHICLE,STRAIGHT & LEVEL,DARK-HWY LIGHTED/ON,,,10/7/2019 7:59:43 AM,False,5220,Accepted,
25746523,0568000,LOUISVILLE METRO POLICE DEPT,Accepted,JEFFERSON,,,7TH,ST,S,,LEE,,,,,38.225239043,-85.770158485,0.475,10/6/2019 12:00:00 AM,2035,1,1,0,3,RAINING,WATER (STANDING OR MOVING),False,COLLISION WITH FIXED OBJECT IN INTERSECTION - FIRST EVENT COLLISION 09 - 32,SINGLE VEHICLE,CURVE & LEVEL,DARK-HWY LIGHTED/ON,,,10/8/2019 12:09:09 PM,False,7040,Accepted,
25751180,0568000,LOUISVILLE METRO POLICE DEPT,Accepted,JEFFERSON,KY1020,,3RD,ST,S,,CARDINAL,,,,,38.220550403,-85.761178508,10.323,10/6/2019 12:00:00 AM,1802,2,2,0,3,RAINING,WET,False,ANGLE COLLISION - OTHER,ANGLE,STRAIGHT & LEVEL,DAYLIGHT,,,10/9/2019 9:55:32 AM,False,7441,Accepted,
25739815,0568000,LOUISVILLE METRO POLICE DEPT,Accepted,JEFFERSON,,,28TH,ST,S,,BROADWAY,,,,,38.249600398,-85.798288218,0.796,10/6/2019 12:00:00 AM,1357,2,2,0,0,CLOUDY,DRY,False,ANGLE COLLISION - OTHER,ANGLE,STRAIGHT & LEVEL,DAYLIGHT,,,10/7/2019 7:56:20 AM,False,7805,Accepted,
25739832,0568000,LOUISVILLE METRO POLICE DEPT,Accepted,JEFFERSON,,,BROADWAY,,W,,34TH,,,,,38.249890139,-85.807900481,1.071,10/6/2019 12:00:00 AM,1523,2,2,0,0,RAINING,WET,False,ANGLE COLLISION - OTHER,ANGLE,STRAIGHT & LEVEL,DAYLIGHT,,,10/7/2019 7:57:18 AM,False,7876,Accepted,
25739849,0568000,LOUISVILLE METRO POLICE DEPT,Accepted,JEFFERSON,,,NORTON HEALTHCARE,BLVD,,,VON ALLMEN,,,,,38.311999807,-85.571323730,0.099,10/6/2019 12:00:00 AM,1213,2,2,0,0,CLOUDY,DRY,False,ANGLE COLLISION - OTHER,ANGLE,STRAIGHT & LEVEL,DAYLIGHT,,,10/7/2019 7:58:30 AM,False,6830,Accepted,
25739852,0568000,LOUISVILLE METRO POLICE DEPT,Accepted,JEFFERSON,KY2048,,DUTCHMANS,LN,,,GAST,,,,,38.224063266,-85.654801998,0.235,10/6/2019 12:00:00 AM,2020,2,2,0,0,RAINING,WET,False,ANGLE COLLISION - OTHER,ANGLE,STRAIGHT & LEVEL,DARK-HWY LIGHTED/ON,,,10/7/2019 7:58:37 AM,False,7935,Accepted,
25739860,0568000,LOUISVILLE METRO POLICE DEPT,Accepted,JEFFERSON,KY1865,,TAYLOR,BLVD,,I 0264,I264 E EXIT9 ON RAMP FROM KY1865 N,,,,,38.186654905,-85.783831114,5.532,10/6/2019 12:00:00 AM,1924,2,2,0,0,RAINING,WET,False,ANGLE COLLISION - OTHER,ANGLE,STRAIGHT & LEVEL,DARK-HWY LIGHTED/ON,,,10/7/2019 7:59:02 AM,False,5183,Accepted,
25739818,0568000,LOUISVILLE METRO POLICE DEPT,Accepted,JEFFERSON,,,TREVILIAN,WAY,,KY1703,NEWBURG,,,,,38.213565078,-85.700996658,1.739,10/6/2019 12:00:00 AM,1608,2,2,0,0,RAINING,WET,False,OPPOSITE DIRECTION - BOTH VEHICLES GOING STRAIGHT AHEAD,SIDESWIPE-OPPOSITE DIRECTION,CURVE & LEVEL,DAYLIGHT,,,10/7/2019 7:56:27 AM,False,5285,Accepted,
25746460,0568000,LOUISVILLE METRO POLICE DEPT,Accepted,JEFFERSON,,,FAIRGROUND,RD,,,PLUMWOOD,,,,,38.165182697,-85.585632803,0.722,10/6/2019 12:00:00 AM,1626,2,1,0,0,RAINING,WET,True,OPPOSITE DIRECTION - BOTH VEHICLES GOING STRAIGHT AHEAD,SIDESWIPE-OPPOSITE DIRECTION,CURVE & LEVEL,DAYLIGHT,,,10/8/2019 11:52:54 AM,False,5282,Accepted,
25777645,0568000,LOUISVILLE METRO POLICE DEPT,Accepted,JEFFERSON,,,BROADWAY,,W,,29TH,,,,,38.249707805,-85.799743590,0.627,10/6/2019 12:00:00 AM,1947,2,2,0,0,RAINING,WET,True,OPPOSING LEFT TURN,OPPOSING LEFT TURN,STRAIGHT & LEVEL,DARK-HWY LIGHTED/ON,,,10/15/2019 8:39:28 AM,False,5223,Accepted,
25739872,0568000,LOUISVILLE METRO POLICE DEPT,Accepted,JEFFERSON,US0031E,,MARKET,ST,E,,CLAY,,,,,38.253403389,-85.740048163,17.047,10/6/2019 12:00:00 AM,0805,3,3,0,0,RAINING,WET,False,OPPOSING LEFT TURN,OPPOSING LEFT TURN,STRAIGHT & LEVEL,DARK-HWY LIGHTED/ON,,,10/7/2019 7:59:50 AM,False,7325,Accepted,
25739879,0568000,LOUISVILLE METRO POLICE DEPT,Accepted,JEFFERSON,KY1931,,MANSLICK,RD,,US0060A,BERRY,,,,,38.196742443,-85.799041077,8.509,10/6/2019 12:00:00 AM,2115,2,2,0,0,RAINING,WET,False,ANGLE COLLISION - OTHER,ANGLE,STRAIGHT & LEVEL,DARK-HWY LIGHTED/ON,,,10/7/2019 8:00:07 AM,False,5175,Accepted,
25739822,0568000,LOUISVILLE METRO POLICE DEPT,Accepted,JEFFERSON,,,RIVER PARK,DR,,,34TH,,,,,38.254512979,-85.807563507,1.061,10/6/2019 12:00:00 AM,1652,2,2,0,0,RAINING,WET,False,ANGLE COLLISION - OTHER,ANGLE,STRAIGHT & LEVEL,DAYLIGHT,,,10/7/2019 7:56:42 AM,False,5180,Accepted,
25739853,0568000,LOUISVILLE METRO POLICE DEPT,Accepted,JEFFERSON,KY1020,,2ND,ST,S,,ST CATHERINE,,,,,38.238672395,-85.756466493,11.587,10/6/2019 12:00:00 AM,2036,2,2,0,3,RAINING,WET,False,ANGLE COLLISION - OTHER,ANGLE,STRAIGHT & LEVEL,DARK-HWY LIGHTED/ON,,,10/7/2019 7:58:40 AM,False,5217,Accepted,
25739779,0568000,LOUISVILLE METRO POLICE DEPT,Accepted,JEFFERSON,KY1065,,OUTER,LOOP,,KY1865,NEW CUT,,,,,38.126549520,-85.776133625,1.018,10/6/2019 12:00:00 AM,0102,3,3,0,1,RAINING,WET,False,ANGLE COLLISION - OTHER,ANGLE,STRAIGHT & LEVEL,DARK-HWY LIGHTED/ON,,,10/7/2019 7:54:08 AM,False,5209,Accepted,
25765213,0560400,SHIVELY POLICE DEPARTMENT,Accepted,JEFFERSON,US0031W,,DIXIE,HWY,,KY2051,ROCKFORD,,,,,38.174398125,-85.823414402,13.834,10/6/2019 12:00:00 AM,0258,2,2,0,0,CLOUDY,DRY,False,OTHER INTERSECTION COLLISIONS,REAR END,STRAIGHT & GRADE,DARK (UNKNOWN ROADWAY LIGHTING),,,10/12/2019 1:38:36 AM,False,7118,Accepted,
26030522,0568000,LOUISVILLE METRO POLICE DEPT,Accepted,JEFFERSON,,,6TH,ST,N,KY3077,RIVER,,,,,38.258768819,-85.759535607,0.122,10/6/2019 12:00:00 AM,1910,2,2,0,0,CLEAR,DRY,False,OTHER INTERSECTION COLLISIONS,REAR END,STRAIGHT & GRADE,DARK-HWY LIGHTED/ON,,,12/9/2019 9:20:32 AM,False,5025,Accepted,
25774253,0568000,LOUISVILLE METRO POLICE DEPT,Accepted,JEFFERSON,KY0155,,TAYLORSVILLE,RD,,KY1932,BRECKENRIDGE,,,,,38.220090386,-85.630617284,13.600,10/6/2019 12:00:00 AM,1714,3,3,0,0,RAINING,WET,True,OTHER INTERSECTION COLLISIONS,REAR END,STRAIGHT & LEVEL,DAYLIGHT,,,10/14/2019 3:06:40 PM,False,5203,Accepted,
25739838,0568000,LOUISVILLE METRO POLICE DEPT,Accepted,JEFFERSON,KY1865,4422,TAYLOR,BLVD,,,,,BROOKLINE,,WALTER,38.175253029,-85.782604243,4.727,10/6/2019 12:00:00 AM,1539,1,1,0,1,RAINING,WET,False,COLLISION WITH FIXED OBJECT NON - INTERSECTION - FIRST EVENT COLLISION 09 - 32 EXCLUDING 16,SINGLE VEHICLE,STRAIGHT & LEVEL,DAYLIGHT,,,10/7/2019 7:57:43 AM,False,5266,Accepted,
25739814,0568000,LOUISVILLE METRO POLICE DEPT,Accepted,JEFFERSON,,8825,FAIRGROUND,RD,,,,,,,,38.165692731,-85.595218330,0.197,10/6/2019 12:00:00 AM,1652,1,1,0,0,RAINING,WET,True,RAN OFF ROADWAY (1 VEHICLE WITH/EARTH EMBANKMENT/DITCH),SINGLE VEHICLE,CURVE & LEVEL,DAYLIGHT,,,10/7/2019 7:56:16 AM,False,7698,Accepted,
25739833,0568000,LOUISVILLE METRO POLICE DEPT,Accepted,JEFFERSON,I 0265,,I265 N,,,,,,,,,38.305678174,-85.563988277,33.554,10/6/2019 12:00:00 AM,1545,1,1,0,0,RAINING,WET,False,COLLISION WITH FIXED OBJECT NON - INTERSECTION - FIRST EVENT COLLISION 09 - 32 EXCLUDING 16,SINGLE VEHICLE,CURVE & LEVEL,DAYLIGHT,,,10/7/2019 7:57:25 AM,False,7858,Accepted,
25739806,0568000,LOUISVILLE METRO POLICE DEPT,Accepted,JEFFERSON,KY1865,,TAYLOR,BLVD,,,CAMDEN,,,,,38.192499744,-85.783213946,5.935,10/6/2019 12:00:00 AM,1533,2,2,0,0,RAINING,WET,False,OTHER INTERSECTION COLLISIONS,REAR END,STRAIGHT & LEVEL,DAYLIGHT,,,10/7/2019 7:55:54 AM,False,7433,Accepted,
25739821,0568000,LOUISVILLE METRO POLICE DEPT,Accepted,JEFFERSON,US0031E,,MARKET,ST,W,KY1020,2ND,,,,,38.254953938,-85.753599678,17.782,10/6/2019 12:00:00 AM,1646,2,2,0,0,RAINING,WET,False,OTHER INTERSECTION COLLISIONS,REAR END,STRAIGHT & LEVEL,DAYLIGHT,,,10/7/2019 7:56:37 AM,False,5173,Accepted,
25739807,0568000,LOUISVILLE METRO POLICE DEPT,Accepted,JEFFERSON,,,SHANKS,LN,,KY1934,CANE RUN,,,,,38.195469865,-85.842660347,0.006,10/6/2019 12:00:00 AM,1511,2,2,0,0,RAINING,WET,True,OTHER INTERSECTION COLLISIONS,REAR END,STRAIGHT & LEVEL,DAYLIGHT,,,10/7/2019 7:55:58 AM,False,7420,Accepted,
25739871,0568000,LOUISVILLE METRO POLICE DEPT,Accepted,JEFFERSON,US0031E,,BARDSTOWN,RD,,,HEATHER,,,,,38.205623284,-85.666795283,11.560,10/6/2019 12:00:00 AM,2030,2,2,0,0,RAINING,WET,False,SIDESWIPE-SAME DIRECTION,SIDESWIPE-SAME DIRECTION,STRAIGHT & LEVEL,DARK-HWY LIGHTED/ON,,,10/7/2019 7:59:46 AM,False,5117,Accepted,
25739826,0568000,LOUISVILLE METRO POLICE DEPT,Accepted,JEFFERSON,,,MAGNOLIA,AVE,E,,1ST,,,,,38.228707485,-85.756450864,0.198,10/6/2019 12:00:00 AM,1605,2,2,0,0,RAINING,WET,False,SIDESWIPE-SAME DIRECTION,SIDESWIPE-SAME DIRECTION,STRAIGHT & LEVEL,DAYLIGHT,,,10/7/2019 7:56:56 AM,False,5213,Accepted,
25850951,0568000,LOUISVILLE METRO POLICE DEPT,Accepted,JEFFERSON,,,26TH,ST,S,,HOWARD,,,,,38.245888892,-85.795398797,1.026,10/6/2019 12:00:00 AM,2308,2,2,0,0,RAINING,WET,False,SIDESWIPE-SAME DIRECTION,SIDESWIPE-SAME DIRECTION,STRAIGHT & LEVEL,DARK-HWY LIGHTED/ON,,,10/29/2019 8:20:54 AM,False,5160,Accepted,
25739824,0568000,LOUISVILLE METRO POLICE DEPT,Accepted,JEFFERSON,I 0065,,I65 N,,,,,,,,,38.210091604,-85.752945630,132.758,10/6/2019 12:00:00 AM,1737,2,2,0,0,RAINING,WET,True,SIDESWIPE COLLISION - SAME DIRECTION,SIDESWIPE-SAME DIRECTION,CURVE & GRADE,DAYLIGHT,,,10/7/2019 7:56:45 AM,False,7391,Accepted,
25739827,0568000,LOUISVILLE METRO POLICE DEPT,Accepted,JEFFERSON,I 0065,,I65 S,,,,,,,,,38.097416641,-85.700979206,123.944,10/6/2019 12:00:00 AM,1225,2,2,0,1,CLEAR,DRY,False,SIDESWIPE COLLISION - SAME DIRECTION,SIDESWIPE-SAME DIRECTION,STRAIGHT & LEVEL,DAYLIGHT,,,10/7/2019 7:57:01 AM,False,7669,Accepted,
25739791,0568000,LOUISVILLE METRO POLICE DEPT,Accepted,JEFFERSON,US0031E,,BARDSTOWN,RD,,,,US0060A,EASTERN,,SHERWOOD,38.231890039,-85.709042078,14.610,10/6/2019 12:00:00 AM,1153,2,2,0,0,CLOUDY,DRY,False,SIDESWIPE COLLISION - SAME DIRECTION,SIDESWIPE-SAME DIRECTION,STRAIGHT & LEVEL,DAYLIGHT,,,10/7/2019 7:55:02 AM,False,5289,Accepted,
25761685,0568000,LOUISVILLE METRO POLICE DEPT,Accepted,JEFFERSON,KY1747,3300BLK,FERN VALLEY,RD,,,,,,,,38.157077123,-85.705891995,1.445,10/6/2019 12:00:00 AM,1446,2,2,0,1,CLOUDY,DRY,False,SIDESWIPE COLLISION - SAME DIRECTION,SIDESWIPE-SAME DIRECTION,STRAIGHT & LEVEL,DAYLIGHT,,,10/11/2019 10:07:49 AM,False,5261,Accepted,
25739863,0568000,LOUISVILLE METRO POLICE DEPT,Accepted,JEFFERSON,KY0061,,PRESTON,HWY,,I 0065,I65 N EXIT130 OFF RAMP TO KY61,,,,,38.178833679,-85.717149920,7.249,10/6/2019 12:00:00 AM,0349,2,2,0,1,RAINING,WET,False,HEAD-ON COLLISION,HEAD ON,STRAIGHT & LEVEL,DARK-HWY LIGHTED/ON,,,10/7/2019 7:59:12 AM,False,5053,Accepted,
25739858,0568000,LOUISVILLE METRO POLICE DEPT,Accepted,JEFFERSON,,,MANSLICK,RD,,,RUDGATE,,,,,38.147246828,-85.790384704,0.404,10/6/2019 12:00:00 AM,0327,2,2,0,1,CLEAR,WET,False,HEAD-ON COLLISION,HEAD ON,CURVE & HILLCREST,DARK-HWY LIGHTED/OFF,,,10/7/2019 7:58:55 AM,False,7436,Accepted,
25740793,0568000,LOUISVILLE METRO POLICE DEPT,Accepted,JEFFERSON,,4900B,4TH,ST,S,,,,,,,38.174964511,-85.768904663,4.429,10/6/2019 12:00:00 AM,2339,4,4,0,0,CLEAR,WET,False,1 VEHICLE PARKED POSITION (NOT PARKING LOT/DRIVEWAY),SIDESWIPE-OPPOSITE DIRECTION,STRAIGHT & LEVEL,DARK-HWY LIGHTED/ON,,,10/7/2019 10:07:56 AM,False,7963,Accepted,
25739804,0568000,LOUISVILLE METRO POLICE DEPT,Accepted,JEFFERSON,,,CHEROKEE,RD,,,,,HIGHLAND,KY2860,GRINSTEAD,38.240329117,-85.721644263,0.378,10/6/2019 12:00:00 AM,1416,2,2,0,0,CLOUDY,DRY,True,1 VEHICLE PARKED POSITION (NOT PARKING LOT/DRIVEWAY),BACKING,STRAIGHT & LEVEL,DAYLIGHT,,,10/7/2019 7:55:47 AM,False,5289,Accepted,
25739777,0568000,LOUISVILLE METRO POLICE DEPT,Accepted,JEFFERSON,,,BURNETT,AVE,E,,,,BROOK,,BROOK REAR,38.226634611,-85.755412091,0.071,10/6/2019 12:00:00 AM,0625,2,2,0,0,RAINING,FLOODED,True,1 VEHICLE PARKED POSITION (NOT PARKING LOT/DRIVEWAY),SIDESWIPE-OPPOSITE DIRECTION,STRAIGHT & LEVEL,DARK-HWY LIGHTED/ON,,,10/7/2019 7:54:01 AM,False,5217,Accepted,
25739862,0568000,LOUISVILLE METRO POLICE DEPT,Accepted,JEFFERSON,,,SANCTUARY BLUFF,LN,,,,,STOCKRIDGE,,,38.306964796,-85.626203508,0.083,10/6/2019 12:00:00 AM,2032,2,2,0,0,RAINING,WET,False,1 VEHICLE PARKED POSITION (NOT PARKING LOT/DRIVEWAY),REAR END,CURVE & LEVEL,DARK-HWY NOT LIGHTED,,,10/7/2019 7:59:08 AM,False,5128,Accepted,
25739828,0568000,LOUISVILLE METRO POLICE DEPT,Accepted,JEFFERSON,KY0061,,LYNN,ST,,,,KY0061,SHELBY,KY0061,PRESTON,38.218217305,-85.744082185,10.352,10/6/2019 12:00:00 AM,0739,2,2,0,0,CLEAR,DRY,False,1 VEHICLE PARKED POSITION (NOT PARKING LOT/DRIVEWAY),SIDESWIPE-SAME DIRECTION,STRAIGHT & LEVEL,DAYLIGHT,,,10/7/2019 7:57:05 AM,False,7418,Accepted,
25739756,0568000,LOUISVILLE METRO POLICE DEPT,Accepted,JEFFERSON,KY3082,2621,BANK,ST,,,,,,,,38.269492650,-85.791068772,1.079,10/6/2019 12:00:00 AM,0157,2,2,0,0,RAINING,WET,False,1 VEHICLE PARKED POSITION (NOT PARKING LOT/DRIVEWAY),ANGLE,STRAIGHT & LEVEL,DARK-HWY LIGHTED/ON,,,10/7/2019 7:53:11 AM,False,7311,Accepted,
25739850,0568000,LOUISVILLE METRO POLICE DEPT,Accepted,JEFFERSON,I 0065,,I65 N,,,,,I 0065,I65 N EXIT134 ON RAMP FROM US61,I 0065,I65 N EXIT133 ON RAMP FROM  WARNOCK ST,38.217997233,-85.752177781,133.310,10/6/2019 12:00:00 AM,1818,2,2,0,0,RAINING,WATER (STANDING OR MOVING),False,REAR END IN TRAFFIC LANES BOTH VEHICLES MOVING,REAR END,STRAIGHT & GRADE,DAYLIGHT,,,10/7/2019 7:58:33 AM,False,7527,Accepted,
25739830,0568000,LOUISVILLE METRO POLICE DEPT,Accepted,JEFFERSON,I 0065,,I65 N,,,,,I 0065,I65 N EXIT134 ON RAMP FROM US61,I 0065,I65 N EXIT134A OFF RAMP TO KY61,38.224885285,-85.751104256,133.791,10/6/2019 12:00:00 AM,1612,2,2,0,2,CLOUDY,WET,False,REAR END IN TRAFFIC LANES BOTH VEHICLES MOVING,REAR END,STRAIGHT & LEVEL,DAYLIGHT,,,10/7/2019 7:57:11 AM,False,7418,Accepted,
25739846,0568000,LOUISVILLE METRO POLICE DEPT,Accepted,JEFFERSON,,,GRINSTEAD,DR,,,,,,,,38.238700229,-85.720560054,0.018,10/6/2019 12:00:00 AM,1637,2,2,0,1,RAINING,WET,False,REAR END IN TRAFFIC LANES BOTH VEHICLES MOVING,REAR END,STRAIGHT & LEVEL,DAYLIGHT,,,10/7/2019 7:58:14 AM,False,7068,Accepted,
25739847,0568000,LOUISVILLE METRO POLICE DEPT,Accepted,JEFFERSON,KY0022,,BROWNSBORO,RD,,,,,,,,38.308304879,-85.573615859,4.011,10/6/2019 12:00:00 AM,1816,2,2,0,0,RAINING,WET,False,REAR END IN TRAFFIC LANES BOTH VEHICLES MOVING,REAR END,CURVE & LEVEL,DAYLIGHT,,,10/7/2019 7:58:20 AM,False,6830,Accepted,
25739820,0568000,LOUISVILLE METRO POLICE DEPT,Accepted,JEFFERSON,KY1932,2956,BRECKENRIDGE,LN,,,,,,,,38.221028631,-85.631417107,2.941,10/6/2019 12:00:00 AM,1726,2,2,0,0,CLOUDY,WET,False,REAR END IN TRAFFIC LANES BOTH VEHICLES MOVING,REAR END,STRAIGHT & LEVEL,DAYLIGHT,,,10/7/2019 7:56:34 AM,False,7448,Accepted,
25739836,0568000,LOUISVILLE METRO POLICE DEPT,Accepted,JEFFERSON,I 0265,,I265 S,,,,,,,,,38.237117514,-85.504333542,26.441,10/6/2019 12:00:00 AM,1721,2,2,0,1,RAINING,WET,False,1 VEHICLE ENTERING/LEAVING ENTRANCE,ANGLE,STRAIGHT & LEVEL,DAYLIGHT,,,10/7/2019 7:57:37 AM,False,7858,Accepted,
25739755,0568000,LOUISVILLE METRO POLICE DEPT,Accepted,JEFFERSON,KY0022,,BROWNSBORO,RD,,,,I 0265,I265 N EXIT34 ON RAMP FROM KY22 E,I 0265,I265 S EXIT34 ON RAMP FROM KY22 W,38.309066826,-85.572612916,4.080,10/6/2019 12:00:00 AM,0213,2,2,0,0,CLEAR,WET,False,1 VEHICLE ENTERING/LEAVING ENTRANCE,ANGLE,STRAIGHT & LEVEL,DARK-HWY LIGHTED/ON,,,10/7/2019 7:53:08 AM,False,7660,Accepted,
25739817,0568000,LOUISVILLE METRO POLICE DEPT,Accepted,JEFFERSON,,,ZORN,AVE,,,,,,,,38.273553918,-85.696304789,1.433,10/6/2019 12:00:00 AM,0800,2,2,0,0,CLEAR,WET,True,1 VEHICLE ENTERING/LEAVING ENTRANCE,ANGLE,STRAIGHT & LEVEL,DAYLIGHT,,,10/7/2019 7:56:24 AM,False,5293,Accepted,
25761625,0568000,LOUISVILLE METRO POLICE DEPT,Accepted,JEFFERSON,,6908,BROOKLAWN,DR,,,,,,,,38.152720817,-85.820208207,0.021,10/6/2019 12:00:00 AM,1045,2,2,0,0,CLEAR,DRY,False,VEHICLE BACKING NON INTERSECTION,BACKING,STRAIGHT & LEVEL,DAYLIGHT,,,10/11/2019 10:02:08 AM,False,7524,Accepted,
25761674,0568000,LOUISVILLE METRO POLICE DEPT,Accepted,JEFFERSON,I 0265,,I265 E,,,,,,,,,38.112370860,-85.669087937,12.091,10/6/2019 12:00:00 AM,1805,1,1,0,0,RAINING,WET,False,OTHER ROADWAY OR MID-BLOCK COLLISION,SINGLE VEHICLE,STRAIGHT & LEVEL,DARK-HWY LIGHTED/ON,,,10/11/2019 10:05:20 AM,False,7955,Accepted,
25739819,0568000,LOUISVILLE METRO POLICE DEPT,Accepted,JEFFERSON,I 0264,,I264 E,,,,,,,I 0064,I64 E EXIT12 TRANSIT,38.237068102,-85.623193830,18.859,10/6/2019 12:00:00 AM,1653,1,1,0,0,RAINING,WET,False,OTHER ROADWAY OR MID-BLOCK COLLISION,SINGLE VEHICLE,STRAIGHT & LEVEL,DAYLIGHT,,,10/7/2019 7:56:31 AM,False,2969,Accepted,
25739873,0568000,LOUISVILLE METRO POLICE DEPT,Accepted,JEFFERSON,I 0264,,I264 W,,,,,,,,,38.191057187,-85.719618429,12.635,10/6/2019 12:00:00 AM,1823,2,2,0,0,RAINING,WET,False,OTHER ROADWAY OR MID-BLOCK COLLISION,REAR TO REAR,STRAIGHT & LEVEL,DARK (UNKNOWN ROADWAY LIGHTING),,,10/7/2019 7:59:54 AM,False,5252,Accepted,
25739848,0568000,LOUISVILLE METRO POLICE DEPT,Accepted,JEFFERSON,,,DIXIE,HWY,,,,,,,,38.228324970,-85.790513673,1.494,10/6/2019 12:00:00 AM,1400,2,2,0,1,CLEAR,DRY,True,OTHER ROADWAY OR MID-BLOCK COLLISION,OPPOSING LEFT TURN,STRAIGHT & LEVEL,DAYLIGHT,,,10/7/2019 7:58:25 AM,False,5114,Accepted,
25739808,0568000,LOUISVILLE METRO POLICE DEPT,Accepted,JEFFERSON,I 0065,,I65 N,,,,,,,,,38.195294303,-85.733110245,131.140,10/6/2019 12:00:00 AM,1542,1,1,0,0,RAINING,WET,False,OTHER ROADWAY OR MID-BLOCK COLLISION,SINGLE VEHICLE,CURVE & HILLCREST,DAYLIGHT,,,10/7/2019 7:56:01 AM,False,7872,Accepted,
25739874,0568000,LOUISVILLE METRO POLICE DEPT,Accepted,JEFFERSON,I 0065,,I65 S,,,,,,,,,38.209751290,-85.753041511,132.734,10/6/2019 12:00:00 AM,2327,1,1,0,0,RAINING,WET,False,OTHER ROADWAY OR MID-BLOCK COLLISION,SINGLE VEHICLE,CURVE & LEVEL,DARK-HWY LIGHTED/ON,,,10/7/2019 7:59:57 AM,False,5252,Accepted,
25740791,0568000,LOUISVILLE METRO POLICE DEPT,Accepted,JEFFERSON,I 0065,,,,,,,,,,,38.116213272,-85.703757330,0.137,10/6/2019 12:00:00 AM,2002,1,1,0,0,RAINING,WET,False,COLLISION WITH FIXED OBJECT NOT IN GORE ,SINGLE VEHICLE,CURVE & GRADE,DARK-HWY NOT LIGHTED,I 0065,I 0065,10/7/2019 10:07:40 AM,False,5138,Accepted,
25739803,0568000,LOUISVILLE METRO POLICE DEPT,Accepted,JEFFERSON,,,8TH,ST,S,US0031W,MARKET,,,,,38.255953517,-85.763391374,0.097,10/6/2019 12:00:00 AM,1210,2,2,0,0,CLEAR,DRY,False,COLLISION IN PARKING LOT,SIDESWIPE-SAME DIRECTION,STRAIGHT & LEVEL,DAYLIGHT,,,10/7/2019 7:55:42 AM,False,5187,Accepted,
25739805,0568000,LOUISVILLE METRO POLICE DEPT,Accepted,JEFFERSON,US0031E,3401,BARDSTOWN,RD,,,,,,,,38.205622908,-85.666554082,11.559,10/6/2019 12:00:00 AM,1248,2,2,0,0,CLOUDY,DRY,True,COLLISION IN PARKING LOT,REAR TO REAR,STRAIGHT & LEVEL,DAYLIGHT,,,10/7/2019 7:55:50 AM,False,7448,Accepted,
25756296,0568000,LOUISVILLE METRO POLICE DEPT,Accepted,JEFFERSON,,1850,BLUEGRASS,AVE,,,,,,,,38.179154632,-85.796420821,0.132,10/5/2019 12:00:00 AM,1817,2,2,0,0,CLEAR,DRY,True,COLLISION IN PARKING LOT,REAR TO REAR,STRAIGHT & LEVEL,DAYLIGHT,,,10/10/2019 9:38:51 AM,False,7301,Accepted,