IncidentID,AgencyORI,AgencyName,IncidentStatusDesc,County,RdwyNumber,Street,RoadwayName,StreetSfx,StreetDir,IntersectionRdwy,IntersectionRdwyName,BetweenStRdwy1,BetweenStRdwyName1,BetweenStRdwy2,BetweenStRdwyName2,Latitude,Longitude,Milepoint,CollisionDate,CollisionTime,UnitsInvolved,MotorVehiclesInvolved,NumberKilled,NumberInjured,Weather,RdwyConditionCode,HitandRun,DirAnalysisCode,MannerofCollision,RdwyCharacter,LightCondition,RampFromRdwyId,RampToRdwyId,AcceptedDate,IsSecondaryCollision,OwnerBadge,IncidentStatus,
25746508,0568000,LOUISVILLE METRO POLICE DEPT,Accepted,JEFFERSON,US0060A,1169,EASTERN,PKWY,,,,,,,,38.225565431,-85.727177698,5.786,10/5/2019 12:00:00 AM,2300,2,2,0,0,CLEAR,DRY,True,COLLISION IN PARKING LOT,ANGLE,CURVE & LEVEL,UNKNOWN,,,10/8/2019 12:06:17 PM,False,7900,Accepted,
25739759,0568000,LOUISVILLE METRO POLICE DEPT,Accepted,JEFFERSON,I 0064,,,,,,,,,,,38.259007746,-85.743492311,0.233,10/5/2019 12:00:00 AM,2115,2,2,0,0,CLEAR,DRY,False,OTHER RAMP RELATED COLLISIONS NOT LISTED ABOVE,SIDESWIPE-SAME DIRECTION,CURVE & GRADE,DARK-HWY LIGHTED/ON,I 0064,I 0064,10/7/2019 7:53:23 AM,False,5251,Accepted,
26226224,0568000,LOUISVILLE METRO POLICE DEPT,Accepted,JEFFERSON,,1207,HUNTINGTON,LN,,,,,,,,38.141835964,-85.687532401,0.057,10/5/2019 12:00:00 AM,0330,1,1,0,0,CLEAR,DRY,False,COLLISION IN PARKING LOT,SINGLE VEHICLE,STRAIGHT & LEVEL,DARK (UNKNOWN ROADWAY LIGHTING),,,1/22/2020 8:27:36 AM,False,7415,Accepted,
26074268,0568000,LOUISVILLE METRO POLICE DEPT,Accepted,JEFFERSON,,2900,DR WILLIAM G WEATHERS,DR,,,,,,,,38.227528812,-85.805822724,0.051,10/5/2019 12:00:00 AM,1200,1,1,0,0,CLOUDY,DRY,False,COLLISION IN PARKING LOT,SINGLE VEHICLE,STRAIGHT & LEVEL,DAYLIGHT,,,12/18/2019 2:17:25 PM,False,2569,Accepted,
25739809,0568000,LOUISVILLE METRO POLICE DEPT,Accepted,JEFFERSON,,,NORTON HEALTHCARE,BLVD,,,,,,,,38.313045919,-85.573430743,0.343,10/5/2019 12:00:00 AM,1347,2,2,0,0,CLEAR,DRY,False,OTHER ROADWAY OR MID-BLOCK COLLISION,REAR END,STRAIGHT & LEVEL,DAYLIGHT,,,10/7/2019 7:56:04 AM,False,6830,Accepted,
25739769,0568000,LOUISVILLE METRO POLICE DEPT,Accepted,JEFFERSON,I 0264,,,,,,,,,,,38.210569481,-85.670879605,0.326,10/5/2019 12:00:00 AM,1910,2,2,0,0,CLEAR,DRY,False,OTHER ROADWAY OR MID-BLOCK COLLISION,REAR END,CURVE & LEVEL,DARK-HWY LIGHTED/ON,I 0264,US31E S,10/7/2019 7:53:44 AM,False,5189,Accepted,
25739786,0568000,LOUISVILLE METRO POLICE DEPT,Accepted,JEFFERSON,,2600,MARGUERITE,DR,,,,,MATTERHORN,,MT BLANC,38.166740454,-85.855556072,0.422,10/5/2019 12:00:00 AM,1704,1,1,0,0,CLEAR,DRY,False,OTHER ROADWAY OR MID-BLOCK COLLISION,SINGLE VEHICLE,STRAIGHT & LEVEL,DAYLIGHT,,,10/7/2019 7:54:46 AM,False,5267,Accepted,
25739825,0568000,LOUISVILLE METRO POLICE DEPT,Accepted,JEFFERSON,KY1020,,2ND,ST,S,,ORMSBY,,,,,38.232535550,-85.757439891,11.169,10/5/2019 12:00:00 AM,1738,2,2,0,0,CLEAR,DRY,True,1 VEHICLE ENTERING/LEAVING ENTRANCE,ANGLE,STRAIGHT & LEVEL,DAYLIGHT,,,10/7/2019 7:56:49 AM,False,5213,Accepted,
25739709,0568000,LOUISVILLE METRO POLICE DEPT,Accepted,JEFFERSON,,,CHAMBERLAIN,LN,,,,,COLLINS,,CHAMBERLAIN CROSSING,38.290235993,-85.515186912,0.175,10/5/2019 12:00:00 AM,1700,2,2,0,0,CLEAR,DRY,False,1 VEHICLE ENTERING/LEAVING ENTRANCE,ANGLE,CURVE & LEVEL,DAYLIGHT,,,10/7/2019 7:49:46 AM,False,6334,Accepted,
25739723,0568000,LOUISVILLE METRO POLICE DEPT,Accepted,JEFFERSON,KY1931,6306,GREENWOOD,RD,,,,,WESTBROOK,,RUTLEDGE,38.144277195,-85.879834167,0.832,10/5/2019 12:00:00 AM,1238,2,2,0,0,CLEAR,DRY,False,1 VEHICLE ENTERING/LEAVING ENTRANCE,ANGLE,STRAIGHT & LEVEL,DAYLIGHT,,,10/7/2019 7:50:33 AM,False,5267,Accepted,
25739766,0568000,LOUISVILLE METRO POLICE DEPT,Accepted,JEFFERSON,KY0864,,POPLAR LEVEL,RD,,,,,BUNTON,I 0264,I264 E EXIT14 OFF RAMP TO KY864 S,38.193954383,-85.707187294,11.203,10/5/2019 12:00:00 AM,2012,3,3,0,0,CLEAR,DRY,True,1 VEHICLE ENTERING/LEAVING ENTRANCE,ANGLE,STRAIGHT & LEVEL,DARK-HWY LIGHTED/ON,,,10/7/2019 7:53:40 AM,False,7431,Accepted,
25739706,0568000,LOUISVILLE METRO POLICE DEPT,Accepted,JEFFERSON,KY1932,,BRECKENRIDGE,LN,,,,,BERKSHIRE,KY0155,TAYLORSVILLE,38.221129155,-85.631477073,2.949,10/5/2019 12:00:00 AM,1629,2,2,0,0,CLEAR,DRY,False,1 VEHICLE ENTERING/LEAVING ENTRANCE,ANGLE,STRAIGHT & LEVEL,DAYLIGHT,,,10/7/2019 7:49:38 AM,False,5203,Accepted,
25739727,0568000,LOUISVILLE METRO POLICE DEPT,Accepted,JEFFERSON,,,CHEROKEE,RD,,,,,HIGHLAND,KY2860,GRINSTEAD,38.239998403,-85.721034757,0.418,10/5/2019 12:00:00 AM,1459,2,2,0,0,CLEAR,DRY,False,1 VEHICLE ENTERING/LEAVING ENTRANCE,ANGLE,STRAIGHT & LEVEL,DAYLIGHT,,,10/7/2019 7:50:45 AM,False,7129,Accepted,
25739787,0568000,LOUISVILLE METRO POLICE DEPT,Accepted,JEFFERSON,KY1727,,TERRY,RD,,,,,TEAROSE,,TEAROSE,38.143527306,-85.872020438,1.495,10/5/2019 12:00:00 AM,1737,2,2,0,1,CLEAR,DRY,True,1 VEHICLE ENTERING/LEAVING ENTRANCE,ANGLE,STRAIGHT & LEVEL,DAYLIGHT,,,10/7/2019 7:54:50 AM,False,5267,Accepted,
25739730,0568000,LOUISVILLE METRO POLICE DEPT,Accepted,JEFFERSON,US0031E,,BAXTER,AVE,,,,,MORTON,,CHRISTY,38.241917244,-85.725615925,15.772,10/5/2019 12:00:00 AM,1744,2,2,0,0,CLEAR,DRY,False,1 VEHICLE ENTERING/LEAVING ENTRANCE,ANGLE,STRAIGHT & LEVEL,DAYLIGHT,,,10/7/2019 7:50:55 AM,False,7129,Accepted,
25739736,0568000,LOUISVILLE METRO POLICE DEPT,Accepted,JEFFERSON,US0031E,,BARDSTOWN,RD,,,,,GOLDSMITH,I 0264,I264 E EXIT16 ON RAMP FROM US31E N,38.209346378,-85.669606506,11.870,10/5/2019 12:00:00 AM,1651,3,3,0,2,CLEAR,DRY,False,1 VEHICLE ENTERING/LEAVING ENTRANCE,ANGLE,STRAIGHT & LEVEL,DAYLIGHT,,,10/7/2019 7:51:16 AM,False,7448,Accepted,
25958601,0568000,LOUISVILLE METRO POLICE DEPT,Accepted,JEFFERSON,KY0061,8215,PRESTON,HWY,,,,,,,,38.133221412,-85.683594462,3.633,10/5/2019 12:00:00 AM,1327,2,2,0,0,CLEAR,DRY,False,1 VEHICLE ENTERING/LEAVING ENTRANCE,ANGLE,STRAIGHT & LEVEL,DAYLIGHT,,,11/22/2019 9:08:07 AM,False,7269,Accepted,
25739737,0568000,LOUISVILLE METRO POLICE DEPT,Accepted,JEFFERSON,,,SHEPHERDSVILLE,RD,,,,,COOPER,KY2845,MANSLICK,38.119738675,-85.668578494,1.486,10/5/2019 12:00:00 AM,1914,2,2,0,0,CLEAR,DRY,False,REAR END IN TRAFFIC LANES BOTH VEHICLES MOVING,REAR END,STRAIGHT & LEVEL,DUSK,,,10/7/2019 7:51:24 AM,False,7484,Accepted,
25752512,0560300,ST. MATTHEWS POLICE DEPARTMENT,Accepted,JEFFERSON,I 0064,,I64 W,,,,,,,,,38.235393817,-85.653082314,10.602,10/5/2019 12:00:00 AM,1900,4,4,0,1,CLEAR,DRY,False,REAR END IN TRAFFIC LANES BOTH VEHICLES MOVING,REAR END,STRAIGHT & LEVEL,DAYLIGHT,,,10/9/2019 2:18:15 PM,False,9160,Accepted,
25739857,0568000,LOUISVILLE METRO POLICE DEPT,Accepted,JEFFERSON,I 0264,,I264 W,,,,,I 0264,I264 W EXIT14 OFF RAMP TO KY864,I 0264,I264 W EXIT15 ON RAMP FROM KY1703,38.199833319,-85.700407327,13.868,10/5/2019 12:00:00 AM,1840,2,2,0,1,CLEAR,DRY,True,REAR END IN TRAFFIC LANES BOTH VEHICLES MOVING,REAR END,STRAIGHT & LEVEL,DAYLIGHT,,,10/7/2019 7:58:52 AM,False,2877,Accepted,
25739654,0568000,LOUISVILLE METRO POLICE DEPT,Accepted,JEFFERSON,KY2054,,ALGONQUIN,PKWY,,,,,,,,38.212135902,-85.770234038,,10/5/2019 12:00:00 AM,0415,2,2,0,0,CLOUDY,DRY,False,1 VEHICLE PARKED POSITION (NOT PARKING LOT/DRIVEWAY),HEAD ON,CURVE & LEVEL,DARK-HWY LIGHTED/ON,,,10/7/2019 7:44:49 AM,False,5175,Accepted,
25739783,0568000,LOUISVILLE METRO POLICE DEPT,Accepted,JEFFERSON,US0031E,,BARDSTOWN,RD,,,CEDARLOOK,,,,,38.147052901,-85.585853664,5.332,10/5/2019 12:00:00 AM,2055,2,2,0,1,CLEAR,DRY,False,HEAD-ON COLLISION,HEAD ON,STRAIGHT & LEVEL,DARK-HWY LIGHTED/ON,,,10/7/2019 7:54:30 AM,False,7423,Accepted,
25739774,0568000,LOUISVILLE METRO POLICE DEPT,Accepted,JEFFERSON,,,9TH,ST,S,,,,,,,38.231314242,-85.767060201,1.080,10/5/2019 12:00:00 AM,2035,2,2,0,2,CLOUDY,DRY,False,HEAD-ON COLLISION,HEAD ON,STRAIGHT & HILLCREST,DARK-HWY LIGHTED/ON,,,10/7/2019 7:53:54 AM,False,5175,Accepted,
25739748,0568000,LOUISVILLE METRO POLICE DEPT,Accepted,JEFFERSON,US0060,,SHELBYVILLE,RD,,KY2841,EASTWOOD CUT OFF,,,,,38.233733884,-85.456644257,14.720,10/5/2019 12:00:00 AM,2139,2,2,0,0,CLEAR,DRY,False,HEAD-ON COLLISION,HEAD ON,CURVE & GRADE,DARK-HWY LIGHTED/ON,,,10/7/2019 7:52:30 AM,False,6931,Accepted,
25739743,0568000,LOUISVILLE METRO POLICE DEPT,Accepted,JEFFERSON,,,WHISPERING BROOK,DR,,KY1450,BLUE LICK,,,,,38.104161607,-85.693241200,0.004,10/5/2019 12:00:00 AM,1655,3,3,0,3,CLEAR,DRY,False,HEAD-ON COLLISION,HEAD ON,STRAIGHT & LEVEL,DAYLIGHT,,,10/7/2019 7:51:59 AM,False,5005,Accepted,
25739686,0568000,LOUISVILLE METRO POLICE DEPT,Accepted,JEFFERSON,,,SPRINGHURST,BLVD,,,,,CHAMPION FARMS,KY1447,WESTPORT,38.294728501,-85.559966790,0.080,10/5/2019 12:00:00 AM,1211,2,2,0,0,CLEAR,DRY,False,SIDESWIPE COLLISION - SAME DIRECTION,SIDESWIPE-SAME DIRECTION,STRAIGHT & LEVEL,DAYLIGHT,,,10/7/2019 7:48:05 AM,False,6929,Accepted,
25761755,0568000,LOUISVILLE METRO POLICE DEPT,Accepted,JEFFERSON,KY0841,,GENE SNYDER,FWY,,,,,,,,38.117642265,-85.743327805,7.910,10/5/2019 12:00:00 AM,1135,2,2,0,0,CLEAR,DRY,True,SIDESWIPE COLLISION - SAME DIRECTION,SIDESWIPE-SAME DIRECTION,STRAIGHT & GRADE,DAYLIGHT,,,10/11/2019 10:16:18 AM,False,7221,Accepted,
25739701,0568000,LOUISVILLE METRO POLICE DEPT,Accepted,JEFFERSON,I 0064,,I64 W,,,,,,,,,38.233516927,-85.610207598,13.032,10/5/2019 12:00:00 AM,1135,3,3,0,0,CLEAR,DRY,False,SIDESWIPE COLLISION - SAME DIRECTION,SIDESWIPE-SAME DIRECTION,STRAIGHT & LEVEL,DAYLIGHT,,,10/7/2019 7:49:05 AM,False,7358,Accepted,
25739690,0568000,LOUISVILLE METRO POLICE DEPT,Accepted,JEFFERSON,,,4TH,ST,S,,,US0060A,WINKLER,,M,38.210203759,-85.764680377,3.232,10/5/2019 12:00:00 AM,1456,2,2,0,0,CLEAR,DRY,False,SIDESWIPE COLLISION - SAME DIRECTION,SIDESWIPE-SAME DIRECTION,STRAIGHT & LEVEL,DAYLIGHT,,,10/7/2019 7:48:30 AM,False,7872,Accepted,
25739683,0568000,LOUISVILLE METRO POLICE DEPT,Accepted,JEFFERSON,US0060,,SHELBYVILLE,RD,,,,,,,,38.240722156,-85.494050205,12.548,10/5/2019 12:00:00 AM,1305,2,2,0,0,CLEAR,DRY,False,SIDESWIPE COLLISION - SAME DIRECTION,SIDESWIPE-SAME DIRECTION,STRAIGHT & LEVEL,DAYLIGHT,,,10/7/2019 7:47:43 AM,False,6953,Accepted,
25739678,0568000,LOUISVILLE METRO POLICE DEPT,Accepted,JEFFERSON,,,BECKLEY CREEK,PKWY,,,,US0060,SHELBYVILLE,,BLUE HERON,38.226310075,-85.467194533,0.943,10/5/2019 12:00:00 AM,1216,1,1,0,1,CLEAR,DRY,False,OTHER COLLISIONS ON SHOULDER,SINGLE VEHICLE,CURVE & GRADE,DAYLIGHT,,,10/7/2019 7:47:14 AM,False,6334,Accepted,
25739753,0568000,LOUISVILLE METRO POLICE DEPT,Accepted,JEFFERSON,I 0065,,I65 N,,,,,,,,,38.171819325,-85.720396209,129.289,10/5/2019 12:00:00 AM,2255,1,1,0,0,CLEAR,DRY,False,OTHER COLLISIONS ON SHOULDER,SINGLE VEHICLE,STRAIGHT & LEVEL,DARK-HWY LIGHTED/OFF,,,10/7/2019 7:52:59 AM,False,7243,Accepted,
25739715,0568000,LOUISVILLE METRO POLICE DEPT,Accepted,JEFFERSON,US0031W,9700,DIXIE,HWY,,,,,,,,38.125099872,-85.852440921,10.070,10/5/2019 12:00:00 AM,1232,3,3,0,0,CLEAR,DRY,False,REAR END IN TRAFFIC LANES BOTH VEHICLES MOVING,REAR END,STRAIGHT & LEVEL,DAYLIGHT,,,10/7/2019 7:50:03 AM,False,5257,Accepted,
25739643,0568000,LOUISVILLE METRO POLICE DEPT,Accepted,JEFFERSON,I 0065,,I65 N,,,,,,,,,38.172602610,-85.720260881,129.344,10/5/2019 12:00:00 AM,0008,2,2,0,0,CLEAR,DRY,True,REAR END IN TRAFFIC LANES BOTH VEHICLES MOVING,REAR END,STRAIGHT & LEVEL,DARK-HWY LIGHTED/ON,,,10/7/2019 7:43:57 AM,False,7431,Accepted,
25739742,0568000,LOUISVILLE METRO POLICE DEPT,Accepted,JEFFERSON,I 0264,,I264 E,,,,,I 0264,I264 E EXIT18 OFF RAMP TO KY1932,,,38.224817642,-85.643375856,17.459,10/5/2019 12:00:00 AM,1746,2,2,0,0,CLEAR,DRY,False,REAR END IN TRAFFIC LANES BOTH VEHICLES MOVING,REAR END,STRAIGHT & LEVEL,DAYLIGHT,,,10/7/2019 7:51:56 AM,False,7739,Accepted,
25739757,0568000,LOUISVILLE METRO POLICE DEPT,Accepted,JEFFERSON,US0031W,4325,DIXIE,HWY,,,,,,,,38.161516873,-85.832070688,12.835,10/5/2019 12:00:00 AM,1445,2,2,0,0,CLEAR,DRY,False,REAR END IN TRAFFIC LANES BOTH VEHICLES MOVING,REAR END,STRAIGHT & LEVEL,DAYLIGHT,,,10/7/2019 7:53:14 AM,False,7524,Accepted,
25739716,0568000,LOUISVILLE METRO POLICE DEPT,Accepted,JEFFERSON,US0150,,BROADWAY,,W,,,,1ST,KY1020,2ND,38.245836842,-85.754155442,2.611,10/5/2019 12:00:00 AM,1220,2,2,0,2,CLEAR,DRY,True,REAR END IN TRAFFIC LANES BOTH VEHICLES MOVING,REAR END,STRAIGHT & LEVEL,DAYLIGHT,,,10/7/2019 7:50:07 AM,False,7805,Accepted,
25739732,0568000,LOUISVILLE METRO POLICE DEPT,Accepted,JEFFERSON,KY1020,5012,SOUTHSIDE,DR,,,,,,,,38.173428132,-85.764681495,7.133,10/5/2019 12:00:00 AM,1648,2,2,0,0,CLEAR,DRY,False,REAR END IN TRAFFIC LANES BOTH VEHICLES MOVING,REAR END,STRAIGHT & LEVEL,DAYLIGHT,,,10/7/2019 7:51:04 AM,False,7301,Accepted,
25906937,0568000,LOUISVILLE METRO POLICE DEPT,Accepted,JEFFERSON,I 0071,,I71 S,,,,,,,,,38.323047075,-85.555054887,10.673,10/5/2019 12:00:00 AM,1430,2,2,0,0,CLEAR,DRY,False,REAR END IN TRAFFIC LANES BOTH VEHICLES MOVING,REAR END,STRAIGHT & LEVEL,DAYLIGHT,,,11/11/2019 8:52:02 AM,False,7615,Accepted,
25739724,0568000,LOUISVILLE METRO POLICE DEPT,Accepted,JEFFERSON,US0060A,,EASTERN,PKWY,,KY0061,PRESTON,,,,,38.214593237,-85.743109521,4.550,10/5/2019 12:00:00 AM,1450,2,2,0,0,CLEAR,DRY,False,SIDESWIPE-SAME DIRECTION,SIDESWIPE-SAME DIRECTION,STRAIGHT & LEVEL,DAYLIGHT,,,10/7/2019 7:50:37 AM,False,7322,Accepted,
25739712,0568000,LOUISVILLE METRO POLICE DEPT,Accepted,JEFFERSON,US0031W,,2ND,ST,S,US0031E,MAIN,,,,,38.255962607,-85.753414022,22.112,10/5/2019 12:00:00 AM,1218,2,2,0,0,CLEAR,DRY,False,SIDESWIPE-SAME DIRECTION,SIDESWIPE-SAME DIRECTION,STRAIGHT & LEVEL,DAYLIGHT,,,10/7/2019 7:49:50 AM,False,5168,Accepted,
25739761,0568000,LOUISVILLE METRO POLICE DEPT,Accepted,JEFFERSON,,,COOPER CHAPEL,RD,,KY0061,PRESTON,,,,,38.103543549,-85.672455888,0.003,10/5/2019 12:00:00 AM,2247,2,2,0,0,CLEAR,DRY,False,SIDESWIPE-SAME DIRECTION,SIDESWIPE-SAME DIRECTION,STRAIGHT & LEVEL,DARK-HWY LIGHTED/ON,,,10/7/2019 7:53:31 AM,False,5138,Accepted,
25739763,0568000,LOUISVILLE METRO POLICE DEPT,Accepted,JEFFERSON,KY1065,,OUTER,LOOP,,,SHEPHERDSVILLE,,,,,38.139010767,-85.657504096,7.661,10/5/2019 12:00:00 AM,2000,2,2,0,0,CLEAR,DRY,False,OTHER INTERSECTION COLLISIONS,REAR END,STRAIGHT & LEVEL,DARK-HWY LIGHTED/ON,,,10/7/2019 7:53:35 AM,False,5214,Accepted,
25739772,0568000,LOUISVILLE METRO POLICE DEPT,Accepted,JEFFERSON,,,41ST,ST,S,,RIVER PARK,,,,,38.255698464,-85.819051207,1.387,10/5/2019 12:00:00 AM,0026,2,2,0,1,CLEAR,DRY,False,OTHER INTERSECTION COLLISIONS,REAR END,STRAIGHT & LEVEL,DARK-HWY LIGHTED/ON,,,10/7/2019 7:53:48 AM,False,5057,Accepted,
25739781,0568000,LOUISVILLE METRO POLICE DEPT,Accepted,JEFFERSON,I 0264,,I264 E,,,I 0264,I264 E EXIT18 OFF RAMP TO KY1932,,,,,38.224798061,-85.643410743,17.457,10/5/2019 12:00:00 AM,1730,2,2,0,0,CLOUDY,DRY,False,OTHER INTERSECTION COLLISIONS,REAR END,STRAIGHT & LEVEL,DAYLIGHT,,,10/7/2019 7:54:22 AM,False,7540,Accepted,
25739795,0568000,LOUISVILLE METRO POLICE DEPT,Accepted,JEFFERSON,US0060,,SHELBYVILLE,RD,,,SPREADING OAK,,,,,38.241451099,-85.496933897,12.378,10/5/2019 12:00:00 AM,1155,2,2,0,0,CLEAR,DRY,False,OTHER INTERSECTION COLLISIONS,REAR END,STRAIGHT & LEVEL,DAYLIGHT,,,10/7/2019 7:55:13 AM,False,7858,Accepted,
25761797,0568000,LOUISVILLE METRO POLICE DEPT,Accepted,JEFFERSON,I 0264,,I264 W,,,I 0264,I264 W EXIT14 OFF RAMP TO KY864,,,,,38.199882313,-85.700449034,13.867,10/5/2019 12:00:00 AM,2034,3,3,0,0,CLEAR,DRY,False,OTHER INTERSECTION COLLISIONS,REAR END,STRAIGHT & LEVEL,DARK-HWY LIGHTED/ON,,,10/11/2019 10:17:14 AM,False,5149,Accepted,
25739639,0568000,LOUISVILLE METRO POLICE DEPT,Accepted,JEFFERSON,,,DIXIE,HWY,,,GARLAND,,,,,38.243258320,-85.784401814,0.413,10/5/2019 12:00:00 AM,0137,2,2,0,0,CLEAR,DRY,True,OTHER INTERSECTION COLLISIONS,REAR END,STRAIGHT & LEVEL,DARK-HWY LIGHTED/ON,,,10/7/2019 7:43:37 AM,False,7823,Accepted,
25739722,0568000,LOUISVILLE METRO POLICE DEPT,Accepted,JEFFERSON,KY1020,,2ND,ST,S,,BRECKINRIDGE,,,,,38.241549775,-85.755914262,11.794,10/5/2019 12:00:00 AM,1439,2,2,0,0,CLEAR,DRY,False,OTHER INTERSECTION COLLISIONS,REAR END,STRAIGHT & LEVEL,DAYLIGHT,,,10/7/2019 7:50:29 AM,False,5213,Accepted,
25739746,0568000,LOUISVILLE METRO POLICE DEPT,Accepted,JEFFERSON,KY0155,,TAYLORSVILLE,RD,,KY1932,BRECKENRIDGE,,,,,38.220132838,-85.630386678,13.598,10/5/2019 12:00:00 AM,2100,2,2,0,0,CLEAR,DRY,False,OTHER INTERSECTION COLLISIONS,REAR END,STRAIGHT & LEVEL,DARK-HWY LIGHTED/ON,,,10/7/2019 7:52:12 AM,False,2234,Accepted,
25739745,0568000,LOUISVILLE METRO POLICE DEPT,Accepted,JEFFERSON,I 0264,,I264 E,,,I 0264,I264 E EXIT18 TRANSIT,,,,,38.225228082,-85.642511877,17.514,10/5/2019 12:00:00 AM,1800,2,2,0,0,CLEAR,DRY,False,OTHER INTERSECTION COLLISIONS,REAR END,STRAIGHT & LEVEL,DAYLIGHT,,,10/7/2019 7:52:09 AM,False,7338,Accepted,
25739705,0568000,LOUISVILLE METRO POLICE DEPT,Accepted,JEFFERSON,US0060A,,EASTERN,PKWY,,,FLOYD,,,,,38.213183513,-85.755323933,3.786,10/5/2019 12:00:00 AM,1623,2,2,0,0,CLEAR,DRY,False,OTHER INTERSECTION COLLISIONS,REAR END,STRAIGHT & GRADE,DAYLIGHT,,,10/7/2019 7:49:34 AM,False,5279,Accepted,
25739652,0568000,LOUISVILLE METRO POLICE DEPT,Accepted,JEFFERSON,,,9TH,ST,S,,OAK,,,,,38.235807055,-85.767538424,0.773,10/5/2019 12:00:00 AM,0406,2,2,0,1,CLEAR,DRY,True,OTHER INTERSECTION COLLISIONS,REAR END,STRAIGHT & GRADE,DARK-HWY LIGHTED/ON,,,10/7/2019 7:44:45 AM,False,5217,Accepted,
25739651,0568000,LOUISVILLE METRO POLICE DEPT,Accepted,JEFFERSON,I 0064,,I64 E,,,,,,,,,38.221478031,-85.470440684,20.833,10/5/2019 12:00:00 AM,0500,1,1,0,0,CLEAR,DRY,False,COLLISION WITH ANIMAL NON INTERSECTION,SINGLE VEHICLE,STRAIGHT & HILLCREST,DARK-HWY NOT LIGHTED,,,10/7/2019 7:44:40 AM,False,2920,Accepted,
25739703,0568000,LOUISVILLE METRO POLICE DEPT,Accepted,JEFFERSON,,,BARBEE,AVE,E,,,,BRADLEY,KY0061,PRESTON,38.218522168,-85.747807343,0.047,10/5/2019 12:00:00 AM,1502,2,2,0,0,CLEAR,DRY,False,1 VEHICLE ENTERING OR LEAVING PARKED POSITION (NOT PARKING LOT),BACKING,STRAIGHT & LEVEL,DAYLIGHT,,,10/7/2019 7:49:15 AM,False,5279,Accepted,
25739714,0568000,LOUISVILLE METRO POLICE DEPT,Accepted,JEFFERSON,,,PRINCETON,AVE,,,,,,,,38.149187378,-85.851172057,0.019,10/5/2019 12:00:00 AM,1009,1,1,0,0,CLEAR,DRY,False,COLLISION WITH FIXED OBJECT NON - INTERSECTION - FIRST EVENT COLLISION 09 - 32 EXCLUDING 16,SINGLE VEHICLE,STRAIGHT & LEVEL,DAYLIGHT,,,10/7/2019 7:49:57 AM,False,5257,Accepted,
25739702,0568000,LOUISVILLE METRO POLICE DEPT,Accepted,JEFFERSON,KY2052,6204,SHEPHERDSVILLE,RD,,,,,,,,38.159707073,-85.659967126,1.453,10/5/2019 12:00:00 AM,1115,1,1,0,0,CLEAR,DRY,False,COLLISION WITH FIXED OBJECT NON - INTERSECTION - FIRST EVENT COLLISION 09 - 32 EXCLUDING 16,SINGLE VEHICLE,STRAIGHT & LEVEL,DAYLIGHT,,,10/7/2019 7:49:09 AM,False,7739,Accepted,
25739670,0568000,LOUISVILLE METRO POLICE DEPT,Accepted,JEFFERSON,US0031E,,BARDSTOWN,RD,,,,,HAWTHORNE,,LANCASHIRE,38.216392078,-85.675565138,12.428,10/5/2019 12:00:00 AM,0930,2,2,0,0,CLEAR,DRY,False,COLLISION WITH FIXED OBJECT NON - INTERSECTION - FIRST EVENT COLLISION 09 - 32 EXCLUDING 16,REAR END,STRAIGHT & LEVEL,DAYLIGHT,,,10/7/2019 7:46:27 AM,False,2278,Accepted,
25739699,0568000,LOUISVILLE METRO POLICE DEPT,Accepted,JEFFERSON,,,ROSEWOOD,AVE,,,,,BELLWOOD,,MOSSROSE,38.234253937,-85.716516062,0.098,10/5/2019 12:00:00 AM,1620,2,2,0,0,CLEAR,DRY,True,1 VEHICLE PARKED POSITION (NOT PARKING LOT/DRIVEWAY),SIDESWIPE-SAME DIRECTION,STRAIGHT & LEVEL,DAYLIGHT,,,10/7/2019 7:48:58 AM,False,5289,Accepted,
25739717,0568000,LOUISVILLE METRO POLICE DEPT,Accepted,JEFFERSON,,,MADISON,ST,W,,,,28TH,,29TH,38.254510722,-85.797665123,1.377,10/5/2019 12:00:00 AM,1415,2,2,0,0,,,True,1 VEHICLE PARKED POSITION (NOT PARKING LOT/DRIVEWAY),ANGLE,STRAIGHT & LEVEL,,,,10/7/2019 7:50:14 AM,False,7805,Accepted,
25739668,0568000,LOUISVILLE METRO POLICE DEPT,Accepted,JEFFERSON,,11903,POND CREEK,DR,,,,,,,,38.078991326,-85.865076452,0.034,10/5/2019 12:00:00 AM,0920,2,2,0,0,CLEAR,DRY,True,1 VEHICLE PARKED POSITION (NOT PARKING LOT/DRIVEWAY),BACKING,STRAIGHT & LEVEL,DAYLIGHT,,,10/7/2019 7:46:14 AM,False,5280,Accepted,
25771711,0568000,LOUISVILLE METRO POLICE DEPT,Accepted,JEFFERSON,,,FARMINGTON,AVE,,KY1631,CRITTENDEN,,,,,38.201562170,-85.750780431,,10/5/2019 12:00:00 AM,1246,2,1,0,1,CLEAR,DRY,True,OTHER INTERSECTION COLLISIONS,SINGLE VEHICLE,STRAIGHT & LEVEL,DAYLIGHT,,,10/14/2019 8:47:54 AM,False,7437,Accepted,
25804760,0568000,LOUISVILLE METRO POLICE DEPT,Accepted,JEFFERSON,KY0864,,POPLAR LEVEL,RD,,I 0264,I264 E EXIT14 ON RAMP FROM KY864 N,,,,,38.192941950,-85.706400646,11.191,10/5/2019 12:00:00 AM,1026,2,2,0,0,CLEAR,DRY,False,OTHER INTERSECTION COLLISIONS,REAR END,STRAIGHT & LEVEL,DARK-HWY LIGHTED/ON,,,10/21/2019 11:59:49 AM,False,7972,Accepted,