IncidentID,AgencyORI,AgencyName,IncidentStatusDesc,County,RdwyNumber,Street,RoadwayName,StreetSfx,StreetDir,IntersectionRdwy,IntersectionRdwyName,BetweenStRdwy1,BetweenStRdwyName1,BetweenStRdwy2,BetweenStRdwyName2,Latitude,Longitude,Milepoint,CollisionDate,CollisionTime,UnitsInvolved,MotorVehiclesInvolved,NumberKilled,NumberInjured,Weather,RdwyConditionCode,HitandRun,DirAnalysisCode,MannerofCollision,RdwyCharacter,LightCondition,RampFromRdwyId,RampToRdwyId,AcceptedDate,IsSecondaryCollision,OwnerBadge,IncidentStatus,
25730016,0568000,LOUISVILLE METRO POLICE DEPT,Accepted,JEFFERSON,I 0265,,I265 N,,,,,,,,,38.311183972,-85.575107589,34.272,10/3/2019 12:00:00 AM,0726,2,2,0,0,CLEAR,DRY,False,OTHER ROADWAY OR MID-BLOCK COLLISION,REAR END,STRAIGHT & LEVEL,DAYLIGHT,,,10/4/2019 8:13:24 AM,False,4903,Accepted,
25724097,0568000,LOUISVILLE METRO POLICE DEPT,Accepted,JEFFERSON,I 0065,,I65 N,,,,,,,,,38.184565928,-85.723387998,130.226,10/3/2019 12:00:00 AM,0646,2,2,0,0,CLOUDY,DRY,False,OTHER ROADWAY OR MID-BLOCK COLLISION,REAR END,STRAIGHT & LEVEL,DAWN,,,10/3/2019 8:19:05 AM,False,4903,Accepted,
25730188,0568000,LOUISVILLE METRO POLICE DEPT,Accepted,JEFFERSON,,5100 BLK,JOHNSONTOWN,RD,,,,,,,,38.121244498,-85.856474414,0.043,10/3/2019 12:00:00 AM,1759,2,2,0,3,CLEAR,DRY,False,OTHER ROADWAY OR MID-BLOCK COLLISION,OPPOSING LEFT TURN,STRAIGHT & LEVEL,DAYLIGHT,,,10/4/2019 8:32:52 AM,False,7365,Accepted,
25730194,0568000,LOUISVILLE METRO POLICE DEPT,Accepted,JEFFERSON,,,GREENWOOD,RD,,,,,,,,38.147792479,-85.903628061,0.258,10/3/2019 12:00:00 AM,1805,1,1,0,0,CLEAR,MUD-DIRT,False,OTHER ROADWAY OR MID-BLOCK COLLISION,SINGLE VEHICLE,STRAIGHT & GRADE,DAYLIGHT,,,10/4/2019 8:34:14 AM,False,5170,Accepted,
25730068,0568000,LOUISVILLE METRO POLICE DEPT,Accepted,JEFFERSON,,6503,JACOB SCHOOL,RD,,,,,,,,38.346937291,-85.626816826,0.362,10/3/2019 12:00:00 AM,1650,1,1,0,0,CLEAR,DRY,True,OTHER ROADWAY OR MID-BLOCK COLLISION,SINGLE VEHICLE,STRAIGHT & LEVEL,DAYLIGHT,,,10/4/2019 8:26:26 AM,False,7765,Accepted,
25730135,0568000,LOUISVILLE METRO POLICE DEPT,Accepted,JEFFERSON,US0060,,SHELBYVILLE,RD,,,,,WILLOW STONE,KY0913,BLANKENBAKER,38.244075635,-85.547464056,9.457,10/3/2019 12:00:00 AM,1356,3,3,0,0,CLEAR,DRY,False,OTHER ROADWAY OR MID-BLOCK COLLISION,REAR END,STRAIGHT & LEVEL,DAYLIGHT,,,10/4/2019 8:28:49 AM,False,7751,Accepted,
25730137,0568000,LOUISVILLE METRO POLICE DEPT,Accepted,JEFFERSON,,,TERRA CROSSING,BLVD,,,,KY3084,OLD HENRY,,OLD HENRY,38.272510641,-85.495993982,0.120,10/3/2019 12:00:00 AM,1641,2,2,0,0,CLEAR,DRY,False,OTHER ROADWAY OR MID-BLOCK COLLISION,REAR END,STRAIGHT & LEVEL,DAYLIGHT,,,10/4/2019 8:28:54 AM,False,7751,Accepted,
25730080,0568000,LOUISVILLE METRO POLICE DEPT,Accepted,JEFFERSON,,,NOLTEMEYER WYNDE,,,,,,,,,38.139619550,-85.680345756,0.102,10/3/2019 12:00:00 AM,1639,2,2,0,1,CLEAR,DRY,False,1 VEHICLE ENTERING/LEAVING ENTRANCE,ANGLE,STRAIGHT & LEVEL,DAYLIGHT,,,10/4/2019 8:28:12 AM,False,4693,Accepted,
25730044,0568000,LOUISVILLE METRO POLICE DEPT,Accepted,JEFFERSON,,,MOSS CREEK,DR,,,,,,,,38.142547141,-85.868955680,0.074,10/3/2019 12:00:00 AM,1225,2,2,0,0,CLEAR,DRY,False,1 VEHICLE ENTERING/LEAVING ENTRANCE,ANGLE,STRAIGHT & LEVEL,DAYLIGHT,,,10/4/2019 8:20:46 AM,False,6326,Accepted,
25876684,0568000,LOUISVILLE METRO POLICE DEPT,Accepted,JEFFERSON,KY1447,,WESTPORT,RD,,,,,FREYS HILL,,ASSEMBLY,38.292921034,-85.561061340,5.914,10/3/2019 12:00:00 AM,1645,2,2,0,0,CLEAR,DRY,False,OTHER ROADWAY OR MID-BLOCK COLLISION,OPPOSING LEFT TURN,STRAIGHT & LEVEL,DAYLIGHT,,,11/4/2019 10:12:15 AM,False,2969,Accepted,
25730017,0568000,LOUISVILLE METRO POLICE DEPT,Accepted,JEFFERSON,,,FLOYD,ST,S,,,,,,,38.251462984,-85.748623468,0.293,10/3/2019 12:00:00 AM,0758,2,2,0,0,CLEAR,DRY,False,SIDESWIPE COLLISION - SAME DIRECTION,SIDESWIPE-SAME DIRECTION,STRAIGHT & LEVEL,DAYLIGHT,,,10/4/2019 8:13:37 AM,False,7239,Accepted,
25730045,0568000,LOUISVILLE METRO POLICE DEPT,Accepted,JEFFERSON,US0060,16921,SHELBYVILLE,RD,,,,,LONG RUN,,ARLINGTON MEADOWS,38.236928157,-85.435113960,15.933,10/3/2019 12:00:00 AM,1225,3,3,0,0,CLEAR,DRY,True,SIDESWIPE COLLISION - OPPOSITE DIRECTION,SIDESWIPE-OPPOSITE DIRECTION,STRAIGHT & GRADE,DAYLIGHT,,,10/4/2019 8:21:12 AM,False,5287,Accepted,
25730067,0568000,LOUISVILLE METRO POLICE DEPT,Accepted,JEFFERSON,US0031E,,BARDSTOWN,RD,,,,,LUCIA,,PATTERSON,38.237187742,-85.718696589,15.310,10/3/2019 12:00:00 AM,1438,2,2,0,0,CLEAR,DRY,False,REAR END IN TRAFFIC LANES BOTH VEHICLES MOVING,REAR END,STRAIGHT & LEVEL,DAYLIGHT,,,10/4/2019 8:26:06 AM,False,2228,Accepted,
25730054,0568000,LOUISVILLE METRO POLICE DEPT,Accepted,JEFFERSON,I 0065,,I65 N,,,,,,,,,38.208384925,-85.752100019,132.633,10/3/2019 12:00:00 AM,0857,2,2,0,1,CLEAR,DRY,False,REAR END IN TRAFFIC LANES BOTH VEHICLES MOVING,REAR END,CURVE & LEVEL,DAYLIGHT,,,10/4/2019 8:23:38 AM,False,7251,Accepted,
25730070,0568000,LOUISVILLE METRO POLICE DEPT,Accepted,JEFFERSON,KY0864,,POPLAR LEVEL,RD,,,,,GARDINER,,BUNTON,38.193214877,-85.706456489,11.139,10/3/2019 12:00:00 AM,0821,2,2,0,0,CLEAR,DRY,False,REAR END IN TRAFFIC LANES BOTH VEHICLES MOVING,REAR END,STRAIGHT & LEVEL,DAYLIGHT,,,10/4/2019 8:26:44 AM,False,5247,Accepted,
25730079,0568000,LOUISVILLE METRO POLICE DEPT,Accepted,JEFFERSON,KY0061,,PRESTON,HWY,,,,,,,,38.107188943,-85.674120617,1.684,10/3/2019 12:00:00 AM,1544,2,2,0,0,CLEAR,DRY,False,REAR END IN TRAFFIC LANES BOTH VEHICLES MOVING,REAR END,STRAIGHT & LEVEL,DAYLIGHT,,,10/4/2019 8:28:02 AM,False,4693,Accepted,
25739538,0568000,LOUISVILLE METRO POLICE DEPT,Accepted,JEFFERSON,,,HILL,ST,W,,,,25TH,,OLIVE,38.230341243,-85.798593094,2.303,10/3/2019 12:00:00 AM,1938,2,2,0,0,CLOUDY,DRY,False,REAR END IN TRAFFIC LANES BOTH VEHICLES MOVING,REAR END,STRAIGHT & LEVEL,DAWN,,,10/7/2019 7:38:03 AM,False,7328,Accepted,
25730042,0568000,LOUISVILLE METRO POLICE DEPT,Accepted,JEFFERSON,KY0061,5003,PRESTON,HWY,,,,,,,,38.175843449,-85.714000454,6.984,10/3/2019 12:00:00 AM,0910,2,2,0,0,CLEAR,DRY,False,REAR END IN TRAFFIC LANES BOTH VEHICLES MOVING,REAR END,STRAIGHT & LEVEL,DAYLIGHT,,,10/4/2019 8:20:26 AM,False,2796,Accepted,
25746731,0568000,LOUISVILLE METRO POLICE DEPT,Accepted,JEFFERSON,,950,1ST,ST,S,,,,,,,38.239740671,-85.754604373,1.141,10/3/2019 12:00:00 AM,1300,2,2,0,0,CLEAR,DRY,False,REAR END IN TRAFFIC LANES BOTH VEHICLES MOVING,REAR END,STRAIGHT & LEVEL,DAYLIGHT,,,10/8/2019 12:25:01 PM,False,7495,Accepted,
25730073,0568000,LOUISVILLE METRO POLICE DEPT,Accepted,JEFFERSON,I 0064,,I64 E,,,,,,,,,38.249618701,-85.708559792,7.607,10/3/2019 12:00:00 AM,1727,2,2,0,0,CLEAR,DRY,False,REAR END IN TRAFFIC LANES BOTH VEHICLES MOVING,REAR END,STRAIGHT & LEVEL,DAYLIGHT,,,10/4/2019 8:27:15 AM,False,7764,Accepted,
25730139,0568000,LOUISVILLE METRO POLICE DEPT,Accepted,JEFFERSON,KY0155,,TAYLORSVILLE,RD,,,,,,,,38.219729588,-85.625272099,13.285,10/3/2019 12:00:00 AM,0938,2,2,0,0,CLEAR,DRY,False,REAR END IN TRAFFIC LANES BOTH VEHICLES MOVING,REAR END,STRAIGHT & LEVEL,DAYLIGHT,,,10/4/2019 8:29:03 AM,False,7864,Accepted,
25730041,0568000,LOUISVILLE METRO POLICE DEPT,Accepted,JEFFERSON,I 0065,,I65 W EXIT11 TRANSIT,,,,,I 0264,I264 W EXIT11 OFF RAMP TO  CRITTENDEN DR,I 0065,I65 W EXIT11 RAMP FROM  FREEDOM WAY S,38.189774790,-85.744634228,0.661,10/3/2019 12:00:00 AM,1023,2,2,0,0,CLEAR,DRY,True,REAR END IN TRAFFIC LANES BOTH VEHICLES MOVING,REAR END,STRAIGHT & LEVEL,DAYLIGHT,,,10/4/2019 8:20:04 AM,False,5286,Accepted,
25739672,0568000,LOUISVILLE METRO POLICE DEPT,Accepted,JEFFERSON,I 0065,,I65 S,,,,,,,,,38.230059214,-85.751252238,134.148,10/3/2019 12:00:00 AM,1542,2,2,0,0,CLEAR,DRY,False,REAR END IN TRAFFIC LANES BOTH VEHICLES MOVING,REAR END,STRAIGHT & LEVEL,DAYLIGHT,,,10/7/2019 7:46:42 AM,False,7944,Accepted,
25730200,0568000,LOUISVILLE METRO POLICE DEPT,Accepted,JEFFERSON,,,ASHLAND,AVE,W,,SOUTHCREST,,,,,38.185803599,-85.772396775,0.363,10/3/2019 12:00:00 AM,2025,2,2,0,0,CLEAR,DRY,False,HEAD-ON COLLISION,HEAD ON,STRAIGHT & LEVEL,DARK-HWY LIGHTED/ON,,,10/4/2019 8:35:04 AM,False,5139,Accepted,
26053646,0568000,LOUISVILLE METRO POLICE DEPT,Accepted,JEFFERSON,KY0907,,SOUTHSIDE,DR,,KY1865,NEW CUT,,,,,38.145870671,-85.775263243,6.314,10/3/2019 12:00:00 AM,1757,2,1,0,0,CLEAR,DRY,False,HEAD-ON COLLISION,HEAD ON,STRAIGHT & LEVEL,DAYLIGHT,,,12/13/2019 3:32:27 PM,False,7026,Accepted,
25756329,0568000,LOUISVILLE METRO POLICE DEPT,Accepted,JEFFERSON,I 0264,,I264 W,,,,,,,,,38.242198569,-85.622008385,19.215,10/3/2019 12:00:00 AM,1746,2,2,0,0,CLEAR,DRY,False,SIDESWIPE COLLISION - SAME DIRECTION,SIDESWIPE-SAME DIRECTION,STRAIGHT & LEVEL,DAYLIGHT,,,10/10/2019 9:45:35 AM,False,2142,Accepted,
25730138,0568000,LOUISVILLE METRO POLICE DEPT,Accepted,JEFFERSON,I 0065,,I65 S,,,,,,,,,38.202392813,-85.736984765,131.675,10/3/2019 12:00:00 AM,1739,2,2,0,0,CLEAR,DRY,True,SIDESWIPE COLLISION - SAME DIRECTION,SIDESWIPE-SAME DIRECTION,CURVE & LEVEL,DAYLIGHT,,,10/4/2019 8:29:00 AM,False,7207,Accepted,
25730050,0568000,LOUISVILLE METRO POLICE DEPT,Accepted,JEFFERSON,I 0265,,I265 W,,,,,I 0064,I64 E EXIT19A RAMP TO I265 S,I 0265,I265 W EXIT23 OFF RAMP TO KY155,38.218098650,-85.506236492,25.125,10/3/2019 12:00:00 AM,1545,2,2,0,0,CLEAR,DRY,True,SIDESWIPE COLLISION - SAME DIRECTION,SIDESWIPE-SAME DIRECTION,STRAIGHT & LEVEL,DAYLIGHT,,,10/4/2019 8:22:07 AM,False,6878,Accepted,
25730014,0568000,LOUISVILLE METRO POLICE DEPT,Accepted,JEFFERSON,I 0065,,I65 S,,,,,,,I 0065,I65 S EXIT127 OFF RAMP TO KY1065,38.158374224,-85.718788346,128.337,10/3/2019 12:00:00 AM,0644,2,2,0,0,CLEAR,DRY,False,SIDESWIPE COLLISION - SAME DIRECTION,SIDESWIPE-SAME DIRECTION,CURVE & GRADE,DARK-HWY LIGHTED/ON,,,10/4/2019 8:13:05 AM,False,7840,Accepted,
25730048,0568000,LOUISVILLE METRO POLICE DEPT,Accepted,JEFFERSON,US0031E,,BARDSTOWN,RD,,,,,,,,38.179111280,-85.622858124,8.406,10/3/2019 12:00:00 AM,1533,2,2,0,0,CLEAR,DRY,False,SIDESWIPE COLLISION - SAME DIRECTION,SIDESWIPE-SAME DIRECTION,STRAIGHT & LEVEL,DAYLIGHT,,,10/4/2019 8:21:46 AM,False,7307,Accepted,
25804787,0568000,LOUISVILLE METRO POLICE DEPT,Accepted,JEFFERSON,KY1931,,MANSLICK,RD,,,,,,,,38.196371575,-85.799055957,8.478,10/3/2019 12:00:00 AM,1600,2,2,0,0,CLEAR,DRY,False,SIDESWIPE COLLISION - SAME DIRECTION,SIDESWIPE-SAME DIRECTION,STRAIGHT & LEVEL,DAYLIGHT,,,10/21/2019 12:01:58 PM,False,5271,Accepted,
25739758,0568000,LOUISVILLE METRO POLICE DEPT,Accepted,JEFFERSON,US0150,,BROADWAY,,E,KY0061,PRESTON,,,,,38.245257071,-85.747556917,2.963,10/3/2019 12:00:00 AM,1534,2,2,0,0,CLEAR,DRY,False,SIDESWIPE-SAME DIRECTION,SIDESWIPE-SAME DIRECTION,STRAIGHT & LEVEL,DAYLIGHT,,,10/7/2019 7:53:19 AM,False,7239,Accepted,
25730081,0568000,LOUISVILLE METRO POLICE DEPT,Accepted,JEFFERSON,KY0061,,PRESTON,ST,S,,ORMSBY,,,,,38.230989343,-85.749999334,11.255,10/3/2019 12:00:00 AM,1210,2,2,0,0,CLEAR,DRY,False,SIDESWIPE-SAME DIRECTION,SIDESWIPE-SAME DIRECTION,STRAIGHT & LEVEL,DAYLIGHT,,,10/4/2019 8:28:17 AM,False,5273,Accepted,
25730022,0568000,LOUISVILLE METRO POLICE DEPT,Accepted,JEFFERSON,,,WHITTINGTON,PKWY,N,,WEAKLEY,,,,,38.253795074,-85.582268300,0.565,10/3/2019 12:00:00 AM,0809,2,2,0,0,CLEAR,DRY,False,SIDESWIPE-SAME DIRECTION,SIDESWIPE-SAME DIRECTION,CURVE & LEVEL,DAYLIGHT,,,10/4/2019 8:14:10 AM,False,7899,Accepted,
25730038,0568000,LOUISVILLE METRO POLICE DEPT,Accepted,JEFFERSON,KY2052,,SHEPHERDSVILLE,RD,,KY0864,POPLAR LEVEL,,,,,38.160122127,-85.660008230,1.481,10/3/2019 12:00:00 AM,1314,2,2,0,0,CLEAR,DRY,False,SIDESWIPE-SAME DIRECTION,SIDESWIPE-SAME DIRECTION,STRAIGHT & LEVEL,DAYLIGHT,,,10/4/2019 8:18:46 AM,False,7307,Accepted,
25740794,0568000,LOUISVILLE METRO POLICE DEPT,Accepted,JEFFERSON,,,35TH,ST,N,KY3082,BANK,,,,,38.272409893,-85.804412068,0.154,10/3/2019 12:00:00 AM,1338,2,2,0,0,CLEAR,DRY,False,SIDESWIPE-SAME DIRECTION,SIDESWIPE-SAME DIRECTION,STRAIGHT & LEVEL,DAYLIGHT,,,10/7/2019 10:08:09 AM,False,5276,Accepted,
25730201,0568000,LOUISVILLE METRO POLICE DEPT,Accepted,JEFFERSON,KY1631,,CRITTENDEN,DR,,I 0065,I65 S EXIT132 OFF RAMP TO  CRITTENDEN DR,,,,,38.205364710,-85.750810449,1.202,10/3/2019 12:00:00 AM,2331,2,2,0,0,CLEAR,DRY,False,SIDESWIPE-SAME DIRECTION,SIDESWIPE-SAME DIRECTION,STRAIGHT & LEVEL,DARK-HWY LIGHTED/ON,,,10/4/2019 8:35:15 AM,False,7462,Accepted,
25730046,0568000,LOUISVILLE METRO POLICE DEPT,Accepted,JEFFERSON,KY0864,,POPLAR LEVEL,RD,,US0060A,EASTERN,,,,,38.223716790,-85.729915932,13.690,10/3/2019 12:00:00 AM,1252,2,2,0,0,CLEAR,DRY,False,SIDESWIPE-SAME DIRECTION,SIDESWIPE-SAME DIRECTION,CURVE & LEVEL,DAYLIGHT,,,10/4/2019 8:21:31 AM,False,7898,Accepted,
25730062,0568000,LOUISVILLE METRO POLICE DEPT,Accepted,JEFFERSON,KY1865,,NEW CUT,RD,,KY0841,KY841 RAMP FROM KY1865,,,,,38.118104667,-85.776054297,0.659,10/3/2019 12:00:00 AM,1615,2,2,0,0,CLEAR,DRY,False,OTHER INTERSECTION COLLISIONS,REAR END,STRAIGHT & LEVEL,DAYLIGHT,,,10/4/2019 8:25:24 AM,False,7224,Accepted,
25730060,0568000,LOUISVILLE METRO POLICE DEPT,Accepted,JEFFERSON,KY2055,,MT HOLLY,RD,,,HOLLY,,,,,38.100063947,-85.746862333,0.605,10/3/2019 12:00:00 AM,0920,2,2,0,0,CLEAR,DRY,True,OTHER INTERSECTION COLLISIONS,REAR END,STRAIGHT & LEVEL,DAYLIGHT,,,10/4/2019 8:25:07 AM,False,7224,Accepted,
25730020,0568000,LOUISVILLE METRO POLICE DEPT,Accepted,JEFFERSON,KY0061,,PRESTON,HWY,,,AUDUBON,,,,,38.202830328,-85.734970877,9.176,10/3/2019 12:00:00 AM,0715,2,2,0,0,CLEAR,DRY,True,OTHER INTERSECTION COLLISIONS,REAR END,STRAIGHT & LEVEL,DAYLIGHT,,,10/4/2019 8:13:49 AM,False,7898,Accepted,
25746558,0568000,LOUISVILLE METRO POLICE DEPT,Accepted,JEFFERSON,KY1020,,3RD,ST,S,,OAK,,,,,38.234863849,-85.758646265,11.315,10/3/2019 12:00:00 AM,1759,2,2,0,0,CLEAR,DRY,False,OTHER INTERSECTION COLLISIONS,REAR END,STRAIGHT & LEVEL,DAYLIGHT,,,10/8/2019 12:14:05 PM,False,7429,Accepted,
25746500,0568000,LOUISVILLE METRO POLICE DEPT,Accepted,JEFFERSON,I 0264,,I264 E,,,I 0264,I264 E EXIT18 OFF RAMP TO KY1932,,,,,38.224836662,-85.643336039,17.462,10/3/2019 12:00:00 AM,1636,2,2,0,0,CLEAR,DRY,False,OTHER INTERSECTION COLLISIONS,REAR END,STRAIGHT & LEVEL,DAYLIGHT,,,10/8/2019 12:05:23 PM,False,2429,Accepted,
25746701,0568000,LOUISVILLE METRO POLICE DEPT,Accepted,JEFFERSON,,,MILE OF SUNSHINE,DR,,KY2052,SHEPHERDSVILLE,,,,,38.150235872,-85.660042608,0.017,10/3/2019 12:00:00 AM,1954,2,2,0,1,CLEAR,DRY,False,OTHER INTERSECTION COLLISIONS,REAR END,STRAIGHT & GRADE,DARK-HWY NOT LIGHTED,,,10/8/2019 12:20:46 PM,False,5184,Accepted,
25746710,0568000,LOUISVILLE METRO POLICE DEPT,Accepted,JEFFERSON,I 0064,,I64 W,,,I 0064,I64 W EXIT12 RAMP TO I264 E,,,,,38.233789947,-85.610623698,13.004,10/3/2019 12:00:00 AM,0703,3,3,0,0,CLEAR,DRY,False,OTHER INTERSECTION COLLISIONS,REAR END,STRAIGHT & LEVEL,DAYLIGHT,,,10/8/2019 12:23:13 PM,False,7720,Accepted,
25729463,0561000,JEFFERSONTOWN POLICE DEPT,Accepted,JEFFERSON,KY0913,2700,BLANKENBAKER,PKWY,,,,,ELECTRON,,REHL,38.201719624,-85.537697503,1.331,10/3/2019 12:00:00 AM,2119,1,1,0,0,CLEAR,DRY,False,COLLISION WITH FIXED OBJECT NON - INTERSECTION - FIRST EVENT COLLISION 09 - 32 EXCLUDING 16,SINGLE VEHICLE,CURVE & LEVEL,DARK-HWY LIGHTED/ON,,,10/4/2019 4:34:03 AM,False,8316,Accepted,
25724070,0568000,LOUISVILLE METRO POLICE DEPT,Accepted,JEFFERSON,KY0864,6615,FEGENBUSH,LN,,,,,,,,38.153094156,-85.632623346,5.920,10/3/2019 12:00:00 AM,0028,1,1,0,0,CLEAR,DRY,True,COLLISION WITH FIXED OBJECT NON - INTERSECTION - FIRST EVENT COLLISION 09 - 32 EXCLUDING 16,SINGLE VEHICLE,STRAIGHT & GRADE,DARK-HWY NOT LIGHTED,,,10/3/2019 8:16:57 AM,False,7120,Accepted,
25724084,0568000,LOUISVILLE METRO POLICE DEPT,Accepted,JEFFERSON,I 0065,,I65 S,,,,,,,,,38.203995707,-85.739878551,131.861,10/3/2019 12:00:00 AM,0034,1,1,0,0,CLEAR,DRY,False,COLLISION WITH FIXED OBJECT NON - INTERSECTION - FIRST EVENT COLLISION 09 - 32 EXCLUDING 16,SINGLE VEHICLE,CURVE & LEVEL,DARK-HWY LIGHTED/ON,,,10/3/2019 8:18:16 AM,False,5052,Accepted,
25731383,0568000,LOUISVILLE METRO POLICE DEPT,Accepted,JEFFERSON,,7110,URANUS,DR,,,,,,,,38.151403321,-85.853507301,0.060,10/3/2019 12:00:00 AM,1838,1,1,0,0,CLEAR,DRY,True,COLLISION WITH FIXED OBJECT NON - INTERSECTION - FIRST EVENT COLLISION 09 - 32 EXCLUDING 16,SINGLE VEHICLE,STRAIGHT & LEVEL,DAYLIGHT,,,10/4/2019 12:22:14 PM,False,7365,Accepted,
25730146,0568000,LOUISVILLE METRO POLICE DEPT,Accepted,JEFFERSON,US0060,18500,SHELBYVILLE,RD,,,,,,,,38.235307518,-85.424913554,16.504,10/3/2019 12:00:00 AM,2125,1,1,0,1,CLEAR,DRY,False,COLLISION WITH FIXED OBJECT NON - INTERSECTION - FIRST EVENT COLLISION 09 - 32 EXCLUDING 16,SINGLE VEHICLE,STRAIGHT & LEVEL,DARK (UNKNOWN ROADWAY LIGHTING),,,10/4/2019 8:30:47 AM,False,5004,Accepted,
25730032,0568000,LOUISVILLE METRO POLICE DEPT,Accepted,JEFFERSON,,1918,STEVENS,AVE,,,,,BULLOCK,,FERNWOOD,38.230959451,-85.707755409,0.423,10/3/2019 12:00:00 AM,0915,2,2,0,0,CLEAR,DRY,False,1 VEHICLE PARKED POSITION (NOT PARKING LOT/DRIVEWAY),SIDESWIPE-SAME DIRECTION,STRAIGHT & LEVEL,DAYLIGHT,,,10/4/2019 8:16:49 AM,False,2100,Accepted,
25730191,0568000,LOUISVILLE METRO POLICE DEPT,Accepted,JEFFERSON,US0031W,7338,DIXIE,HWY,,,,,,,,38.143514334,-85.839695836,11.687,10/3/2019 12:00:00 AM,1950,2,2,0,0,CLEAR,DRY,True,1 VEHICLE PARKED POSITION (NOT PARKING LOT/DRIVEWAY),REAR TO REAR,STRAIGHT & LEVEL,DARK-HWY LIGHTED/ON,,,10/4/2019 8:33:56 AM,False,7365,Accepted,
25732152,0560300,ST. MATTHEWS POLICE DEPARTMENT,Accepted,JEFFERSON,US0060,,SHELBYVILLE,RD,,I 0264,I264 W EXIT19A ON RAMP FROM US60 W,,,,,38.250151091,-85.621145118,5.436,10/3/2019 12:00:00 AM,1140,2,2,0,0,CLEAR,DRY,False,OTHER INTERSECTION COLLISIONS,REAR END,STRAIGHT & LEVEL,DAYLIGHT,,,10/4/2019 4:05:39 PM,False,9140,Accepted,
25730189,0568000,LOUISVILLE METRO POLICE DEPT,Accepted,JEFFERSON,,,PIKES PEAK,BLVD,,KY1931,MANSLICK,,,,,38.165780310,-85.797506384,0.001,10/3/2019 12:00:00 AM,1820,3,3,0,0,CLEAR,DRY,True,OTHER INTERSECTION COLLISIONS,REAR END,STRAIGHT & LEVEL,DAYLIGHT,,,10/4/2019 8:33:32 AM,True,7365,Accepted,
25739741,0568000,LOUISVILLE METRO POLICE DEPT,Accepted,JEFFERSON,US0031E,,BUECHEL,BYP,,,BUECHEL BANK,,,,,38.190677623,-85.647720054,10.040,10/3/2019 12:00:00 AM,1444,3,3,0,1,CLOUDY,DRY,True,OTHER INTERSECTION COLLISIONS,REAR END,STRAIGHT & LEVEL,DAYLIGHT,,,10/7/2019 7:51:52 AM,False,6100,Accepted,
25730140,0568000,LOUISVILLE METRO POLICE DEPT,Accepted,JEFFERSON,,,BLUEGRASS,AVE,,,LONSDALE,,,,,38.179466768,-85.786392519,0.680,10/3/2019 12:00:00 AM,1549,2,2,0,1,CLEAR,DRY,False,OTHER INTERSECTION COLLISIONS,REAR END,STRAIGHT & LEVEL,DAYLIGHT,,,10/4/2019 8:29:09 AM,False,5274,Accepted,
25730082,0568000,LOUISVILLE METRO POLICE DEPT,Accepted,JEFFERSON,US0060A,,WILLOW,AVE,,,EASTERN,,,,,38.233076270,-85.707928272,6.941,10/3/2019 12:00:00 AM,1728,2,2,0,0,CLEAR,DRY,False,OTHER INTERSECTION COLLISIONS,REAR END,STRAIGHT & LEVEL,DAYLIGHT,,,10/4/2019 8:28:24 AM,False,5020,Accepted,
25724105,0568000,LOUISVILLE METRO POLICE DEPT,Accepted,JEFFERSON,,,ACCOMACK,DR,,KY1447,WESTPORT,,,,,38.300277380,-85.538799140,0.006,10/3/2019 12:00:00 AM,0630,2,2,0,0,CLEAR,DRY,False,OTHER INTERSECTION COLLISIONS,REAR END,STRAIGHT & LEVEL,DARK-HWY LIGHTED/ON,,,10/3/2019 8:20:45 AM,False,2013,Accepted,
25730078,0568000,LOUISVILLE METRO POLICE DEPT,Accepted,JEFFERSON,KY0061,,PRESTON,HWY,,,ST RITA,,,,,38.128406026,-85.681221315,3.213,10/3/2019 12:00:00 AM,1202,2,2,0,0,CLEAR,DRY,False,ANGLE COLLISION - OTHER,ANGLE,STRAIGHT & LEVEL,DAYLIGHT,,,10/4/2019 8:27:54 AM,False,4693,Accepted,
25740798,0568000,LOUISVILLE METRO POLICE DEPT,Accepted,JEFFERSON,KY1020,,2ND,ST,S,,LIBERTY,,,,,38.252692261,-85.753848791,12.572,10/3/2019 12:00:00 AM,1148,2,2,0,0,CLEAR,DRY,True,ANGLE COLLISION - OTHER,ANGLE,STRAIGHT & LEVEL,DAYLIGHT,,,10/7/2019 10:08:56 AM,False,7266,Accepted,
25730064,0568000,LOUISVILLE METRO POLICE DEPT,Accepted,JEFFERSON,,,PAYNE,ST,,,LEXINGTON,,,,,38.250584168,-85.720689920,0.649,10/3/2019 12:00:00 AM,1217,2,2,0,0,CLEAR,DRY,False,ANGLE COLLISION - OTHER,ANGLE,STRAIGHT & GRADE,DAYLIGHT,,,10/4/2019 8:25:46 AM,False,2228,Accepted,
25730142,0568000,LOUISVILLE METRO POLICE DEPT,Accepted,JEFFERSON,,,FLORENCE,AVE,E,,BROOK,,,,,38.191624843,-85.759858257,0.086,10/3/2019 12:00:00 AM,1646,2,2,0,1,CLEAR,DRY,False,ANGLE COLLISION - OTHER,ANGLE,STRAIGHT & LEVEL,DAYLIGHT,,,10/4/2019 8:29:32 AM,False,7402,Accepted,
25730125,0568000,LOUISVILLE METRO POLICE DEPT,Accepted,JEFFERSON,KY1865,,TAYLOR,BLVD,,,CARRICO,,,,,38.184754065,-85.784013821,5.393,10/3/2019 12:00:00 AM,1615,2,2,0,0,CLEAR,DRY,False,ANGLE COLLISION - OTHER,ANGLE,STRAIGHT & LEVEL,DAYLIGHT,,,10/4/2019 8:28:29 AM,False,2128,Accepted,