IncidentID,AgencyORI,AgencyName,IncidentStatusDesc,County,RdwyNumber,Street,RoadwayName,StreetSfx,StreetDir,IntersectionRdwy,IntersectionRdwyName,BetweenStRdwy1,BetweenStRdwyName1,BetweenStRdwy2,BetweenStRdwyName2,Latitude,Longitude,Milepoint,CollisionDate,CollisionTime,UnitsInvolved,MotorVehiclesInvolved,NumberKilled,NumberInjured,Weather,RdwyConditionCode,HitandRun,DirAnalysisCode,MannerofCollision,RdwyCharacter,LightCondition,RampFromRdwyId,RampToRdwyId,AcceptedDate,IsSecondaryCollision,OwnerBadge,IncidentStatus,
25730025,0568000,LOUISVILLE METRO POLICE DEPT,Accepted,JEFFERSON,US0031E,,BARDSTOWN,RD,,I 0265,I265 E EXIT17 OFF RAMP TO US31E,,,,,38.139609138,-85.582342323,4.771,10/3/2019 12:00:00 AM,1011,2,2,0,1,CLEAR,DRY,False,ANGLE COLLISION - OTHER,ANGLE,STRAIGHT & LEVEL,DAYLIGHT,,,10/4/2019 8:14:41 AM,False,2017,Accepted,
25730075,0568000,LOUISVILLE METRO POLICE DEPT,Accepted,JEFFERSON,KY1065,,OUTER,LOOP,,,ROBBS,,,,,38.138002831,-85.665295606,7.232,10/3/2019 12:00:00 AM,1100,2,2,0,0,CLEAR,DRY,False,OPPOSING LEFT TURN,OPPOSING LEFT TURN,STRAIGHT & LEVEL,DAYLIGHT,,,10/4/2019 8:27:42 AM,False,4693,Accepted,
25730133,0568000,LOUISVILLE METRO POLICE DEPT,Accepted,JEFFERSON,KY1531,,JOHNSON,RD,,KY1531,EASTWOOD FISHERVILLE,,,,,38.233532107,-85.453275178,9.125,10/3/2019 12:00:00 AM,0656,2,2,0,1,CLEAR,DRY,False,OPPOSING LEFT TURN,OPPOSING LEFT TURN,STRAIGHT & LEVEL,DAWN,,,10/4/2019 8:28:42 AM,False,7751,Accepted,
25730033,0568000,LOUISVILLE METRO POLICE DEPT,Accepted,JEFFERSON,,,TREVILIAN,WAY,,KY0155,TAYLORSVILLE,,,,,38.222969997,-85.684660713,0.580,10/3/2019 12:00:00 AM,1030,2,2,0,0,CLEAR,DRY,False,OPPOSING LEFT TURN,OPPOSING LEFT TURN,CURVE & LEVEL,DAYLIGHT,,,10/4/2019 8:16:57 AM,False,2100,Accepted,
25724093,0568000,LOUISVILLE METRO POLICE DEPT,Accepted,JEFFERSON,KY0061,,PRESTON,HWY,,,FOREST,,,,,38.161694383,-85.699717664,5.725,10/3/2019 12:00:00 AM,0550,2,2,0,1,CLEAR,DRY,False,OPPOSING LEFT TURN,OPPOSING LEFT TURN,STRAIGHT & LEVEL,DARK-HWY LIGHTED/ON,,,10/3/2019 8:18:39 AM,False,5265,Accepted,
25730052,0568000,LOUISVILLE METRO POLICE DEPT,Accepted,JEFFERSON,KY0061,,PRESTON,HWY,,KY1065,OUTER,,,,,38.138571896,-85.687089565,3.929,10/3/2019 12:00:00 AM,1600,2,2,0,1,CLEAR,DRY,False,REAR END - ONE VEHICLE TURNING RIGHT,REAR END,STRAIGHT & LEVEL,DAYLIGHT,,,10/4/2019 8:22:46 AM,False,7486,Accepted,
25730023,0568000,LOUISVILLE METRO POLICE DEPT,Accepted,JEFFERSON,,,CHAMBERLAIN,LN,,KY0022,BROWNSBORO,,,,,38.312621356,-85.567413311,4.037,10/3/2019 12:00:00 AM,1019,2,2,0,0,CLEAR,DRY,False,REAR END - ONE VEHICLE TURNING LEFT,REAR END,STRAIGHT & LEVEL,DAYLIGHT,,,10/4/2019 8:14:29 AM,False,7765,Accepted,
25730195,0568000,LOUISVILLE METRO POLICE DEPT,Accepted,JEFFERSON,,,4TH,ST,S,,CARDINAL,,,,,38.220749318,-85.762851674,2.497,10/3/2019 12:00:00 AM,1922,2,2,0,0,CLEAR,DRY,False,REAR END - ONE VEHICLE TURNING LEFT,REAR END,STRAIGHT & LEVEL,DUSK,,,10/4/2019 8:34:25 AM,False,5123,Accepted,
25730059,0568000,LOUISVILLE METRO POLICE DEPT,Accepted,JEFFERSON,,,GARDINER,LN,,,SUNNY,,,,,38.206954516,-85.682847819,0.519,10/3/2019 12:00:00 AM,1604,2,2,0,0,CLEAR,DRY,False,OPPOSITE DIRECTION - BOTH VEHICLES GOING STRAIGHT AHEAD,SIDESWIPE-OPPOSITE DIRECTION,STRAIGHT & LEVEL,DAYLIGHT,,,10/4/2019 8:24:54 AM,False,7403,Accepted,
25739740,0568000,LOUISVILLE METRO POLICE DEPT,Accepted,JEFFERSON,,,BASHFORD MANOR,LN,,,KERRY,,,,,38.199517920,-85.671149518,0.433,10/3/2019 12:00:00 AM,1713,2,2,0,2,CLOUDY,DRY,False,ANGLE COLLISION - OTHER,ANGLE,STRAIGHT & LEVEL,DAYLIGHT,,,10/7/2019 7:51:46 AM,False,6100,Accepted,
25746526,0568000,LOUISVILLE METRO POLICE DEPT,Accepted,JEFFERSON,,,DEL PARK,TER,,,35TH,,,,,38.253305826,-85.809436571,0.299,10/3/2019 12:00:00 AM,1730,2,2,0,0,CLEAR,DRY,False,ANGLE COLLISION - OTHER,ANGLE,STRAIGHT & LEVEL,DAYLIGHT,,,10/8/2019 12:09:30 PM,False,5129,Accepted,
25740801,0568000,LOUISVILLE METRO POLICE DEPT,Accepted,JEFFERSON,KY1020,,3RD,ST,S,,CARDINAL,,,,,38.220604283,-85.761248507,10.318,10/3/2019 12:00:00 AM,1413,2,2,0,0,CLEAR,DRY,False,ANGLE COLLISION - OTHER,ANGLE,STRAIGHT & LEVEL,DAYLIGHT,,,10/7/2019 10:09:26 AM,False,5263,Accepted,
26051205,0568000,LOUISVILLE METRO POLICE DEPT,Accepted,JEFFERSON,KY1865,,NEW CUT,RD,,KY2055,MANSLICK,,,,,38.111808582,-85.766738986,0.005,10/3/2019 12:00:00 AM,1049,2,2,0,1,CLEAR,DRY,False,ANGLE COLLISION - OTHER,ANGLE,STRAIGHT & LEVEL,DAYLIGHT,,,12/13/2019 8:26:37 AM,False,7026,Accepted,
25793162,0568000,LOUISVILLE METRO POLICE DEPT,Accepted,JEFFERSON,,,BROADWAY,,W,,23RD,,,,,38.249276454,-85.789879510,0.091,10/3/2019 12:00:00 AM,1335,3,3,0,0,CLEAR,DRY,True,ANGLE COLLISION - OTHER,ANGLE,STRAIGHT & LEVEL,DAYLIGHT,,,10/18/2019 8:28:03 AM,False,7241,Accepted,
25746471,0568000,LOUISVILLE METRO POLICE DEPT,Accepted,JEFFERSON,,,3RD,ST,S,,WOODLAWN,,,,,38.181589886,-85.766254825,1.320,10/3/2019 12:00:00 AM,1645,2,1,0,0,CLEAR,DRY,False,COLLISION WITH PEDESTRIAN IN INTERSECTION,SINGLE VEHICLE,STRAIGHT & LEVEL,DAYLIGHT,,,10/8/2019 12:01:59 PM,False,5274,Accepted,
25730193,0568000,LOUISVILLE METRO POLICE DEPT,Accepted,JEFFERSON,KY1142,,PALATKA,RD,,KY1865,NEW CUT,,,,,38.150796801,-85.776347399,1.446,10/3/2019 12:00:00 AM,2147,2,2,0,0,CLEAR,DRY,False,ANGLE COLLISION - ONE VEHICLE TURNING LEFT,ANGLE,STRAIGHT & LEVEL,DARK-HWY LIGHTED/ON,,,10/4/2019 8:34:03 AM,False,5224,Accepted,
25740800,0568000,LOUISVILLE METRO POLICE DEPT,Accepted,JEFFERSON,KY2803,,ARTHUR,ST,,,BRANDEIS,,,,,38.218234710,-85.752823650,0.010,10/3/2019 12:00:00 AM,0939,2,2,0,0,CLEAR,DRY,False,ANGLE COLLISION - ONE VEHICLE TURNING LEFT,ANGLE,STRAIGHT & LEVEL,DAYLIGHT,,,10/7/2019 10:09:14 AM,False,5263,Accepted,
25752235,0561900,AUDUBON PARK POLICE DEPARTMENT,Accepted,JEFFERSON,KY0864,2355,POPLAR LEVEL,RD,,,,,,,,38.215474999,-85.723771251,13.006,10/3/2019 12:00:00 AM,,2,2,0,0,CLEAR,DRY,True,COLLISION IN PARKING LOT,ANGLE,STRAIGHT & LEVEL,UNKNOWN,,,10/9/2019 1:12:25 PM,False,5107,Accepted,
25730037,0568000,LOUISVILLE METRO POLICE DEPT,Accepted,JEFFERSON,KY1932,3439,BRECKENRIDGE,LN,,,,,,,,38.199200732,-85.624191591,1.249,10/3/2019 12:00:00 AM,1142,2,2,0,0,CLEAR,DRY,False,COLLISION IN PARKING LOT,HEAD ON,STRAIGHT & LEVEL,DAYLIGHT,,,10/4/2019 8:18:31 AM,False,2429,Accepted,
25731573,0561500,UNIV. OF LOUISVILLE POLICE,Accepted,JEFFERSON,KY0061,1800,ARTHUR,ST,,,,,,,,38.220629356,-85.751917383,11.101,10/3/2019 12:00:00 AM,,1,1,0,0,CLEAR,DRY,True,COLLISION IN PARKING LOT,SINGLE VEHICLE,STRAIGHT & LEVEL,DARK-HWY LIGHTED/ON,,,10/4/2019 1:45:58 PM,False,5654,Accepted,
25730207,0568000,LOUISVILLE METRO POLICE DEPT,Accepted,JEFFERSON,,415,MUHAMMAD ALI,BLVD,E,,,,,,,38.249879621,-85.745841016,0.671,10/2/2019 12:00:00 AM,2019,2,2,0,0,CLEAR,DRY,True,COLLISION IN PARKING LOT,REAR TO REAR,STRAIGHT & LEVEL,DAYLIGHT,,,10/4/2019 8:37:15 AM,False,5172,Accepted,
25724045,0568000,LOUISVILLE METRO POLICE DEPT,Accepted,JEFFERSON,KY1703,990,BAXTER,AVE,,,,,,,,38.239286426,-85.723595240,5.610,10/2/2019 12:00:00 AM,1644,2,2,0,0,CLEAR,DRY,True,COLLISION IN PARKING LOT,SIDESWIPE-SAME DIRECTION,STRAIGHT & LEVEL,DAYLIGHT,,,10/3/2019 8:12:32 AM,False,7900,Accepted,
25724047,0568000,LOUISVILLE METRO POLICE DEPT,Accepted,JEFFERSON,KY1747,,FERN VALLEY,RD,,,,,,,,38.158054564,-85.692751997,2.167,10/2/2019 12:00:00 AM,1348,2,2,0,0,CLEAR,DRY,False,COLLISION IN PARKING LOT,ANGLE,STRAIGHT & LEVEL,DAYLIGHT,,,10/3/2019 8:12:48 AM,False,4693,Accepted,
25724008,0568000,LOUISVILLE METRO POLICE DEPT,Accepted,JEFFERSON,,2800,FORDHAVEN,RD,,,,,,,,38.148664656,-85.811992046,0.474,10/2/2019 12:00:00 AM,0743,6,4,0,3,CLEAR,DRY,False,COLLISION IN PARKING LOT,ANGLE,STRAIGHT & LEVEL,DAYLIGHT,,,10/3/2019 8:08:36 AM,False,6326,Accepted,
25730035,0568000,LOUISVILLE METRO POLICE DEPT,Accepted,JEFFERSON,KY1747,,HURSTBOURNE,PKWY,S,,BUNSEN,,,,,38.218987176,-85.584196663,11.455,10/2/2019 12:00:00 AM,1100,2,2,0,1,CLEAR,DRY,False,ANGLE COLLISION - ONE VEHICLE TURNING LEFT,ANGLE,STRAIGHT & LEVEL,DAYLIGHT,,,10/4/2019 8:17:30 AM,False,2429,Accepted,
25723990,0568000,LOUISVILLE METRO POLICE DEPT,Accepted,JEFFERSON,,,ZORN,AVE,,,RIVER,,,,,38.277390398,-85.699161457,1.748,10/2/2019 12:00:00 AM,0823,2,2,0,0,CLEAR,DRY,True,ANGLE COLLISION - ONE VEHICLE TURNING LEFT,ANGLE,STRAIGHT & LEVEL,DAYLIGHT,,,10/3/2019 8:07:16 AM,False,5275,Accepted,
25788005,0568000,LOUISVILLE METRO POLICE DEPT,Accepted,JEFFERSON,,,HADDON,RD,,,LANFAIR,,,,,38.299641457,-85.612556645,0.320,10/2/2019 12:00:00 AM,0830,2,1,0,1,CLEAR,DRY,False,COLLISION WITH PEDESTRIAN IN INTERSECTION,SINGLE VEHICLE,STRAIGHT & LEVEL,DAYLIGHT,,,10/17/2019 8:49:52 AM,False,7631,Accepted,
25739773,0568000,LOUISVILLE METRO POLICE DEPT,Accepted,JEFFERSON,,,PRESTON,ST,S,,HILL,,,,,38.226151184,-85.750918999,0.181,10/2/2019 12:00:00 AM,0000,1,1,0,0,CLEAR,DRY,False,COLLISION WITH FIXED OBJECT IN INTERSECTION - FIRST EVENT COLLISION 09 - 32,SINGLE VEHICLE,CURVE & LEVEL,DARK (UNKNOWN ROADWAY LIGHTING),,,10/7/2019 7:53:51 AM,False,7450,Accepted,
25876499,0568000,LOUISVILLE METRO POLICE DEPT,Accepted,JEFFERSON,KY1065,,OUTER,LOOP,,I 0065,I65 N EXIT127 OFF RAMP TO KY1065,,,,,38.136658934,-85.702311022,5.175,10/2/2019 12:00:00 AM,1843,2,2,0,0,CLEAR,DRY,False,ANGLE COLLISION - OTHER,ANGLE,CURVE & HILLCREST,DAYLIGHT,,,11/4/2019 9:53:39 AM,False,7269,Accepted,
25724017,0568000,LOUISVILLE METRO POLICE DEPT,Accepted,JEFFERSON,,,AFTERGLOW,DR,,KY1065,OUTER,,,,,38.127026775,-85.790401294,0.005,10/2/2019 12:00:00 AM,1539,2,2,0,0,CLEAR,DRY,False,ANGLE COLLISION - OTHER,ANGLE,STRAIGHT & LEVEL,DAYLIGHT,,,10/3/2019 8:09:23 AM,False,7373,Accepted,
25724041,0568000,LOUISVILLE METRO POLICE DEPT,Accepted,JEFFERSON,US0150,,BROADWAY,,W,,4TH,,,,,38.246122637,-85.758383512,2.379,10/2/2019 12:00:00 AM,1600,2,2,0,4,CLEAR,DRY,False,ANGLE COLLISION - OTHER,ANGLE,STRAIGHT & LEVEL,DAYLIGHT,,,10/3/2019 8:11:59 AM,False,7345,Accepted,
25724042,0568000,LOUISVILLE METRO POLICE DEPT,Accepted,JEFFERSON,US0060A,,LEXINGTON,RD,,,COCHRAN HILL,,,,,38.245132759,-85.693508085,8.455,10/2/2019 12:00:00 AM,1255,2,2,0,0,CLEAR,DRY,False,ANGLE COLLISION - OTHER,ANGLE,STRAIGHT & HILLCREST,DAYLIGHT,,,10/3/2019 8:12:07 AM,False,2413,Accepted,
25724061,0568000,LOUISVILLE METRO POLICE DEPT,Accepted,JEFFERSON,,,SADDLECREEK,DR,,KY0146,LA GRANGE,,,,,38.296250476,-85.506625390,,10/2/2019 12:00:00 AM,2100,2,2,0,0,CLEAR,DRY,False,VEHICLE BACKING IN INTERSECTION,BACKING,STRAIGHT & LEVEL,DARK-HWY LIGHTED/ON,,,10/3/2019 8:14:59 AM,False,2013,Accepted,
25771961,0568000,LOUISVILLE METRO POLICE DEPT,Accepted,JEFFERSON,,,36TH,ST,N,,DUNCAN,,,,,38.264986485,-85.809321501,0.177,10/2/2019 12:00:00 AM,1233,2,2,0,1,CLEAR,DRY,False,OPPOSITE DIRECTION - BOTH VEHICLES GOING STRAIGHT AHEAD,SIDESWIPE-OPPOSITE DIRECTION,STRAIGHT & LEVEL,DAYLIGHT,,,10/14/2019 9:00:42 AM,False,5113,Accepted,
25788000,0568000,LOUISVILLE METRO POLICE DEPT,Accepted,JEFFERSON,,,MURPHY,LN,,,HALIFAX,,,,,38.310151586,-85.538462317,0.610,10/2/2019 12:00:00 AM,1300,2,2,0,0,CLEAR,DRY,False,OPPOSITE DIRECTION - BOTH VEHICLES GOING STRAIGHT AHEAD,SIDESWIPE-OPPOSITE DIRECTION,STRAIGHT & LEVEL,DAYLIGHT,,,10/17/2019 8:48:13 AM,False,7631,Accepted,
25723981,0568000,LOUISVILLE METRO POLICE DEPT,Accepted,JEFFERSON,KY0155,,TAYLORSVILLE,RD,,,FURMAN,,,,,38.221170868,-85.646309179,14.443,10/2/2019 12:00:00 AM,0854,2,2,0,0,CLEAR,DRY,False,REAR END - ONE VEHICLE TURNING LEFT,REAR END,STRAIGHT & LEVEL,DAYLIGHT,,,10/3/2019 8:06:46 AM,False,7284,Accepted,
25724078,0568000,LOUISVILLE METRO POLICE DEPT,Accepted,JEFFERSON,KY0061,,PRESTON,HWY,,,INDUSTRIAL,,,,,38.152666168,-85.694690278,5.017,10/2/2019 12:00:00 AM,2145,2,2,0,0,CLEAR,DRY,False,REAR END - ONE VEHICLE TURNING RIGHT,REAR END,STRAIGHT & LEVEL,DARK-HWY LIGHTED/ON,,,10/3/2019 8:17:38 AM,False,7016,Accepted,
25724040,0568000,LOUISVILLE METRO POLICE DEPT,Accepted,JEFFERSON,KY0061,,PRESTON,HWY,,,OAKLAWN,,,,,38.148796287,-85.692504279,4.730,10/2/2019 12:00:00 AM,1444,2,2,0,2,CLEAR,DRY,False,ANGLE COLLISION - OTHER,ANGLE,STRAIGHT & LEVEL,DAYLIGHT,,,10/3/2019 8:11:50 AM,False,7442,Accepted,
25730039,0568000,LOUISVILLE METRO POLICE DEPT,Accepted,JEFFERSON,,,CHEROKEE,RD,,,LONGEST,,,,,38.236137534,-85.714115099,0.877,10/2/2019 12:00:00 AM,1255,2,2,0,0,CLEAR,DRY,False,ANGLE COLLISION - OTHER,ANGLE,STRAIGHT & LEVEL,DAYLIGHT,,,10/4/2019 8:19:15 AM,False,2228,Accepted,
25730198,0568000,LOUISVILLE METRO POLICE DEPT,Accepted,JEFFERSON,KY1020,,2ND,ST,S,,ST CATHERINE,,,,,38.237051599,-85.756593422,11.507,10/2/2019 12:00:00 AM,1905,2,2,0,0,CLEAR,DRY,False,ANGLE COLLISION - OTHER,ANGLE,STRAIGHT & LEVEL,DAYLIGHT,,,10/4/2019 8:34:42 AM,False,5111,Accepted,
25730072,0568000,LOUISVILLE METRO POLICE DEPT,Accepted,JEFFERSON,KY1230,,CANE RUN,RD,,,JAN PLACE,,,,,38.168471126,-85.892355108,6.244,10/2/2019 12:00:00 AM,1834,2,2,0,0,CLEAR,DRY,False,ANGLE COLLISION - OTHER,ANGLE,STRAIGHT & LEVEL,DAYLIGHT,,,10/4/2019 8:27:00 AM,False,5170,Accepted,
25724053,0568000,LOUISVILLE METRO POLICE DEPT,Accepted,JEFFERSON,KY0907,,SOUTHSIDE,DR,,KY1865,NEW CUT,,,,,38.146194659,-85.775087656,6.338,10/2/2019 12:00:00 AM,1759,2,2,0,1,CLEAR,DRY,False,ANGLE COLLISION - OTHER,ANGLE,STRAIGHT & LEVEL,DAYLIGHT,,,10/3/2019 8:13:17 AM,False,7424,Accepted,
25724054,0568000,LOUISVILLE METRO POLICE DEPT,Accepted,JEFFERSON,,,DUNCAN,ST,,,34TH,,,,,38.264834287,-85.806357643,1.435,10/2/2019 12:00:00 AM,1750,2,2,0,1,CLEAR,DRY,False,ANGLE COLLISION - OTHER,ANGLE,STRAIGHT & LEVEL,DAYLIGHT,,,10/3/2019 8:13:23 AM,False,5260,Accepted,
25724026,0568000,LOUISVILLE METRO POLICE DEPT,Accepted,JEFFERSON,,,CARLISLE,AVE,,KY1865,TAYLOR,,,,,38.194164085,-85.783101296,0.496,10/2/2019 12:00:00 AM,1440,2,2,0,0,CLEAR,DRY,False,ANGLE COLLISION - OTHER,ANGLE,STRAIGHT & LEVEL,DAYLIGHT,,,10/3/2019 8:10:30 AM,False,5273,Accepted,
25724043,0568000,LOUISVILLE METRO POLICE DEPT,Accepted,JEFFERSON,,,MAGNOLIA,AVE,E,,FLOYD,,,,,38.228233649,-85.752709001,0.001,10/2/2019 12:00:00 AM,1214,2,2,0,0,CLEAR,DRY,False,ANGLE COLLISION - OTHER,ANGLE,STRAIGHT & LEVEL,DAYLIGHT,,,10/3/2019 8:12:16 AM,False,7334,Accepted,
25724069,0568000,LOUISVILLE METRO POLICE DEPT,Accepted,JEFFERSON,,,OMAR KHAYYAM,BLVD,,,COUNT FLEET,,,,,38.114820593,-85.872442587,0.504,10/2/2019 12:00:00 AM,2239,2,2,0,2,CLEAR,DRY,False,ANGLE COLLISION - OTHER,ANGLE,STRAIGHT & LEVEL,DARK-HWY LIGHTED/OFF,,,10/3/2019 8:16:49 AM,False,7264,Accepted,
25724009,0568000,LOUISVILLE METRO POLICE DEPT,Accepted,JEFFERSON,KY1230,,CANE RUN,RD,,KY1931,GREENWOOD,,,,,38.147540086,-85.896187244,4.825,10/2/2019 12:00:00 AM,1145,2,2,0,0,CLEAR,DRY,False,ANGLE COLLISION - OTHER,ANGLE,STRAIGHT & LEVEL,DAYLIGHT,,,10/3/2019 8:08:45 AM,False,6326,Accepted,
25724018,0568000,LOUISVILLE METRO POLICE DEPT,Accepted,JEFFERSON,US0031W,,MAIN,ST,W,,6TH,,,,,38.257054599,-85.759896615,21.744,10/2/2019 12:00:00 AM,1430,2,2,0,0,CLEAR,DRY,False,ANGLE COLLISION - OTHER,ANGLE,STRAIGHT & LEVEL,DAYLIGHT,,,10/3/2019 8:09:32 AM,False,2406,Accepted,
25724089,0568000,LOUISVILLE METRO POLICE DEPT,Accepted,JEFFERSON,KY1727,,TERRY,RD,,,LOWER HUNTERS,,,,,38.164787025,-85.865526418,3.026,10/2/2019 12:00:00 AM,1700,2,2,0,0,CLEAR,DRY,False,OTHER INTERSECTION COLLISIONS,REAR END,STRAIGHT & LEVEL,DAYLIGHT,,,10/3/2019 8:18:25 AM,False,7224,Accepted,
25718934,0568000,LOUISVILLE METRO POLICE DEPT,Accepted,JEFFERSON,,,TRADE PORT,DR,,KY1934,GREENBELT,,,,,38.125458227,-85.892975862,0.270,10/2/2019 12:00:00 AM,0225,2,2,0,0,CLEAR,DRY,False,OTHER INTERSECTION COLLISIONS,REAR END,STRAIGHT & LEVEL,DARK-HWY LIGHTED/ON,,,10/2/2019 8:41:25 AM,False,5048,Accepted,
25724073,0568000,LOUISVILLE METRO POLICE DEPT,Accepted,JEFFERSON,,2200,GREEN,ALY,,,,,,,,38.256463132,-85.786966839,0.362,10/2/2019 12:00:00 AM,2255,2,2,0,1,CLEAR,DRY,False,1 VEHICLE PARKED POSITION (NOT PARKING LOT/DRIVEWAY),REAR END,STRAIGHT & LEVEL,DARK-HWY LIGHTED/ON,,,10/3/2019 8:17:02 AM,False,7417,Accepted,
25724059,0568000,LOUISVILLE METRO POLICE DEPT,Accepted,JEFFERSON,,7100,CEDAR SPRINGS,BLVD,,,,,,,,38.143585970,-85.585209435,0.053,10/2/2019 12:00:00 AM,2002,1,1,0,0,CLEAR,DRY,False,COLLISION WITH FIXED OBJECT NON - INTERSECTION - FIRST EVENT COLLISION 09 - 32 EXCLUDING 16,SINGLE VEHICLE,STRAIGHT & LEVEL,DARK-HWY LIGHTED/ON,,,10/3/2019 8:14:10 AM,False,5141,Accepted,
25718963,0568000,LOUISVILLE METRO POLICE DEPT,Accepted,JEFFERSON,KY2053,,THIXTON,LN,,,,KY1116,ZONETON,,TRACY,38.078920849,-85.611075032,3.558,10/2/2019 12:00:00 AM,0635,1,1,0,0,CLEAR,DRY,False,COLLISION WITH ANIMAL NON INTERSECTION,SINGLE VEHICLE,STRAIGHT & LEVEL,DARK-HWY NOT LIGHTED,,,10/2/2019 8:43:31 AM,False,6028,Accepted,
25771836,0568000,LOUISVILLE METRO POLICE DEPT,Accepted,JEFFERSON,I 0064,,I64 E,,,,,,,,,38.227725237,-85.592768727,14.234,10/2/2019 12:00:00 AM,0640,2,2,0,0,BLOWING SAND/SOIL/DIRT/SNOW,DRY,False,OCCUPANT FELL FROM MOVING VEHICLE,SIDESWIPE-SAME DIRECTION,STRAIGHT & LEVEL,DARK-HWY NOT LIGHTED,,,10/14/2019 8:55:09 AM,False,7772,Accepted,
25730027,0568000,LOUISVILLE METRO POLICE DEPT,Accepted,JEFFERSON,I 0065,,,,,I 0065,I65 W EXIT12 RAMP TO I65 S,,,,,38.191145284,-85.724656714,0.336,10/2/2019 12:00:00 AM,1059,2,2,0,0,CLEAR,DRY,False,OTHER INTERSECTION COLLISIONS,REAR END,STRAIGHT & LEVEL,DAYLIGHT,,,10/4/2019 8:15:36 AM,False,2142,Accepted,
25724021,0568000,LOUISVILLE METRO POLICE DEPT,Accepted,JEFFERSON,KY0061,,PRESTON,HWY,,,GRADE,,,,,38.180250514,-85.718630413,7.367,10/2/2019 12:00:00 AM,1552,2,2,0,0,CLEAR,DRY,False,OTHER INTERSECTION COLLISIONS,REAR END,STRAIGHT & LEVEL,DAYLIGHT,,,10/3/2019 8:09:57 AM,False,2796,Accepted,
25723994,0568000,LOUISVILLE METRO POLICE DEPT,Accepted,JEFFERSON,,,OAK,ST,W,KY1020,2ND,,,,,38.234731064,-85.756949537,0.088,10/2/2019 12:00:00 AM,1100,2,2,0,0,CLEAR,DRY,False,OTHER INTERSECTION COLLISIONS,REAR END,STRAIGHT & LEVEL,DAYLIGHT,,,10/3/2019 8:07:24 AM,False,7296,Accepted,
25723984,0568000,LOUISVILLE METRO POLICE DEPT,Accepted,JEFFERSON,,,LONSDALE,AVE,,,BLUEGRASS,,,,,38.179425462,-85.786427069,0.002,10/2/2019 12:00:00 AM,0842,2,2,0,0,CLEAR,DRY,False,OTHER INTERSECTION COLLISIONS,REAR END,STRAIGHT & LEVEL,DAYLIGHT,,,10/3/2019 8:06:58 AM,False,5274,Accepted,
25746706,0568000,LOUISVILLE METRO POLICE DEPT,Accepted,JEFFERSON,I 0264,,I264 W,,,I 0264,I264 W EXIT14 ON RAMP FROM KY864 N,,,,,38.193599700,-85.711021411,13.145,10/2/2019 12:00:00 AM,0726,2,2,0,0,CLEAR,DRY,False,OTHER INTERSECTION COLLISIONS,REAR END,STRAIGHT & LEVEL,DAYLIGHT,,,10/8/2019 12:22:08 PM,False,7720,Accepted,
25724027,0568000,LOUISVILLE METRO POLICE DEPT,Accepted,JEFFERSON,KY1447,,WESTPORT,RD,,KY1747,HURSTBOURNE,,,,,38.287731265,-85.572071340,5.254,10/2/2019 12:00:00 AM,1644,2,2,0,0,CLEAR,DRY,False,SIDESWIPE-SAME DIRECTION,SIDESWIPE-SAME DIRECTION,STRAIGHT & LEVEL,DAYLIGHT,,,10/3/2019 8:10:38 AM,False,7313,Accepted,
25723992,0568000,LOUISVILLE METRO POLICE DEPT,Accepted,JEFFERSON,KY0864,,POPLAR LEVEL,RD,,I 0264,I264 W EXIT14 OFF RAMP TO KY864 N,,,,,38.196420651,-85.707778552,11.395,10/2/2019 12:00:00 AM,0701,2,2,0,0,CLEAR,DRY,False,SIDESWIPE-SAME DIRECTION,SIDESWIPE-SAME DIRECTION,STRAIGHT & LEVEL,DAYLIGHT,,,10/3/2019 8:07:20 AM,False,7473,Accepted,
25724019,0568000,LOUISVILLE METRO POLICE DEPT,Accepted,JEFFERSON,US0060A,,LEXINGTON,RD,,KY2048,CANNONS,,,,,38.249582660,-85.667009866,9.964,10/2/2019 12:00:00 AM,1553,2,2,0,0,CLEAR,DRY,False,SIDESWIPE-SAME DIRECTION,SIDESWIPE-SAME DIRECTION,STRAIGHT & LEVEL,DAYLIGHT,,,10/3/2019 8:09:39 AM,False,7281,Accepted,
25724057,0568000,LOUISVILLE METRO POLICE DEPT,Accepted,JEFFERSON,KY1747,,HURSTBOURNE,PKWY,S,KY6159,BLUEGRASS PKWY ACCESS,,,,,38.220183133,-85.581454817,11.634,10/2/2019 12:00:00 AM,1714,2,2,0,0,CLEAR,DRY,False,SIDESWIPE-SAME DIRECTION,SIDESWIPE-SAME DIRECTION,STRAIGHT & LEVEL,DAYLIGHT,,,10/3/2019 8:13:53 AM,False,7864,Accepted,
25723997,0568000,LOUISVILLE METRO POLICE DEPT,Accepted,JEFFERSON,KY1865,,TAYLOR,BLVD,,,BROOKLINE,,,,,38.175127620,-85.782600456,4.712,10/2/2019 12:00:00 AM,0954,2,2,0,0,CLEAR,DRY,True,SIDESWIPE-SAME DIRECTION,SIDESWIPE-SAME DIRECTION,STRAIGHT & LEVEL,DAYLIGHT,,,10/3/2019 8:07:34 AM,False,5274,Accepted,
25730031,0568000,LOUISVILLE METRO POLICE DEPT,Accepted,JEFFERSON,I 0264,,I264 W,,,,,,,,,38.225181626,-85.643107617,17.473,10/2/2019 12:00:00 AM,1623,2,2,0,0,CLEAR,DRY,False,SIDESWIPE COLLISION - SAME DIRECTION,SIDESWIPE-SAME DIRECTION,STRAIGHT & LEVEL,DAYLIGHT,,,10/4/2019 8:16:30 AM,False,7944,Accepted,