IncidentID,AgencyORI,AgencyName,IncidentStatusDesc,County,RdwyNumber,Street,RoadwayName,StreetSfx,StreetDir,IntersectionRdwy,IntersectionRdwyName,BetweenStRdwy1,BetweenStRdwyName1,BetweenStRdwy2,BetweenStRdwyName2,Latitude,Longitude,Milepoint,CollisionDate,CollisionTime,UnitsInvolved,MotorVehiclesInvolved,NumberKilled,NumberInjured,Weather,RdwyConditionCode,HitandRun,DirAnalysisCode,MannerofCollision,RdwyCharacter,LightCondition,RampFromRdwyId,RampToRdwyId,AcceptedDate,IsSecondaryCollision,OwnerBadge,IncidentStatus,
25814432,0568000,LOUISVILLE METRO POLICE DEPT,Accepted,JEFFERSON,I 0264,,I264 W,,,,,,,,,38.236308916,-85.624214454,18.782,10/2/2019 12:00:00 AM,1102,2,2,0,0,CLEAR,DRY,True,SIDESWIPE COLLISION - SAME DIRECTION,SIDESWIPE-SAME DIRECTION,STRAIGHT & LEVEL,DAYLIGHT,,,10/23/2019 8:28:03 AM,False,7764,Accepted,
25746555,0568000,LOUISVILLE METRO POLICE DEPT,Accepted,JEFFERSON,I 0264,,I264 W,,,,,,,,,38.218131202,-85.658327054,16.522,10/2/2019 12:00:00 AM,1540,2,2,0,0,CLEAR,DRY,False,SIDESWIPE COLLISION - SAME DIRECTION,SIDESWIPE-SAME DIRECTION,STRAIGHT & LEVEL,DAYLIGHT,,,10/8/2019 12:13:27 PM,False,7628,Accepted,
25730074,0568000,LOUISVILLE METRO POLICE DEPT,Accepted,JEFFERSON,US0031W,,DIXIE,HWY,,,KINGSFORD,,,,,38.172953925,-85.824897926,13.689,10/2/2019 12:00:00 AM,2041,3,3,0,2,CLEAR,DRY,False,HEAD-ON COLLISION,HEAD ON,STRAIGHT & LEVEL,DARK-HWY LIGHTED/ON,,,10/4/2019 8:27:27 AM,True,5170,Accepted,
25739681,0568000,LOUISVILLE METRO POLICE DEPT,Accepted,JEFFERSON,I 0064,,I64 E,,,,,,,,,38.227915432,-85.593357447,14.200,10/2/2019 12:00:00 AM,0640,2,2,0,1,CLOUDY,DRY,False,REAR END IN TRAFFIC LANES BOTH VEHICLES MOVING,REAR END,STRAIGHT & LEVEL,DARK (UNKNOWN ROADWAY LIGHTING),,,10/7/2019 7:47:25 AM,False,4656,Accepted,
27099248,0568000,LOUISVILLE METRO POLICE DEPT,Accepted,JEFFERSON,I 0064,,I64 E,,,,,I 0064,I64 E EXIT15 OFF RAMP TO KY1747,I 0064,I64 E EXIT19 RAMP TO I64 E,38.228159913,-85.594164119,14.154,10/2/2019 12:00:00 AM,0640,2,2,0,0,CLOUDY,DRY,True,REAR END IN TRAFFIC LANES BOTH VEHICLES MOVING,REAR END,STRAIGHT & GRADE,DARK-HWY LIGHTED/ON,,,8/19/2020 8:44:20 AM,False,2000,Accepted,
25771887,0568000,LOUISVILLE METRO POLICE DEPT,Accepted,JEFFERSON,,,HILL,ST,W,,,,15TH,,13TH,38.227825087,-85.778817169,1.201,10/2/2019 12:00:00 AM,1720,2,2,0,0,CLEAR,DRY,False,REAR END IN TRAFFIC LANES BOTH VEHICLES MOVING,REAR END,STRAIGHT & GRADE,DAYLIGHT,,,10/14/2019 8:57:16 AM,False,7363,Accepted,
25724015,0568000,LOUISVILLE METRO POLICE DEPT,Accepted,JEFFERSON,KY0864,,FEGENBUSH,LN,,,,,,,,38.153357404,-85.633221161,5.898,10/2/2019 12:00:00 AM,1440,1,1,0,0,CLEAR,DRY,False,OTHER COLLISIONS ON SHOULDER,SINGLE VEHICLE,CURVE & GRADE,DAYLIGHT,,,10/3/2019 8:09:15 AM,False,5259,Accepted,
28256019,0568000,LOUISVILLE METRO POLICE DEPT,Accepted,JEFFERSON,I 0264,,I264 W,,,,,,,,,38.195523501,-85.707853150,13.362,10/2/2019 12:00:00 AM,0747,3,3,0,0,CLEAR,DRY,False,REAR END IN TRAFFIC LANES BOTH VEHICLES MOVING,REAR END,STRAIGHT & LEVEL,DAYLIGHT,,,6/15/2021 8:39:44 AM,False,7720,Accepted,
25724098,0568000,LOUISVILLE METRO POLICE DEPT,Accepted,JEFFERSON,,636,BARRET,AVE,,,,,,,,38.245877092,-85.732244728,0.175,10/2/2019 12:00:00 AM,2112,2,2,0,0,CLEAR,DRY,False,REAR END IN TRAFFIC LANES BOTH VEHICLES MOVING,REAR END,STRAIGHT & LEVEL,DARK-HWY LIGHTED/ON,,,10/3/2019 8:19:18 AM,False,5152,Accepted,
25724058,0568000,LOUISVILLE METRO POLICE DEPT,Accepted,JEFFERSON,,,JEFFERSON,ST,E,,,,,,,38.253193016,-85.751179688,1.003,10/2/2019 12:00:00 AM,1453,2,2,0,0,CLEAR,DRY,False,REAR END IN TRAFFIC LANES BOTH VEHICLES MOVING,REAR END,STRAIGHT & LEVEL,DAYLIGHT,,,10/3/2019 8:14:02 AM,False,7239,Accepted,
25724038,0568000,LOUISVILLE METRO POLICE DEPT,Accepted,JEFFERSON,I 0264,,I264 E,,,,,,,,,38.231120885,-85.630898956,18.266,10/2/2019 12:00:00 AM,1623,2,2,0,0,CLEAR,DRY,False,REAR END IN TRAFFIC LANES BOTH VEHICLES MOVING,REAR END,STRAIGHT & LEVEL,DAYLIGHT,,,10/3/2019 8:11:36 AM,False,6813,Accepted,
25724039,0568000,LOUISVILLE METRO POLICE DEPT,Accepted,JEFFERSON,I 0065,121,I65 S,,,,,,,,,38.090565983,-85.701207600,123.472,10/2/2019 12:00:00 AM,1718,2,2,0,0,CLEAR,DRY,False,REAR END IN TRAFFIC LANES BOTH VEHICLES MOVING,REAR END,STRAIGHT & LEVEL,DAYLIGHT,,,10/3/2019 8:11:41 AM,False,7799,Accepted,
25724048,0568000,LOUISVILLE METRO POLICE DEPT,Accepted,JEFFERSON,KY0061,,PRESTON,HWY,,,,,,,,38.114439028,-85.676278557,2.166,10/2/2019 12:00:00 AM,1423,2,2,0,0,CLEAR,DRY,False,REAR END IN TRAFFIC LANES BOTH VEHICLES MOVING,REAR END,STRAIGHT & LEVEL,DAYLIGHT,,,10/3/2019 8:12:53 AM,False,4693,Accepted,
25724055,0568000,LOUISVILLE METRO POLICE DEPT,Accepted,JEFFERSON,I 0265,,I265 N,,,,,I 0265,I265 N EXIT33 OFF RAMP TO KY1447,I 0265,I265 N EXIT33 ON RAMP FROM KY1447,38.297749582,-85.548549472,32.546,10/2/2019 12:00:00 AM,0925,2,2,0,0,CLEAR,DRY,False,REAR END IN TRAFFIC LANES BOTH VEHICLES MOVING,REAR END,STRAIGHT & LEVEL,DAYLIGHT,,,10/3/2019 8:13:33 AM,False,7765,Accepted,
25724022,0568000,LOUISVILLE METRO POLICE DEPT,Accepted,JEFFERSON,KY1703,,NEWBURG,RD,,,,,TREVILIAN,,FOREST HILL,38.213168464,-85.700362721,3.298,10/2/2019 12:00:00 AM,1548,3,3,0,0,CLEAR,DRY,False,REAR END IN TRAFFIC LANES BOTH VEHICLES MOVING,REAR END,STRAIGHT & GRADE,DAYLIGHT,,,10/3/2019 8:10:07 AM,False,2100,Accepted,
25730030,0568000,LOUISVILLE METRO POLICE DEPT,Accepted,JEFFERSON,I 0264,,I264 E,,,,,,,,,38.285818776,-85.642839337,22.645,10/2/2019 12:00:00 AM,1617,2,2,0,0,CLEAR,DRY,False,REAR END IN TRAFFIC LANES BOTH VEHICLES MOVING,REAR END,STRAIGHT & LEVEL,DAYLIGHT,,,10/4/2019 8:16:07 AM,False,7944,Accepted,
25723975,0568000,LOUISVILLE METRO POLICE DEPT,Accepted,JEFFERSON,I 0264,,I264 W,,,,,,,,,38.205470284,-85.680742857,15.020,10/2/2019 12:00:00 AM,0739,2,2,0,0,CLEAR,DRY,False,REAR END IN TRAFFIC LANES BOTH VEHICLES MOVING,REAR END,STRAIGHT & LEVEL,DAYLIGHT,,,10/3/2019 8:06:11 AM,False,7284,Accepted,
25746556,0568000,LOUISVILLE METRO POLICE DEPT,Accepted,JEFFERSON,I 0064,,I64 E,,,,,,,,,38.241677105,-85.682964389,9.153,10/2/2019 12:00:00 AM,1615,2,2,0,0,CLEAR,DRY,False,REAR END IN TRAFFIC LANES BOTH VEHICLES MOVING,REAR END,STRAIGHT & LEVEL,DAYLIGHT,,,10/8/2019 12:13:37 PM,False,7628,Accepted,
25723978,0568000,LOUISVILLE METRO POLICE DEPT,Accepted,JEFFERSON,I 0064,,I64 E EXIT12 TRANSIT,,,,,,,,,38.236989648,-85.619789923,0.137,10/2/2019 12:00:00 AM,0728,4,4,0,0,CLEAR,DRY,False,REAR END IN TRAFFIC LANES BOTH VEHICLES MOVING,REAR END,CURVE & HILLCREST,DAYLIGHT,,,10/3/2019 8:06:30 AM,False,6314,Accepted,
25718965,0568000,LOUISVILLE METRO POLICE DEPT,Accepted,JEFFERSON,I 0065,,I65 N,,,,,,,,,38.237439950,-85.752657334,134.683,10/2/2019 12:00:00 AM,0701,2,2,0,0,CLEAR,DRY,False,REAR END IN TRAFFIC LANES BOTH VEHICLES MOVING,REAR END,STRAIGHT & LEVEL,DAWN,,,10/2/2019 8:43:37 AM,False,4903,Accepted,
25724012,0568000,LOUISVILLE METRO POLICE DEPT,Accepted,JEFFERSON,US0031E,,BARDSTOWN,RD,,,,,,,,38.205662852,-85.666587492,11.562,10/2/2019 12:00:00 AM,1544,2,2,0,0,CLEAR,DRY,False,REAR END IN TRAFFIC LANES BOTH VEHICLES MOVING,REAR END,STRAIGHT & LEVEL,DAYLIGHT,,,10/3/2019 8:09:03 AM,False,7864,Accepted,
25724036,0568000,LOUISVILLE METRO POLICE DEPT,Accepted,JEFFERSON,I 0264,,I264 E,,,,,,,,,38.229381530,-85.634103485,18.055,10/2/2019 12:00:00 AM,0730,2,2,0,0,CLEAR,DRY,False,REAR END IN TRAFFIC LANES BOTH VEHICLES MOVING,REAR END,STRAIGHT & LEVEL,DAYLIGHT,,,10/3/2019 8:11:22 AM,False,6813,Accepted,
25724037,0568000,LOUISVILLE METRO POLICE DEPT,Accepted,JEFFERSON,I 0264,,I264 E,,,,,,,,,38.204136967,-85.682719336,14.879,10/2/2019 12:00:00 AM,0855,2,2,0,0,CLEAR,DRY,True,REAR END IN TRAFFIC LANES BOTH VEHICLES MOVING,REAR END,STRAIGHT & LEVEL,DAYLIGHT,,,10/3/2019 8:11:28 AM,False,6813,Accepted,
25730028,0568000,LOUISVILLE METRO POLICE DEPT,Accepted,JEFFERSON,I 0264,,I264 W,,,,,,,,,38.221668558,-85.650831058,17.000,10/2/2019 12:00:00 AM,1713,2,2,0,0,CLEAR,DRY,False,REAR END IN TRAFFIC LANES BOTH VEHICLES MOVING,REAR END,STRAIGHT & LEVEL,DAYLIGHT,,,10/4/2019 8:15:42 AM,False,2142,Accepted,
25723980,0568000,LOUISVILLE METRO POLICE DEPT,Accepted,JEFFERSON,,,GRAY,ST,E,,,,BROOK,,FLOYD,38.246858896,-85.750775498,0.130,10/2/2019 12:00:00 AM,0840,2,2,0,0,CLEAR,DRY,False,1 VEHICLE PARKED POSITION (NOT PARKING LOT/DRIVEWAY),BACKING,STRAIGHT & LEVEL,DAYLIGHT,,,10/3/2019 8:06:41 AM,False,2406,Accepted,
25771611,0568000,LOUISVILLE METRO POLICE DEPT,Accepted,JEFFERSON,,,1ST,ST,S,,,,,,,38.184078820,-85.762396097,3.662,10/2/2019 12:00:00 AM,0951,2,2,0,0,CLEAR,DRY,True,1 VEHICLE PARKED POSITION (NOT PARKING LOT/DRIVEWAY),SIDESWIPE-SAME DIRECTION,STRAIGHT & LEVEL,DAYLIGHT,,,10/14/2019 8:35:59 AM,False,7286,Accepted,
25746521,0568000,LOUISVILLE METRO POLICE DEPT,Accepted,JEFFERSON,,,WASHINGTON,ST,E,,,,1ST,,BROOK,38.256626335,-85.750708221,0.041,10/2/2019 12:00:00 AM,1642,2,2,0,0,CLEAR,DRY,False,1 VEHICLE PARKED POSITION (NOT PARKING LOT/DRIVEWAY),SIDESWIPE-SAME DIRECTION,STRAIGHT & LEVEL,DAYLIGHT,,,10/8/2019 12:08:52 PM,False,2764,Accepted,
25730036,0568000,LOUISVILLE METRO POLICE DEPT,Accepted,JEFFERSON,,3726,GREENWICH,RD,,,,,,,,38.207467484,-85.643613072,0.104,10/2/2019 12:00:00 AM,1425,2,2,0,0,CLEAR,DRY,False,1 VEHICLE PARKED POSITION (NOT PARKING LOT/DRIVEWAY),BACKING,STRAIGHT & LEVEL,DAYLIGHT,,,10/4/2019 8:18:01 AM,False,2429,Accepted,
25723983,0568000,LOUISVILLE METRO POLICE DEPT,Accepted,JEFFERSON,KY0864,,BEULAH CHURCH,RD,,,,KY0864,FEGENBUSH,,DELCOUR,38.135788432,-85.613595493,4.125,10/2/2019 12:00:00 AM,0940,3,3,0,0,CLEAR,DRY,False,1 VEHICLE ENTERING/LEAVING ENTRANCE,ANGLE,STRAIGHT & HILLCREST,DAYLIGHT,,,10/3/2019 8:06:53 AM,False,6878,Accepted,
25724014,0568000,LOUISVILLE METRO POLICE DEPT,Accepted,JEFFERSON,,,RUSTLING TREE,WAY,,,,,WOODED CREEK,,WOODED CREEK,38.166104468,-85.591719392,0.084,10/2/2019 12:00:00 AM,1507,2,2,0,0,CLEAR,DRY,False,1 VEHICLE ENTERING/LEAVING ENTRANCE,ANGLE,STRAIGHT & LEVEL,DAYLIGHT,,,10/3/2019 8:09:08 AM,False,5284,Accepted,
25724016,0568000,LOUISVILLE METRO POLICE DEPT,Accepted,JEFFERSON,,1313,WOODCHESTER,WAY,,,,,,,,38.123039731,-85.742310390,0.041,10/2/2019 12:00:00 AM,1448,2,2,0,0,CLEAR,DRY,False,1 VEHICLE ENTERING/LEAVING ENTRANCE,ANGLE,STRAIGHT & LEVEL,DAYLIGHT,,,10/3/2019 8:09:19 AM,False,7263,Accepted,
25724051,0568000,LOUISVILLE METRO POLICE DEPT,Accepted,JEFFERSON,I 0065,,I65 S,,,,,,,,,38.162843312,-85.720954814,128.668,10/2/2019 12:00:00 AM,1641,2,2,0,0,CLEAR,DRY,False,SIDESWIPE COLLISION - SAME DIRECTION,SIDESWIPE-SAME DIRECTION,STRAIGHT & LEVEL,DAYLIGHT,,,10/3/2019 8:13:00 AM,False,4693,Accepted,
25724010,0568000,LOUISVILLE METRO POLICE DEPT,Accepted,JEFFERSON,US0031W,,DIXIE,HWY,,,,,CRAWFORD,,WELLS,38.149252070,-85.837478123,12.030,10/2/2019 12:00:00 AM,1400,2,2,0,0,CLEAR,DRY,False,SIDESWIPE COLLISION - SAME DIRECTION,SIDESWIPE-SAME DIRECTION,STRAIGHT & LEVEL,DAYLIGHT,,,10/3/2019 8:08:50 AM,False,6326,Accepted,
25722455,0560300,ST. MATTHEWS POLICE DEPARTMENT,Accepted,JEFFERSON,I 0264,,I264 E,,,,,,,,,38.258721958,-85.622847931,20.431,10/2/2019 12:00:00 AM,1720,2,2,0,0,CLEAR,DRY,True,SIDESWIPE COLLISION - SAME DIRECTION,SIDESWIPE-SAME DIRECTION,STRAIGHT & LEVEL,DAYLIGHT,,,10/2/2019 10:20:31 PM,False,9172,Accepted,
25723979,0568000,LOUISVILLE METRO POLICE DEPT,Accepted,JEFFERSON,,7120,ORCHARD LAKE,BLVD,,,,,,,,38.190476652,-85.623421133,0.143,10/2/2019 12:00:00 AM,0923,2,2,0,0,CLEAR,DRY,False,SIDESWIPE COLLISION - SAME DIRECTION,SIDESWIPE-SAME DIRECTION,STRAIGHT & LEVEL,DAYLIGHT,,,10/3/2019 8:06:36 AM,False,7307,Accepted,
25724020,0568000,LOUISVILLE METRO POLICE DEPT,Accepted,JEFFERSON,US0031E,1400,BARDSTOWN,RD,,,,,EDENSIDE,US0060A,EASTERN,38.232348819,-85.709995882,14.673,10/2/2019 12:00:00 AM,1629,2,2,0,0,CLEAR,DRY,False,1 VEHICLE ENTERING/LEAVING ENTRANCE,ANGLE,STRAIGHT & LEVEL,DAYLIGHT,,,10/3/2019 8:09:47 AM,False,7900,Accepted,
25730040,0568000,LOUISVILLE METRO POLICE DEPT,Accepted,JEFFERSON,US0031E,,BARDSTOWN,RD,,,,KY2860,GRINSTEAD,,ELLWOOD,38.238062320,-85.720340246,15.380,10/2/2019 12:00:00 AM,1619,2,2,0,0,CLEAR,DRY,False,1 VEHICLE ENTERING/LEAVING ENTRANCE,ANGLE,STRAIGHT & LEVEL,DAYLIGHT,,,10/4/2019 8:19:46 AM,False,2228,Accepted,
25724025,0568000,LOUISVILLE METRO POLICE DEPT,Accepted,JEFFERSON,US0031W,,DIXIE,HWY,,,,,,,,38.166946844,-85.829256794,13.183,10/2/2019 12:00:00 AM,1349,2,2,0,2,CLEAR,DRY,False,1 VEHICLE ENTERING/LEAVING ENTRANCE,ANGLE,STRAIGHT & LEVEL,DAYLIGHT,,,10/3/2019 8:10:24 AM,False,7234,Accepted,
25723977,0568000,LOUISVILLE METRO POLICE DEPT,Accepted,JEFFERSON,KY2052,,SHEPHERDSVILLE,RD,,,,,PATTIE,,BRISCOE,38.142196445,-85.659014229,0.232,10/2/2019 12:00:00 AM,0712,4,4,0,0,CLEAR,DRY,False,OTHER ROADWAY OR MID-BLOCK COLLISION,REAR END,STRAIGHT & LEVEL,DAWN,,,10/3/2019 8:06:23 AM,False,2017,Accepted,
25793164,0568000,LOUISVILLE METRO POLICE DEPT,Accepted,JEFFERSON,I 0265,,I265 N,,,,,,,,,38.304385075,-85.560190019,33.329,10/2/2019 12:00:00 AM,0900,2,2,0,0,CLEAR,DRY,False,OTHER ROADWAY OR MID-BLOCK COLLISION,REAR END,STRAIGHT & LEVEL,DAYLIGHT,,,10/18/2019 8:28:48 AM,False,7631,Accepted,
25724032,0568000,LOUISVILLE METRO POLICE DEPT,Accepted,JEFFERSON,I 0064,,I64 W,,,,,,,,,38.233003573,-85.608572860,13.128,10/2/2019 12:00:00 AM,1102,1,1,0,0,CLEAR,DRY,False,OTHER ROADWAY OR MID-BLOCK COLLISION,SINGLE VEHICLE,STRAIGHT & LEVEL,DAYLIGHT,,,10/3/2019 8:10:51 AM,False,5109,Accepted,
25724056,0568000,LOUISVILLE METRO POLICE DEPT,Accepted,JEFFERSON,KY0022,,BROWNSBORO,RD,,,,,BROWNSBORO GLEN,,CHAMBERLAIN,38.312949313,-85.567272974,4.462,10/2/2019 12:00:00 AM,1655,2,2,0,0,CLEAR,DRY,True,OTHER ROADWAY OR MID-BLOCK COLLISION,REAR END,STRAIGHT & GRADE,DAYLIGHT,,,10/3/2019 8:13:46 AM,False,7765,Accepted,
25724052,0568000,LOUISVILLE METRO POLICE DEPT,Accepted,JEFFERSON,KY2052,,SHEPHERDSVILLE,RD,,,,,ACAPOLCA,,YE OLD POST,38.152879292,-85.659745780,0.983,10/2/2019 12:00:00 AM,1751,4,4,0,0,CLEAR,DRY,False,OTHER ROADWAY OR MID-BLOCK COLLISION,REAR END,STRAIGHT & LEVEL,DUSK,,,10/3/2019 8:13:09 AM,False,5259,Accepted,
25724035,0568000,LOUISVILLE METRO POLICE DEPT,Accepted,JEFFERSON,US0031E,,BARDSTOWN,RD,,,,,,,,38.145026481,-85.584968237,5.201,10/2/2019 12:00:00 AM,1500,2,2,0,0,CLEAR,DRY,False,OTHER ROADWAY OR MID-BLOCK COLLISION,REAR END,STRAIGHT & LEVEL,DAYLIGHT,,,10/3/2019 8:11:13 AM,False,5268,Accepted,
25724029,0568000,LOUISVILLE METRO POLICE DEPT,Accepted,JEFFERSON,I 0064,,I64 E,,,,,,,,,38.231448032,-85.604327439,13.573,10/2/2019 12:00:00 AM,0756,2,2,0,0,CLEAR,DRY,False,OTHER ROADWAY OR MID-BLOCK COLLISION,REAR TO REAR,STRAIGHT & LEVEL,DAYLIGHT,,,10/3/2019 8:10:43 AM,False,5109,Accepted,
25771637,0568000,LOUISVILLE METRO POLICE DEPT,Accepted,JEFFERSON,,,JOHNSONTOWN,RD,,,,,,,,38.121227686,-85.856244142,0.030,10/2/2019 12:00:00 AM,1719,2,2,0,0,CLEAR,DRY,False,OTHER ROADWAY OR MID-BLOCK COLLISION,OPPOSING LEFT TURN,CURVE & LEVEL,DAYLIGHT,,,10/14/2019 8:38:55 AM,False,7841,Accepted,
25739657,0568000,LOUISVILLE METRO POLICE DEPT,Accepted,JEFFERSON,I 0064,,,,,,,,,,,38.258692794,-85.765791815,0.095,10/2/2019 12:00:00 AM,0659,2,2,0,0,CLEAR,DRY,True,OTHER RAMP RELATED COLLISIONS NOT LISTED ABOVE,REAR END,CURVE & GRADE,DAYLIGHT,I 0064,US31W,10/7/2019 7:45:01 AM,False,5251,Accepted,
25718667,0568000,LOUISVILLE METRO POLICE DEPT,Accepted,JEFFERSON,I 0065,,,,,,,,,,,38.130486372,-85.702894464,0.010,10/1/2019 12:00:00 AM,0730,1,1,0,1,CLEAR,DRY,False,COLLISION WITH FIXED OBJECT NOT IN GORE ,SINGLE VEHICLE,CURVE & LEVEL,DAWN,I 0065,KY1065,10/2/2019 8:24:13 AM,False,7772,Accepted,
25718905,0568000,LOUISVILLE METRO POLICE DEPT,Accepted,JEFFERSON,I 0265,,,,,,,,,,,38.284524660,-85.511993060,0.215,10/1/2019 12:00:00 AM,1707,1,1,0,1,CLEAR,DRY,False,OTHER RAMP RELATED COLLISIONS NOT LISTED ABOVE,SINGLE VEHICLE,CURVE & HILLCREST,DAYLIGHT,KY0146,I 0265,10/2/2019 8:37:46 AM,False,7956,Accepted,
25718686,0568000,LOUISVILLE METRO POLICE DEPT,Accepted,JEFFERSON,I 0064,,,,,,,,,,,38.258871377,-85.723951293,0.080,10/1/2019 12:00:00 AM,1445,2,2,0,0,CLEAR,DRY,False,OTHER RAMP RELATED COLLISIONS NOT LISTED ABOVE,REAR END,CURVE & GRADE,DAYLIGHT,I 0064,STORY AVE,10/2/2019 8:28:29 AM,False,2855,Accepted,
25718725,0568000,LOUISVILLE METRO POLICE DEPT,Accepted,JEFFERSON,US0060,,SHELBYVILLE,RD,,,,,CHRISTIAN,,ARTERBURN,38.249231836,-85.610846034,6.053,10/1/2019 12:00:00 AM,1710,2,2,0,0,CLEAR,DRY,False,OTHER ROADWAY OR MID-BLOCK COLLISION,OPPOSING LEFT TURN,STRAIGHT & LEVEL,DAYLIGHT,,,10/2/2019 8:32:12 AM,False,6406,Accepted,
25718935,0568000,LOUISVILLE METRO POLICE DEPT,Accepted,JEFFERSON,KY1020,,SOUTHSIDE,DR,,,,,,,,38.171091366,-85.764704692,6.972,10/1/2019 12:00:00 AM,2045,2,1,0,1,CLEAR,DRY,True,OTHER ROADWAY OR MID-BLOCK COLLISION,SINGLE VEHICLE,STRAIGHT & LEVEL,DARK-HWY LIGHTED/ON,,,10/2/2019 8:41:34 AM,False,5136,Accepted,
25718690,0568000,LOUISVILLE METRO POLICE DEPT,Accepted,JEFFERSON,KY0022,,BROWNSBORO,RD,,,,,LIME KILN,,THORNHILL,38.285616416,-85.624908274,0.636,10/1/2019 12:00:00 AM,0949,2,1,0,1,CLEAR,DRY,False,OTHER ROADWAY OR MID-BLOCK COLLISION,SINGLE VEHICLE,STRAIGHT & LEVEL,DAYLIGHT,,,10/2/2019 8:29:04 AM,False,6929,Accepted,
25713167,0568000,LOUISVILLE METRO POLICE DEPT,Accepted,JEFFERSON,I 0265,,I265 W,,,,,,,,,38.112314909,-85.690517628,10.876,10/1/2019 12:00:00 AM,0711,2,2,0,0,CLEAR,DRY,False,OTHER ROADWAY OR MID-BLOCK COLLISION,REAR END,STRAIGHT & LEVEL,DAYLIGHT,,,10/1/2019 8:35:23 AM,False,4903,Accepted,
25718671,0568000,LOUISVILLE METRO POLICE DEPT,Accepted,JEFFERSON,,,COOPER CHAPEL,RD,,,,,CHARLESWOOD,,CHAPEL HILL,38.103531801,-85.664650320,0.432,10/1/2019 12:00:00 AM,0703,2,2,0,5,CLEAR,DRY,False,OTHER ROADWAY OR MID-BLOCK COLLISION,REAR END,STRAIGHT & LEVEL,DAWN,,,10/2/2019 8:24:59 AM,False,2017,Accepted,
25718679,0568000,LOUISVILLE METRO POLICE DEPT,Accepted,JEFFERSON,US0060A,,EASTERN,PKWY,,,,,BARRET,,ROYAL,38.226532751,-85.720173605,6.092,10/1/2019 12:00:00 AM,1245,2,2,0,0,CLEAR,DRY,False,OTHER ROADWAY OR MID-BLOCK COLLISION,OPPOSING LEFT TURN,CURVE & LEVEL,DAYLIGHT,,,10/2/2019 8:27:33 AM,False,5289,Accepted,
25718712,0568000,LOUISVILLE METRO POLICE DEPT,Accepted,JEFFERSON,US0031E,,BARDSTOWN,RD,,,,,GRINSTEAD,,ELLWOOD,38.238419109,-85.721045662,15.420,10/1/2019 12:00:00 AM,1701,2,2,0,0,CLEAR,DRY,False,OTHER ROADWAY OR MID-BLOCK COLLISION,OPPOSING LEFT TURN,STRAIGHT & LEVEL,DAYLIGHT,,,10/2/2019 8:31:41 AM,False,5289,Accepted,
25825340,0568000,LOUISVILLE METRO POLICE DEPT,Accepted,JEFFERSON,I 0264,,I264 W,,,,,,,,,38.214170444,-85.665954806,16.026,10/1/2019 12:00:00 AM,1702,2,1,0,0,CLEAR,DRY,False,1 VEHICLE ENTERING/LEAVING ENTRANCE,ANGLE,STRAIGHT & GRADE,DAYLIGHT,,,10/25/2019 11:10:33 AM,False,8278,Accepted,
25724046,0568000,LOUISVILLE METRO POLICE DEPT,Accepted,JEFFERSON,KY0864,,BEULAH CHURCH,RD,,,,,,,,38.136070564,-85.613571104,4.144,10/1/2019 12:00:00 AM,1723,2,2,0,0,CLEAR,DRY,False,1 VEHICLE ENTERING/LEAVING ENTRANCE,ANGLE,STRAIGHT & LEVEL,DAYLIGHT,,,10/3/2019 8:12:38 AM,False,4693,Accepted,
25739544,0568000,LOUISVILLE METRO POLICE DEPT,Accepted,JEFFERSON,KY0864,,FEGENBUSH,LN,,,,,ARTHUR GOINS,,WATTERSON,38.138828601,-85.615991437,4.417,10/1/2019 12:00:00 AM,1500,2,2,0,0,CLEAR,DRY,False,1 VEHICLE ENTERING/LEAVING ENTRANCE,ANGLE,STRAIGHT & LEVEL,DAYLIGHT,,,10/7/2019 7:38:37 AM,False,7289,Accepted,
25739522,0568000,LOUISVILLE METRO POLICE DEPT,Accepted,JEFFERSON,KY1631,2700,CRITTENDEN,DR,,,,,,,,38.205340396,-85.750806392,1.200,10/1/2019 12:00:00 AM,1532,2,2,0,0,CLEAR,DRY,False,1 VEHICLE ENTERING/LEAVING ENTRANCE,ANGLE,STRAIGHT & LEVEL,DAYLIGHT,,,10/7/2019 7:36:30 AM,False,5204,Accepted,
25739627,0568000,LOUISVILLE METRO POLICE DEPT,Accepted,JEFFERSON,KY0061,,PRESTON,HWY,,,,,OLD FERN VALLEY,KY1747,FERN VALLEY,38.155302659,-85.696024619,5.224,10/1/2019 12:00:00 AM,1823,2,2,0,0,CLEAR,DRY,False,1 VEHICLE ENTERING/LEAVING ENTRANCE,ANGLE,STRAIGHT & LEVEL,DAYLIGHT,,,10/7/2019 7:43:09 AM,False,6360,Accepted,
25718678,0568000,LOUISVILLE METRO POLICE DEPT,Accepted,JEFFERSON,,,RIVER,RD,,,,,,,,38.268487532,-85.715253156,1.858,10/1/2019 12:00:00 AM,0910,2,2,0,0,CLEAR,DRY,False,1 VEHICLE ENTERING/LEAVING ENTRANCE,ANGLE,STRAIGHT & LEVEL,DAYLIGHT,,,10/2/2019 8:27:17 AM,False,5293,Accepted,
25718888,0568000,LOUISVILLE METRO POLICE DEPT,Accepted,JEFFERSON,,4000,BUECHEL BANK,RD,,,,,,,,38.178099508,-85.651615479,1.144,10/1/2019 12:00:00 AM,1708,2,2,0,0,CLEAR,DRY,False,1 VEHICLE ENTERING/LEAVING ENTRANCE,ANGLE,STRAIGHT & LEVEL,DAYLIGHT,,,10/2/2019 8:36:48 AM,False,7294,Accepted,