IncidentID,AgencyORI,AgencyName,IncidentStatusDesc,County,RdwyNumber,Street,RoadwayName,StreetSfx,StreetDir,IntersectionRdwy,IntersectionRdwyName,BetweenStRdwy1,BetweenStRdwyName1,BetweenStRdwy2,BetweenStRdwyName2,Latitude,Longitude,Milepoint,CollisionDate,CollisionTime,UnitsInvolved,MotorVehiclesInvolved,NumberKilled,NumberInjured,Weather,RdwyConditionCode,HitandRun,DirAnalysisCode,MannerofCollision,RdwyCharacter,LightCondition,RampFromRdwyId,RampToRdwyId,AcceptedDate,IsSecondaryCollision,OwnerBadge,IncidentStatus,
25739529,0568000,LOUISVILLE METRO POLICE DEPT,Accepted,JEFFERSON,I 0264,,I264 E,,,,,,,,,38.201952927,-85.688828783,14.511,10/1/2019 12:00:00 AM,1746,2,2,0,0,CLEAR,DRY,False,SIDESWIPE COLLISION - SAME DIRECTION,SIDESWIPE-SAME DIRECTION,STRAIGHT & LEVEL,DAYLIGHT,,,10/7/2019 7:36:58 AM,False,5285,Accepted,
25730026,0568000,LOUISVILLE METRO POLICE DEPT,Accepted,JEFFERSON,I 0265,,I265 W,,,,,,,,,38.111599445,-85.687760138,11.034,10/1/2019 12:00:00 AM,1800,2,2,0,0,CLEAR,DRY,False,SIDESWIPE COLLISION - SAME DIRECTION,SIDESWIPE-SAME DIRECTION,STRAIGHT & LEVEL,DAYLIGHT,,,10/4/2019 8:15:10 AM,False,2142,Accepted,
25718665,0568000,LOUISVILLE METRO POLICE DEPT,Accepted,JEFFERSON,I 0264,,I264 E,,,,,I 0264,I264 E EXIT11 OFF RAMP,I 0264,I264 E EXIT10 ON RAMP FROM KY1020,38.190142333,-85.756391044,10.614,10/1/2019 12:00:00 AM,0825,2,2,0,0,CLEAR,DRY,True,SIDESWIPE COLLISION - SAME DIRECTION,SIDESWIPE-SAME DIRECTION,STRAIGHT & HILLCREST,DAYLIGHT,,,10/2/2019 8:23:29 AM,False,7830,Accepted,
25713150,0568000,LOUISVILLE METRO POLICE DEPT,Accepted,JEFFERSON,KY1747,,FERN VALLEY,RD,,,,,,,,38.158754496,-85.644065078,4.885,10/1/2019 12:00:00 AM,0529,2,2,0,0,CLEAR,DRY,False,SIDESWIPE COLLISION - SAME DIRECTION,SIDESWIPE-SAME DIRECTION,STRAIGHT & LEVEL,DAWN,,,10/1/2019 8:32:26 AM,False,7449,Accepted,
25718697,0568000,LOUISVILLE METRO POLICE DEPT,Accepted,JEFFERSON,KY1865,,NEW CUT,RD,,,,,,,,38.150238583,-85.776356562,2.973,10/1/2019 12:00:00 AM,1616,2,2,0,0,CLEAR,DRY,False,SIDESWIPE COLLISION - SAME DIRECTION,SIDESWIPE-SAME DIRECTION,STRAIGHT & LEVEL,DAYLIGHT,,,10/2/2019 8:30:42 AM,False,7234,Accepted,
25718726,0568000,LOUISVILLE METRO POLICE DEPT,Accepted,JEFFERSON,US0031W,,22ND,ST,S,,,,,,,38.253891635,-85.787384794,19.883,10/1/2019 12:00:00 AM,1630,2,2,0,0,CLEAR,DRY,True,1 VEHICLE ENTERING/LEAVING ENTRANCE,ANGLE,STRAIGHT & LEVEL,DAYLIGHT,,,10/2/2019 8:32:21 AM,False,7288,Accepted,
25718734,0568000,LOUISVILLE METRO POLICE DEPT,Accepted,JEFFERSON,,,NORTON HEALTHCARE,BLVD,,,,,,,,38.312642662,-85.572568815,0.181,10/1/2019 12:00:00 AM,1338,2,2,0,1,CLEAR,DRY,False,1 VEHICLE ENTERING/LEAVING ENTRANCE,ANGLE,STRAIGHT & LEVEL,DAYLIGHT,,,10/2/2019 8:33:41 AM,False,7142,Accepted,
25718728,0568000,LOUISVILLE METRO POLICE DEPT,Accepted,JEFFERSON,,1548,CATALPA,ST,,,,,,,,38.229436384,-85.802650500,0.608,10/1/2019 12:00:00 AM,1321,2,2,0,0,CLEAR,DRY,False,SIDESWIPE COLLISION - OPPOSITE DIRECTION,SIDESWIPE-OPPOSITE DIRECTION,STRAIGHT & LEVEL,DAYLIGHT,,,10/2/2019 8:32:38 AM,False,7656,Accepted,
25718913,0568000,LOUISVILLE METRO POLICE DEPT,Accepted,JEFFERSON,,2420,BOULEVARD NAPOLEON,,,,,,,,,38.220583797,-85.693682609,0.425,10/1/2019 12:00:00 AM,1008,2,2,0,0,CLEAR,DRY,False,1 VEHICLE PARKED POSITION (NOT PARKING LOT/DRIVEWAY),SIDESWIPE-SAME DIRECTION,STRAIGHT & LEVEL,DAYLIGHT,,,10/2/2019 8:38:32 AM,False,7960,Accepted,
25718923,0568000,LOUISVILLE METRO POLICE DEPT,Accepted,JEFFERSON,,,APPLEGATE,LN,,,,,,,,38.133462773,-85.648164518,0.602,10/1/2019 12:00:00 AM,1900,2,2,0,0,CLEAR,DRY,False,REAR END IN TRAFFIC LANES BOTH VEHICLES MOVING,REAR END,STRAIGHT & LEVEL,DARK (UNKNOWN ROADWAY LIGHTING),,,10/2/2019 8:40:46 AM,False,5248,Accepted,
25718880,0568000,LOUISVILLE METRO POLICE DEPT,Accepted,JEFFERSON,KY2052,,SHEPHERDSVILLE,RD,,,,,ARMSMERE,,MANSFIELD,38.175881571,-85.659396362,2.573,10/1/2019 12:00:00 AM,1620,2,2,0,0,CLEAR,DRY,False,REAR END IN TRAFFIC LANES BOTH VEHICLES MOVING,REAR END,STRAIGHT & LEVEL,DAYLIGHT,,,10/2/2019 8:35:31 AM,False,5203,Accepted,
25718947,0568000,LOUISVILLE METRO POLICE DEPT,Accepted,JEFFERSON,KY0864,,POPLAR LEVEL,RD,,,,,,,,38.195605080,-85.707918849,11.306,10/1/2019 12:00:00 AM,1930,2,2,0,1,CLEAR,DRY,False,REAR END IN TRAFFIC LANES BOTH VEHICLES MOVING,REAR END,CURVE & LEVEL,DAYLIGHT,,,10/2/2019 8:41:54 AM,False,5149,Accepted,
25718703,0568000,LOUISVILLE METRO POLICE DEPT,Accepted,JEFFERSON,US0031E,,BARDSTOWN,RD,,,,,,,,38.155457192,-85.589947122,5.955,10/1/2019 12:00:00 AM,0806,2,2,0,0,CLEAR,DRY,True,REAR END IN TRAFFIC LANES BOTH VEHICLES MOVING,REAR END,STRAIGHT & LEVEL,DAYLIGHT,,,10/2/2019 8:31:21 AM,False,4693,Accepted,
25718871,0568000,LOUISVILLE METRO POLICE DEPT,Accepted,JEFFERSON,KY1934,,CANE RUN,RD,,,,,TRAPPERS,,FARNSLEY,38.203286680,-85.832237979,9.575,10/1/2019 12:00:00 AM,1634,3,3,0,0,CLEAR,DRY,False,REAR END IN TRAFFIC LANES BOTH VEHICLES MOVING,REAR END,STRAIGHT & LEVEL,DAYLIGHT,,,10/2/2019 8:34:19 AM,False,7381,Accepted,
25739528,0568000,LOUISVILLE METRO POLICE DEPT,Accepted,JEFFERSON,KY1703,,NEWBURG,RD,,,,,,,,38.202142945,-85.689223746,2.303,10/1/2019 12:00:00 AM,1315,2,2,0,0,CLEAR,DRY,False,REAR END IN TRAFFIC LANES BOTH VEHICLES MOVING,REAR END,STRAIGHT & LEVEL,DAYLIGHT,,,10/7/2019 7:36:52 AM,False,5285,Accepted,
25718973,0568000,LOUISVILLE METRO POLICE DEPT,Accepted,JEFFERSON,,,ZORN,AVE,,,,,,,,38.276296967,-85.698273162,0.013,10/1/2019 12:00:00 AM,0854,2,2,0,0,CLEAR,DRY,False,REAR END IN TRAFFIC LANES BOTH VEHICLES MOVING,REAR END,CURVE & LEVEL,DAYLIGHT,,,10/2/2019 8:45:22 AM,False,7833,Accepted,
25756393,0568000,LOUISVILLE METRO POLICE DEPT,Accepted,JEFFERSON,I 0264,,I264 E,,,,,,,,,38.190088388,-85.758123145,10.520,10/1/2019 12:00:00 AM,1519,2,2,0,0,CLEAR,DRY,True,REAR END IN TRAFFIC LANES BOTH VEHICLES MOVING,REAR END,STRAIGHT & GRADE,DAYLIGHT,,,10/10/2019 9:56:28 AM,False,8278,Accepted,
25718960,0568000,LOUISVILLE METRO POLICE DEPT,Accepted,JEFFERSON,I 0065,,I65 S,,,,,,,,,38.252318077,-85.746510856,135.887,10/1/2019 12:00:00 AM,0727,3,3,0,0,CLEAR,DRY,False,REAR END IN TRAFFIC LANES BOTH VEHICLES MOVING,REAR END,STRAIGHT & LEVEL,DAWN,,,10/2/2019 8:42:57 AM,False,7325,Accepted,
25718694,0568000,LOUISVILLE METRO POLICE DEPT,Accepted,JEFFERSON,I 0264,,I264 E,,,,,I 0264,I264 E EXIT17 ON RAMP FROM KY155,I 0264,I264 E EXIT18 OFF RAMP TO KY1932,38.224695404,-85.643700788,17.440,10/1/2019 12:00:00 AM,1622,2,2,0,0,CLEAR,DRY,False,REAR END IN TRAFFIC LANES BOTH VEHICLES MOVING,REAR END,STRAIGHT & LEVEL,DAYLIGHT,,,10/2/2019 8:30:03 AM,False,7448,Accepted,
25814549,0568000,LOUISVILLE METRO POLICE DEPT,Accepted,JEFFERSON,I 0264,,I264 W,,,,,,,,,38.214194461,-85.665872226,16.030,10/1/2019 12:00:00 AM,1702,2,2,0,0,CLEAR,DRY,False,REAR END IN TRAFFIC LANES BOTH VEHICLES MOVING,REAR END,STRAIGHT & GRADE,DAYLIGHT,,,10/23/2019 8:41:59 AM,False,8278,Accepted,
25718700,0568000,LOUISVILLE METRO POLICE DEPT,Accepted,JEFFERSON,,1800,OAK,ST,W,,,,,,,38.237406476,-85.786525552,1.708,10/1/2019 12:00:00 AM,1623,2,2,0,0,CLEAR,DRY,False,REAR END IN TRAFFIC LANES BOTH VEHICLES MOVING,REAR END,STRAIGHT & LEVEL,DAYLIGHT,,,10/2/2019 8:31:13 AM,False,5243,Accepted,
25718724,0568000,LOUISVILLE METRO POLICE DEPT,Accepted,JEFFERSON,,,WINTER,AVE,,,,,BARRET,,EDWARD,38.235775641,-85.727557066,0.285,10/1/2019 12:00:00 AM,1556,2,2,0,0,CLEAR,DRY,False,REAR END IN TRAFFIC LANES BOTH VEHICLES MOVING,REAR END,STRAIGHT & LEVEL,DAYLIGHT,,,10/2/2019 8:32:01 AM,False,7129,Accepted,
25739598,0568000,LOUISVILLE METRO POLICE DEPT,Accepted,JEFFERSON,,11900BLK,STANDIFORD PLAZA,DR,,,,,,,,38.087928412,-85.666149941,0.355,10/1/2019 12:00:00 AM,1134,2,2,0,0,CLEAR,DRY,False,REAR END IN TRAFFIC LANES BOTH VEHICLES MOVING,REAR END,STRAIGHT & GRADE,DAYLIGHT,,,10/7/2019 7:41:15 AM,False,5261,Accepted,
25718931,0568000,LOUISVILLE METRO POLICE DEPT,Accepted,JEFFERSON,KY2055,404,MT HOLLY,RD,,,,,,,,38.105093254,-85.758864409,1.360,10/1/2019 12:00:00 AM,2230,1,1,0,1,CLEAR,DRY,False,OTHER COLLISIONS ON SHOULDER,SINGLE VEHICLE,STRAIGHT & LEVEL,DARK-HWY LIGHTED/ON,,,10/2/2019 8:41:17 AM,False,5209,Accepted,
25718884,0568000,LOUISVILLE METRO POLICE DEPT,Accepted,JEFFERSON,I 0264,,I264 W,,,,,,,,,38.188841740,-85.783687320,9.212,10/1/2019 12:00:00 AM,1615,2,2,0,0,CLEAR,DRY,True,SIDESWIPE COLLISION - SAME DIRECTION,SIDESWIPE-SAME DIRECTION,STRAIGHT & LEVEL,DAYLIGHT,,,10/2/2019 8:36:14 AM,False,7944,Accepted,
25718885,0568000,LOUISVILLE METRO POLICE DEPT,Accepted,JEFFERSON,KY0061,,JACKSON,ST,S,,,,ST CATHERINE,,OAK,38.235209983,-85.747315146,11.606,10/1/2019 12:00:00 AM,1701,2,2,0,0,CLEAR,DRY,False,SIDESWIPE COLLISION - SAME DIRECTION,SIDESWIPE-SAME DIRECTION,STRAIGHT & LEVEL,DAYLIGHT,,,10/2/2019 8:36:31 AM,False,7322,Accepted,
25718685,0568000,LOUISVILLE METRO POLICE DEPT,Accepted,JEFFERSON,,,7TH,ST,S,,MAGNOLIA,,,,,38.229642825,-85.767551722,0.871,10/1/2019 12:00:00 AM,1134,2,2,0,0,CLEAR,DRY,False,SIDESWIPE-SAME DIRECTION,SIDESWIPE-SAME DIRECTION,STRAIGHT & GRADE,DAYLIGHT,,,10/2/2019 8:28:18 AM,False,7745,Accepted,
25718941,0568000,LOUISVILLE METRO POLICE DEPT,Accepted,JEFFERSON,KY0061,,PRESTON,HWY,,,INDIAN,,,,,38.168693370,-85.706558829,6.335,10/1/2019 12:00:00 AM,2150,2,2,0,0,CLEAR,DRY,False,SIDESWIPE-SAME DIRECTION,SIDESWIPE-SAME DIRECTION,STRAIGHT & LEVEL,DARK-HWY LIGHTED/ON,,,10/2/2019 8:41:44 AM,False,5165,Accepted,
25739625,0568000,LOUISVILLE METRO POLICE DEPT,Accepted,JEFFERSON,KY1865,,TAYLOR,BLVD,,,WALTER,,,,,38.175975055,-85.782633477,4.755,10/1/2019 12:00:00 AM,1425,2,2,0,0,CLEAR,DRY,True,SIDESWIPE-SAME DIRECTION,SIDESWIPE-SAME DIRECTION,STRAIGHT & LEVEL,DAYLIGHT,,,10/7/2019 7:43:01 AM,False,5232,Accepted,
25761704,0568000,LOUISVILLE METRO POLICE DEPT,Accepted,JEFFERSON,KY2054,,ALGONQUIN,PKWY,,,BEECH,,,,,38.224084473,-85.805231896,0.951,10/1/2019 12:00:00 AM,1630,2,2,0,2,CLEAR,DRY,False,SIDESWIPE-SAME DIRECTION,SIDESWIPE-SAME DIRECTION,STRAIGHT & LEVEL,DAYLIGHT,,,10/11/2019 10:11:02 AM,False,2569,Accepted,
25761840,0568000,LOUISVILLE METRO POLICE DEPT,Accepted,JEFFERSON,,,FLOYD,ST,S,,MUHAMMAD ALI,,,,,38.250204299,-85.748841596,0.382,10/1/2019 12:00:00 AM,1447,2,2,0,0,CLEAR,DRY,False,SIDESWIPE-SAME DIRECTION,SIDESWIPE-SAME DIRECTION,STRAIGHT & GRADE,DAYLIGHT,,,10/11/2019 10:20:28 AM,False,2661,Accepted,
25718731,0568000,LOUISVILLE METRO POLICE DEPT,Accepted,JEFFERSON,KY3084,,OLD HENRY,RD,,,BUSH FARM,,,,,38.274090189,-85.490492802,1.806,10/1/2019 12:00:00 AM,1749,2,2,0,0,CLEAR,DRY,False,SIDESWIPE-SAME DIRECTION,SIDESWIPE-SAME DIRECTION,STRAIGHT & LEVEL,DAYLIGHT,,,10/2/2019 8:33:10 AM,False,6334,Accepted,
25718680,0568000,LOUISVILLE METRO POLICE DEPT,Accepted,JEFFERSON,US0031W,,DIXIE,HWY,,,WELLS,,,,,38.147693220,-85.837928506,11.937,10/1/2019 12:00:00 AM,1140,2,2,0,0,CLEAR,DRY,False,SIDESWIPE-SAME DIRECTION,SIDESWIPE-SAME DIRECTION,STRAIGHT & LEVEL,DAYLIGHT,,,10/2/2019 8:27:44 AM,False,6326,Accepted,
25746707,0568000,LOUISVILLE METRO POLICE DEPT,Accepted,JEFFERSON,I 0265,,I265 W,,,I 0265,I265 W EXIT14 OFF RAMP TO  COOPER CHAPEL RD,,,,,38.119196544,-85.638163893,13.825,10/1/2019 12:00:00 AM,0719,2,2,0,0,CLEAR,DRY,False,OTHER INTERSECTION COLLISIONS,REAR END,STRAIGHT & LEVEL,DARK-HWY LIGHTED/ON,,,10/8/2019 12:22:43 PM,False,7720,Accepted,
25739628,0568000,LOUISVILLE METRO POLICE DEPT,Accepted,JEFFERSON,,,JEFFERSON,BLVD,,KY1065,OUTER,,,,,38.138176858,-85.675273674,0.021,10/1/2019 12:00:00 AM,2107,2,2,0,2,CLEAR,DRY,True,OTHER INTERSECTION COLLISIONS,REAR END,STRAIGHT & LEVEL,DARK-HWY LIGHTED/ON,,,10/7/2019 7:43:13 AM,False,6360,Accepted,
25718974,0568000,LOUISVILLE METRO POLICE DEPT,Accepted,JEFFERSON,KY1865,,NEW CUT,RD,,KY1065,OUTER,,,,,38.126543369,-85.776113459,1.275,10/1/2019 12:00:00 AM,1140,2,2,0,0,CLEAR,DRY,False,OTHER INTERSECTION COLLISIONS,REAR END,STRAIGHT & LEVEL,DAYLIGHT,,,10/2/2019 8:45:34 AM,False,7080,Accepted,
25718689,0568000,LOUISVILLE METRO POLICE DEPT,Accepted,JEFFERSON,US0031E,,BARDSTOWN,RD,,,DEER PARK,,,,,38.228927790,-85.701803982,14.174,10/1/2019 12:00:00 AM,1612,2,2,0,0,CLEAR,DRY,False,OTHER INTERSECTION COLLISIONS,REAR END,STRAIGHT & LEVEL,DAYLIGHT,,,10/2/2019 8:28:55 AM,False,7570,Accepted,
25718879,0568000,LOUISVILLE METRO POLICE DEPT,Accepted,JEFFERSON,,,FURMAN,BLVD,,,KINGS,,,,,38.220017306,-85.646427393,0.076,10/1/2019 12:00:00 AM,0824,2,2,0,0,CLEAR,DRY,False,OTHER INTERSECTION COLLISIONS,REAR END,STRAIGHT & LEVEL,DAYLIGHT,,,10/2/2019 8:35:15 AM,False,5203,Accepted,
25718887,0568000,LOUISVILLE METRO POLICE DEPT,Accepted,JEFFERSON,US0031E,,BARDSTOWN,RD,,KY1065,BEULAH CHURCH,,,,,38.149981147,-85.587269985,5.558,10/1/2019 12:00:00 AM,1819,2,2,0,0,CLEAR,DRY,False,OTHER INTERSECTION COLLISIONS,REAR END,STRAIGHT & GRADE,DAYLIGHT,,,10/2/2019 8:36:38 AM,False,5005,Accepted,
25718895,0568000,LOUISVILLE METRO POLICE DEPT,Accepted,JEFFERSON,I 0265,,I265 S,,,I 0064,I265 S EXIT25B RAMP TO I64 W,,,,,38.227223530,-85.505334900,25.757,10/1/2019 12:00:00 AM,0745,2,2,0,0,CLEAR,DRY,False,OTHER INTERSECTION COLLISIONS,REAR END,STRAIGHT & LEVEL,DAYLIGHT,,,10/2/2019 8:37:05 AM,False,7956,Accepted,
25739798,0568000,LOUISVILLE METRO POLICE DEPT,Accepted,JEFFERSON,US0060,,SHELBYVILLE,RD,,,WILDWOOD,,,,,38.246106744,-85.573041243,8.070,10/1/2019 12:00:00 AM,0844,2,2,0,0,CLEAR,DRY,False,OTHER INTERSECTION COLLISIONS,REAR END,STRAIGHT & LEVEL,DAYLIGHT,,,10/7/2019 7:55:25 AM,False,7858,Accepted,
25718687,0568000,LOUISVILLE METRO POLICE DEPT,Accepted,JEFFERSON,KY3077,,RIVER,RD,,,6TH,,,,,38.258813892,-85.759506005,0.102,10/1/2019 12:00:00 AM,0750,2,2,0,0,CLEAR,DRY,False,OTHER INTERSECTION COLLISIONS,REAR END,STRAIGHT & LEVEL,DAYLIGHT,,,10/2/2019 8:28:37 AM,False,2406,Accepted,
25718688,0568000,LOUISVILLE METRO POLICE DEPT,Accepted,JEFFERSON,KY0146,,LA GRANGE,RD,,,SADDLECREEK,,,,,38.296197040,-85.506668308,8.187,10/1/2019 12:00:00 AM,1519,3,3,0,0,CLEAR,DRY,False,OTHER INTERSECTION COLLISIONS,REAR END,STRAIGHT & LEVEL,DAYLIGHT,,,10/2/2019 8:28:44 AM,False,6953,Accepted,
25730203,0568000,LOUISVILLE METRO POLICE DEPT,Accepted,JEFFERSON,KY1020,1218,2ND,ST,S,,,,ORMSBY,,OAK,38.233727897,-85.757182145,11.281,10/1/2019 12:00:00 AM,0922,2,1,0,1,CLEAR,DRY,False,COLLISION WITH BICYCLIST NON INTERSECTION,SINGLE VEHICLE,STRAIGHT & LEVEL,DAYLIGHT,,,10/4/2019 8:36:18 AM,False,5279,Accepted,
25718898,0568000,LOUISVILLE METRO POLICE DEPT,Accepted,JEFFERSON,I 0064,,I64 E,,,,,,,,,38.223151227,-85.523588312,18.005,10/1/2019 12:00:00 AM,1114,1,1,0,0,CLEAR,DRY,False,COLLISION WITH FIXED OBJECT NON - INTERSECTION - FIRST EVENT COLLISION 09 - 32 EXCLUDING 16,SINGLE VEHICLE,STRAIGHT & LEVEL,DAYLIGHT,,,10/2/2019 8:37:15 AM,False,7956,Accepted,
25718911,0568000,LOUISVILLE METRO POLICE DEPT,Accepted,JEFFERSON,,732,HAZEL,ST,,,,,,,,38.247394810,-85.804615242,0.164,10/1/2019 12:00:00 AM,0948,2,2,0,0,CLEAR,DRY,False,1 VEHICLE PARKED POSITION (NOT PARKING LOT/DRIVEWAY),SIDESWIPE-OPPOSITE DIRECTION,STRAIGHT & LEVEL,DAYLIGHT,,,10/2/2019 8:38:05 AM,False,5179,Accepted,
25718958,0568000,LOUISVILLE METRO POLICE DEPT,Accepted,JEFFERSON,,3529,MUHAMMAD ALI,BLVD,W,,,,,,,38.256958105,-85.810106044,3.163,10/1/2019 12:00:00 AM,2001,2,2,0,1,CLEAR,DRY,False,1 VEHICLE PARKED POSITION (NOT PARKING LOT/DRIVEWAY),SIDESWIPE-SAME DIRECTION,STRAIGHT & LEVEL,DARK-HWY LIGHTED/ON,,,10/2/2019 8:42:28 AM,False,7481,Accepted,
25777561,0568000,LOUISVILLE METRO POLICE DEPT,Accepted,JEFFERSON,,5103,REGENT,WAY,,,,,,,,38.174897905,-85.663246453,0.225,10/1/2019 12:00:00 AM,1551,2,2,0,0,CLEAR,DRY,False,1 VEHICLE PARKED POSITION (NOT PARKING LOT/DRIVEWAY),REAR END,STRAIGHT & LEVEL,DAYLIGHT,,,10/15/2019 8:29:53 AM,False,7121,Accepted,
25718918,0568000,LOUISVILLE METRO POLICE DEPT,Accepted,JEFFERSON,,,PAGES,LN,W,US0031W,DIXIE,,,,,38.130202065,-85.847898715,0.003,10/1/2019 12:00:00 AM,2113,2,2,0,0,CLEAR,DRY,False,OTHER INTERSECTION COLLISIONS,REAR END,STRAIGHT & LEVEL,DARK-HWY LIGHTED/ON,,,10/2/2019 8:40:28 AM,False,7321,Accepted,
25718874,0568000,LOUISVILLE METRO POLICE DEPT,Accepted,JEFFERSON,US0060A,,TAYLOR,BLVD,,,EARL,,,,,38.202832399,-85.780732104,1.950,10/1/2019 12:00:00 AM,1316,2,2,0,1,CLEAR,DRY,True,OTHER INTERSECTION COLLISIONS,REAR END,STRAIGHT & LEVEL,DAYLIGHT,,,10/2/2019 8:34:37 AM,False,7398,Accepted,
25718876,0568000,LOUISVILLE METRO POLICE DEPT,Accepted,JEFFERSON,KY0864,,LOGAN,ST,,,ST CATHERINE,,,,,38.234998954,-85.739675143,14.746,10/1/2019 12:00:00 AM,1311,3,3,0,0,CLEAR,DRY,True,OTHER INTERSECTION COLLISIONS,REAR END,STRAIGHT & LEVEL,DAYLIGHT,,,10/2/2019 8:34:52 AM,False,5213,Accepted,
25718684,0568000,LOUISVILLE METRO POLICE DEPT,Accepted,JEFFERSON,,,STONESTREET,RD,,KY0907,3RD ST,,,,,38.113044814,-85.837001713,1.207,10/1/2019 12:00:00 AM,0904,3,3,0,0,CLEAR,DRY,False,OTHER INTERSECTION COLLISIONS,REAR END,STRAIGHT & LEVEL,DAYLIGHT,,,10/2/2019 8:28:08 AM,False,5288,Accepted,
25718891,0568000,LOUISVILLE METRO POLICE DEPT,Accepted,JEFFERSON,KY1865,,NEW CUT,RD,,KY1065,OUTER,,,,,38.126866602,-85.776146519,1.243,10/1/2019 12:00:00 AM,1737,2,2,0,0,CLEAR,DRY,False,OTHER INTERSECTION COLLISIONS,REAR END,STRAIGHT & LEVEL,DAYLIGHT,,,10/2/2019 8:36:56 AM,False,5250,Accepted,
25739790,0568000,LOUISVILLE METRO POLICE DEPT,Accepted,JEFFERSON,KY1065,,OUTER,LOOP,,KY0864,FEGENBUSH,,,,,38.138443459,-85.615782582,9.902,10/1/2019 12:00:00 AM,2049,2,2,0,2,CLEAR,DRY,False,OTHER INTERSECTION COLLISIONS,REAR END,CURVE & LEVEL,DARK-HWY LIGHTED/ON,,,10/7/2019 7:54:58 AM,False,7829,Accepted,
25718733,0568000,LOUISVILLE METRO POLICE DEPT,Accepted,JEFFERSON,,,34TH,ST,S,,,,HALE,,VIRGINIA,38.239314891,-85.810222890,1.611,10/1/2019 12:00:00 AM,1735,2,1,0,0,CLEAR,DRY,False,COLLISION WITH PEDESTRIAN NON - INTERSECTION,SINGLE VEHICLE,STRAIGHT & LEVEL,DAYLIGHT,,,10/2/2019 8:33:26 AM,False,7876,Accepted,
25730202,0568000,LOUISVILLE METRO POLICE DEPT,Accepted,JEFFERSON,,,1ST,ST,S,,ST CATHERINE,,,,,38.236878316,-85.754937229,1.336,10/1/2019 12:00:00 AM,0808,2,2,0,0,CLEAR,DRY,False,ANGLE COLLISION - OTHER,ANGLE,STRAIGHT & LEVEL,DAYLIGHT,,,10/4/2019 8:35:49 AM,False,5279,Accepted,
25739797,0568000,LOUISVILLE METRO POLICE DEPT,Accepted,JEFFERSON,US0060,,SHELBYVILLE,RD,,KY1531,JOHNSON,,,,,38.233597389,-85.453277252,14.904,10/1/2019 12:00:00 AM,1609,2,2,0,0,CLEAR,DRY,False,ANGLE COLLISION - OTHER,ANGLE,STRAIGHT & LEVEL,DAYLIGHT,,,10/7/2019 7:55:20 AM,False,7858,Accepted,
25718729,0568000,LOUISVILLE METRO POLICE DEPT,Accepted,JEFFERSON,,,16TH,ST,S,,CHESTNUT,,,,,38.250493633,-85.777846909,0.579,10/1/2019 12:00:00 AM,1520,2,2,0,1,CLEAR,DRY,False,ANGLE COLLISION - OTHER,ANGLE,STRAIGHT & LEVEL,DAYLIGHT,,,10/2/2019 8:32:51 AM,False,5249,Accepted,
25718921,0568000,LOUISVILLE METRO POLICE DEPT,Accepted,JEFFERSON,KY1065,,OUTER,LOOP,,I 0065,I65 S EXIT127 ON RAMP FROM KY1065,,,,,38.136951576,-85.709450992,4.783,10/1/2019 12:00:00 AM,1959,2,2,0,2,CLEAR,DRY,False,ANGLE COLLISION - OTHER,ANGLE,STRAIGHT & LEVEL,DARK-HWY LIGHTED/ON,,,10/2/2019 8:40:37 AM,False,5042,Accepted,
25713146,0568000,LOUISVILLE METRO POLICE DEPT,Accepted,JEFFERSON,,,34TH,ST,S,,VIRGINIA,,,,,38.239000378,-85.810270306,1.633,10/1/2019 12:00:00 AM,0434,2,2,0,1,CLEAR,DRY,False,ANGLE COLLISION - OTHER,ANGLE,STRAIGHT & LEVEL,DARK-HWY LIGHTED/ON,,,10/1/2019 8:32:09 AM,False,7181,Accepted,
25718867,0568000,LOUISVILLE METRO POLICE DEPT,Accepted,JEFFERSON,US0031W,,,,,US0031W,DIXIE,,,,,38.093884883,-85.874844253,0.307,10/1/2019 12:00:00 AM,1042,2,2,0,0,CLEAR,DRY,False,REAR END - ONE VEHICLE TURNING RIGHT,REAR END,CURVE & LEVEL,DAYLIGHT,,,10/2/2019 8:33:51 AM,False,2311,Accepted,
25718926,0568000,LOUISVILLE METRO POLICE DEPT,Accepted,JEFFERSON,,,JENNINGS,LN,,,PRODUCE,,,,,38.184716673,-85.682241240,0.595,10/1/2019 12:00:00 AM,0554,2,2,0,1,CLEAR,DRY,False,OPPOSING LEFT TURN,OPPOSING LEFT TURN,STRAIGHT & LEVEL,DARK-HWY LIGHTED/ON,,,10/2/2019 8:40:59 AM,False,5001,Accepted,
25718732,0568000,LOUISVILLE METRO POLICE DEPT,Accepted,JEFFERSON,,,CENTRAL,AVE,,US0060A,TAYLOR,,,,,38.206323289,-85.776197761,1.028,10/1/2019 12:00:00 AM,1420,2,2,0,0,CLEAR,DRY,False,VEHICLE BACKING IN INTERSECTION,BACKING,STRAIGHT & LEVEL,DAYLIGHT,,,10/2/2019 8:33:18 AM,False,5204,Accepted,
25718699,0568000,LOUISVILLE METRO POLICE DEPT,Accepted,JEFFERSON,KY1865,,TAYLOR,BLVD,,,ASHLAND,,,,,38.186647085,-85.783787410,5.531,10/1/2019 12:00:00 AM,1546,2,2,0,0,CLEAR,DRY,False,ANGLE COLLISION - OTHER,ANGLE,STRAIGHT & LEVEL,DAYLIGHT,,,10/2/2019 8:30:57 AM,False,7472,Accepted,