IncidentID,AgencyORI,AgencyName,IncidentStatusDesc,County,RdwyNumber,Street,RoadwayName,StreetSfx,StreetDir,IntersectionRdwy,IntersectionRdwyName,BetweenStRdwy1,BetweenStRdwyName1,BetweenStRdwy2,BetweenStRdwyName2,Latitude,Longitude,Milepoint,CollisionDate,CollisionTime,UnitsInvolved,MotorVehiclesInvolved,NumberKilled,NumberInjured,Weather,RdwyConditionCode,HitandRun,DirAnalysisCode,MannerofCollision,RdwyCharacter,LightCondition,RampFromRdwyId,RampToRdwyId,AcceptedDate,IsSecondaryCollision,OwnerBadge,IncidentStatus,
25718868,0568000,LOUISVILLE METRO POLICE DEPT,Accepted,JEFFERSON,,,POPPY,AVE,,,CRUMS,,,,,38.194989145,-85.835852913,0.217,10/1/2019 12:00:00 AM,0830,1,1,0,0,CLEAR,DRY,True,COLLISION WITH FIXED OBJECT IN INTERSECTION - FIRST EVENT COLLISION 09 - 32,SINGLE VEHICLE,STRAIGHT & LEVEL,DAYLIGHT,,,10/2/2019 8:33:58 AM,False,7381,Accepted,
25718878,0568000,LOUISVILLE METRO POLICE DEPT,Accepted,JEFFERSON,,,FLOYD,ST,S,,COLLEGE,,,,,38.242642866,-85.750253312,0.894,10/1/2019 12:00:00 AM,1542,2,2,0,0,CLEAR,DRY,True,COLLISION WITH PARKED VEHICLE,SIDESWIPE-SAME DIRECTION,STRAIGHT & LEVEL,DAYLIGHT,,,10/2/2019 8:35:03 AM,False,5213,Accepted,
25761630,0568000,LOUISVILLE METRO POLICE DEPT,Accepted,JEFFERSON,,711,JEFFERSON,ST,E,,,,,,,38.253194986,-85.751074295,0.997,10/1/2019 12:00:00 AM,1500,2,2,0,0,CLEAR,DRY,True,COLLISION IN PARKING LOT,BACKING,,DAYLIGHT,,,10/11/2019 10:02:15 AM,False,2661,Accepted,
25730010,0568000,LOUISVILLE METRO POLICE DEPT,Accepted,JEFFERSON,,500,HANCOCK,ST,S,,,,,,,38.248205766,-85.743095215,,10/1/2019 12:00:00 AM,0230,2,2,0,0,CLEAR,DRY,False,COLLISION IN PARKING LOT,REAR END,STRAIGHT & LEVEL,DAYLIGHT,,,10/4/2019 8:12:34 AM,False,2415,Accepted,
25713043,0568000,LOUISVILLE METRO POLICE DEPT,Accepted,JEFFERSON,,1135,JEFFERSON,ST,W,,12TH,,,,,38.255230923,-85.769637584,0.966,9/30/2019 12:00:00 AM,1320,1,1,0,0,CLEAR,DRY,False,COLLISION IN PARKING LOT,SINGLE VEHICLE,STRAIGHT & LEVEL,DAYLIGHT,,,10/1/2019 8:17:11 AM,False,5168,Accepted,
25730224,0568000,LOUISVILLE METRO POLICE DEPT,Accepted,JEFFERSON,,,SHELBY,ST,S,,DELOR,,,,,38.221149726,-85.743511777,0.683,9/30/2019 12:00:00 AM,0335,2,2,0,0,CLEAR,DRY,True,COLLISION WITH PARKED VEHICLE,ANGLE,STRAIGHT & LEVEL,DARK-HWY LIGHTED/ON,,,10/4/2019 8:39:20 AM,False,5022,Accepted,
25707839,0568000,LOUISVILLE METRO POLICE DEPT,Accepted,JEFFERSON,I 0064,,I64 W,,,I 0064,I64 W EXIT19B RAMP TO I265 N,,,,,38.222419720,-85.489951076,19.722,9/30/2019 12:00:00 AM,0419,1,1,0,0,CLEAR,DRY,False,COLLISION WITH ANIMAL IN INTERSECTION,SINGLE VEHICLE,STRAIGHT & LEVEL,DARK-HWY LIGHTED/ON,,,9/30/2019 9:51:42 AM,False,5218,Accepted,
25730205,0568000,LOUISVILLE METRO POLICE DEPT,Accepted,JEFFERSON,,,RANGELAND,RD,,,LAGOONA,,,,,38.167064748,-85.676992907,0.256,9/30/2019 12:00:00 AM,2211,2,2,0,2,CLEAR,DRY,False,ANGLE COLLISION - OTHER,ANGLE,STRAIGHT & LEVEL,DARK-HWY LIGHTED/ON,,,10/4/2019 8:36:49 AM,False,7283,Accepted,
25718682,0568000,LOUISVILLE METRO POLICE DEPT,Accepted,JEFFERSON,,,HANCOCK,ST,S,,MADISON,,,,,38.248464022,-85.742976701,0.455,9/30/2019 12:00:00 AM,1700,2,2,0,1,CLEAR,DRY,False,ANGLE COLLISION - OTHER,ANGLE,STRAIGHT & LEVEL,DAYLIGHT,,,10/2/2019 8:28:00 AM,False,2403,Accepted,
25713139,0568000,LOUISVILLE METRO POLICE DEPT,Accepted,JEFFERSON,KY1020,,2ND,ST,S,,ST CATHERINE,,,,,38.237374299,-85.756557790,11.526,9/30/2019 12:00:00 AM,2253,2,2,0,0,CLEAR,DRY,True,OPPOSITE DIRECTION - BOTH VEHICLES GOING STRAIGHT AHEAD,SIDESWIPE-OPPOSITE DIRECTION,STRAIGHT & LEVEL,DARK-HWY LIGHTED/ON,,,10/1/2019 8:30:00 AM,False,7344,Accepted,
25713125,0568000,LOUISVILLE METRO POLICE DEPT,Accepted,JEFFERSON,US0031E,,BARDSTOWN,RD,,,WROCKLAGE,,,,,38.223870895,-85.689210733,13.385,9/30/2019 12:00:00 AM,1758,2,2,0,0,CLEAR,DRY,False,OPPOSING LEFT TURN,OPPOSING LEFT TURN,STRAIGHT & LEVEL,DAYLIGHT,,,10/1/2019 8:26:43 AM,False,7960,Accepted,
25713061,0568000,LOUISVILLE METRO POLICE DEPT,Accepted,JEFFERSON,,3400,34TH,ST,S,,GREENWOOD,,,,,38.243181455,-85.809509412,1.341,9/30/2019 12:00:00 AM,1610,2,2,0,0,CLEAR,DRY,False,REAR END - ONE VEHICLE TURNING LEFT,REAR END,STRAIGHT & LEVEL,DAYLIGHT,,,10/1/2019 8:19:59 AM,False,7112,Accepted,
25713060,0568000,LOUISVILLE METRO POLICE DEPT,Accepted,JEFFERSON,,,BROOKRIDGE VILLAGE,BLVD,,US0031E,BARDSTOWN,,,,,38.145223145,-85.584920773,0.003,9/30/2019 12:00:00 AM,1530,2,2,0,0,CLEAR,DRY,True,REAR END - ONE VEHICLE TURNING RIGHT,REAR END,STRAIGHT & LEVEL,DAYLIGHT,,,10/1/2019 8:19:43 AM,False,7465,Accepted,
25713129,0568000,LOUISVILLE METRO POLICE DEPT,Accepted,JEFFERSON,,,FERN CREEK,RD,,US0031E,BARDSTOWN,,,,,38.158119938,-85.591073452,0.767,9/30/2019 12:00:00 AM,1925,2,2,0,0,CLEAR,DRY,True,ANGLE COLLISION - OTHER,ANGLE,CURVE & LEVEL,DARK-HWY NOT LIGHTED,,,10/1/2019 8:27:29 AM,False,6028,Accepted,
25713065,0568000,LOUISVILLE METRO POLICE DEPT,Accepted,JEFFERSON,,,JEFFERSON,ST,W,US0031W,22ND,,,,,38.257114015,-85.786843971,1.907,9/30/2019 12:00:00 AM,1217,2,2,0,1,CLEAR,DRY,False,ANGLE COLLISION - OTHER,ANGLE,STRAIGHT & LEVEL,DAYLIGHT,,,10/1/2019 8:20:29 AM,False,7479,Accepted,
25713121,0568000,LOUISVILLE METRO POLICE DEPT,Accepted,JEFFERSON,KY0864,,LOGAN,ST,,,BRECKINRIDGE,,,,,38.239766288,-85.739030965,15.070,9/30/2019 12:00:00 AM,1838,2,2,0,0,CLEAR,DRY,False,ANGLE COLLISION - OTHER,ANGLE,STRAIGHT & LEVEL,DAYLIGHT,,,10/1/2019 8:25:57 AM,False,7422,Accepted,
25739545,0568000,LOUISVILLE METRO POLICE DEPT,Accepted,JEFFERSON,KY0146,,LA GRANGE,RD,,I 0265,I265 N EXIT30 ON RAMP FROM KY146,,,,,38.288228941,-85.513153700,7.464,9/30/2019 12:00:00 AM,1306,2,2,0,0,CLEAR,DRY,True,ANGLE COLLISION - OTHER,ANGLE,STRAIGHT & LEVEL,DAYLIGHT,,,10/7/2019 7:38:42 AM,False,7858,Accepted,
25751220,0568000,LOUISVILLE METRO POLICE DEPT,Accepted,JEFFERSON,KY1934,,GREENBELT,HWY,,,GLOBAL,,,,,38.139627669,-85.887428788,3.916,9/30/2019 12:00:00 AM,0604,3,3,0,0,CLEAR,DRY,False,ANGLE COLLISION - OTHER,ANGLE,STRAIGHT & LEVEL,DAWN,,,10/9/2019 10:01:18 AM,False,7264,Accepted,
25713046,0568000,LOUISVILLE METRO POLICE DEPT,Accepted,JEFFERSON,KY1065,,LOVERS,LN,,,,,FERN CREEK,,VETERANS,38.156119017,-85.572384943,12.979,9/30/2019 12:00:00 AM,1359,1,1,0,0,CLEAR,DRY,False,COLLISION WITH FIXED OBJECT NON - INTERSECTION - FIRST EVENT COLLISION 09 - 32 EXCLUDING 16,SINGLE VEHICLE,STRAIGHT & LEVEL,DAYLIGHT,,,10/1/2019 8:17:45 AM,False,2017,Accepted,
25713057,0568000,LOUISVILLE METRO POLICE DEPT,Accepted,JEFFERSON,I 0065,,I65 N,,,,,,,,,38.251717871,-85.747786382,135.800,9/30/2019 12:00:00 AM,1111,1,1,0,0,CLEAR,DRY,False,COLLISION WITH FIXED OBJECT NON - INTERSECTION - FIRST EVENT COLLISION 09 - 32 EXCLUDING 16,SINGLE VEHICLE,STRAIGHT & LEVEL,DAYLIGHT,,,10/1/2019 8:19:28 AM,False,8278,Accepted,
25713130,0568000,LOUISVILLE METRO POLICE DEPT,Accepted,JEFFERSON,,,BROADWAY,,W,,41ST,,,,,38.250291779,-85.820013306,1.726,9/30/2019 12:00:00 AM,1912,2,2,0,1,CLEAR,DRY,False,OTHER INTERSECTION COLLISIONS,REAR END,STRAIGHT & LEVEL,DAYLIGHT,,,10/1/2019 8:27:41 AM,False,7439,Accepted,
25713158,0568000,LOUISVILLE METRO POLICE DEPT,Accepted,JEFFERSON,KY1865,,TAYLOR,BLVD,,,ASHLAND,,,,,38.186654905,-85.783831114,5.532,9/30/2019 12:00:00 AM,2008,2,2,0,0,CLEAR,DRY,False,OTHER INTERSECTION COLLISIONS,REAR END,STRAIGHT & LEVEL,DARK-HWY LIGHTED/ON,,,10/1/2019 8:32:52 AM,False,5183,Accepted,
25713047,0568000,LOUISVILLE METRO POLICE DEPT,Accepted,JEFFERSON,KY1727,,TERRY,RD,,,LEMMAH,,,,,38.172482173,-85.865955191,3.595,9/30/2019 12:00:00 AM,0738,2,2,0,0,CLEAR,DRY,True,OTHER INTERSECTION COLLISIONS,REAR END,STRAIGHT & LEVEL,DAYLIGHT,,,10/1/2019 8:17:55 AM,False,6326,Accepted,
25713096,0568000,LOUISVILLE METRO POLICE DEPT,Accepted,JEFFERSON,KY1747,,HURSTBOURNE,PKWY,S,,BUNSEN,,,,,38.219351476,-85.583574397,11.505,9/30/2019 12:00:00 AM,1812,2,2,0,0,CLEAR,DRY,False,OTHER INTERSECTION COLLISIONS,REAR END,STRAIGHT & LEVEL,DAYLIGHT,,,10/1/2019 8:24:01 AM,False,5203,Accepted,
25707850,0568000,LOUISVILLE METRO POLICE DEPT,Accepted,JEFFERSON,KY1747,,HURSTBOURNE,PKWY,S,,BUNSEN,,,,,38.218794383,-85.584075076,11.461,9/30/2019 12:00:00 AM,0720,2,2,0,0,CLOUDY,DRY,False,OTHER INTERSECTION COLLISIONS,REAR END,STRAIGHT & LEVEL,DAWN,,,9/30/2019 9:52:24 AM,False,7059,Accepted,
25707841,0568000,LOUISVILLE METRO POLICE DEPT,Accepted,JEFFERSON,,,PENNACOOK,RD,,KY1931,ST ANDREWS CHURCH,,,,,38.154768950,-85.803222880,0.028,9/30/2019 12:00:00 AM,0040,1,1,0,0,CLEAR,DRY,False,OTHER INTERSECTION COLLISIONS,SINGLE VEHICLE,STRAIGHT & LEVEL,DARK-HWY LIGHTED/ON,,,9/30/2019 9:51:55 AM,False,5170,Accepted,
25713050,0568000,LOUISVILLE METRO POLICE DEPT,Accepted,JEFFERSON,KY1727,,TERRY,RD,,,LOWER HUNTERS,,,,,38.164826961,-85.865565888,3.025,9/30/2019 12:00:00 AM,0853,2,2,0,0,CLEAR,DRY,False,OTHER INTERSECTION COLLISIONS,REAR END,STRAIGHT & LEVEL,DAYLIGHT,,,10/1/2019 8:18:23 AM,False,6326,Accepted,
25713123,0568000,LOUISVILLE METRO POLICE DEPT,Accepted,JEFFERSON,US0060A,,GRINSTEAD,DR,,,ETLEY,,,,,38.244073280,-85.704243003,7.827,9/30/2019 12:00:00 AM,1736,2,2,0,0,CLEAR,DRY,False,SIDESWIPE-SAME DIRECTION,SIDESWIPE-SAME DIRECTION,STRAIGHT & LEVEL,DAYLIGHT,,,10/1/2019 8:26:25 AM,False,7960,Accepted,
25713082,0568000,LOUISVILLE METRO POLICE DEPT,Accepted,JEFFERSON,KY1747,,FERN VALLEY,RD,,I 0065,I65 N EXIT128 ON RAMP FROM KY1631 E,,,,,38.157546835,-85.717227606,0.819,9/30/2019 12:00:00 AM,0904,2,2,0,0,CLEAR,DRY,False,SIDESWIPE-SAME DIRECTION,SIDESWIPE-SAME DIRECTION,STRAIGHT & LEVEL,DAYLIGHT,,,10/1/2019 8:23:09 AM,False,7319,Accepted,
25712997,0568000,LOUISVILLE METRO POLICE DEPT,Accepted,JEFFERSON,US0031W,,22ND,ST,S,,JEFFERSON,,,,,38.257156437,-85.786871191,20.109,9/30/2019 12:00:00 AM,1020,2,2,0,0,CLEAR,DRY,False,SIDESWIPE-SAME DIRECTION,SIDESWIPE-SAME DIRECTION,STRAIGHT & LEVEL,DAYLIGHT,,,10/1/2019 8:13:54 AM,False,7361,Accepted,
25707843,0568000,LOUISVILLE METRO POLICE DEPT,Accepted,JEFFERSON,KY1865,,NEW CUT,RD,,KY0907,3RD ST,,,,,38.145813855,-85.775291688,2.670,9/30/2019 12:00:00 AM,0629,2,2,0,0,CLEAR,DRY,False,SIDESWIPE-SAME DIRECTION,SIDESWIPE-SAME DIRECTION,STRAIGHT & LEVEL,DARK-HWY LIGHTED/ON,,,9/30/2019 9:52:08 AM,False,7362,Accepted,
25718674,0568000,LOUISVILLE METRO POLICE DEPT,Accepted,JEFFERSON,,,OAK,ST,E,,FLOYD,,,,,38.234245573,-85.751874425,0.190,9/30/2019 12:00:00 AM,1654,2,2,0,0,CLEAR,DRY,True,OTHER INTERSECTION COLLISIONS,REAR END,STRAIGHT & LEVEL,DAYLIGHT,,,10/2/2019 8:26:27 AM,False,5213,Accepted,
25713083,0568000,LOUISVILLE METRO POLICE DEPT,Accepted,JEFFERSON,KY1703,,NEWBURG,RD,,,MEADOWCREEK,,,,,38.198802998,-85.683320588,1.876,9/30/2019 12:00:00 AM,1809,2,2,0,0,CLEAR,DRY,False,OTHER INTERSECTION COLLISIONS,REAR END,STRAIGHT & LEVEL,DAYLIGHT,,,10/1/2019 8:23:21 AM,False,7319,Accepted,
25713152,0568000,LOUISVILLE METRO POLICE DEPT,Accepted,JEFFERSON,,,SMYRNA,PKWY,,,THEILER,,,,,38.114632731,-85.643950216,1.613,9/30/2019 12:00:00 AM,2302,1,1,0,0,CLEAR,DRY,False,OTHER INTERSECTION COLLISIONS,SINGLE VEHICLE,STRAIGHT & LEVEL,DARK-HWY NOT LIGHTED,,,10/1/2019 8:32:40 AM,False,7829,Accepted,
25713075,0568000,LOUISVILLE METRO POLICE DEPT,Accepted,JEFFERSON,,,MUD,LN,,KY0061,PRESTON,,,,,38.092945680,-85.669106105,0.004,9/30/2019 12:00:00 AM,1621,2,2,0,0,CLEAR,DRY,False,SIDESWIPE-SAME DIRECTION,SIDESWIPE-SAME DIRECTION,STRAIGHT & LEVEL,DAYLIGHT,,,10/1/2019 8:22:03 AM,False,4693,Accepted,
25777575,0568000,LOUISVILLE METRO POLICE DEPT,Accepted,JEFFERSON,KY0061,,PRESTON,HWY,,,BOERSTE,,,,,38.114068056,-85.676169353,2.136,9/30/2019 12:00:00 AM,1620,2,2,0,0,CLEAR,DRY,False,OTHER INTERSECTION COLLISIONS,REAR END,STRAIGHT & LEVEL,DAYLIGHT,,,10/15/2019 8:31:56 AM,False,7354,Accepted,
25718657,0568000,LOUISVILLE METRO POLICE DEPT,Accepted,JEFFERSON,,,BRECKINRIDGE,ST,W,,6TH,,,,,38.242304760,-85.762394890,0.454,9/30/2019 12:00:00 AM,1614,2,2,0,0,CLEAR,DRY,False,SIDESWIPE-SAME DIRECTION,SIDESWIPE-SAME DIRECTION,CURVE & LEVEL,DAYLIGHT,,,10/2/2019 8:18:54 AM,False,5204,Accepted,
25718675,0568000,LOUISVILLE METRO POLICE DEPT,Accepted,JEFFERSON,,,KENTUCKY,ST,E,,BROOK,,,,,38.238191350,-85.752823080,0.083,9/30/2019 12:00:00 AM,0930,2,2,0,0,CLEAR,DRY,False,SIDESWIPE-SAME DIRECTION,SIDESWIPE-SAME DIRECTION,STRAIGHT & LEVEL,DAYLIGHT,,,10/2/2019 8:26:39 AM,False,5213,Accepted,
25739526,0568000,LOUISVILLE METRO POLICE DEPT,Accepted,JEFFERSON,I 0264,,I264 W,,,,,,,,,38.221636772,-85.650519930,17.014,9/30/2019 12:00:00 AM,1656,2,2,0,0,CLEAR,DRY,False,SIDESWIPE COLLISION - SAME DIRECTION,SIDESWIPE-SAME DIRECTION,STRAIGHT & LEVEL,DAYLIGHT,,,10/7/2019 7:36:46 AM,False,5285,Accepted,
25707836,0568000,LOUISVILLE METRO POLICE DEPT,Accepted,JEFFERSON,,,MADISON,ST,W,,,,,,,38.253266553,-85.790408214,0.782,9/30/2019 12:00:00 AM,0100,2,2,0,0,CLEAR,DRY,False,HEAD-ON COLLISION,HEAD ON,STRAIGHT & LEVEL,OTHER,,,9/30/2019 9:51:27 AM,False,7173,Accepted,
25713145,0568000,LOUISVILLE METRO POLICE DEPT,Accepted,JEFFERSON,,4707,ACCOMACK,DR,,,,,,,,38.309254551,-85.552395575,1.112,9/30/2019 12:00:00 AM,1953,2,2,0,0,CLEAR,DRY,False,HEAD-ON COLLISION,HEAD ON,STRAIGHT & GRADE,DARK (UNKNOWN ROADWAY LIGHTING),,,10/1/2019 8:32:02 AM,False,5158,Accepted,
25713133,0568000,LOUISVILLE METRO POLICE DEPT,Accepted,JEFFERSON,,8023,WATTERSON,TRL,,,,,,,,38.181464163,-85.619191614,0.351,9/30/2019 12:00:00 AM,2208,1,1,0,0,CLEAR,DRY,False,OTHER COLLISIONS ON SHOULDER,SINGLE VEHICLE,STRAIGHT & LEVEL,DARK-HWY NOT LIGHTED,,,10/1/2019 8:28:30 AM,False,7492,Accepted,
25713074,0568000,LOUISVILLE METRO POLICE DEPT,Accepted,JEFFERSON,,,FERN CREEK,RD,,KY1065,LOVERS,,,,,38.156542651,-85.572317138,1.922,9/30/2019 12:00:00 AM,1420,2,2,0,0,CLEAR,DRY,False,HEAD-ON COLLISION,HEAD ON,STRAIGHT & LEVEL,DAYLIGHT,,,10/1/2019 8:21:51 AM,False,4693,Accepted,
25739547,0568000,LOUISVILLE METRO POLICE DEPT,Accepted,JEFFERSON,I 0265,,I265 N,,,,,,,,,38.287888441,-85.528246837,31.234,9/30/2019 12:00:00 AM,1723,1,1,0,0,CLEAR,DRY,False,OTHER COLLISIONS ON SHOULDER,SINGLE VEHICLE,STRAIGHT & LEVEL,DAYLIGHT,,,10/7/2019 7:38:46 AM,False,7858,Accepted,
25771695,0568000,LOUISVILLE METRO POLICE DEPT,Accepted,JEFFERSON,KY0864,,POPLAR LEVEL,RD,,,,,,,,38.195361242,-85.707532118,11.309,9/30/2019 12:00:00 AM,1300,2,2,0,0,CLEAR,DRY,False,REAR END IN TRAFFIC LANES BOTH VEHICLES MOVING,REAR END,STRAIGHT & GRADE,DAYLIGHT,,,10/14/2019 8:46:47 AM,False,7357,Accepted,
25739656,0568000,LOUISVILLE METRO POLICE DEPT,Accepted,JEFFERSON,I 0065,,I65 S,,,,,I 0065,I65 S EXIT136C OFF RAMP TO  E JEFFERSON ST,I 0065,I65 S EXIT136 ON RAMP FROM  S 1ST ST,38.252423724,-85.746289771,135.896,9/30/2019 12:00:00 AM,0728,2,2,0,0,CLEAR,DRY,False,REAR END IN TRAFFIC LANES BOTH VEHICLES MOVING,REAR END,STRAIGHT & LEVEL,DAYLIGHT,,,10/7/2019 7:44:57 AM,False,5251,Accepted,
25718959,0568000,LOUISVILLE METRO POLICE DEPT,Accepted,JEFFERSON,I 0265,,I265 E,,,,,I 0265,I265 E EXIT15 ON RAMP FROM KY864,I 0265,I265 E EXIT17 OFF RAMP TO US31E,38.126754684,-85.608252492,15.567,9/30/2019 12:00:00 AM,0630,2,2,0,1,CLEAR,DRY,False,REAR END IN TRAFFIC LANES BOTH VEHICLES MOVING,REAR END,CURVE & LEVEL,DARK-HWY LIGHTED/OFF,,,10/2/2019 8:42:44 AM,False,7720,Accepted,
25713076,0568000,LOUISVILLE METRO POLICE DEPT,Accepted,JEFFERSON,I 0064,,I64 E,,,,,,,,,38.260873391,-85.734831091,5.863,9/30/2019 12:00:00 AM,1728,2,2,0,0,CLEAR,DRY,False,REAR END IN TRAFFIC LANES BOTH VEHICLES MOVING,REAR END,STRAIGHT & LEVEL,DAYLIGHT,,,10/1/2019 8:22:33 AM,False,2855,Accepted,
25707846,0568000,LOUISVILLE METRO POLICE DEPT,Accepted,JEFFERSON,I 0065,,I65 N,,,,,,,,,38.211418252,-85.752950218,132.853,9/30/2019 12:00:00 AM,0556,3,3,0,1,CLEAR,DRY,False,REAR END IN TRAFFIC LANES BOTH VEHICLES MOVING,REAR END,CURVE & GRADE,DARK-HWY LIGHTED/ON,,,9/30/2019 9:52:14 AM,False,5127,Accepted,
25713072,0568000,LOUISVILLE METRO POLICE DEPT,Accepted,JEFFERSON,,,GRADE,LN,,,,,,,,38.140481667,-85.737975742,3.357,9/30/2019 12:00:00 AM,1158,2,2,0,1,CLEAR,DRY,False,REAR END IN TRAFFIC LANES BOTH VEHICLES MOVING,REAR END,STRAIGHT & LEVEL,DAYLIGHT,,,10/1/2019 8:21:36 AM,False,4693,Accepted,
25713007,0568000,LOUISVILLE METRO POLICE DEPT,Accepted,JEFFERSON,US0031W,,MAIN,ST,W,,,,4TH,,3RD,38.256532714,-85.755726960,21.975,9/30/2019 12:00:00 AM,1059,2,2,0,0,CLEAR,DRY,True,1 VEHICLE PARKED POSITION (NOT PARKING LOT/DRIVEWAY),SIDESWIPE-SAME DIRECTION,STRAIGHT & LEVEL,DAYLIGHT,,,10/1/2019 8:15:09 AM,False,5187,Accepted,
25707844,0568000,LOUISVILLE METRO POLICE DEPT,Accepted,JEFFERSON,,9304,NORTON COMMONS,BLVD,,,,,,,,38.321546630,-85.570346574,0.026,9/30/2019 12:00:00 AM,0706,2,2,0,0,CLEAR,DRY,False,1 VEHICLE PARKED POSITION (NOT PARKING LOT/DRIVEWAY),SIDESWIPE-SAME DIRECTION,STRAIGHT & LEVEL,DAWN,,,9/30/2019 9:52:11 AM,False,7098,Accepted,
25713112,0568000,LOUISVILLE METRO POLICE DEPT,Accepted,JEFFERSON,,,EDGELAND,AVE,,,,,TYLER PARK,US0031E,BARDSTOWN,38.232537988,-85.713041532,0.171,9/30/2019 12:00:00 AM,1451,2,2,0,0,CLEAR,DRY,False,1 VEHICLE PARKED POSITION (NOT PARKING LOT/DRIVEWAY),SIDESWIPE-SAME DIRECTION,STRAIGHT & GRADE,DAYLIGHT,,,10/1/2019 8:24:52 AM,False,5289,Accepted,
25713120,0568000,LOUISVILLE METRO POLICE DEPT,Accepted,JEFFERSON,,1617,WILSON,AVE,,,,,,,,38.233569228,-85.781511790,,9/30/2019 12:00:00 AM,1700,2,2,0,0,CLEAR,DRY,True,1 VEHICLE PARKED POSITION (NOT PARKING LOT/DRIVEWAY),SIDESWIPE-SAME DIRECTION,STRAIGHT & LEVEL,DAYLIGHT,,,10/1/2019 8:25:46 AM,False,5179,Accepted,
25713053,0568000,LOUISVILLE METRO POLICE DEPT,Accepted,JEFFERSON,,6803,COPRA,LN,,,,,,,,38.152098799,-85.663573699,0.140,9/30/2019 12:00:00 AM,0837,2,2,0,0,CLEAR,DRY,True,1 VEHICLE PARKED POSITION (NOT PARKING LOT/DRIVEWAY),SIDESWIPE-SAME DIRECTION,STRAIGHT & LEVEL,DAWN,,,10/1/2019 8:18:42 AM,False,7379,Accepted,
25718954,0568000,LOUISVILLE METRO POLICE DEPT,Accepted,JEFFERSON,US0060A,811,EASTERN,PKWY,,,,,,,,38.214848993,-85.742652813,4.581,9/30/2019 12:00:00 AM,1901,2,2,0,0,CLEAR,DRY,True,1 VEHICLE PARKED POSITION (NOT PARKING LOT/DRIVEWAY),BACKING,STRAIGHT & LEVEL,DAYLIGHT,,,10/2/2019 8:42:11 AM,False,5196,Accepted,
25723996,0568000,LOUISVILLE METRO POLICE DEPT,Accepted,JEFFERSON,,,BARINGER,AVE,,,,,,,,38.235059913,-85.707037650,0.257,9/30/2019 12:00:00 AM,0654,2,2,0,0,CLEAR,DRY,True,1 VEHICLE PARKED POSITION (NOT PARKING LOT/DRIVEWAY),REAR END,STRAIGHT & LEVEL,UNKNOWN,,,10/3/2019 8:07:29 AM,False,7376,Accepted,
25718663,0568000,LOUISVILLE METRO POLICE DEPT,Accepted,JEFFERSON,KY1020,8510,NATIONAL,TPKE,,,,,,,,38.126204820,-85.748757880,3.620,9/30/2019 12:00:00 AM,0740,2,2,0,0,CLEAR,DRY,True,SIDESWIPE COLLISION - SAME DIRECTION,SIDESWIPE-SAME DIRECTION,STRAIGHT & LEVEL,DAYLIGHT,,,10/2/2019 8:21:44 AM,False,7080,Accepted,
25713064,0568000,LOUISVILLE METRO POLICE DEPT,Accepted,JEFFERSON,KY1020,,SOUTHSIDE,DR,,,,,,,,38.159622280,-85.764763722,6.158,9/30/2019 12:00:00 AM,1707,2,2,0,0,CLEAR,DRY,False,SIDESWIPE COLLISION - SAME DIRECTION,SIDESWIPE-SAME DIRECTION,STRAIGHT & LEVEL,DAYLIGHT,,,10/1/2019 8:20:21 AM,False,7053,Accepted,
25713088,0568000,LOUISVILLE METRO POLICE DEPT,Accepted,JEFFERSON,,900B,PHILLIPS,LN,,,,,,,,38.192570954,-85.741211900,0.640,9/30/2019 12:00:00 AM,1317,2,2,0,0,CLEAR,DRY,False,SIDESWIPE COLLISION - SAME DIRECTION,SIDESWIPE-SAME DIRECTION,STRAIGHT & LEVEL,DAYLIGHT,,,10/1/2019 8:23:44 AM,False,7398,Accepted,
25718695,0568000,LOUISVILLE METRO POLICE DEPT,Accepted,JEFFERSON,I 0064,,I64 E,,,,,I 0064,I64 E EXIT15 OFF RAMP TO KY1747,I 0064,I64 E EXIT19 RAMP TO I64 E,38.230102845,-85.600267516,13.806,9/30/2019 12:00:00 AM,1743,2,2,0,0,CLEAR,DRY,True,SIDESWIPE COLLISION - SAME DIRECTION,SIDESWIPE-SAME DIRECTION,STRAIGHT & LEVEL,DAYLIGHT,,,10/2/2019 8:30:17 AM,False,7851,Accepted,
25718696,0568000,LOUISVILLE METRO POLICE DEPT,Accepted,JEFFERSON,I 0264,,I264 E,,,,,I 0264,I264 E EXIT20 TRANSIT,I 0264,I264 E EXIT20 OFF RAMP TO US60,38.243076359,-85.621532851,19.291,9/30/2019 12:00:00 AM,2116,2,2,0,1,CLEAR,DRY,False,SIDESWIPE COLLISION - SAME DIRECTION,SIDESWIPE-SAME DIRECTION,STRAIGHT & LEVEL,DARK-HWY LIGHTED/ON,,,10/2/2019 8:30:25 AM,False,7851,Accepted,
25713084,0568000,LOUISVILLE METRO POLICE DEPT,Accepted,JEFFERSON,I 0065,,I65 N,,,,,,,,,38.184144087,-85.723056153,130.192,9/30/2019 12:00:00 AM,1753,2,2,0,0,CLEAR,DRY,False,SIDESWIPE COLLISION - SAME DIRECTION,SIDESWIPE-SAME DIRECTION,STRAIGHT & HILLCREST,DAYLIGHT,,,10/1/2019 8:23:31 AM,False,7451,Accepted,
25713068,0568000,LOUISVILLE METRO POLICE DEPT,Accepted,JEFFERSON,US0060A,,EASTERN,PKWY,,,,,,,,38.231913883,-85.709444638,6.822,9/30/2019 12:00:00 AM,1405,2,2,0,0,CLEAR,DRY,False,SIDESWIPE COLLISION - SAME DIRECTION,SIDESWIPE-SAME DIRECTION,STRAIGHT & LEVEL,DAYLIGHT,,,10/1/2019 8:20:40 AM,False,5293,Accepted,