IncidentID,AgencyORI,AgencyName,IncidentStatusDesc,County,RdwyNumber,Street,RoadwayName,StreetSfx,StreetDir,IntersectionRdwy,IntersectionRdwyName,BetweenStRdwy1,BetweenStRdwyName1,BetweenStRdwy2,BetweenStRdwyName2,Latitude,Longitude,Milepoint,CollisionDate,CollisionTime,UnitsInvolved,MotorVehiclesInvolved,NumberKilled,NumberInjured,Weather,RdwyConditionCode,HitandRun,DirAnalysisCode,MannerofCollision,RdwyCharacter,LightCondition,RampFromRdwyId,RampToRdwyId,AcceptedDate,IsSecondaryCollision,OwnerBadge,IncidentStatus,
25724079,0568000,LOUISVILLE METRO POLICE DEPT,Accepted,JEFFERSON,I 0065,,I65 N,,,,,,,,,38.226200834,-85.751461759,133.884,9/30/2019 12:00:00 AM,0526,2,2,0,2,CLEAR,DRY,False,SIDESWIPE COLLISION - SAME DIRECTION,SIDESWIPE-SAME DIRECTION,STRAIGHT & LEVEL,DARK-HWY LIGHTED/ON,,,10/3/2019 8:17:50 AM,False,5111,Accepted,
25713128,0568000,LOUISVILLE METRO POLICE DEPT,Accepted,JEFFERSON,,1328,SHINGO,AVE,,,,,,,,38.174311028,-85.783967051,0.086,9/30/2019 12:00:00 AM,2040,2,2,0,0,CLEAR,DRY,False,VEHICLE BACKING NON INTERSECTION,BACKING,STRAIGHT & LEVEL,DARK (UNKNOWN ROADWAY LIGHTING),,,10/1/2019 8:27:16 AM,False,7560,Accepted,
25713071,0568000,LOUISVILLE METRO POLICE DEPT,Accepted,JEFFERSON,,,BIRCHWOOD,AVE,N,,,,,,,38.261352655,-85.694018802,0.489,9/30/2019 12:00:00 AM,1700,2,2,0,0,CLEAR,DRY,False,VEHICLE BACKING NON INTERSECTION,BACKING,STRAIGHT & LEVEL,DAYLIGHT,,,10/1/2019 8:21:24 AM,False,5293,Accepted,
25713044,0568000,LOUISVILLE METRO POLICE DEPT,Accepted,JEFFERSON,,,TUCKER STATION,RD,,,,,,,,38.200419211,-85.528437644,3.531,9/30/2019 12:00:00 AM,0942,2,2,0,0,CLEAR,DRY,False,VEHICLE BACKING NON INTERSECTION,BACKING,STRAIGHT & LEVEL,DAYLIGHT,,,10/1/2019 8:17:29 AM,False,2489,Accepted,
25725087,0563800,NORTHFIELD POLICE DEPARTMENT,Accepted,JEFFERSON,KY0022,,BROWNSBORO,RD,,,,,LIME KILN,,HOLIDAY MANOR,38.283371011,-85.628952576,0.374,9/30/2019 12:00:00 AM,1500,2,2,0,0,CLEAR,DRY,False,1 VEHICLE ENTERING/LEAVING ENTRANCE,ANGLE,STRAIGHT & LEVEL,DAYLIGHT,,,10/3/2019 10:39:19 AM,False,1375,Accepted,
25824769,0568000,LOUISVILLE METRO POLICE DEPT,Accepted,JEFFERSON,KY0061,8230,PRESTON,HWY,,,,,,,,38.131637571,-85.682994825,3.456,9/30/2019 12:00:00 AM,1534,2,2,0,2,CLEAR,DRY,False,1 VEHICLE ENTERING/LEAVING ENTRANCE,ANGLE,STRAIGHT & LEVEL,DAYLIGHT,,,10/25/2019 8:45:37 AM,False,7669,Accepted,
25739754,0568000,LOUISVILLE METRO POLICE DEPT,Accepted,JEFFERSON,,,PRINCETON,AVE,,,,,,,,38.149099011,-85.849884965,0.089,9/30/2019 12:00:00 AM,1615,2,2,0,0,CLEAR,DRY,False,1 VEHICLE ENTERING/LEAVING ENTRANCE,ANGLE,STRAIGHT & LEVEL,DAYLIGHT,,,10/7/2019 7:53:04 AM,False,7524,Accepted,
25713069,0568000,LOUISVILLE METRO POLICE DEPT,Accepted,JEFFERSON,,,ZORN,AVE,,,,,,,,38.273382398,-85.696225398,1.433,9/30/2019 12:00:00 AM,1500,2,2,0,0,CLEAR,DRY,False,1 VEHICLE ENTERING/LEAVING ENTRANCE,ANGLE,STRAIGHT & LEVEL,DAYLIGHT,,,10/1/2019 8:20:59 AM,False,5293,Accepted,
25713115,0568000,LOUISVILLE METRO POLICE DEPT,Accepted,JEFFERSON,US0060A,,EASTERN,PKWY,,,,KY0061,PRESTON,,ELLSWORTH,38.213944999,-85.744624804,4.454,9/30/2019 12:00:00 AM,1742,3,3,0,2,CLEAR,DRY,False,OTHER ROADWAY OR MID-BLOCK COLLISION,REAR END,STRAIGHT & LEVEL,DAYLIGHT,,,10/1/2019 8:25:04 AM,False,5289,Accepted,
25713122,0568000,LOUISVILLE METRO POLICE DEPT,Accepted,JEFFERSON,US0031E,2460,BARDSTOWN,RD,,,,,,,,38.223351520,-85.685509289,13.178,9/30/2019 12:00:00 AM,1404,2,2,0,0,CLEAR,DRY,False,OTHER ROADWAY OR MID-BLOCK COLLISION,REAR END,STRAIGHT & LEVEL,DAYLIGHT,,,10/1/2019 8:26:10 AM,False,7960,Accepted,
25713063,0568000,LOUISVILLE METRO POLICE DEPT,Accepted,JEFFERSON,KY1931,,GREENWOOD,RD,,,,,,,,38.143988510,-85.851733849,2.451,9/30/2019 12:00:00 AM,1447,2,2,0,0,CLEAR,DRY,False,OTHER ROADWAY OR MID-BLOCK COLLISION,REAR END,STRAIGHT & LEVEL,DAYLIGHT,,,10/1/2019 8:20:09 AM,False,7234,Accepted,
25713002,0568000,LOUISVILLE METRO POLICE DEPT,Accepted,JEFFERSON,I 0071,,I71 S,,,,,,,,,38.302743673,-85.606249077,7.496,9/30/2019 12:00:00 AM,0708,2,2,0,0,CLEAR,DRY,False,OTHER ROADWAY OR MID-BLOCK COLLISION,REAR END,STRAIGHT & LEVEL,DAYLIGHT,,,10/1/2019 8:14:45 AM,False,4903,Accepted,
25713136,0568000,LOUISVILLE METRO POLICE DEPT,Accepted,JEFFERSON,I 0264,,I264 W,,,,,,,,,38.213938688,-85.666326838,15.988,9/30/2019 12:00:00 AM,1822,3,3,0,0,CLEAR,DRY,False,OTHER ROADWAY OR MID-BLOCK COLLISION,REAR END,STRAIGHT & HILLCREST,DUSK,,,10/1/2019 8:29:45 AM,False,7916,Accepted,
25713092,0568000,LOUISVILLE METRO POLICE DEPT,Accepted,JEFFERSON,KY1747,,HURSTBOURNE,PKWY,S,,,,HURSTBOURNE,KY1747,KY1747 CROSSOVER,38.217044411,-85.588640984,11.192,9/30/2019 12:00:00 AM,1708,2,2,0,0,CLEAR,DRY,False,OTHER ROADWAY OR MID-BLOCK COLLISION,REAR END,STRAIGHT & LEVEL,DAYLIGHT,,,10/1/2019 8:23:53 AM,False,5203,Accepted,
25718677,0568000,LOUISVILLE METRO POLICE DEPT,Accepted,JEFFERSON,US0060,,FRANKFORT,AVE,,,,,,,,38.254319470,-85.675220617,2.473,9/30/2019 12:00:00 AM,1620,2,2,0,0,CLEAR,DRY,False,OTHER ROADWAY OR MID-BLOCK COLLISION,REAR END,STRAIGHT & LEVEL,DAYLIGHT,,,10/2/2019 8:27:01 AM,False,5293,Accepted,
25756391,0568000,LOUISVILLE METRO POLICE DEPT,Accepted,JEFFERSON,I 0264,,I264 W,,,,,,,,,38.199407926,-85.701530307,13.800,9/30/2019 12:00:00 AM,1707,2,2,0,1,CLEAR,DRY,False,OTHER ROADWAY OR MID-BLOCK COLLISION,REAR END,STRAIGHT & GRADE,DAYLIGHT,,,10/10/2019 9:56:17 AM,False,8278,Accepted,
25713006,0568000,LOUISVILLE METRO POLICE DEPT,Accepted,JEFFERSON,I 0071,,,,,,,,,,,38.315188368,-85.581519243,0.246,9/30/2019 12:00:00 AM,0743,2,2,0,0,CLEAR,DRY,False,OTHER RAMP RELATED COLLISIONS NOT LISTED ABOVE,REAR END,STRAIGHT & LEVEL,DAYLIGHT,I 0071,I 0071,10/1/2019 8:14:53 AM,False,4903,Accepted,
25707812,0568000,LOUISVILLE METRO POLICE DEPT,Accepted,JEFFERSON,KY1934,,CANE RUN,RD,,,,,,,,38.198032145,-85.839017855,9.056,9/29/2019 12:00:00 AM,1415,2,2,0,0,CLOUDY,DRY,False,OTHER ROADWAY OR MID-BLOCK COLLISION,REAR END,STRAIGHT & LEVEL,DAYLIGHT,,,9/30/2019 9:49:46 AM,False,5202,Accepted,
25707832,0568000,LOUISVILLE METRO POLICE DEPT,Accepted,JEFFERSON,,,STONESTREET,RD,,,,,SCHOOLER,,BLEVINS GAP,38.092747481,-85.823549573,2.977,9/29/2019 12:00:00 AM,1918,1,1,0,0,CLEAR,DRY,False,OTHER ROADWAY OR MID-BLOCK COLLISION,SINGLE VEHICLE,CURVE & GRADE,DAYLIGHT,,,9/30/2019 9:51:11 AM,False,7908,Accepted,
25707764,0568000,LOUISVILLE METRO POLICE DEPT,Accepted,JEFFERSON,US0150,,BROADWAY,,W,,,,1ST,KY1020,2ND,38.245750694,-85.753876949,2.627,9/29/2019 12:00:00 AM,1500,2,2,0,0,CLEAR,DRY,False,1 VEHICLE ENTERING/LEAVING ENTRANCE,ANGLE,STRAIGHT & LEVEL,DAYLIGHT,,,9/30/2019 9:47:20 AM,False,7266,Accepted,
25707840,0568000,LOUISVILLE METRO POLICE DEPT,Accepted,JEFFERSON,,10505,GRAFTON HALL,RD,,,,,,,,38.103381052,-85.855720398,0.141,9/29/2019 12:00:00 AM,2101,2,2,0,1,CLEAR,DRY,False,1 VEHICLE ENTERING/LEAVING ENTRANCE,ANGLE,STRAIGHT & LEVEL,DARK-HWY LIGHTED/OFF,,,9/30/2019 9:51:46 AM,False,5170,Accepted,
25707738,0568000,LOUISVILLE METRO POLICE DEPT,Accepted,JEFFERSON,,,BROOK,ST,S,,,,,,,38.253169213,-85.750475209,3.396,9/29/2019 12:00:00 AM,1234,2,2,0,0,CLEAR,DRY,False,SIDESWIPE COLLISION - SAME DIRECTION,SIDESWIPE-SAME DIRECTION,CURVE & GRADE,DAYLIGHT,,,9/30/2019 9:46:32 AM,False,7239,Accepted,
25707759,0568000,LOUISVILLE METRO POLICE DEPT,Accepted,JEFFERSON,KY1447,,WESTPORT,RD,,,,,,,,38.297388206,-85.548733892,6.651,9/29/2019 12:00:00 AM,1300,2,2,0,0,CLEAR,DRY,False,SIDESWIPE COLLISION - SAME DIRECTION,SIDESWIPE-SAME DIRECTION,STRAIGHT & LEVEL,DAYLIGHT,,,9/30/2019 9:47:08 AM,False,6532,Accepted,
25707768,0568000,LOUISVILLE METRO POLICE DEPT,Accepted,JEFFERSON,US0031W,4900,DIXIE,HWY,,,,,,,,38.168612288,-85.828715934,13.264,9/29/2019 12:00:00 AM,1527,2,2,0,0,CLEAR,DRY,False,SIDESWIPE COLLISION - SAME DIRECTION,SIDESWIPE-SAME DIRECTION,STRAIGHT & LEVEL,DAYLIGHT,,,9/30/2019 9:47:30 AM,False,7356,Accepted,
25707810,0568000,LOUISVILLE METRO POLICE DEPT,Accepted,JEFFERSON,US0031E,,BARDSTOWN,RD,,,,,,,,38.215033189,-85.674273297,12.333,9/29/2019 12:00:00 AM,1520,2,2,0,0,CLEAR,DRY,False,SIDESWIPE COLLISION - SAME DIRECTION,SIDESWIPE-SAME DIRECTION,STRAIGHT & LEVEL,DAYLIGHT,,,9/30/2019 9:49:31 AM,False,6813,Accepted,
25707761,0568000,LOUISVILLE METRO POLICE DEPT,Accepted,JEFFERSON,,3811,BROADWAY,,W,,,,39TH,,38TH,38.250184343,-85.816135851,1.521,9/29/2019 12:00:00 AM,1248,2,2,0,0,CLEAR,DRY,False,1 VEHICLE PARKED POSITION (NOT PARKING LOT/DRIVEWAY),SIDESWIPE-SAME DIRECTION,STRAIGHT & GRADE,DAYLIGHT,,,9/30/2019 9:47:14 AM,False,7328,Accepted,
25707706,0568000,LOUISVILLE METRO POLICE DEPT,Accepted,JEFFERSON,,1819,DUNCAN,ST,,,,,,,,38.261955751,-85.780190447,0.178,9/29/2019 12:00:00 AM,0134,3,3,0,0,CLEAR,DRY,False,1 VEHICLE PARKED POSITION (NOT PARKING LOT/DRIVEWAY),SIDESWIPE-SAME DIRECTION,STRAIGHT & LEVEL,DARK-HWY LIGHTED/ON,,,9/30/2019 9:43:11 AM,False,7487,Accepted,
25707756,0568000,LOUISVILLE METRO POLICE DEPT,Accepted,JEFFERSON,,625,PARK,AVE,,,,,,,,38.231674006,-85.763146577,0.211,9/29/2019 12:00:00 AM,1340,2,2,0,0,CLEAR,DRY,False,1 VEHICLE PARKED POSITION (NOT PARKING LOT/DRIVEWAY),REAR TO REAR,STRAIGHT & LEVEL,DAYLIGHT,,,9/30/2019 9:46:53 AM,False,7495,Accepted,
25707826,0568000,LOUISVILLE METRO POLICE DEPT,Accepted,JEFFERSON,,4118,ACCOMACK,DR,,,,,,,,38.305088720,-85.543885045,0.462,9/29/2019 12:00:00 AM,0300,2,2,0,0,CLEAR,DRY,True,1 VEHICLE PARKED POSITION (NOT PARKING LOT/DRIVEWAY),REAR END,,DARK-HWY LIGHTED/ON,,,9/30/2019 9:50:47 AM,False,7098,Accepted,
25707842,0568000,LOUISVILLE METRO POLICE DEPT,Accepted,JEFFERSON,,,7TH,ST,S,,OAK,,,,,38.235450469,-85.765086869,1.257,9/29/2019 12:00:00 AM,1824,2,2,0,0,CLEAR,DRY,True,HEAD-ON COLLISION,HEAD ON,STRAIGHT & LEVEL,DAYLIGHT,,,9/30/2019 9:51:59 AM,False,5111,Accepted,
25724100,0568000,LOUISVILLE METRO POLICE DEPT,Accepted,JEFFERSON,KY1631,,CRITTENDEN,DR,,,,,KFEC GATE4 DR,,BOXLEY,38.204209639,-85.750704939,1.109,9/29/2019 12:00:00 AM,1404,2,2,0,0,CLEAR,DRY,True,SIDESWIPE COLLISION - SAME DIRECTION,SIDESWIPE-SAME DIRECTION,STRAIGHT & LEVEL,DAYLIGHT,,,10/3/2019 8:19:25 AM,False,5286,Accepted,
25750913,0568000,LOUISVILLE METRO POLICE DEPT,Accepted,JEFFERSON,,,7TH,ST,S,,SHIPP,,,,,38.226224008,-85.769288996,0.615,9/29/2019 12:00:00 AM,1330,2,2,0,0,CLEAR,DRY,False,SIDESWIPE-SAME DIRECTION,SIDESWIPE-SAME DIRECTION,STRAIGHT & LEVEL,DAYLIGHT,,,10/9/2019 9:39:55 AM,False,5271,Accepted,
25707811,0568000,LOUISVILLE METRO POLICE DEPT,Accepted,JEFFERSON,,,GOLDSMITH,LN,,US0031E,BARDSTOWN,,,,,38.208891971,-85.668323318,1.099,9/29/2019 12:00:00 AM,1250,2,2,0,0,CLOUDY,DRY,False,SIDESWIPE-SAME DIRECTION,SIDESWIPE-SAME DIRECTION,STRAIGHT & LEVEL,DAYLIGHT,,,9/30/2019 9:49:41 AM,False,5290,Accepted,
25707819,0568000,LOUISVILLE METRO POLICE DEPT,Accepted,JEFFERSON,KY1931,,MANSLICK,RD,,KY1142,PALATKA,,,,,38.155467493,-85.801906166,5.491,9/29/2019 12:00:00 AM,1610,2,2,0,0,CLEAR,DRY,False,SIDESWIPE-SAME DIRECTION,SIDESWIPE-SAME DIRECTION,STRAIGHT & LEVEL,DAYLIGHT,,,9/30/2019 9:50:02 AM,False,7224,Accepted,
25707815,0568000,LOUISVILLE METRO POLICE DEPT,Accepted,JEFFERSON,US0031W,,DIXIE,HWY,,,ST ANDREWS CHURCH,,,,,38.143600169,-85.839632243,11.681,9/29/2019 12:00:00 AM,1535,2,2,0,0,CLEAR,DRY,False,SIDESWIPE-SAME DIRECTION,SIDESWIPE-SAME DIRECTION,STRAIGHT & LEVEL,DAYLIGHT,,,9/30/2019 9:49:54 AM,False,7224,Accepted,
25707818,0568000,LOUISVILLE METRO POLICE DEPT,Accepted,JEFFERSON,,,CHURCHMAN,AVE,,,ST JUDE,,,,,38.178006155,-85.792565299,0.187,9/29/2019 12:00:00 AM,1710,2,2,0,0,CLEAR,DRY,False,SIDESWIPE-SAME DIRECTION,SIDESWIPE-SAME DIRECTION,STRAIGHT & LEVEL,DAYLIGHT,,,9/30/2019 9:49:58 AM,False,5240,Accepted,
25788001,0568000,LOUISVILLE METRO POLICE DEPT,Accepted,JEFFERSON,,,CHRISTIAN,WAY,,US0060,SHELBYVILLE,,,,,38.248385781,-85.606733857,0.030,9/29/2019 12:00:00 AM,1700,2,2,0,0,CLEAR,DRY,False,OTHER INTERSECTION COLLISIONS,REAR END,STRAIGHT & LEVEL,DAYLIGHT,,,10/17/2019 8:48:49 AM,False,7631,Accepted,
25707794,0568000,LOUISVILLE METRO POLICE DEPT,Accepted,JEFFERSON,,,FURMAN,BLVD,,,STANTON,,,,,38.214823039,-85.642204179,0.503,9/29/2019 12:00:00 AM,1030,3,3,0,0,CLEAR,DRY,False,OTHER INTERSECTION COLLISIONS,REAR END,STRAIGHT & LEVEL,DAYLIGHT,,,9/30/2019 9:48:47 AM,False,5247,Accepted,
25707806,0568000,LOUISVILLE METRO POLICE DEPT,Accepted,JEFFERSON,US0031W,,DIXIE,HWY,,,BLANTON,,,,,38.157473735,-85.834054658,12.543,9/29/2019 12:00:00 AM,1122,2,2,0,0,CLEAR,DRY,False,OTHER INTERSECTION COLLISIONS,REAR END,STRAIGHT & LEVEL,DAYLIGHT,,,9/30/2019 9:49:16 AM,False,7485,Accepted,
25730171,0568000,LOUISVILLE METRO POLICE DEPT,Accepted,JEFFERSON,KY0061,,PRESTON,HWY,,,GRADE,,,,,38.180145619,-85.718545933,7.359,9/29/2019 12:00:00 AM,2000,2,2,0,0,CLEAR,DRY,True,OTHER INTERSECTION COLLISIONS,REAR END,STRAIGHT & LEVEL,DAWN,,,10/4/2019 8:31:55 AM,False,5265,Accepted,
25707824,0568000,LOUISVILLE METRO POLICE DEPT,Accepted,JEFFERSON,I 0064,,I64 W,,,,,,,,,38.221765909,-85.472032560,20.703,9/29/2019 12:00:00 AM,1630,1,1,0,0,CLEAR,DRY,False,COLLISION WITH FIXED OBJECT NON - INTERSECTION - FIRST EVENT COLLISION 09 - 32 EXCLUDING 16,SINGLE VEHICLE,STRAIGHT & GRADE,DAYLIGHT,,,9/30/2019 9:50:40 AM,False,6532,Accepted,
25707797,0568000,LOUISVILLE METRO POLICE DEPT,Accepted,JEFFERSON,KY1932,3039,BRECKENRIDGE,LN,,,,,,,,38.216223268,-85.627207682,2.543,9/29/2019 12:00:00 AM,1320,3,1,0,2,CLEAR,DRY,False,COLLISION WITH PEDESTRIAN NON - INTERSECTION,SINGLE VEHICLE,STRAIGHT & LEVEL,DAYLIGHT,,,9/30/2019 9:48:50 AM,False,5247,Accepted,
25707834,0568000,LOUISVILLE METRO POLICE DEPT,Accepted,JEFFERSON,KY1447,9700,WESTPORT,RD,,,,,,,,38.288478769,-85.570329683,5.346,9/29/2019 12:00:00 AM,0047,2,1,0,1,CLEAR,DRY,False,COLLISION WITH PEDESTRIAN NON - INTERSECTION,SINGLE VEHICLE,STRAIGHT & LEVEL,DARK-HWY NOT LIGHTED,,,9/30/2019 9:51:21 AM,False,5102,Accepted,
25724006,0568000,LOUISVILLE METRO POLICE DEPT,Accepted,JEFFERSON,US0031W,,DIXIE,HWY,,,,,,,,38.043834620,-85.902204765,3.743,9/29/2019 12:00:00 AM,2153,2,1,1,0,CLEAR,DRY,False,COLLISION WITH PEDESTRIAN NON - INTERSECTION,SINGLE VEHICLE,STRAIGHT & LEVEL,DARK-HWY NOT LIGHTED,,,10/3/2019 8:08:27 AM,False,7628,Accepted,
25819455,0568000,LOUISVILLE METRO POLICE DEPT,Accepted,JEFFERSON,KY3084,,OLD HENRY,RD,,I 0265,I265 N EXIT29 OFF RAMP TO KY3084,,,,,38.269831269,-85.501621207,1.120,9/29/2019 12:00:00 AM,0500,2,2,1,0,CLEAR,DRY,False,OTHER INTERSECTION COLLISIONS,REAR END,STRAIGHT & LEVEL,DARK-HWY LIGHTED/ON,,,10/24/2019 8:12:59 AM,False,2142,Accepted,
25730053,0568000,LOUISVILLE METRO POLICE DEPT,Accepted,JEFFERSON,,,FINN,AVE,,,HEYWOOD,,,,,38.206503337,-85.766164870,0.181,9/29/2019 12:00:00 AM,1458,2,2,0,0,CLEAR,DRY,False,ANGLE COLLISION - OTHER,ANGLE,STRAIGHT & LEVEL,DAYLIGHT,,,10/4/2019 8:23:13 AM,False,7251,Accepted,
25740797,0568000,LOUISVILLE METRO POLICE DEPT,Accepted,JEFFERSON,US0060,,FRANKFORT,AVE,,,PETERSON,,,,,38.253982297,-85.698061957,1.213,9/29/2019 12:00:00 AM,1346,2,2,0,0,CLEAR,DRY,False,ANGLE COLLISION - OTHER,ANGLE,STRAIGHT & LEVEL,DAYLIGHT,,,10/7/2019 10:08:41 AM,False,5275,Accepted,
25707772,0568000,LOUISVILLE METRO POLICE DEPT,Accepted,JEFFERSON,KY1934,,CANE RUN,RD,,,ELANE,,,,,38.189426161,-85.850232147,8.272,9/29/2019 12:00:00 AM,1557,2,2,0,0,CLEAR,DRY,False,ANGLE COLLISION - OTHER,ANGLE,STRAIGHT & LEVEL,DAYLIGHT,,,9/30/2019 9:47:38 AM,False,5208,Accepted,
25707778,0568000,LOUISVILLE METRO POLICE DEPT,Accepted,JEFFERSON,,,MUHAMMAD ALI,BLVD,W,,26TH,,,,,38.255186568,-85.794292661,2.290,9/29/2019 12:00:00 AM,1514,2,2,0,2,CLEAR,DRY,False,ANGLE COLLISION - OTHER,ANGLE,STRAIGHT & LEVEL,DAYLIGHT,,,9/30/2019 9:47:48 AM,False,7229,Accepted,
25707786,0568000,LOUISVILLE METRO POLICE DEPT,Accepted,JEFFERSON,KY0061,,JACKSON,ST,S,,ROSELANE,,,,,38.242795304,-85.745996802,12.125,9/29/2019 12:00:00 AM,1535,2,2,0,0,CLEAR,DRY,False,ANGLE COLLISION - OTHER,ANGLE,STRAIGHT & LEVEL,DAYLIGHT,,,9/30/2019 9:48:21 AM,False,5245,Accepted,
25707802,0568000,LOUISVILLE METRO POLICE DEPT,Accepted,JEFFERSON,,,WILSON,AVE,,,HILL,,,,,38.230578430,-85.803473456,1.624,9/29/2019 12:00:00 AM,1409,2,2,0,3,CLEAR,DRY,False,ANGLE COLLISION - OTHER,ANGLE,STRAIGHT & LEVEL,DAYLIGHT,,,9/30/2019 9:49:06 AM,False,5002,Accepted,
25707822,0568000,LOUISVILLE METRO POLICE DEPT,Accepted,JEFFERSON,,,7TH,ST,S,,11TH,,,,,38.222475387,-85.773744159,0.259,9/29/2019 12:00:00 AM,1748,3,3,0,3,CLEAR,DRY,False,ANGLE COLLISION - OTHER,ANGLE,STRAIGHT & LEVEL,DAYLIGHT,,,9/30/2019 9:50:26 AM,False,7977,Accepted,
25707784,0568000,LOUISVILLE METRO POLICE DEPT,Accepted,JEFFERSON,,,MINOMA,AVE,,,DORMA,,,,,38.214943941,-85.740529141,0.107,9/29/2019 12:00:00 AM,1615,2,2,0,0,CLEAR,DRY,False,ANGLE COLLISION - OTHER,ANGLE,STRAIGHT & LEVEL,DAYLIGHT,,,9/30/2019 9:48:18 AM,False,5273,Accepted,
25882186,0568000,LOUISVILLE METRO POLICE DEPT,Accepted,JEFFERSON,KY1934,,GREENBELT,HWY,,,TRADE PORT,,,,,38.125415985,-85.893065936,2.882,9/29/2019 12:00:00 AM,2334,2,1,0,3,CLEAR,DRY,False,ANGLE COLLISION - OTHER,ANGLE,STRAIGHT & LEVEL,DARK-HWY LIGHTED/OFF,,,11/5/2019 8:40:02 AM,False,7264,Accepted,
25771610,0568000,LOUISVILLE METRO POLICE DEPT,Accepted,JEFFERSON,US0031W,,DIXIE,HWY,,,ORELL,,,,,38.075436866,-85.884492541,6.203,9/29/2019 12:00:00 AM,1716,2,2,0,6,CLEAR,DRY,False,ANGLE COLLISION - OTHER,ANGLE,STRAIGHT & LEVEL,DAYLIGHT,,,10/14/2019 8:35:41 AM,False,2217,Accepted,
25707799,0568000,LOUISVILLE METRO POLICE DEPT,Accepted,JEFFERSON,US0031E,,BARDSTOWN,RD,,,BONNYCASTLE,,,,,38.230786939,-85.704885904,14.380,9/29/2019 12:00:00 AM,1538,2,1,0,1,CLEAR,DRY,False,COLLISION WITH PEDESTRIAN IN INTERSECTION,SINGLE VEHICLE,STRAIGHT & LEVEL,DAYLIGHT,,,9/30/2019 9:49:02 AM,False,2100,Accepted,
25707813,0568000,LOUISVILLE METRO POLICE DEPT,Accepted,JEFFERSON,KY0841,,GENE SNYDER,FWY,,KY1865,NEW CUT,,,,,38.119577931,-85.771350672,6.371,9/29/2019 12:00:00 AM,1239,1,1,0,0,CLEAR,DRY,False,NON-COLLISION OBJECT COLLISION,SINGLE VEHICLE,STRAIGHT & LEVEL,DAYLIGHT,,,9/30/2019 9:49:50 AM,False,7224,Accepted,
25724062,0568000,LOUISVILLE METRO POLICE DEPT,Accepted,JEFFERSON,,,SALE,AVE,,US0060A,TAYLOR,,,,,38.197569245,-85.784703301,0.418,9/29/2019 12:00:00 AM,2100,2,2,0,0,CLEAR,DRY,True,COLLISION WITH PARKED VEHICLE,SIDESWIPE-SAME DIRECTION,STRAIGHT & LEVEL,DARK-HWY LIGHTED/ON,,,10/3/2019 8:15:05 AM,False,5139,Accepted,
25707830,0568000,LOUISVILLE METRO POLICE DEPT,Accepted,JEFFERSON,KY1020,,2ND,ST,S,,MUHAMMAD ALI,,,,,38.250778544,-85.754265795,12.437,9/29/2019 12:00:00 AM,1636,2,2,0,1,CLEAR,DRY,False,ANGLE COLLISION - ONE VEHICLE TURNING RIGHT,ANGLE,STRAIGHT & LEVEL,DAYLIGHT,,,9/30/2019 9:51:07 AM,False,5040,Accepted,
25707787,0568000,LOUISVILLE METRO POLICE DEPT,Accepted,JEFFERSON,,,FLOYD,ST,S,,ST CATHERINE,,,,,38.236485154,-85.751328525,1.341,9/29/2019 12:00:00 AM,1242,2,2,0,0,CLEAR,DRY,False,ANGLE COLLISION - ONE VEHICLE TURNING RIGHT,ANGLE,STRAIGHT & LEVEL,DAYLIGHT,,,9/30/2019 9:48:26 AM,False,5263,Accepted,
25707713,0568000,LOUISVILLE METRO POLICE DEPT,Accepted,JEFFERSON,,300,1ST,ST,S,,,,,,,38.252585344,-85.752248304,0.242,9/29/2019 12:00:00 AM,0138,1,1,0,0,CLEAR,DRY,True,COLLISION IN PARKING LOT,SINGLE VEHICLE,STRAIGHT & LEVEL,DARK-HWY LIGHTED/ON,,,9/30/2019 9:43:48 AM,False,5122,Accepted,
25705648,0560300,ST. MATTHEWS POLICE DEPARTMENT,Accepted,JEFFERSON,,6101,DUTCHMANS,LN,,,,,,,,38.227865839,-85.641867847,0.713,9/28/2019 12:00:00 AM,0115,2,2,0,0,CLEAR,DRY,False,COLLISION IN PARKING LOT,BACKING,STRAIGHT & LEVEL,DARK-HWY LIGHTED/ON,,,9/29/2019 11:55:33 PM,False,9164,Accepted,
25707750,0568000,LOUISVILLE METRO POLICE DEPT,Accepted,JEFFERSON,,3901,3RD,ST,S,,,,,,,38.200622620,-85.765076224,0.002,9/28/2019 12:00:00 AM,1745,2,2,0,0,CLEAR,DRY,True,COLLISION IN PARKING LOT,BACKING,STRAIGHT & LEVEL,DAYLIGHT,,,9/30/2019 9:46:46 AM,False,7251,Accepted,
25707710,0568000,LOUISVILLE METRO POLICE DEPT,Accepted,JEFFERSON,,,CECIL,AVE,,,HALE,,,,,38.241446252,-85.821573093,1.285,9/28/2019 12:00:00 AM,0630,2,2,0,1,CLEAR,DRY,False,ANGLE COLLISION - ONE VEHICLE TURNING RIGHT,ANGLE,STRAIGHT & LEVEL,DARK-HWY LIGHTED/ON,,,9/30/2019 9:43:38 AM,False,5181,Accepted,
25707599,0568000,LOUISVILLE METRO POLICE DEPT,Accepted,JEFFERSON,,,27TH,ST,S,,BROADWAY,,,,,38.249526369,-85.796617442,0.461,9/28/2019 12:00:00 AM,0336,2,2,0,0,CLEAR,DRY,False,ANGLE COLLISION - ONE VEHICLE TURNING RIGHT,ANGLE,STRAIGHT & LEVEL,DARK-HWY LIGHTED/ON,,,9/30/2019 9:35:44 AM,False,7417,Accepted,