IncidentID,AgencyORI,AgencyName,IncidentStatusDesc,County,RdwyNumber,Street,RoadwayName,StreetSfx,StreetDir,IntersectionRdwy,IntersectionRdwyName,BetweenStRdwy1,BetweenStRdwyName1,BetweenStRdwy2,BetweenStRdwyName2,Latitude,Longitude,Milepoint,CollisionDate,CollisionTime,UnitsInvolved,MotorVehiclesInvolved,NumberKilled,NumberInjured,Weather,RdwyConditionCode,HitandRun,DirAnalysisCode,MannerofCollision,RdwyCharacter,LightCondition,RampFromRdwyId,RampToRdwyId,AcceptedDate,IsSecondaryCollision,OwnerBadge,IncidentStatus,
25707697,0568000,LOUISVILLE METRO POLICE DEPT,Accepted,JEFFERSON,,1421,CENTRAL,AVE,,,LINDBERGH,,,,,38.212624878,-85.780977719,1.534,9/28/2019 12:00:00 AM,0435,2,2,0,1,CLEAR,DRY,False,COLLISION WITH PARKED VEHICLE,REAR END,STRAIGHT & LEVEL,DARK-HWY LIGHTED/ON,,,9/30/2019 9:42:36 AM,False,7435,Accepted,
25724066,0568000,LOUISVILLE METRO POLICE DEPT,Accepted,JEFFERSON,,,15TH,ST,N,,PORTLAND,,,,,38.262103617,-85.774194082,0.242,9/28/2019 12:00:00 AM,2040,1,1,0,0,CLEAR,DRY,False,COLLISION WITH FIXED OBJECT IN INTERSECTION - FIRST EVENT COLLISION 09 - 32,SINGLE VEHICLE,CURVE & LEVEL,DARK-HWY LIGHTED/ON,,,10/3/2019 8:16:44 AM,False,5047,Accepted,
25707651,0568000,LOUISVILLE METRO POLICE DEPT,Accepted,JEFFERSON,,,ROCHELLE,RD,,KY1065,OUTER,,,,,38.137075066,-85.634854949,0.038,9/28/2019 12:00:00 AM,1455,1,1,0,0,CLEAR,DRY,False,COLLISION WITH FIXED OBJECT IN INTERSECTION - FIRST EVENT COLLISION 09 - 32,SINGLE VEHICLE,STRAIGHT & LEVEL,DAYLIGHT,,,9/30/2019 9:40:10 AM,False,5284,Accepted,
25707691,0568000,LOUISVILLE METRO POLICE DEPT,Accepted,JEFFERSON,,,CHESTNUT,ST,W,,1ST,,,,,38.248400308,-85.752916632,2.636,9/28/2019 12:00:00 AM,1535,2,2,0,0,CLEAR,DRY,False,COLLISION WITH FIXED OBJECT IN INTERSECTION - FIRST EVENT COLLISION 09 - 32,ANGLE,STRAIGHT & LEVEL,DAYLIGHT,,,9/30/2019 9:42:14 AM,False,5124,Accepted,
25719061,0568000,LOUISVILLE METRO POLICE DEPT,Accepted,JEFFERSON,US0031E,,MARKET,ST,E,KY0061,PRESTON,,,,,38.254090525,-85.746113100,17.373,9/28/2019 12:00:00 AM,0546,3,1,0,1,CLEAR,DRY,True,ANGLE COLLISION - OTHER,ANGLE,STRAIGHT & LEVEL,DARK-HWY LIGHTED/ON,,,10/2/2019 8:22:15 AM,False,5195,Accepted,
25724081,0568000,LOUISVILLE METRO POLICE DEPT,Accepted,JEFFERSON,KY0907,,3RD ST,RD,,,LAKERIDGE,,,,,38.116511530,-85.812149563,3.371,9/28/2019 12:00:00 AM,1854,2,2,0,0,CLEAR,DRY,False,ANGLE COLLISION - OTHER,ANGLE,STRAIGHT & GRADE,DARK-HWY LIGHTED/ON,,,10/3/2019 8:17:58 AM,False,2457,Accepted,
25707715,0568000,LOUISVILLE METRO POLICE DEPT,Accepted,JEFFERSON,KY2055,,MANSLICK,RD,W,,OLD NEW CUT,,,,,38.115474560,-85.784348317,3.089,9/28/2019 12:00:00 AM,1949,2,2,0,2,CLEAR,DRY,False,ANGLE COLLISION - OTHER,ANGLE,STRAIGHT & LEVEL,DARK-HWY LIGHTED/OFF,,,9/30/2019 9:43:51 AM,False,5170,Accepted,
25707731,0568000,LOUISVILLE METRO POLICE DEPT,Accepted,JEFFERSON,,,WOODLAWN,AVE,W,,CLIFF,,,,,38.182772465,-85.776272082,0.222,9/28/2019 12:00:00 AM,1655,2,2,0,0,CLEAR,DRY,True,ANGLE COLLISION - OTHER,ANGLE,STRAIGHT & LEVEL,DAYLIGHT,,,9/30/2019 9:46:03 AM,False,7207,Accepted,
25707683,0568000,LOUISVILLE METRO POLICE DEPT,Accepted,JEFFERSON,US0060,,SHELBYVILLE,RD,,,DORSEY,,,,,38.245653850,-85.567656635,8.352,9/28/2019 12:00:00 AM,1312,2,2,0,0,CLEAR,DRY,True,ANGLE COLLISION - OTHER,ANGLE,STRAIGHT & LEVEL,DAYLIGHT,,,9/30/2019 9:41:41 AM,False,2346,Accepted,
25707665,0568000,LOUISVILLE METRO POLICE DEPT,Accepted,JEFFERSON,KY1703,,BAXTER,AVE,,,HEPBURN,,,,,38.239072719,-85.723356522,5.600,9/28/2019 12:00:00 AM,1604,2,2,0,1,CLEAR,DRY,False,ANGLE COLLISION - OTHER,ANGLE,STRAIGHT & LEVEL,DAYLIGHT,,,9/30/2019 9:41:09 AM,False,7900,Accepted,
25707707,0568000,LOUISVILLE METRO POLICE DEPT,Accepted,JEFFERSON,KY1865,,TAYLOR,BLVD,,,ASHLAND,,,,,38.186640014,-85.783807086,5.530,9/28/2019 12:00:00 AM,0610,3,3,0,0,CLEAR,DRY,False,ANGLE COLLISION - OTHER,ANGLE,STRAIGHT & LEVEL,DAYLIGHT,,,9/30/2019 9:43:15 AM,False,5127,Accepted,
25707703,0568000,LOUISVILLE METRO POLICE DEPT,Accepted,JEFFERSON,,,34TH,ST,S,,VIRGINIA,,,,,38.239026399,-85.810307572,1.630,9/28/2019 12:00:00 AM,1952,2,2,0,2,CLEAR,DRY,False,ANGLE COLLISION - OTHER,ANGLE,STRAIGHT & LEVEL,DARK-HWY LIGHTED/ON,,,9/30/2019 9:43:01 AM,False,7349,Accepted,
25707678,0568000,LOUISVILLE METRO POLICE DEPT,Accepted,JEFFERSON,,,ST CATHERINE,ST,W,KY1020,2ND,,,,,38.237055620,-85.756583520,0.091,9/28/2019 12:00:00 AM,0718,2,2,0,0,CLEAR,DRY,False,ANGLE COLLISION - OTHER,ANGLE,STRAIGHT & LEVEL,DAYLIGHT,,,9/30/2019 9:41:28 AM,False,7619,Accepted,
25707685,0568000,LOUISVILLE METRO POLICE DEPT,Accepted,JEFFERSON,KY0061,,PRESTON,HWY,,,TRIO,,,,,38.130027234,-85.682090951,3.315,9/28/2019 12:00:00 AM,1441,2,2,0,0,CLEAR,DRY,True,ANGLE COLLISION - OTHER,ANGLE,STRAIGHT & LEVEL,DAYLIGHT,,,9/30/2019 9:41:49 AM,False,7397,Accepted,
25707727,0568000,LOUISVILLE METRO POLICE DEPT,Accepted,JEFFERSON,KY1727,,TERRY,RD,,KY1931,GREENWOOD,,,,,38.145045576,-85.871834183,1.578,9/28/2019 12:00:00 AM,1342,2,2,0,0,CLEAR,DRY,False,ANGLE COLLISION - OTHER,ANGLE,STRAIGHT & LEVEL,DAYLIGHT,,,9/30/2019 9:45:20 AM,False,7485,Accepted,
25707593,0568000,LOUISVILLE METRO POLICE DEPT,Accepted,JEFFERSON,KY0864,,POPLAR LEVEL,RD,,,SHADY VILLA,,,,,38.163141434,-85.678774336,8.548,9/28/2019 12:00:00 AM,0238,2,2,0,0,CLEAR,DRY,False,OPPOSING LEFT TURN,OPPOSING LEFT TURN,STRAIGHT & LEVEL,DARK-HWY LIGHTED/ON,,,9/30/2019 9:35:31 AM,False,5265,Accepted,
25707701,0568000,LOUISVILLE METRO POLICE DEPT,Accepted,JEFFERSON,KY1447,,WESTPORT,RD,,,SPRINGHURST,,,,,38.293872913,-85.559279438,6.038,9/28/2019 12:00:00 AM,2153,2,2,0,1,CLEAR,DRY,False,OPPOSING LEFT TURN,OPPOSING LEFT TURN,STRAIGHT & HILLCREST,DARK-HWY LIGHTED/ON,,,9/30/2019 9:42:54 AM,False,5102,Accepted,
25707728,0568000,LOUISVILLE METRO POLICE DEPT,Accepted,JEFFERSON,,,4TH,ST,S,US0060A,WINKLER,,,,,38.210268958,-85.764638313,3.219,9/28/2019 12:00:00 AM,1555,3,3,0,1,CLEAR,DRY,False,OPPOSITE DIRECTION - BOTH VEHICLES GOING STRAIGHT AHEAD,SIDESWIPE-OPPOSITE DIRECTION,STRAIGHT & LEVEL,DAYLIGHT,,,9/30/2019 9:45:26 AM,False,5286,Accepted,
25724000,0568000,LOUISVILLE METRO POLICE DEPT,Accepted,JEFFERSON,I 0264,,,,,KY2056,BELLS,,,,,38.222372981,-85.821427436,0.186,9/28/2019 12:00:00 AM,1405,2,2,0,0,CLEAR,DRY,False,OTHER INTERSECTION COLLISIONS,REAR END,STRAIGHT & HILLCREST,DAYLIGHT,,,10/3/2019 8:07:48 AM,False,6860,Accepted,
25707606,0568000,LOUISVILLE METRO POLICE DEPT,Accepted,JEFFERSON,,,ALETHA,DR,,,,,,,,38.166154044,-85.678236406,0.139,9/28/2019 12:00:00 AM,0358,1,1,0,0,CLEAR,DRY,False,COLLISION WITH FIXED OBJECT NON - INTERSECTION - FIRST EVENT COLLISION 09 - 32 EXCLUDING 16,SINGLE VEHICLE,STRAIGHT & GRADE,DARK-HWY NOT LIGHTED,,,9/30/2019 9:36:02 AM,False,7419,Accepted,
25707629,0568000,LOUISVILLE METRO POLICE DEPT,Accepted,JEFFERSON,KY1020,10807,NATIONAL,TPKE,,,,,,,,38.094607336,-85.730696485,0.944,9/28/2019 12:00:00 AM,0918,1,1,0,0,CLEAR,DRY,False,COLLISION WITH FIXED OBJECT NON - INTERSECTION - FIRST EVENT COLLISION 09 - 32 EXCLUDING 16,SINGLE VEHICLE,CURVE & LEVEL,DAYLIGHT,,,9/30/2019 9:37:58 AM,False,7373,Accepted,
25707723,0568000,LOUISVILLE METRO POLICE DEPT,Accepted,JEFFERSON,US0060A,,TAYLOR,BLVD,,,CENTRAL,,,,,38.206329706,-85.776189486,2.293,9/28/2019 12:00:00 AM,2354,2,2,0,0,CLEAR,DRY,False,OTHER INTERSECTION COLLISIONS,REAR END,STRAIGHT & LEVEL,DARK-HWY LIGHTED/ON,,,9/30/2019 9:44:49 AM,False,7435,Accepted,
25707823,0568000,LOUISVILLE METRO POLICE DEPT,Accepted,JEFFERSON,US0031W,,DIXIE,HWY,,KY0907,VALLEY STATION,,,,,38.107526035,-85.866802512,8.625,9/28/2019 12:00:00 AM,1720,2,2,0,0,CLEAR,DRY,False,OTHER INTERSECTION COLLISIONS,REAR END,STRAIGHT & LEVEL,DAYLIGHT,,,9/30/2019 9:50:35 AM,False,2936,Accepted,
25707645,0568000,LOUISVILLE METRO POLICE DEPT,Accepted,JEFFERSON,,,3RD,ST,S,,WHITNEY,,,,,38.193968779,-85.764965225,0.458,9/28/2019 12:00:00 AM,1426,2,2,0,0,CLEAR,DRY,False,OTHER INTERSECTION COLLISIONS,REAR END,STRAIGHT & LEVEL,DAYLIGHT,,,9/30/2019 9:39:42 AM,False,7251,Accepted,
25707638,0568000,LOUISVILLE METRO POLICE DEPT,Accepted,JEFFERSON,KY1931,,GREENWOOD,RD,,US0031W,DIXIE,,,,,38.143460292,-85.839780079,3.133,9/28/2019 12:00:00 AM,1127,2,2,0,0,CLEAR,DRY,False,OTHER INTERSECTION COLLISIONS,REAR END,STRAIGHT & LEVEL,DAYLIGHT,,,9/30/2019 9:38:58 AM,False,7224,Accepted,
25707654,0568000,LOUISVILLE METRO POLICE DEPT,Accepted,JEFFERSON,KY1865,,TAYLOR,BLVD,,,HASKIN,,,,,38.172595023,-85.782020552,4.531,9/28/2019 12:00:00 AM,1319,3,3,0,2,CLEAR,DRY,True,OTHER INTERSECTION COLLISIONS,REAR END,STRAIGHT & LEVEL,DAYLIGHT,,,9/30/2019 9:40:21 AM,False,5263,Accepted,
25707725,0568000,LOUISVILLE METRO POLICE DEPT,Accepted,JEFFERSON,KY1747,,FERN VALLEY,RD,,KY0864,FEGENBUSH,,,,,38.161102634,-85.640812696,5.126,9/28/2019 12:00:00 AM,1902,2,2,0,0,CLEAR,DRY,True,OTHER INTERSECTION COLLISIONS,REAR END,STRAIGHT & LEVEL,DAYLIGHT,,,9/30/2019 9:45:01 AM,False,6937,Accepted,
25707643,0568000,LOUISVILLE METRO POLICE DEPT,Accepted,JEFFERSON,US0060,,SHELBYVILLE,RD,,,MOSER,,,,,38.245049963,-85.559108193,8.830,9/28/2019 12:00:00 AM,1404,2,2,0,0,CLEAR,DRY,False,OTHER INTERSECTION COLLISIONS,REAR END,STRAIGHT & LEVEL,DAYLIGHT,,,9/30/2019 9:39:26 AM,False,2346,Accepted,
25707639,0568000,LOUISVILLE METRO POLICE DEPT,Accepted,JEFFERSON,,,JOHNSONTOWN,RD,,KY1727,TERRY,,,,,38.121743392,-85.874739188,1.037,9/28/2019 12:00:00 AM,1248,2,2,0,1,CLEAR,DRY,False,OTHER INTERSECTION COLLISIONS,REAR END,STRAIGHT & LEVEL,DAYLIGHT,,,9/30/2019 9:39:03 AM,False,7224,Accepted,
25713015,0568000,LOUISVILLE METRO POLICE DEPT,Accepted,JEFFERSON,I 0065,,I65 S,,,I 0065,I65 S EXIT136C OFF RAMP TO  E JEFFERSON ST,,,,,38.252423765,-85.746232436,135.893,9/28/2019 12:00:00 AM,1638,2,2,0,0,CLEAR,DRY,False,SIDESWIPE-SAME DIRECTION,SIDESWIPE-SAME DIRECTION,STRAIGHT & LEVEL,DAYLIGHT,,,10/1/2019 8:15:57 AM,False,7058,Accepted,
25713038,0568000,LOUISVILLE METRO POLICE DEPT,Accepted,JEFFERSON,US0031E,,MARKET,ST,E,,HANCOCK,,,,,38.253641271,-85.742188431,17.165,9/28/2019 12:00:00 AM,1838,2,2,0,0,CLEAR,DRY,False,SIDESWIPE-SAME DIRECTION,SIDESWIPE-SAME DIRECTION,STRAIGHT & LEVEL,DAYLIGHT,,,10/1/2019 8:16:46 AM,False,7058,Accepted,
25707659,0568000,LOUISVILLE METRO POLICE DEPT,Accepted,JEFFERSON,KY0022,,BALLARDSVILLE,RD,,,MURPHY,,,,,38.317679294,-85.539703677,6.037,9/28/2019 12:00:00 AM,1517,2,2,0,0,CLEAR,DRY,True,SIDESWIPE-SAME DIRECTION,SIDESWIPE-SAME DIRECTION,,DAYLIGHT,,,9/30/2019 9:40:54 AM,True,7313,Accepted,
25707758,0568000,LOUISVILLE METRO POLICE DEPT,Accepted,JEFFERSON,KY1747,,HURSTBOURNE,PKWY,S,,STONY BROOK,,,,,38.171121504,-85.604518206,7.628,9/28/2019 12:00:00 AM,1624,2,2,0,0,CLEAR,DRY,False,SIDESWIPE-SAME DIRECTION,SIDESWIPE-SAME DIRECTION,STRAIGHT & LEVEL,DAYLIGHT,,,9/30/2019 9:46:59 AM,False,2321,Accepted,
25707636,0568000,LOUISVILLE METRO POLICE DEPT,Accepted,JEFFERSON,US0031W,,DIXIE,HWY,,,BLANTON,,,,,38.157676186,-85.833974821,12.521,9/28/2019 12:00:00 AM,1009,2,2,0,0,CLEAR,DRY,True,SIDESWIPE-SAME DIRECTION,SIDESWIPE-SAME DIRECTION,STRAIGHT & LEVEL,DAYLIGHT,,,9/30/2019 9:38:44 AM,False,7224,Accepted,
25713160,0568000,LOUISVILLE METRO POLICE DEPT,Accepted,JEFFERSON,,,WITHERSPOON,ST,E,,RIVER,,,,,38.258106599,-85.745421488,0.298,9/28/2019 12:00:00 AM,1738,2,2,0,0,CLEAR,DRY,False,OTHER INTERSECTION COLLISIONS,REAR END,STRAIGHT & LEVEL,DAYLIGHT,,,10/1/2019 8:33:33 AM,False,7058,Accepted,
25715268,0561500,UNIV. OF LOUISVILLE POLICE,Accepted,JEFFERSON,KY1020,,3RD,ST,S,,CENTRAL,,,,,38.204782770,-85.763992003,9.474,9/28/2019 12:00:00 AM,1931,2,2,0,0,CLEAR,DRY,False,OTHER INTERSECTION COLLISIONS,REAR END,STRAIGHT & LEVEL,DAYLIGHT,,,10/1/2019 2:06:57 PM,False,5666,Accepted,
25730183,0568000,LOUISVILLE METRO POLICE DEPT,Accepted,JEFFERSON,,,CENTRAL,AVE,,,HELM,,,,,38.202899323,-85.754001303,0.181,9/28/2019 12:00:00 AM,1854,2,2,0,0,CLEAR,DRY,False,SIDESWIPE-SAME DIRECTION,SIDESWIPE-SAME DIRECTION,STRAIGHT & GRADE,DUSK,,,10/4/2019 8:32:21 AM,False,5052,Accepted,
25707642,0568000,LOUISVILLE METRO POLICE DEPT,Accepted,JEFFERSON,,,KRIEGER,ST,,KY0864,GOSS,,,,,38.228373354,-85.737245820,,9/28/2019 12:00:00 AM,1020,2,2,0,0,,,True,HEAD-ON COLLISION,HEAD ON,,,,,9/30/2019 9:39:21 AM,False,5240,Accepted,
25707733,0568000,LOUISVILLE METRO POLICE DEPT,Accepted,JEFFERSON,KY0841,,GENE SNYDER,FWY,,,,,,,,38.111384367,-85.801335238,4.580,9/28/2019 12:00:00 AM,1530,1,1,0,0,CLEAR,DRY,False,OTHER COLLISIONS ON SHOULDER,SINGLE VEHICLE,STRAIGHT & LEVEL,DAYLIGHT,,,9/30/2019 9:46:07 AM,False,7174,Accepted,
25707722,0568000,LOUISVILLE METRO POLICE DEPT,Accepted,JEFFERSON,I 0264,,I264 E,,,,,,,,,38.201739537,-85.689505874,14.471,9/28/2019 12:00:00 AM,1135,2,2,0,2,CLEAR,DRY,False,OTHER COLLISIONS ON SHOULDER,REAR TO REAR,STRAIGHT & LEVEL,DAYLIGHT,,,9/30/2019 9:44:41 AM,False,6813,Accepted,
25707849,0568000,LOUISVILLE METRO POLICE DEPT,Accepted,JEFFERSON,,,DUMESNIL,ST,,,,,34TH,,32ND,38.237621191,-85.810152431,0.549,9/28/2019 12:00:00 AM,2130,4,4,0,1,CLEAR,DRY,False,1 VEHICLE PARKED POSITION (NOT PARKING LOT/DRIVEWAY),REAR END,STRAIGHT & LEVEL,DARK-HWY LIGHTED/ON,,,9/30/2019 9:52:18 AM,False,5229,Accepted,
25707735,0568000,LOUISVILLE METRO POLICE DEPT,Accepted,JEFFERSON,,,HILL,ST,W,,,,1ST,KY1020,2ND,38.225593332,-85.757978280,0.037,9/28/2019 12:00:00 AM,1414,2,2,0,1,CLEAR,DRY,False,1 VEHICLE PARKED POSITION (NOT PARKING LOT/DRIVEWAY),SIDESWIPE-SAME DIRECTION,STRAIGHT & LEVEL,DAYLIGHT,,,9/30/2019 9:46:12 AM,False,7619,Accepted,
25707652,0568000,LOUISVILLE METRO POLICE DEPT,Accepted,JEFFERSON,,835,37TH,ST,S,,,,GARLAND,,DOERHOEFER,38.247303217,-85.812896665,0.190,9/28/2019 12:00:00 AM,1412,2,2,0,0,CLEAR,DRY,False,1 VEHICLE PARKED POSITION (NOT PARKING LOT/DRIVEWAY),SIDESWIPE-SAME DIRECTION,STRAIGHT & LEVEL,DAYLIGHT,,,9/30/2019 9:40:14 AM,False,7328,Accepted,
25707704,0568000,LOUISVILLE METRO POLICE DEPT,Accepted,JEFFERSON,,316,21ST,ST,N,,,,,,,38.263068021,-85.783558411,0.213,9/28/2019 12:00:00 AM,2225,2,2,0,0,CLEAR,DRY,False,1 VEHICLE PARKED POSITION (NOT PARKING LOT/DRIVEWAY),SIDESWIPE-SAME DIRECTION,STRAIGHT & LEVEL,DARK-HWY NOT LIGHTED,,,9/30/2019 9:43:04 AM,False,5148,Accepted,
25718727,0568000,LOUISVILLE METRO POLICE DEPT,Accepted,JEFFERSON,,127,CORAL,AVE,,,,,,,,38.255741684,-85.710655200,0.057,9/28/2019 12:00:00 AM,1935,2,2,0,0,CLEAR,DRY,True,1 VEHICLE PARKED POSITION (NOT PARKING LOT/DRIVEWAY),SIDESWIPE-SAME DIRECTION,STRAIGHT & HILLCREST,DUSK,,,10/2/2019 8:32:30 AM,False,7833,Accepted,
25707648,0568000,LOUISVILLE METRO POLICE DEPT,Accepted,JEFFERSON,KY6304,,OLD PRESTON,HWY,,,,,,,,38.099638124,-85.671882886,0.260,9/28/2019 12:00:00 AM,1210,3,3,0,0,CLEAR,DRY,False,REAR END IN TRAFFIC LANES BOTH VEHICLES MOVING,REAR END,STRAIGHT & LEVEL,DAYLIGHT,,,9/30/2019 9:39:56 AM,False,7989,Accepted,
25707684,0568000,LOUISVILLE METRO POLICE DEPT,Accepted,JEFFERSON,KY1065,,OUTER,LOOP,,,,,ZENITH,,JOYCE,38.138257880,-85.645862851,8.255,9/28/2019 12:00:00 AM,1712,2,2,0,0,CLEAR,DRY,False,REAR END IN TRAFFIC LANES BOTH VEHICLES MOVING,REAR END,STRAIGHT & LEVEL,DAYLIGHT,,,9/30/2019 9:41:44 AM,False,2547,Accepted,
25707699,0568000,LOUISVILLE METRO POLICE DEPT,Accepted,JEFFERSON,KY1747,,HURSTBOURNE,PKWY,S,,,,HURSTBOURNE,KY1747,KY1747 CROSSOVER,38.217260572,-85.587450876,11.259,9/28/2019 12:00:00 AM,1849,2,2,0,1,CLOUDY,DRY,False,REAR END IN TRAFFIC LANES BOTH VEHICLES MOVING,REAR END,STRAIGHT & LEVEL,DAYLIGHT,,,9/30/2019 9:42:46 AM,False,6100,Accepted,
25707752,0568000,LOUISVILLE METRO POLICE DEPT,Accepted,JEFFERSON,KY3084,,OLD HENRY,RD,,,,,,,,38.269154888,-85.503032420,1.043,9/28/2019 12:00:00 AM,1516,2,2,0,0,CLEAR,DRY,False,REAR END IN TRAFFIC LANES BOTH VEHICLES MOVING,REAR END,STRAIGHT & GRADE,DAYLIGHT,,,9/30/2019 9:46:50 AM,False,7899,Accepted,
25707720,0568000,LOUISVILLE METRO POLICE DEPT,Accepted,JEFFERSON,KY1932,,BRECKENRIDGE,LN,,I 0264,I264 E EXIT18 ON RAMP FROM KY1932 S,,,,,38.228320352,-85.636272015,3.508,9/28/2019 12:00:00 AM,2154,2,2,0,0,CLEAR,DRY,False,REAR END IN TRAFFIC LANES BOTH VEHICLES MOVING,REAR END,STRAIGHT & GRADE,DARK-HWY LIGHTED/ON,,,9/30/2019 9:44:26 AM,False,7101,Accepted,
25730012,0568000,LOUISVILLE METRO POLICE DEPT,Accepted,JEFFERSON,US0060A,3105,LEXINGTON,RD,,,,,,,,38.248640421,-85.676940960,9.423,9/28/2019 12:00:00 AM,1029,2,2,0,0,CLEAR,DRY,False,REAR END IN TRAFFIC LANES BOTH VEHICLES MOVING,REAR END,STRAIGHT & LEVEL,DAYLIGHT,,,10/4/2019 8:12:53 AM,True,7632,Accepted,
25707709,0568000,LOUISVILLE METRO POLICE DEPT,Accepted,JEFFERSON,KY3064,,PORTLAND,AVE,,,,,24TH,,26TH,38.270565711,-85.788554808,0.361,9/28/2019 12:00:00 AM,2133,2,2,0,1,CLEAR,DRY,False,SIDESWIPE COLLISION - SAME DIRECTION,SIDESWIPE-SAME DIRECTION,STRAIGHT & LEVEL,DARK-HWY LIGHTED/ON,,,9/30/2019 9:43:32 AM,False,5047,Accepted,
25707729,0568000,LOUISVILLE METRO POLICE DEPT,Accepted,JEFFERSON,I 0264,,I264 W,,,,,,,,,38.200380893,-85.698532647,13.976,9/28/2019 12:00:00 AM,1029,2,2,0,0,CLEAR,DRY,True,SIDESWIPE COLLISION - SAME DIRECTION,SIDESWIPE-SAME DIRECTION,STRAIGHT & LEVEL,DAYLIGHT,,,9/30/2019 9:45:42 AM,False,7898,Accepted,
25707647,0568000,LOUISVILLE METRO POLICE DEPT,Accepted,JEFFERSON,,,OXMOOR,LN,,,,,,,,38.249315320,-85.613372046,0.003,9/28/2019 12:00:00 AM,1438,2,2,0,0,CLEAR,DRY,False,SIDESWIPE COLLISION - SAME DIRECTION,SIDESWIPE-SAME DIRECTION,STRAIGHT & LEVEL,DAYLIGHT,,,9/30/2019 9:39:52 AM,False,6314,Accepted,
25707702,0568000,LOUISVILLE METRO POLICE DEPT,Accepted,JEFFERSON,I 0064,,I64 E,,,,,,,,,38.276790057,-85.820141133,0.340,9/28/2019 12:00:00 AM,2335,2,2,0,0,CLEAR,DRY,False,SIDESWIPE COLLISION - SAME DIRECTION,SIDESWIPE-SAME DIRECTION,CURVE & LEVEL,DARK-HWY LIGHTED/ON,,,9/30/2019 9:42:57 AM,False,7343,Accepted,
25707825,0568000,LOUISVILLE METRO POLICE DEPT,Accepted,JEFFERSON,US0031W,,DIXIE,HWY,,,,,PENDLETON,,SAPPENFIELD,38.061484356,-85.886890121,5.232,9/28/2019 12:00:00 AM,1444,2,2,0,1,CLEAR,DRY,False,1 VEHICLE ENTERING/LEAVING ENTRANCE,ANGLE,STRAIGHT & LEVEL,DAYLIGHT,,,9/30/2019 9:50:44 AM,False,7634,Accepted,
25707681,0568000,LOUISVILLE METRO POLICE DEPT,Accepted,JEFFERSON,US0031E,,BARDSTOWN,RD,,,,,,,,38.201299505,-85.663462042,11.230,9/28/2019 12:00:00 AM,1700,2,2,0,0,CLEAR,DRY,False,1 VEHICLE ENTERING/LEAVING ENTRANCE,ANGLE,STRAIGHT & GRADE,DAYLIGHT,,,9/30/2019 9:41:31 AM,False,5130,Accepted,
25707656,0568000,LOUISVILLE METRO POLICE DEPT,Accepted,JEFFERSON,,,ST JAMES,CT,,,,,,,,38.228686974,-85.762989010,0.047,9/28/2019 12:00:00 AM,1650,2,2,0,0,CLEAR,DRY,False,VEHICLE BACKING NON INTERSECTION,BACKING,STRAIGHT & LEVEL,DAYLIGHT,,,9/30/2019 9:40:32 AM,False,7296,Accepted,
25707688,0568000,LOUISVILLE METRO POLICE DEPT,Accepted,JEFFERSON,,,KNOLL GATE,RD,,,,,RUNDILL,,AMPHITHEATER,38.162112032,-85.779861156,0.059,9/28/2019 12:00:00 AM,1753,2,2,0,0,CLEAR,DRY,False,VEHICLE BACKING NON INTERSECTION,BACKING,STRAIGHT & GRADE,DAYLIGHT,,,9/30/2019 9:42:02 AM,False,7232,Accepted,
25707653,0568000,LOUISVILLE METRO POLICE DEPT,Accepted,JEFFERSON,,2055,DOUGLASS,BLVD,,,,,,,,38.225889717,-85.691403304,0.732,9/28/2019 12:00:00 AM,1509,2,2,0,0,CLEAR,DRY,False,1 VEHICLE ENTERING/LEAVING ENTRANCE,ANGLE,STRAIGHT & LEVEL,DAYLIGHT,,,9/30/2019 9:40:17 AM,False,2100,Accepted,
25707646,0568000,LOUISVILLE METRO POLICE DEPT,Accepted,JEFFERSON,US0031E,,BARDSTOWN,RD,,,,KY1065,BEULAH CHURCH,,CEDARLOOK,38.148887290,-85.586755497,5.478,9/28/2019 12:00:00 AM,1400,2,2,0,0,CLEAR,DRY,False,1 VEHICLE ENTERING/LEAVING ENTRANCE,ANGLE,STRAIGHT & GRADE,DAYLIGHT,,,9/30/2019 9:39:47 AM,False,5295,Accepted,
25707637,0568000,LOUISVILLE METRO POLICE DEPT,Accepted,JEFFERSON,KY1931,,MANSLICK,RD,,,,,LEDGEWOOD,,PARKWOOD,38.163945438,-85.797679807,6.147,9/28/2019 12:00:00 AM,1020,2,2,0,0,CLEAR,DRY,False,1 VEHICLE ENTERING/LEAVING ENTRANCE,ANGLE,STRAIGHT & LEVEL,DAYLIGHT,,,9/30/2019 9:38:48 AM,False,7224,Accepted,
25707687,0568000,LOUISVILLE METRO POLICE DEPT,Accepted,JEFFERSON,KY0061,,PRESTON,HWY,,,,,OLD FERN VALLEY,KY1747,FERN VALLEY,38.155400344,-85.696241882,5.237,9/28/2019 12:00:00 AM,1655,2,2,0,0,CLEAR,DRY,False,1 VEHICLE ENTERING/LEAVING ENTRANCE,ANGLE,STRAIGHT & LEVEL,DAYLIGHT,,,9/30/2019 9:41:58 AM,False,7397,Accepted,
25707719,0568000,LOUISVILLE METRO POLICE DEPT,Accepted,JEFFERSON,,,4TH,ST,S,,,,,,,38.220379998,-85.762945236,2.482,9/28/2019 12:00:00 AM,2026,2,2,0,0,CLEAR,DRY,False,OTHER ROADWAY OR MID-BLOCK COLLISION,REAR END,STRAIGHT & LEVEL,DARK-HWY LIGHTED/ON,,,9/30/2019 9:44:19 AM,False,5123,Accepted,
25707686,0568000,LOUISVILLE METRO POLICE DEPT,Accepted,JEFFERSON,KY1065,,OUTER,LOOP,,,,,LONE OAK,,BRIARCLIFF,38.137593090,-85.690224827,5.857,9/28/2019 12:00:00 AM,1553,2,2,0,0,CLEAR,DRY,False,OTHER ROADWAY OR MID-BLOCK COLLISION,REAR END,STRAIGHT & LEVEL,DAYLIGHT,,,9/30/2019 9:41:52 AM,False,7397,Accepted,