IncidentID,AgencyORI,AgencyName,IncidentStatusDesc,County,RdwyNumber,Street,RoadwayName,StreetSfx,StreetDir,IntersectionRdwy,IntersectionRdwyName,BetweenStRdwy1,BetweenStRdwyName1,BetweenStRdwy2,BetweenStRdwyName2,Latitude,Longitude,Milepoint,CollisionDate,CollisionTime,UnitsInvolved,MotorVehiclesInvolved,NumberKilled,NumberInjured,Weather,RdwyConditionCode,HitandRun,DirAnalysisCode,MannerofCollision,RdwyCharacter,LightCondition,RampFromRdwyId,RampToRdwyId,AcceptedDate,IsSecondaryCollision,OwnerBadge,IncidentStatus,
25707635,0568000,LOUISVILLE METRO POLICE DEPT,Accepted,JEFFERSON,US0031E,,BARDSTOWN,RD,,,,,HIDDEN VALLEY FARM,,OAKLAND HILLS,38.084611835,-85.555322057,0.649,9/28/2019 12:00:00 AM,1215,3,3,0,1,CLEAR,DRY,False,OTHER ROADWAY OR MID-BLOCK COLLISION,REAR END,STRAIGHT & LEVEL,DAYLIGHT,,,9/30/2019 9:38:33 AM,False,6878,Accepted,
25707476,0568000,LOUISVILLE METRO POLICE DEPT,Accepted,JEFFERSON,KY1447,,WESTPORT,RD,,,,I 0265,I265 S EXIT33 OFF RAMP TO KY1447,I 0265,I265 N EXIT33 OFF RAMP TO KY1447,38.297376882,-85.549308290,6.621,9/27/2019 12:00:00 AM,0745,2,2,0,0,CLEAR,DRY,False,OTHER ROADWAY OR MID-BLOCK COLLISION,REAR END,STRAIGHT & LEVEL,DAYLIGHT,,,9/30/2019 9:28:26 AM,False,7751,Accepted,
25707502,0568000,LOUISVILLE METRO POLICE DEPT,Accepted,JEFFERSON,KY1065,,OUTER,LOOP,,,,,,,,38.137509080,-85.632316536,9.039,9/27/2019 12:00:00 AM,1201,2,2,0,0,CLEAR,DRY,False,OTHER ROADWAY OR MID-BLOCK COLLISION,OPPOSING LEFT TURN,STRAIGHT & LEVEL,DAYLIGHT,,,9/30/2019 9:30:22 AM,False,4693,Accepted,
25707426,0568000,LOUISVILLE METRO POLICE DEPT,Accepted,JEFFERSON,I 0065,,,,,,,,,,,38.190715893,-85.719963840,0.534,9/27/2019 12:00:00 AM,1256,2,2,0,2,CLEAR,DRY,False,OTHER ROADWAY OR MID-BLOCK COLLISION,REAR END,STRAIGHT & LEVEL,DAYLIGHT,,,9/30/2019 9:24:54 AM,False,5124,Accepted,
25707452,0568000,LOUISVILLE METRO POLICE DEPT,Accepted,JEFFERSON,,3041,WILSON,AVE,,,,,,,,38.224968325,-85.808773680,2.130,9/27/2019 12:00:00 AM,1429,2,2,0,0,CLEAR,DRY,False,OTHER ROADWAY OR MID-BLOCK COLLISION,REAR END,STRAIGHT & LEVEL,DAYLIGHT,,,9/30/2019 9:26:06 AM,False,6860,Accepted,
25707450,0568000,LOUISVILLE METRO POLICE DEPT,Accepted,JEFFERSON,I 0264,,,,,,,,,,,38.196173561,-85.707483739,0.233,9/27/2019 12:00:00 AM,1520,2,2,0,0,CLEAR,DRY,False,OTHER RAMP RELATED COLLISIONS NOT LISTED ABOVE,REAR END,CURVE & LEVEL,DAYLIGHT,I 0264,KY0864,9/30/2019 9:25:50 AM,False,5130,Accepted,
25707610,0568000,LOUISVILLE METRO POLICE DEPT,Accepted,JEFFERSON,I 0264,,,,,,,,,,,38.236130023,-85.817725890,0.033,9/27/2019 12:00:00 AM,1008,2,2,0,0,CLEAR,DRY,False,OTHER RAMP RELATED COLLISIONS NOT LISTED ABOVE,REAR END,STRAIGHT & HILLCREST,DAYLIGHT,I 0264,DUMESNIL ST,9/30/2019 9:36:13 AM,False,5002,Accepted,
25707745,0568000,LOUISVILLE METRO POLICE DEPT,Accepted,JEFFERSON,I 0065,,,,,,,,,,,38.206741771,-85.747993966,0.286,9/27/2019 12:00:00 AM,1759,2,2,0,0,CLEAR,DRY,False,OTHER RAMP RELATED COLLISIONS NOT LISTED ABOVE,REAR END,CURVE & HILLCREST,DAYLIGHT,CRITTENDEN DR,I 0065,9/30/2019 9:46:41 AM,False,7251,Accepted,
25707489,0568000,LOUISVILLE METRO POLICE DEPT,Accepted,JEFFERSON,,614,CHESTNUT,ST,E,,,,,,,38.247349740,-85.743129206,0.534,9/27/2019 12:00:00 AM,1055,1,1,0,0,CLEAR,DRY,False,COLLISION IN PARKING LOT,SINGLE VEHICLE,STRAIGHT & LEVEL,DAYLIGHT,,,9/30/2019 9:29:41 AM,False,7406,Accepted,
25700656,0560400,SHIVELY POLICE DEPARTMENT,Accepted,JEFFERSON,US0031W,2401,DIXIE,HWY,,,,,,,,38.216168823,-85.795312369,17.140,9/27/2019 12:00:00 AM,1427,2,2,0,0,CLEAR,DRY,True,COLLISION IN PARKING LOT,SIDESWIPE-OPPOSITE DIRECTION,,DAYLIGHT,,,9/28/2019 2:55:03 AM,False,7088,Accepted,
25707504,0568000,LOUISVILLE METRO POLICE DEPT,Accepted,JEFFERSON,,,JEFFERSON,BLVD,,,,,,,,38.146454977,-85.677792097,1.130,9/27/2019 12:00:00 AM,1519,2,2,0,0,CLEAR,DRY,False,1 VEHICLE ENTERING/LEAVING ENTRANCE,ANGLE,CURVE & LEVEL,DAYLIGHT,,,9/30/2019 9:30:32 AM,False,4693,Accepted,
25707470,0568000,LOUISVILLE METRO POLICE DEPT,Accepted,JEFFERSON,US0031W,,DIXIE,HWY,,,,,,,,38.162451859,-85.831427226,12.907,9/27/2019 12:00:00 AM,1149,2,2,0,0,CLEAR,DRY,False,1 VEHICLE ENTERING/LEAVING ENTRANCE,ANGLE,STRAIGHT & LEVEL,DAYLIGHT,,,9/30/2019 9:28:11 AM,False,7234,Accepted,
25707600,0568000,LOUISVILLE METRO POLICE DEPT,Accepted,JEFFERSON,,,41ST,ST,S,,,,,,,38.256859249,-85.818813113,1.464,9/27/2019 12:00:00 AM,2320,2,2,0,0,CLEAR,DRY,True,1 VEHICLE ENTERING/LEAVING ENTRANCE,ANGLE,STRAIGHT & LEVEL,DARK-HWY LIGHTED/ON,,,9/30/2019 9:35:48 AM,False,5216,Accepted,
25707456,0568000,LOUISVILLE METRO POLICE DEPT,Accepted,JEFFERSON,KY0061,,PRESTON,HWY,,,,,DURRETT,,STANDIFORD,38.185606613,-85.723630842,7.830,9/27/2019 12:00:00 AM,1032,2,2,0,0,CLEAR,DRY,False,1 VEHICLE ENTERING/LEAVING ENTRANCE,ANGLE,STRAIGHT & LEVEL,DAYLIGHT,,,9/30/2019 9:26:15 AM,False,7473,Accepted,
25707501,0568000,LOUISVILLE METRO POLICE DEPT,Accepted,JEFFERSON,I 0265,,I265 E,,,,,,,,,38.120066412,-85.632241904,14.176,9/27/2019 12:00:00 AM,1104,2,2,0,0,CLEAR,DRY,False,SIDESWIPE COLLISION - SAME DIRECTION,SIDESWIPE-SAME DIRECTION,STRAIGHT & LEVEL,DAYLIGHT,,,9/30/2019 9:30:17 AM,False,4693,Accepted,
25707401,0568000,LOUISVILLE METRO POLICE DEPT,Accepted,JEFFERSON,I 0265,,I265 E,,,,,I 0265,I265 E EXIT17 ON RAMP FROM US31E,I 0265,I265 E EXIT19 OFF RAMP TO KY1819,38.143843786,-85.557765761,18.712,9/27/2019 12:00:00 AM,0740,2,2,0,1,CLEAR,DRY,False,SIDESWIPE COLLISION - SAME DIRECTION,SIDESWIPE-SAME DIRECTION,STRAIGHT & LEVEL,DAYLIGHT,,,9/30/2019 9:21:25 AM,False,2017,Accepted,
25707587,0568000,LOUISVILLE METRO POLICE DEPT,Accepted,JEFFERSON,I 0065,,,,,,,,,,,38.117796165,-85.702978715,0.287,9/27/2019 12:00:00 AM,2340,2,2,0,0,CLEAR,DRY,False,SIDESWIPE COLLISION - SAME DIRECTION,SIDESWIPE-SAME DIRECTION,STRAIGHT & HILLCREST,DARK (UNKNOWN ROADWAY LIGHTING),,,9/30/2019 9:34:32 AM,False,5101,Accepted,
25707736,0568000,LOUISVILLE METRO POLICE DEPT,Accepted,JEFFERSON,I 0064,,I64 W,,,,,,,,,38.245507515,-85.697906381,7.993,9/27/2019 12:00:00 AM,0745,2,2,0,0,CLEAR,DRY,False,REAR END IN TRAFFIC LANES BOTH VEHICLES MOVING,REAR END,STRAIGHT & LEVEL,DAYLIGHT,,,9/30/2019 9:46:26 AM,False,7239,Accepted,
25707821,0568000,LOUISVILLE METRO POLICE DEPT,Accepted,JEFFERSON,KY1865,,TAYLOR,BLVD,,,,,,,,38.189149019,-85.783409316,5.712,9/27/2019 12:00:00 AM,1731,2,2,0,0,CLEAR,DRY,False,REAR END IN TRAFFIC LANES BOTH VEHICLES MOVING,REAR END,STRAIGHT & LEVEL,DAYLIGHT,,,9/30/2019 9:50:23 AM,False,7977,Accepted,
25707451,0568000,LOUISVILLE METRO POLICE DEPT,Accepted,JEFFERSON,US0060A,1169,EASTERN,PKWY,,,,,,,,38.225375826,-85.726384173,5.765,9/27/2019 12:00:00 AM,1340,2,2,0,0,CLOUDY,DRY,True,REAR END IN TRAFFIC LANES BOTH VEHICLES MOVING,REAR END,STRAIGHT & GRADE,DAYLIGHT,,,9/30/2019 9:25:59 AM,False,2228,Accepted,
25707552,0568000,LOUISVILLE METRO POLICE DEPT,Accepted,JEFFERSON,KY1020,,SOUTHSIDE,DR,,,,,,,,38.152789666,-85.765483824,5.701,9/27/2019 12:00:00 AM,2319,2,2,0,1,CLEAR,DRY,False,REAR END IN TRAFFIC LANES BOTH VEHICLES MOVING,REAR END,STRAIGHT & LEVEL,DARK-HWY LIGHTED/ON,,,9/30/2019 9:33:28 AM,False,7362,Accepted,
25771562,0568000,LOUISVILLE METRO POLICE DEPT,Accepted,JEFFERSON,I 0264,,I264 W,,,,,,,,,38.259348163,-85.804839188,1.257,9/27/2019 12:00:00 AM,1614,2,2,0,2,CLEAR,DRY,False,REAR END IN TRAFFIC LANES BOTH VEHICLES MOVING,REAR END,STRAIGHT & LEVEL,DAYLIGHT,,,10/14/2019 8:30:50 AM,False,5113,Accepted,
25707551,0568000,LOUISVILLE METRO POLICE DEPT,Accepted,JEFFERSON,I 0065,,I65 N,,,,,,,,,38.229620578,-85.751127830,134.122,9/27/2019 12:00:00 AM,0727,2,2,0,0,CLEAR,DRY,False,REAR END IN TRAFFIC LANES BOTH VEHICLES MOVING,REAR END,STRAIGHT & LEVEL,DAYLIGHT,,,9/30/2019 9:33:18 AM,False,7495,Accepted,
25707389,0568000,LOUISVILLE METRO POLICE DEPT,Accepted,JEFFERSON,I 0064,,I64 E,,,,,,,,,38.237984151,-85.665938535,10.111,9/27/2019 12:00:00 AM,0756,2,2,0,0,CLEAR,DRY,False,REAR END IN TRAFFIC LANES BOTH VEHICLES MOVING,REAR END,STRAIGHT & LEVEL,DAYLIGHT,,,9/30/2019 9:20:27 AM,False,4903,Accepted,
25707533,0568000,LOUISVILLE METRO POLICE DEPT,Accepted,JEFFERSON,US0031W,,DIXIE,HWY,,,,,,,,38.095434375,-85.874009542,7.704,9/27/2019 12:00:00 AM,1827,2,2,0,0,CLEAR,DRY,False,REAR END IN TRAFFIC LANES BOTH VEHICLES MOVING,REAR END,STRAIGHT & LEVEL,DAYLIGHT,,,9/30/2019 9:32:34 AM,False,7264,Accepted,
25707632,0568000,LOUISVILLE METRO POLICE DEPT,Accepted,JEFFERSON,I 0264,,I264 E,,,,,,,,,38.190075071,-85.759151249,10.464,9/27/2019 12:00:00 AM,1755,2,2,0,0,CLEAR,DRY,False,REAR END IN TRAFFIC LANES BOTH VEHICLES MOVING,REAR END,STRAIGHT & LEVEL,DAYLIGHT,,,9/30/2019 9:38:12 AM,False,7286,Accepted,
25707547,0568000,LOUISVILLE METRO POLICE DEPT,Accepted,JEFFERSON,KY1747,,HURSTBOURNE,PKWY,S,,,,BUNSEN,,HURSTBOURNE,38.218761462,-85.584592465,11.434,9/27/2019 12:00:00 AM,1625,2,2,0,0,CLOUDY,DRY,False,REAR END IN TRAFFIC LANES BOTH VEHICLES MOVING,REAR END,STRAIGHT & LEVEL,DAYLIGHT,,,9/30/2019 9:32:58 AM,False,6100,Accepted,
25707620,0568000,LOUISVILLE METRO POLICE DEPT,Accepted,JEFFERSON,,100B,FOREST,CT,,,,,,,,38.255744119,-85.685512567,0.077,9/27/2019 12:00:00 AM,1555,2,2,0,0,CLEAR,DRY,False,1 VEHICLE PARKED POSITION (NOT PARKING LOT/DRIVEWAY),REAR TO REAR,STRAIGHT & LEVEL,DAYLIGHT,,,9/30/2019 9:37:02 AM,False,7281,Accepted,
25707602,0568000,LOUISVILLE METRO POLICE DEPT,Accepted,JEFFERSON,,2111,DUNCAN,ST,,,,,,,,38.262503580,-85.785061359,0.446,9/27/2019 12:00:00 AM,2119,2,2,0,0,CLEAR,DRY,True,1 VEHICLE PARKED POSITION (NOT PARKING LOT/DRIVEWAY),SIDESWIPE-OPPOSITE DIRECTION,STRAIGHT & LEVEL,OTHER,,,9/30/2019 9:35:52 AM,False,7173,Accepted,
25707510,0568000,LOUISVILLE METRO POLICE DEPT,Accepted,JEFFERSON,,,SHADOW RIDGE,LN,,,,,,,,38.318140879,-85.556247992,0.081,9/27/2019 12:00:00 AM,1816,2,2,0,0,CLEAR,DRY,True,1 VEHICLE PARKED POSITION (NOT PARKING LOT/DRIVEWAY),SIDESWIPE-OPPOSITE DIRECTION,STRAIGHT & LEVEL,DAYLIGHT,,,9/30/2019 9:31:26 AM,False,2346,Accepted,
25707529,0568000,LOUISVILLE METRO POLICE DEPT,Accepted,JEFFERSON,,,HUNTOON,AVE,,,,,,,,38.172273777,-85.788000759,0.345,9/27/2019 12:00:00 AM,1513,2,2,0,0,CLEAR,DRY,False,1 VEHICLE PARKED POSITION (NOT PARKING LOT/DRIVEWAY),SIDESWIPE-SAME DIRECTION,STRAIGHT & GRADE,DAYLIGHT,,,9/30/2019 9:32:19 AM,False,7402,Accepted,
25707820,0568000,LOUISVILLE METRO POLICE DEPT,Accepted,JEFFERSON,,701,DRESDEN,AVE,,,,,,,,38.197666749,-85.773865672,0.490,9/27/2019 12:00:00 AM,1724,2,2,0,0,CLEAR,DRY,True,1 VEHICLE PARKED POSITION (NOT PARKING LOT/DRIVEWAY),BACKING,STRAIGHT & LEVEL,DAYLIGHT,,,9/30/2019 9:50:14 AM,False,7977,Accepted,
25712998,0568000,LOUISVILLE METRO POLICE DEPT,Accepted,JEFFERSON,KY1703,,BAXTER,AVE,,,,,HEPBURN,,GRINSTEAD,38.238539978,-85.722265757,5.507,9/27/2019 12:00:00 AM,2331,2,2,0,0,CLEAR,DRY,True,1 VEHICLE PARKED POSITION (NOT PARKING LOT/DRIVEWAY),BACKING,STRAIGHT & LEVEL,DARK (UNKNOWN ROADWAY LIGHTING),,,10/1/2019 8:14:07 AM,False,5289,Accepted,
25707700,0568000,LOUISVILLE METRO POLICE DEPT,Accepted,JEFFERSON,US0031E,,BARDSTOWN,RD,,,,,GRINSTEAD,,HIGHLAND,38.239423690,-85.722701887,15.545,9/27/2019 12:00:00 AM,2200,2,2,0,0,CLEAR,DRY,False,1 VEHICLE PARKED POSITION (NOT PARKING LOT/DRIVEWAY),BACKING,STRAIGHT & LEVEL,DARK-HWY LIGHTED/ON,,,9/30/2019 9:42:50 AM,False,2816,Accepted,
25707682,0568000,LOUISVILLE METRO POLICE DEPT,Accepted,JEFFERSON,I 0264,,I264 E,,,,,,,,,38.189828360,-85.736059901,11.724,9/27/2019 12:00:00 AM,1705,1,1,0,0,CLEAR,DRY,False,OTHER COLLISIONS ON SHOULDER,SINGLE VEHICLE,STRAIGHT & LEVEL,DAYLIGHT,,,9/30/2019 9:41:37 AM,False,5247,Accepted,
25707473,0568000,LOUISVILLE METRO POLICE DEPT,Accepted,JEFFERSON,KY0841,,GENE SNYDER,FWY,,,,,,,,38.091798836,-85.838728504,2.086,9/27/2019 12:00:00 AM,1408,2,2,0,0,CLEAR,DRY,False,HEAD-ON COLLISION,HEAD ON,STRAIGHT & LEVEL,DAYLIGHT,,,9/30/2019 9:28:15 AM,False,7234,Accepted,
25948971,0568000,LOUISVILLE METRO POLICE DEPT,Accepted,JEFFERSON,,950,BARRET,AVE,,,,,,,,38.237897531,-85.729328483,0.815,9/27/2019 12:00:00 AM,1941,2,2,0,0,CLEAR,DRY,False,REAR END IN TRAFFIC LANES BOTH VEHICLES MOVING,REAR END,STRAIGHT & LEVEL,DAYLIGHT,,,11/20/2019 9:46:40 AM,False,5122,Accepted,
25756401,0568000,LOUISVILLE METRO POLICE DEPT,Accepted,JEFFERSON,KY0061,,PRESTON,HWY,,,,,AUDUBON,,HART,38.201767711,-85.734304756,9.094,9/27/2019 12:00:00 AM,0310,2,2,0,0,CLEAR,DRY,False,SIDESWIPE COLLISION - SAME DIRECTION,SIDESWIPE-SAME DIRECTION,STRAIGHT & LEVEL,DARK-HWY LIGHTED/ON,,,10/10/2019 9:57:56 AM,False,2081,Accepted,
25707837,0568000,LOUISVILLE METRO POLICE DEPT,Accepted,JEFFERSON,KY1934,,GREENBELT,HWY,,,,,,CS1101K,BETHANY,38.099028708,-85.892527958,1.098,9/27/2019 12:00:00 AM,2249,2,2,0,2,CLOUDY,DRY,False,HEAD-ON COLLISION,HEAD ON,STRAIGHT & LEVEL,DARK-HWY NOT LIGHTED,,,9/30/2019 9:51:31 AM,False,7160,Accepted,
25718961,0568000,LOUISVILLE METRO POLICE DEPT,Accepted,JEFFERSON,KY3077,,BINGHAM,WAY,,,WITHERSPOON,,,,,38.257640095,-85.750390465,0.664,9/27/2019 12:00:00 AM,0702,2,2,0,0,CLEAR,DRY,False,SIDESWIPE-SAME DIRECTION,SIDESWIPE-SAME DIRECTION,STRAIGHT & LEVEL,DAWN,,,10/2/2019 8:43:08 AM,False,7325,Accepted,
25707499,0568000,LOUISVILLE METRO POLICE DEPT,Accepted,JEFFERSON,KY0022,,BROWNSBORO,RD,,,SUMMIT PLAZA,,,,,38.306999369,-85.575373302,3.873,9/27/2019 12:00:00 AM,1744,2,2,0,0,CLEAR,DRY,False,SIDESWIPE-SAME DIRECTION,SIDESWIPE-SAME DIRECTION,STRAIGHT & LEVEL,DAYLIGHT,,,9/30/2019 9:30:05 AM,False,7313,Accepted,
25707475,0568000,LOUISVILLE METRO POLICE DEPT,Accepted,JEFFERSON,,,28TH,ST,S,,BROADWAY,,,,,38.249580166,-85.798275392,0.797,9/27/2019 12:00:00 AM,1548,2,2,0,1,CLEAR,DRY,True,SIDESWIPE-SAME DIRECTION,SIDESWIPE-SAME DIRECTION,STRAIGHT & LEVEL,DAYLIGHT,,,9/30/2019 9:28:22 AM,False,7220,Accepted,
25707425,0568000,LOUISVILLE METRO POLICE DEPT,Accepted,JEFFERSON,,,MUHAMMAD ALI,BLVD,W,,4TH,,,,,38.251132304,-85.757487251,0.273,9/27/2019 12:00:00 AM,0841,2,2,0,0,CLEAR,DRY,False,SIDESWIPE-SAME DIRECTION,SIDESWIPE-SAME DIRECTION,STRAIGHT & LEVEL,DAYLIGHT,,,9/30/2019 9:24:35 AM,False,5124,Accepted,
25707429,0568000,LOUISVILLE METRO POLICE DEPT,Accepted,JEFFERSON,KY2049,,CRUMS,LN,,,POPPY,,,,,38.197851391,-85.834140257,0.199,9/27/2019 12:00:00 AM,1246,2,2,0,0,CLEAR,DRY,True,OTHER INTERSECTION COLLISIONS,REAR END,STRAIGHT & LEVEL,DAYLIGHT,,,9/30/2019 9:25:00 AM,False,5208,Accepted,
25707402,0568000,LOUISVILLE METRO POLICE DEPT,Accepted,JEFFERSON,US0031E,,BARDSTOWN,RD,,,BRENTLINGER,,,,,38.133662646,-85.579392494,4.338,9/27/2019 12:00:00 AM,0649,2,2,0,0,CLEAR,DRY,False,OTHER INTERSECTION COLLISIONS,REAR END,STRAIGHT & LEVEL,DARK-HWY NOT LIGHTED,,,9/30/2019 9:21:30 AM,False,2017,Accepted,
25707631,0568000,LOUISVILLE METRO POLICE DEPT,Accepted,JEFFERSON,,,KENTUCKY,ST,W,,26TH,,,,,38.242680708,-85.795543719,1.573,9/27/2019 12:00:00 AM,0900,2,2,0,0,CLEAR,DRY,False,SIDESWIPE-SAME DIRECTION,SIDESWIPE-SAME DIRECTION,STRAIGHT & LEVEL,DAYLIGHT,,,9/30/2019 9:38:07 AM,False,5129,Accepted,
25707726,0568000,LOUISVILLE METRO POLICE DEPT,Accepted,JEFFERSON,I 0065,,I65 S,,,I 0065,I65 S EXIT136C OFF RAMP TO  E JEFFERSON ST,,,,,38.252597619,-85.745671165,135.937,9/27/2019 12:00:00 AM,1610,2,2,0,0,CLEAR,DRY,False,SIDESWIPE-SAME DIRECTION,SIDESWIPE-SAME DIRECTION,CURVE & LEVEL,DAYLIGHT,,,9/30/2019 9:45:12 AM,False,7058,Accepted,
25707724,0568000,LOUISVILLE METRO POLICE DEPT,Accepted,JEFFERSON,,,CHAMBERLAIN,LN,,,OLD LA GRANGE,,,,,38.289629977,-85.512752781,0.035,9/27/2019 12:00:00 AM,2152,2,2,0,0,CLEAR,DRY,True,SIDESWIPE-SAME DIRECTION,SIDESWIPE-SAME DIRECTION,STRAIGHT & GRADE,,,,9/30/2019 9:44:57 AM,False,5056,Accepted,
25707698,0568000,LOUISVILLE METRO POLICE DEPT,Accepted,JEFFERSON,KY0155,,TAYLORSVILLE,RD,,,LOWE,,,,,38.218912683,-85.606892790,12.305,9/27/2019 12:00:00 AM,1846,2,2,0,3,CLOUDY,DRY,False,OTHER INTERSECTION COLLISIONS,REAR END,STRAIGHT & LEVEL,DAYLIGHT,,,9/30/2019 9:42:39 AM,False,6100,Accepted,
25707500,0568000,LOUISVILLE METRO POLICE DEPT,Accepted,JEFFERSON,US0060,,SHELBYVILLE,RD,,,CHRISTIAN,,,,,38.248817424,-85.606553583,6.221,9/27/2019 12:00:00 AM,1716,2,2,0,0,CLEAR,DRY,False,OTHER INTERSECTION COLLISIONS,REAR END,STRAIGHT & LEVEL,DAYLIGHT,,,9/30/2019 9:30:12 AM,False,6314,Accepted,
25707467,0568000,LOUISVILLE METRO POLICE DEPT,Accepted,JEFFERSON,KY1065,,OUTER,LOOP,,KY1020,NATIONAL,,,,,38.126963658,-85.748961108,2.515,9/27/2019 12:00:00 AM,0847,2,2,0,0,CLEAR,DRY,False,OTHER INTERSECTION COLLISIONS,REAR END,STRAIGHT & LEVEL,DAYLIGHT,,,9/30/2019 9:27:48 AM,False,7224,Accepted,
25707531,0568000,LOUISVILLE METRO POLICE DEPT,Accepted,JEFFERSON,KY0061,,PRESTON,HWY,,,ANTLE,,,,,38.087528229,-85.667593812,0.268,9/27/2019 12:00:00 AM,1528,2,2,0,0,CLEAR,DRY,False,OTHER INTERSECTION COLLISIONS,REAR END,STRAIGHT & LEVEL,DAYLIGHT,,,9/30/2019 9:32:24 AM,False,7442,Accepted,
25746634,0568000,LOUISVILLE METRO POLICE DEPT,Accepted,JEFFERSON,,,STRADER,AVE,,KY1865,TAYLOR,,,,,38.191115408,-85.783309256,,9/27/2019 12:00:00 AM,1900,3,3,0,1,CLEAR,DRY,True,OTHER INTERSECTION COLLISIONS,REAR END,STRAIGHT & LEVEL,DUSK,,,10/8/2019 12:18:28 PM,False,7298,Accepted,
25751210,0568000,LOUISVILLE METRO POLICE DEPT,Accepted,JEFFERSON,KY1065,,OUTER,LOOP,,,NOLTEMEYER WYNDE,,,,,38.138255354,-85.680411298,6.407,9/27/2019 12:00:00 AM,1927,2,2,0,0,CLEAR,DRY,False,OTHER INTERSECTION COLLISIONS,REAR END,STRAIGHT & LEVEL,DAYLIGHT,,,10/9/2019 10:00:45 AM,False,7915,Accepted,
25724076,0568000,LOUISVILLE METRO POLICE DEPT,Accepted,JEFFERSON,US0031E,,BUECHEL,BYP,,KY2052,HIKES,,,,,38.198359825,-85.661169895,10.980,9/27/2019 12:00:00 AM,2157,2,2,0,0,CLOUDY,DRY,False,OTHER INTERSECTION COLLISIONS,REAR END,STRAIGHT & LEVEL,DARK-HWY LIGHTED/ON,,,10/3/2019 8:17:14 AM,False,7200,Accepted,
25724104,0568000,LOUISVILLE METRO POLICE DEPT,Accepted,JEFFERSON,US0031W,,2ND,ST,S,US0031E,MARKET,,,,,38.254815619,-85.753585471,22.039,9/27/2019 12:00:00 AM,1430,2,2,0,0,CLEAR,DRY,False,OTHER INTERSECTION COLLISIONS,REAR END,STRAIGHT & LEVEL,DAYLIGHT,,,10/3/2019 8:20:41 AM,False,7797,Accepted,
25707494,0568000,LOUISVILLE METRO POLICE DEPT,Accepted,JEFFERSON,,,29TH,ST,S,,,,BROADWAY,,MAGAZINE,38.249648107,-85.799938040,0.605,9/27/2019 12:00:00 AM,1737,2,1,0,0,CLEAR,DRY,True,COLLISION WITH PEDESTRIAN NON - INTERSECTION,SINGLE VEHICLE,STRAIGHT & LEVEL,DAYLIGHT,,,9/30/2019 9:29:55 AM,False,7947,Accepted,
25707783,0568000,LOUISVILLE METRO POLICE DEPT,Accepted,JEFFERSON,I 0065,,I65 S,,,,,I 0065,I65 S EXIT135 OFF RAMP TO  E SAINT CATHERINE ST,I 0065,I65 S EXIT135 ON RAMP FROM  E OAK ST,38.236279949,-85.752139017,134.589,9/27/2019 12:00:00 AM,1400,2,2,0,0,CLEAR,DRY,False,OCCUPANT FELL FROM MOVING VEHICLE,HEAD ON,STRAIGHT & LEVEL,DAYLIGHT,,,9/30/2019 9:48:10 AM,False,5273,Accepted,
25707468,0568000,LOUISVILLE METRO POLICE DEPT,Accepted,JEFFERSON,KY2055,,MANSLICK,RD,W,KY1865,NEW CUT,,,,,38.111743313,-85.766716524,1.949,9/27/2019 12:00:00 AM,1300,2,2,0,0,CLEAR,DRY,True,OPPOSITE DIRECTION - BOTH VEHICLES GOING STRAIGHT AHEAD,SIDESWIPE-OPPOSITE DIRECTION,STRAIGHT & LEVEL,DAYLIGHT,,,9/30/2019 9:27:53 AM,False,7224,Accepted,
25707399,0568000,LOUISVILLE METRO POLICE DEPT,Accepted,JEFFERSON,US0150,,BROADWAY,,E,,RUBEL,,,,,38.243877700,-85.728689140,4.003,9/27/2019 12:00:00 AM,0819,2,2,0,2,CLEAR,DRY,False,OPPOSING LEFT TURN,OPPOSING LEFT TURN,STRAIGHT & LEVEL,DAYLIGHT,,,9/30/2019 9:21:20 AM,False,5020,Accepted,
25707498,0568000,LOUISVILLE METRO POLICE DEPT,Accepted,JEFFERSON,,,LYTLE,ST,,US0150,22ND,,,,,38.267563664,-85.783009654,0.644,9/27/2019 12:00:00 AM,1619,2,2,0,0,CLEAR,DRY,False,OPPOSING LEFT TURN,OPPOSING LEFT TURN,STRAIGHT & LEVEL,DAYLIGHT,,,9/30/2019 9:30:00 AM,False,5276,Accepted,
25707524,0568000,LOUISVILLE METRO POLICE DEPT,Accepted,JEFFERSON,,826,GAGEL,AVE,,,ESTATE,,,,,38.172757863,-85.805348043,0.945,9/27/2019 12:00:00 AM,1414,2,2,0,0,CLEAR,DRY,False,OPPOSING LEFT TURN,OPPOSING LEFT TURN,STRAIGHT & LEVEL,DAYLIGHT,,,9/30/2019 9:32:11 AM,False,5274,Accepted,
25707541,0568000,LOUISVILLE METRO POLICE DEPT,Accepted,JEFFERSON,KY0155,,TAYLORSVILLE,RD,,,FURMAN,,,,,38.221159176,-85.646248077,14.439,9/27/2019 12:00:00 AM,0802,2,2,0,0,CLEAR,DRY,False,OPPOSING LEFT TURN,OPPOSING LEFT TURN,STRAIGHT & LEVEL,DAYLIGHT,,,9/30/2019 9:32:48 AM,False,6100,Accepted,
25707608,0568000,LOUISVILLE METRO POLICE DEPT,Accepted,JEFFERSON,KY1747,,HURSTBOURNE,PKWY,S,,PATRIOTS CROSSING,,,,,38.162382548,-85.633721932,5.569,9/27/2019 12:00:00 AM,2112,2,2,0,3,CLEAR,DRY,False,OPPOSING LEFT TURN,OPPOSING LEFT TURN,STRAIGHT & LEVEL,DARK-HWY NOT LIGHTED,,,9/30/2019 9:36:07 AM,False,5141,Accepted,