IncidentID,AgencyORI,AgencyName,IncidentStatusDesc,County,RdwyNumber,Street,RoadwayName,StreetSfx,StreetDir,IntersectionRdwy,IntersectionRdwyName,BetweenStRdwy1,BetweenStRdwyName1,BetweenStRdwy2,BetweenStRdwyName2,Latitude,Longitude,Milepoint,CollisionDate,CollisionTime,UnitsInvolved,MotorVehiclesInvolved,NumberKilled,NumberInjured,Weather,RdwyConditionCode,HitandRun,DirAnalysisCode,MannerofCollision,RdwyCharacter,LightCondition,RampFromRdwyId,RampToRdwyId,AcceptedDate,IsSecondaryCollision,OwnerBadge,IncidentStatus,
25707612,0568000,LOUISVILLE METRO POLICE DEPT,Accepted,JEFFERSON,,,BERNHEIM,LN,,,DIXIE,,,,,38.221065764,-85.793444403,0.021,9/27/2019 12:00:00 AM,1429,2,2,0,0,CLEAR,DRY,False,OPPOSING LEFT TURN,OPPOSING LEFT TURN,STRAIGHT & LEVEL,DAYLIGHT,,,9/30/2019 9:36:19 AM,False,5002,Accepted,
25696831,0568000,LOUISVILLE METRO POLICE DEPT,Accepted,JEFFERSON,US0031E,,BARDSTOWN,RD,,,ICHABOD,,,,,38.131556397,-85.578214477,4.172,9/27/2019 12:00:00 AM,0614,2,2,0,0,CLEAR,DRY,False,OPPOSING LEFT TURN,OPPOSING LEFT TURN,STRAIGHT & LEVEL,DARK-HWY LIGHTED/ON,,,9/27/2019 9:01:49 AM,False,6028,Accepted,
25707537,0568000,LOUISVILLE METRO POLICE DEPT,Accepted,JEFFERSON,,,RIVER,RD,,,HARBORTOWN,,,,,38.322681171,-85.643883917,4.239,9/27/2019 12:00:00 AM,1847,2,2,0,0,CLEAR,DRY,False,REAR END - ONE VEHICLE TURNING RIGHT,REAR END,STRAIGHT & LEVEL,DAYLIGHT,,,9/30/2019 9:32:41 AM,False,5102,Accepted,
25707803,0568000,LOUISVILLE METRO POLICE DEPT,Accepted,JEFFERSON,,,3RD,ST,S,KY2801,SOUTHERN HEIGHTS,,,,,38.189038110,-85.764947134,0.781,9/27/2019 12:00:00 AM,1713,2,2,0,0,CLEAR,DRY,True,REAR END - ONE VEHICLE TURNING RIGHT,REAR END,CURVE & LEVEL,DAYLIGHT,,,9/30/2019 9:49:11 AM,False,7468,Accepted,
25707480,0568000,LOUISVILLE METRO POLICE DEPT,Accepted,JEFFERSON,,,AIKEN,RD,,,ARNOLD PALMER,,,,,38.270248220,-85.481176596,2.884,9/27/2019 12:00:00 AM,0934,2,2,0,0,CLEAR,DRY,False,OPPOSING LEFT TURN,OPPOSING LEFT TURN,STRAIGHT & LEVEL,DAYLIGHT,,,9/30/2019 9:28:45 AM,False,7751,Accepted,
25707505,0568000,LOUISVILLE METRO POLICE DEPT,Accepted,JEFFERSON,,,SHELBY,ST,S,,ORMSBY,,,,,38.230225668,-85.742055893,0.040,9/27/2019 12:00:00 AM,0950,2,2,0,1,CLEAR,DRY,False,ANGLE COLLISION - OTHER,ANGLE,STRAIGHT & LEVEL,DAYLIGHT,,,9/30/2019 9:30:36 AM,False,5263,Accepted,
25707619,0568000,LOUISVILLE METRO POLICE DEPT,Accepted,JEFFERSON,,,LEISURE,LN,,,PARK LAKE,,,,,38.101771899,-85.639867051,0.616,9/27/2019 12:00:00 AM,1827,2,2,0,3,CLEAR,DRY,False,ANGLE COLLISION - OTHER,ANGLE,STRAIGHT & LEVEL,DAYLIGHT,,,9/30/2019 9:36:53 AM,False,6937,Accepted,
25707453,0568000,LOUISVILLE METRO POLICE DEPT,Accepted,JEFFERSON,,,CENTRAL,AVE,,,UTAH,,,,,38.209614414,-85.778813365,1.292,9/27/2019 12:00:00 AM,1507,2,2,0,0,CLEAR,DRY,True,ANGLE COLLISION - OTHER,ANGLE,STRAIGHT & LEVEL,DAYLIGHT,,,9/30/2019 9:26:11 AM,False,7977,Accepted,
25707469,0568000,LOUISVILLE METRO POLICE DEPT,Accepted,JEFFERSON,KY0907,,3RD ST,RD,,KY1865,NEW CUT,,,,,38.145607398,-85.775517693,6.290,9/27/2019 12:00:00 AM,1614,2,2,0,2,CLEAR,DRY,False,ANGLE COLLISION - OTHER,ANGLE,STRAIGHT & LEVEL,DAYLIGHT,,,9/30/2019 9:28:03 AM,False,7224,Accepted,
25707828,0568000,LOUISVILLE METRO POLICE DEPT,Accepted,JEFFERSON,KY1020,,2ND,ST,S,,LIBERTY,,,,,38.252699030,-85.753844379,12.572,9/27/2019 12:00:00 AM,1226,2,2,0,0,CLEAR,DRY,False,ANGLE COLLISION - OTHER,ANGLE,STRAIGHT & LEVEL,DAYLIGHT,,,9/30/2019 9:50:56 AM,False,5040,Accepted,
25707596,0568000,LOUISVILLE METRO POLICE DEPT,Accepted,JEFFERSON,KY1934,,CANE RUN,RD,,KY2049,CRUMS,,,,,38.199287240,-85.837324191,9.184,9/27/2019 12:00:00 AM,2252,3,3,0,4,CLEAR,DRY,False,ANGLE COLLISION - OTHER,ANGLE,STRAIGHT & LEVEL,DARK-HWY NOT LIGHTED,,,9/30/2019 9:35:36 AM,False,7437,Accepted,
25771606,0568000,LOUISVILLE METRO POLICE DEPT,Accepted,JEFFERSON,,,BLUEGRASS,AVE,,,CHURCHMAN,,,,,38.179581671,-85.792633548,0.341,9/27/2019 12:00:00 AM,0646,2,2,0,0,CLEAR,DRY,False,ANGLE COLLISION - OTHER,ANGLE,STRAIGHT & LEVEL,DAYLIGHT,,,10/14/2019 8:34:39 AM,False,7094,Accepted,
25707556,0568000,LOUISVILLE METRO POLICE DEPT,Accepted,JEFFERSON,,,JEFFERSON,BLVD,,,MCCAWLEY,,,,,38.143825813,-85.674794793,0.402,9/27/2019 12:00:00 AM,2027,2,2,0,0,CLEAR,DRY,False,ANGLE COLLISION - OTHER,ANGLE,STRAIGHT & LEVEL,DARK-HWY LIGHTED/ON,,,9/30/2019 9:33:39 AM,False,5107,Accepted,
25707641,0568000,LOUISVILLE METRO POLICE DEPT,Accepted,JEFFERSON,US0060A,1155,EASTERN,PKWY,,,CASTLEVALE,,,,,38.225391588,-85.727652775,5.686,9/27/2019 12:00:00 AM,1238,2,2,0,0,CLEAR,DRY,False,ANGLE COLLISION - OTHER,ANGLE,STRAIGHT & LEVEL,DAYLIGHT,,,9/30/2019 9:39:13 AM,False,5240,Accepted,
25696770,0568000,LOUISVILLE METRO POLICE DEPT,Accepted,JEFFERSON,,,36TH,ST,S,,GRAND,,,,,38.242019458,-85.813116925,1.052,9/27/2019 12:00:00 AM,0227,2,2,0,2,CLEAR,DRY,False,ANGLE COLLISION - OTHER,ANGLE,STRAIGHT & LEVEL,DARK (UNKNOWN ROADWAY LIGHTING),,,9/27/2019 8:57:32 AM,False,5180,Accepted,
25707466,0568000,LOUISVILLE METRO POLICE DEPT,Accepted,JEFFERSON,,,3RD,ST,S,,FAIRMONT,,,,,38.195389774,-85.764950128,0.364,9/27/2019 12:00:00 AM,1648,2,2,0,0,CLEAR,DRY,False,ANGLE COLLISION - OTHER,ANGLE,STRAIGHT & LEVEL,DAYLIGHT,,,9/30/2019 9:27:36 AM,False,5286,Accepted,
25707491,0568000,LOUISVILLE METRO POLICE DEPT,Accepted,JEFFERSON,US0150,,BROADWAY,,E,,CLAY,,,,,38.244863902,-85.741529112,3.302,9/27/2019 12:00:00 AM,1657,2,2,0,0,CLEAR,DRY,False,ANGLE COLLISION - OTHER,ANGLE,STRAIGHT & LEVEL,DAYLIGHT,,,9/30/2019 9:29:51 AM,False,7406,Accepted,
25707423,0568000,LOUISVILLE METRO POLICE DEPT,Accepted,JEFFERSON,,,ROY WILKINS,AVE,,,CHESTNUT,,,,,38.249823868,-85.765838575,0.538,9/27/2019 12:00:00 AM,1016,2,2,0,0,CLEAR,DRY,False,ANGLE COLLISION - OTHER,ANGLE,STRAIGHT & LEVEL,DAYLIGHT,,,9/30/2019 9:24:22 AM,False,5124,Accepted,
25707781,0568000,LOUISVILLE METRO POLICE DEPT,Accepted,JEFFERSON,,,LEE,ST,W,KY1020,3RD,,,,,38.223205573,-85.760711702,1.226,9/27/2019 12:00:00 AM,0800,3,3,0,2,CLEAR,DRY,False,ANGLE COLLISION - OTHER,ANGLE,STRAIGHT & LEVEL,DAYLIGHT,,,9/30/2019 9:48:01 AM,False,5273,Accepted,
25746512,0568000,LOUISVILLE METRO POLICE DEPT,Accepted,JEFFERSON,,,35TH,ST,S,,VERMONT,,,,,38.255786948,-85.809047909,0.158,9/27/2019 12:00:00 AM,1700,3,3,0,0,CLEAR,DRY,False,ANGLE COLLISION - OTHER,ANGLE,STRAIGHT & LEVEL,DAWN,,,10/8/2019 12:07:26 PM,False,7469,Accepted,
25696777,0568000,LOUISVILLE METRO POLICE DEPT,Accepted,JEFFERSON,KY0864,,POPLAR LEVEL,RD,,KY0864,KY864 CROSSOVER,,,,,38.194646445,-85.707261915,11.255,9/27/2019 12:00:00 AM,0333,1,1,0,0,CLEAR,DRY,False,COLLISION WITH FIXED OBJECT IN INTERSECTION - FIRST EVENT COLLISION 09 - 32,SINGLE VEHICLE,CURVE & HILLCREST,DARK-HWY LIGHTED/ON,,,9/27/2019 8:58:06 AM,False,5001,Accepted,
25707390,0568000,LOUISVILLE METRO POLICE DEPT,Accepted,JEFFERSON,KY3064,,PORTLAND,AVE,,,24TH,,,,,38.270253297,-85.787664361,0.307,9/27/2019 12:00:00 AM,0659,1,1,0,0,CLEAR,DRY,False,COLLISION WITH ANIMAL IN INTERSECTION,SINGLE VEHICLE,STRAIGHT & LEVEL,DARK-HWY LIGHTED/ON,,,9/30/2019 9:20:31 AM,False,6803,Accepted,
25707588,0568000,LOUISVILLE METRO POLICE DEPT,Accepted,JEFFERSON,US0060,4000B,SHELBYVILLE,RD,,,GABLEWOOD,,,,,38.238361802,-85.485339580,13.062,9/27/2019 12:00:00 AM,2200,1,1,0,0,CLEAR,DRY,False,COLLISION WITH ANIMAL IN INTERSECTION,SINGLE VEHICLE,STRAIGHT & LEVEL,DARK-HWY LIGHTED/ON,,,9/30/2019 9:34:51 AM,False,5218,Accepted,
25696812,0568000,LOUISVILLE METRO POLICE DEPT,Accepted,JEFFERSON,KY0061,,PRESTON,HWY,,I 0065,I65 W EXIT11 OFF RAMP,,,,,38.191498808,-85.727549705,8.288,9/27/2019 12:00:00 AM,0445,2,2,0,0,CLEAR,DRY,False,ANGLE COLLISION - ONE VEHICLE TURNING LEFT,ANGLE,STRAIGHT & LEVEL,DARK-HWY LIGHTED/ON,,,9/27/2019 9:00:18 AM,False,5149,Accepted,
25707591,0568000,LOUISVILLE METRO POLICE DEPT,Accepted,JEFFERSON,I 0264,,I264 E,,,I 0065,I65 S,,,,,38.189570453,-85.747793019,11.085,9/27/2019 12:00:00 AM,2155,2,2,0,0,CLEAR,DRY,False,COLLISION WITH PARKED VEHICLE,REAR END,STRAIGHT & LEVEL,DARK-HWY LIGHTED/ON,,,9/30/2019 9:35:03 AM,False,5265,Accepted,
25696775,0568000,LOUISVILLE METRO POLICE DEPT,Accepted,JEFFERSON,,,BROOK,ST,S,,MAGNOLIA,,,,,38.228471632,-85.754728066,1.658,9/27/2019 12:00:00 AM,0008,2,2,0,0,CLEAR,DRY,False,COLLISION WITH PARKED VEHICLE,SIDESWIPE-OPPOSITE DIRECTION,STRAIGHT & LEVEL,DARK-HWY LIGHTED/ON,,,9/27/2019 8:57:57 AM,False,5236,Accepted,
25715655,0568000,LOUISVILLE METRO POLICE DEPT,Accepted,JEFFERSON,,,BROOK,ST,S,,MAGNOLIA,,,,,38.228497653,-85.754714745,1.660,9/27/2019 12:00:00 AM,1730,2,1,0,0,CLEAR,DRY,True,COLLISION WITH PARKED VEHICLE,SIDESWIPE-OPPOSITE DIRECTION,STRAIGHT & LEVEL,DAYLIGHT,,,10/1/2019 3:02:53 PM,False,7619,Accepted,
25707503,0568000,LOUISVILLE METRO POLICE DEPT,Accepted,JEFFERSON,,,BRISCOE,LN,,,,,,,,38.140494761,-85.629829425,1.704,9/27/2019 12:00:00 AM,1257,1,1,0,0,CLEAR,DRY,False,COLLISION IN PARKING LOT,SINGLE VEHICLE,STRAIGHT & LEVEL,DAYLIGHT,,,9/30/2019 9:30:28 AM,False,4693,Accepted,
25707789,0568000,LOUISVILLE METRO POLICE DEPT,Accepted,JEFFERSON,,,BARRET,AVE,,,,,MERCY,US0150,BROADWAY,38.243820680,-85.733928753,0.296,9/27/2019 12:00:00 AM,1537,2,2,0,0,CLEAR,DRY,True,COLLISION IN PARKING LOT,BACKING,STRAIGHT & GRADE,DAYLIGHT,,,9/30/2019 9:48:30 AM,False,2228,Accepted,
25696690,0568000,LOUISVILLE METRO POLICE DEPT,Accepted,JEFFERSON,KY0061,3330,PRESTON,HWY,,,,,,,,38.198959744,-85.732439979,8.871,9/26/2019 12:00:00 AM,1223,1,1,0,0,CLEAR,DRY,False,COLLISION IN PARKING LOT,SINGLE VEHICLE,STRAIGHT & LEVEL,DAYLIGHT,,,9/27/2019 8:43:12 AM,False,2532,Accepted,
25696796,0568000,LOUISVILLE METRO POLICE DEPT,Accepted,JEFFERSON,,,MARKET,ST,W,,LONGWORTH,,,,,38.264807282,-85.824300938,2.064,9/26/2019 12:00:00 AM,2224,3,3,0,0,CLEAR,DRY,False,COLLISION WITH PARKED VEHICLE,SIDESWIPE-OPPOSITE DIRECTION,STRAIGHT & LEVEL,DARK-HWY LIGHTED/ON,,,9/27/2019 8:58:50 AM,False,7481,Accepted,
25696755,0568000,LOUISVILLE METRO POLICE DEPT,Accepted,JEFFERSON,,,MURPHY,LN,,,HALIFAX,,,,,38.309890526,-85.538288445,0.625,9/26/2019 12:00:00 AM,1941,1,1,0,0,CLEAR,DRY,False,COLLISION WITH FIXED OBJECT IN INTERSECTION - FIRST EVENT COLLISION 09 - 32,SINGLE VEHICLE,CURVE & LEVEL,DARK-HWY LIGHTED/OFF,,,9/27/2019 8:55:30 AM,False,7369,Accepted,
25696756,0568000,LOUISVILLE METRO POLICE DEPT,Accepted,JEFFERSON,KY1142,,PALATKA,RD,,,VENETIAN,,,,,38.154124641,-85.797426648,0.264,9/26/2019 12:00:00 AM,2138,1,1,0,2,CLEAR,DRY,False,COLLISION WITH FIXED OBJECT IN INTERSECTION - FIRST EVENT COLLISION 09 - 32,SINGLE VEHICLE,CURVE & LEVEL,DARK-HWY LIGHTED/OFF,,,9/27/2019 8:55:39 AM,False,7436,Accepted,
25696842,0568000,LOUISVILLE METRO POLICE DEPT,Accepted,JEFFERSON,,,SPRING,ST,N,US0042,MELLWOOD,,,,,38.255495116,-85.722234184,0.195,9/26/2019 12:00:00 AM,1955,2,1,0,0,CLEAR,DRY,False,COLLISION WITH BICYCLE IN INTERSECTION,SINGLE VEHICLE,STRAIGHT & LEVEL,DARK-HWY LIGHTED/ON,,,9/27/2019 9:02:07 AM,False,7325,Accepted,
25696758,0568000,LOUISVILLE METRO POLICE DEPT,Accepted,JEFFERSON,,,36TH,ST,S,,GRAND,,,,,38.242051336,-85.813122616,1.051,9/26/2019 12:00:00 AM,0636,2,2,0,0,CLEAR,DRY,True,COLLISION WITH PARKED VEHICLE,SIDESWIPE-SAME DIRECTION,,DARK-HWY LIGHTED/ON,,,9/27/2019 8:56:07 AM,False,5256,Accepted,
25696752,0568000,LOUISVILLE METRO POLICE DEPT,Accepted,JEFFERSON,,,3RD,ST,S,,WOODLAWN,,,,,38.181567590,-85.766214241,1.318,9/26/2019 12:00:00 AM,0740,2,2,0,0,CLEAR,DRY,False,ANGLE COLLISION - OTHER,ANGLE,STRAIGHT & LEVEL,DAYLIGHT,,,9/27/2019 8:54:41 AM,False,7488,Accepted,
25707650,0568000,LOUISVILLE METRO POLICE DEPT,Accepted,JEFFERSON,,,ROY WILKINS,AVE,,,MAGAZINE,,,,,38.248554387,-85.766133843,0.617,9/26/2019 12:00:00 AM,1648,2,2,0,0,CLEAR,DRY,False,ANGLE COLLISION - OTHER,ANGLE,STRAIGHT & LEVEL,DAYLIGHT,,,9/30/2019 9:40:06 AM,False,7386,Accepted,
25730143,0568000,LOUISVILLE METRO POLICE DEPT,Accepted,JEFFERSON,KY1934,,CANE RUN,RD,,,TEAKWOOD,,,,,38.187442870,-85.851748741,8.049,9/26/2019 12:00:00 AM,0851,2,2,0,0,CLEAR,DRY,False,ANGLE COLLISION - OTHER,ANGLE,STRAIGHT & LEVEL,DAYLIGHT,,,10/4/2019 8:29:45 AM,False,7420,Accepted,
25707418,0568000,LOUISVILLE METRO POLICE DEPT,Accepted,JEFFERSON,,,NORTON HEALTHCARE,BLVD,,,VON ALLMEN,,,,,38.312003729,-85.571316314,0.099,9/26/2019 12:00:00 AM,1337,2,2,0,0,CLEAR,DRY,False,ANGLE COLLISION - OTHER,ANGLE,STRAIGHT & LEVEL,DAYLIGHT,,,9/30/2019 9:23:30 AM,False,7858,Accepted,
25696765,0568000,LOUISVILLE METRO POLICE DEPT,Accepted,JEFFERSON,KY1703,,NEWBURG,RD,,I 0264,I264 E EXIT15 ON RAMP FROM KY1703 S,,,,,38.201553885,-85.687692547,2.181,9/26/2019 12:00:00 AM,2317,2,2,0,0,CLEAR,DRY,False,ANGLE COLLISION - OTHER,ANGLE,STRAIGHT & HILLCREST,DARK-HWY LIGHTED/ON,,,9/27/2019 8:57:07 AM,False,7916,Accepted,
25696726,0568000,LOUISVILLE METRO POLICE DEPT,Accepted,JEFFERSON,KY0061,,PRESTON,HWY,,,ANTLE,,,,,38.087496489,-85.667811271,0.271,9/26/2019 12:00:00 AM,1329,2,2,0,1,CLEAR,DRY,False,OPPOSING LEFT TURN,OPPOSING LEFT TURN,STRAIGHT & LEVEL,DAYLIGHT,,,9/27/2019 8:48:50 AM,False,4693,Accepted,
25696720,0568000,LOUISVILLE METRO POLICE DEPT,Accepted,JEFFERSON,,,BLACKBURN,AVE,,US0060,FRANKFORT,,,,,38.254360631,-85.675609425,0.329,9/26/2019 12:00:00 AM,1749,2,2,0,1,CLEAR,DRY,False,OPPOSING LEFT TURN,OPPOSING LEFT TURN,STRAIGHT & LEVEL,DAYLIGHT,,,9/27/2019 8:47:36 AM,False,5285,Accepted,
25751912,0568000,LOUISVILLE METRO POLICE DEPT,Accepted,JEFFERSON,US0031W,,DIXIE,HWY,,,STONESTREET,,,,,38.121208792,-85.855686427,9.749,9/26/2019 12:00:00 AM,1410,2,2,0,0,CLEAR,DRY,False,VEHICLE BACKING IN INTERSECTION,BACKING,STRAIGHT & LEVEL,DAYLIGHT,,,10/9/2019 11:49:57 AM,False,5257,Accepted,
25746554,0568000,LOUISVILLE METRO POLICE DEPT,Accepted,JEFFERSON,,,UPPER HUNTERS,TRCE,,,,,,,,38.167233858,-85.838255514,0.554,9/26/2019 12:00:00 AM,1653,1,1,0,1,CLEAR,DRY,False,OCCUPANT FELL FROM MOVING VEHICLE,SINGLE VEHICLE,STRAIGHT & LEVEL,DAYLIGHT,,,10/8/2019 12:13:06 PM,False,7944,Accepted,
25938307,0568000,LOUISVILLE METRO POLICE DEPT,Accepted,JEFFERSON,KY1747,,FERN VALLEY,RD,,,,,INDUSTRIAL,,ULRICH,38.157005044,-85.707148879,1.376,9/26/2019 12:00:00 AM,0402,2,1,1,0,CLEAR,DRY,True,COLLISION WITH BICYCLIST NON INTERSECTION,SINGLE VEHICLE,STRAIGHT & LEVEL,DARK-HWY NOT LIGHTED,,,11/18/2019 10:57:18 AM,False,7840,Accepted,
25696727,0568000,LOUISVILLE METRO POLICE DEPT,Accepted,JEFFERSON,,,COLLIER,LN,,,,,,,,38.119106193,-85.597807381,0.276,9/26/2019 12:00:00 AM,1614,1,1,0,1,CLEAR,DRY,False,COLLISION WITH FIXED OBJECT NON - INTERSECTION - FIRST EVENT COLLISION 09 - 32 EXCLUDING 16,SINGLE VEHICLE,CURVE & LEVEL,DAYLIGHT,,,9/27/2019 8:49:05 AM,False,4693,Accepted,
25761747,0568000,LOUISVILLE METRO POLICE DEPT,Accepted,JEFFERSON,KY1020,,NATIONAL,TPKE,,,,,,,,38.095272038,-85.735785305,1.226,9/26/2019 12:00:00 AM,1526,1,1,0,0,CLEAR,DRY,False,COLLISION WITH FIXED OBJECT NON - INTERSECTION - FIRST EVENT COLLISION 09 - 32 EXCLUDING 16,SINGLE VEHICLE,CURVE & GRADE,DAYLIGHT,,,10/11/2019 10:15:52 AM,False,7221,Accepted,
25696688,0568000,LOUISVILLE METRO POLICE DEPT,Accepted,JEFFERSON,,4500B,FEGENBUSH,LN,,,,,,,,38.182941523,-85.638387609,0.295,9/26/2019 12:00:00 AM,0922,1,1,0,1,CLEAR,DRY,False,COLLISION WITH FIXED OBJECT NON - INTERSECTION - FIRST EVENT COLLISION 09 - 32 EXCLUDING 16,SINGLE VEHICLE,STRAIGHT & LEVEL,DAYLIGHT,,,9/27/2019 8:42:46 AM,False,7739,Accepted,
25713134,0568000,LOUISVILLE METRO POLICE DEPT,Accepted,JEFFERSON,I 0265,,I265 W,,,,,,,,,38.113036716,-85.693401640,10.706,9/26/2019 12:00:00 AM,0725,2,2,0,0,CLOUDY,DRY,True,COLLISION WITH FIXED OBJECT NON - INTERSECTION - FIRST EVENT COLLISION 09 - 32 EXCLUDING 16,SIDESWIPE-SAME DIRECTION,STRAIGHT & GRADE,DARK-HWY LIGHTED/ON,,,10/1/2019 8:28:45 AM,False,7449,Accepted,
25696684,0568000,LOUISVILLE METRO POLICE DEPT,Accepted,JEFFERSON,I 0265,,I265 E,,,I 0265,I265 E EXIT19 ON RAMP FROM KY1819,,,,,38.151169196,-85.537659474,19.954,9/26/2019 12:00:00 AM,0731,2,2,0,0,CLEAR,DRY,False,OTHER INTERSECTION COLLISIONS,REAR END,STRAIGHT & LEVEL,DAYLIGHT,,,9/27/2019 8:41:52 AM,False,2017,Accepted,
25696721,0568000,LOUISVILLE METRO POLICE DEPT,Accepted,JEFFERSON,KY1865,,TAYLOR,BLVD,,,STRADER,,,,,38.191074965,-85.783314147,5.837,9/26/2019 12:00:00 AM,1518,2,2,0,0,CLEAR,DRY,False,OTHER INTERSECTION COLLISIONS,REAR END,STRAIGHT & LEVEL,DAYLIGHT,,,9/27/2019 8:47:49 AM,False,5232,Accepted,
25696728,0568000,LOUISVILLE METRO POLICE DEPT,Accepted,JEFFERSON,US0150,,BROADWAY,,E,,CLAY,,,,,38.244868557,-85.741590685,3.300,9/26/2019 12:00:00 AM,1405,2,2,0,0,CLEAR,DRY,True,OTHER INTERSECTION COLLISIONS,REAR END,STRAIGHT & LEVEL,DAYLIGHT,,,9/27/2019 8:49:26 AM,False,6907,Accepted,
25696687,0568000,LOUISVILLE METRO POLICE DEPT,Accepted,JEFFERSON,US0031W,,DIXIE,HWY,,,WITTEN,,,,,38.122458527,-85.854627820,9.853,9/26/2019 12:00:00 AM,0720,2,2,0,0,CLEAR,DRY,False,OTHER INTERSECTION COLLISIONS,REAR END,STRAIGHT & LEVEL,DAYLIGHT,,,9/27/2019 8:42:31 AM,False,5257,Accepted,
25696694,0568000,LOUISVILLE METRO POLICE DEPT,Accepted,JEFFERSON,,,FOREMAN,LN,,KY1450,BLUE LICK,,,,,38.129294483,-85.689447418,0.672,9/26/2019 12:00:00 AM,1509,2,2,0,0,CLEAR,DRY,False,OTHER INTERSECTION COLLISIONS,REAR END,STRAIGHT & LEVEL,DAYLIGHT,,,9/27/2019 8:43:43 AM,False,5261,Accepted,
25707649,0568000,LOUISVILLE METRO POLICE DEPT,Accepted,JEFFERSON,US0150,,22ND,ST,N,KY3064,PORTLAND,,,,,38.268700504,-85.782434749,0.108,9/26/2019 12:00:00 AM,1523,2,2,0,0,CLEAR,DRY,False,OTHER INTERSECTION COLLISIONS,REAR END,STRAIGHT & GRADE,DAYLIGHT,,,9/30/2019 9:40:02 AM,False,7386,Accepted,
25696735,0568000,LOUISVILLE METRO POLICE DEPT,Accepted,JEFFERSON,,,COOPER CHAPEL,RD,,KY0061,PRESTON,,,,,38.103658142,-85.672346336,0.012,9/26/2019 12:00:00 AM,1523,2,2,0,0,CLEAR,DRY,False,OTHER INTERSECTION COLLISIONS,REAR END,STRAIGHT & LEVEL,DAYLIGHT,,,9/27/2019 8:51:26 AM,False,7465,Accepted,
25696753,0568000,LOUISVILLE METRO POLICE DEPT,Accepted,JEFFERSON,KY1020,,SOUTHSIDE,DR,,,IROQUOIS,,,,,38.170371447,-85.764711527,6.922,9/26/2019 12:00:00 AM,1803,2,2,0,0,CLEAR,DRY,False,SIDESWIPE-SAME DIRECTION,SIDESWIPE-SAME DIRECTION,STRAIGHT & LEVEL,DAYLIGHT,,,9/27/2019 8:54:50 AM,False,7488,Accepted,
25696785,0568000,LOUISVILLE METRO POLICE DEPT,Accepted,JEFFERSON,US0031W,,DIXIE,HWY,,,LEWISTON,,,,,38.171205148,-85.826435201,13.519,9/26/2019 12:00:00 AM,1815,2,2,0,0,CLEAR,DRY,False,SIDESWIPE-SAME DIRECTION,SIDESWIPE-SAME DIRECTION,STRAIGHT & LEVEL,DAYLIGHT,,,9/27/2019 8:58:25 AM,False,5059,Accepted,
25713143,0568000,LOUISVILLE METRO POLICE DEPT,Accepted,JEFFERSON,KY1065,,OUTER,LOOP,,,JEFFERSON,,,,,38.137972726,-85.675531069,6.671,9/26/2019 12:00:00 AM,1901,2,2,0,0,CLEAR,DRY,False,OTHER INTERSECTION COLLISIONS,REAR END,STRAIGHT & LEVEL,DARK-HWY LIGHTED/ON,,,10/1/2019 8:31:41 AM,False,5042,Accepted,
25696705,0568000,LOUISVILLE METRO POLICE DEPT,Accepted,JEFFERSON,KY0864,,POPLAR LEVEL,RD,,,SELINDA,,,,,38.188743475,-85.702850731,10.774,9/26/2019 12:00:00 AM,1553,2,2,0,0,CLEAR,DRY,False,OTHER INTERSECTION COLLISIONS,REAR END,STRAIGHT & LEVEL,DAYLIGHT,,,9/27/2019 8:45:40 AM,False,7319,Accepted,
25696739,0568000,LOUISVILLE METRO POLICE DEPT,Accepted,JEFFERSON,KY1747,,HURSTBOURNE,PKWY,S,,WATTERSON,,,,,38.183624028,-85.606830782,8.528,9/26/2019 12:00:00 AM,1338,2,2,0,0,CLEAR,DRY,False,OTHER INTERSECTION COLLISIONS,REAR END,STRAIGHT & GRADE,DAYLIGHT,,,9/27/2019 8:52:05 AM,False,5203,Accepted,
25696749,0568000,LOUISVILLE METRO POLICE DEPT,Accepted,JEFFERSON,,,BOULEVARD NAPOLEON,,,US0031E,BARDSTOWN,,,,,38.225705755,-85.696495907,0.001,9/26/2019 12:00:00 AM,1708,2,2,0,0,CLEAR,DRY,False,OTHER INTERSECTION COLLISIONS,REAR END,STRAIGHT & GRADE,DAYLIGHT,,,9/27/2019 8:54:06 AM,False,7960,Accepted,
25707419,0568000,LOUISVILLE METRO POLICE DEPT,Accepted,JEFFERSON,KY1447,,WESTPORT,RD,,,HERMITAGE,,,,,38.280897824,-85.589022379,4.199,9/26/2019 12:00:00 AM,1553,2,2,0,1,CLEAR,DRY,False,OTHER INTERSECTION COLLISIONS,REAR END,CURVE & LEVEL,DAYLIGHT,,,9/30/2019 9:23:36 AM,False,7858,Accepted,
25696683,0568000,LOUISVILLE METRO POLICE DEPT,Accepted,JEFFERSON,US0031E,,BARDSTOWN,RD,,,CEDARLOOK,,,,,38.147008230,-85.585825388,5.329,9/26/2019 12:00:00 AM,0721,2,2,0,0,CLEAR,DRY,False,OTHER INTERSECTION COLLISIONS,REAR END,STRAIGHT & LEVEL,DAWN,,,9/27/2019 8:41:42 AM,False,2017,Accepted,