IncidentID,AgencyORI,AgencyName,IncidentStatusDesc,County,RdwyNumber,Street,RoadwayName,StreetSfx,StreetDir,IntersectionRdwy,IntersectionRdwyName,BetweenStRdwy1,BetweenStRdwyName1,BetweenStRdwy2,BetweenStRdwyName2,Latitude,Longitude,Milepoint,CollisionDate,CollisionTime,UnitsInvolved,MotorVehiclesInvolved,NumberKilled,NumberInjured,Weather,RdwyConditionCode,HitandRun,DirAnalysisCode,MannerofCollision,RdwyCharacter,LightCondition,RampFromRdwyId,RampToRdwyId,AcceptedDate,IsSecondaryCollision,OwnerBadge,IncidentStatus,
25696733,0568000,LOUISVILLE METRO POLICE DEPT,Accepted,JEFFERSON,,,BROADWAY,,W,,24TH,,,,,38.249382477,-85.792033295,0.209,9/26/2019 12:00:00 AM,1751,2,2,0,0,CLEAR,DRY,False,SIDESWIPE-SAME DIRECTION,SIDESWIPE-SAME DIRECTION,STRAIGHT & LEVEL,DAYLIGHT,,,9/27/2019 8:50:08 AM,False,7361,Accepted,
25704745,0566900,LOUISVILLE AIRPORT POLICE,Accepted,JEFFERSON,,,ALDER,AVE,,,DEARING,,,,,38.173191895,-85.715446091,0.180,9/26/2019 12:00:00 AM,1733,2,2,0,0,CLEAR,DRY,False,OTHER INTERSECTION COLLISIONS,REAR END,STRAIGHT & LEVEL,DAYLIGHT,,,9/29/2019 5:17:31 PM,False,5751,Accepted,
25696700,0568000,LOUISVILLE METRO POLICE DEPT,Accepted,JEFFERSON,KY0155,,TAYLORSVILLE,RD,,,FURMAN,,,,,38.221052205,-85.646229770,14.441,9/26/2019 12:00:00 AM,0808,2,2,0,0,CLEAR,DRY,False,SIDESWIPE-SAME DIRECTION,SIDESWIPE-SAME DIRECTION,STRAIGHT & LEVEL,DAYLIGHT,,,9/27/2019 8:44:58 AM,False,7448,Accepted,
25696702,0568000,LOUISVILLE METRO POLICE DEPT,Accepted,JEFFERSON,,,MICHAEL EDWARD,DR,,,,,,,,38.171485444,-85.572806649,0.001,9/26/2019 12:00:00 AM,1529,2,2,0,0,CLEAR,DRY,False,HEAD-ON COLLISION,HEAD ON,STRAIGHT & LEVEL,DAYLIGHT,,,9/27/2019 8:45:06 AM,False,5282,Accepted,
25707689,0568000,LOUISVILLE METRO POLICE DEPT,Accepted,JEFFERSON,KY1020,,3RD,ST,S,,LEE,,,,,38.223257561,-85.760726114,10.505,9/26/2019 12:00:00 AM,1827,2,2,0,0,CLEAR,DRY,False,HEAD-ON COLLISION,HEAD ON,STRAIGHT & LEVEL,DAYLIGHT,,,9/30/2019 9:42:10 AM,False,7472,Accepted,
29840430,0568000,LOUISVILLE METRO POLICE DEPT,Accepted,JEFFERSON,KY0061,,PRESTON,HWY,,,,,,,,38.151303445,-85.693876856,4.920,9/26/2019 12:00:00 AM,0718,2,2,0,0,CLOUDY,DRY,True,REAR END IN TRAFFIC LANES BOTH VEHICLES MOVING,REAR END,STRAIGHT & LEVEL,DAYLIGHT,,,3/21/2022 8:21:34 AM,False,7269,Accepted,
25696803,0568000,LOUISVILLE METRO POLICE DEPT,Accepted,JEFFERSON,,909,SWAN,ST,,,,,,,,38.239460957,-85.736578088,0.502,9/26/2019 12:00:00 AM,1838,2,2,0,0,CLEAR,DRY,True,1 VEHICLE PARKED POSITION (NOT PARKING LOT/DRIVEWAY),SIDESWIPE-SAME DIRECTION,STRAIGHT & LEVEL,DAYLIGHT,,,9/27/2019 8:59:17 AM,False,5186,Accepted,
25696729,0568000,LOUISVILLE METRO POLICE DEPT,Accepted,JEFFERSON,,1207,GILMORE,LN,,,,,,,,38.174974482,-85.712264140,0.036,9/26/2019 12:00:00 AM,1655,2,2,0,0,CLEAR,DRY,True,1 VEHICLE PARKED POSITION (NOT PARKING LOT/DRIVEWAY),SIDESWIPE-SAME DIRECTION,STRAIGHT & LEVEL,DAYLIGHT,,,9/27/2019 8:49:39 AM,False,7451,Accepted,
25696708,0568000,LOUISVILLE METRO POLICE DEPT,Accepted,JEFFERSON,,,7TH,ST,S,,,,LIBERTY,,JEFFERSON,38.253768578,-85.762108341,2.513,9/26/2019 12:00:00 AM,1355,2,2,0,0,CLEAR,DRY,False,1 VEHICLE PARKED POSITION (NOT PARKING LOT/DRIVEWAY),SIDESWIPE-SAME DIRECTION,STRAIGHT & LEVEL,DAYLIGHT,,,9/27/2019 8:46:27 AM,False,5173,Accepted,
25696805,0568000,LOUISVILLE METRO POLICE DEPT,Accepted,JEFFERSON,,9907,EVENING STAR,DR,,,,,,,,38.113070438,-85.881149351,0.112,9/26/2019 12:00:00 AM,2234,2,2,0,0,CLEAR,DRY,True,1 VEHICLE PARKED POSITION (NOT PARKING LOT/DRIVEWAY),HEAD ON,STRAIGHT & LEVEL,DARK (UNKNOWN ROADWAY LIGHTING),,,9/27/2019 8:59:35 AM,False,7483,Accepted,
25696737,0568000,LOUISVILLE METRO POLICE DEPT,Accepted,JEFFERSON,,4300B,MUD,LN,,,,,,,,38.088439884,-85.684497977,1.247,9/26/2019 12:00:00 AM,1738,2,2,0,0,CLEAR,DRY,False,REAR END IN TRAFFIC LANES BOTH VEHICLES MOVING,REAR END,STRAIGHT & LEVEL,DAYLIGHT,,,9/27/2019 8:51:44 AM,False,7465,Accepted,
25707458,0568000,LOUISVILLE METRO POLICE DEPT,Accepted,JEFFERSON,I 0064,,I64 W,,,,,,,,,38.236197802,-85.617380003,12.599,9/26/2019 12:00:00 AM,1519,2,2,0,0,CLEAR,DRY,False,REAR END IN TRAFFIC LANES BOTH VEHICLES MOVING,REAR END,STRAIGHT & LEVEL,DAYLIGHT,,,9/30/2019 9:26:19 AM,False,2142,Accepted,
25712996,0568000,LOUISVILLE METRO POLICE DEPT,Accepted,JEFFERSON,I 0065,,I65 N,,,,,,,,,38.125572887,-85.702335878,125.893,9/26/2019 12:00:00 AM,0744,2,2,0,0,CLOUDY,DRY,False,REAR END IN TRAFFIC LANES BOTH VEHICLES MOVING,REAR END,STRAIGHT & LEVEL,DAYLIGHT,,,10/1/2019 8:13:43 AM,False,4656,Accepted,
25718882,0568000,LOUISVILLE METRO POLICE DEPT,Accepted,JEFFERSON,I 0065,,I65 N EXIT130 TRANSIT,,,,,,,,,38.184676501,-85.723510886,0.618,9/26/2019 12:00:00 AM,1449,2,2,0,0,CLEAR,DRY,False,REAR END IN TRAFFIC LANES BOTH VEHICLES MOVING,REAR END,STRAIGHT & LEVEL,DAYLIGHT,,,10/2/2019 8:35:57 AM,False,7944,Accepted,
25696710,0568000,LOUISVILLE METRO POLICE DEPT,Accepted,JEFFERSON,KY1020,,NATIONAL,TPKE,,,,,,,,38.140449406,-85.754215806,4.625,9/26/2019 12:00:00 AM,1422,2,2,0,0,CLEAR,DRY,False,REAR END IN TRAFFIC LANES BOTH VEHICLES MOVING,REAR END,STRAIGHT & LEVEL,DAYLIGHT,,,9/27/2019 8:46:42 AM,False,7234,Accepted,
25718691,0568000,LOUISVILLE METRO POLICE DEPT,Accepted,JEFFERSON,,,OLD MANSLICK,RD,,,,,,,,38.181773735,-85.799509351,0.036,9/26/2019 12:00:00 AM,1732,2,2,0,0,CLEAR,DRY,False,REAR END IN TRAFFIC LANES BOTH VEHICLES MOVING,REAR END,STRAIGHT & LEVEL,DAYLIGHT,,,10/2/2019 8:29:37 AM,False,5232,Accepted,
25707420,0568000,LOUISVILLE METRO POLICE DEPT,Accepted,JEFFERSON,I 0071,,I71 N,,,,,,,,,38.274656138,-85.697412727,1.752,9/26/2019 12:00:00 AM,1707,3,3,0,0,CLEAR,DRY,False,REAR END IN TRAFFIC LANES BOTH VEHICLES MOVING,REAR END,STRAIGHT & LEVEL,DAYLIGHT,,,9/30/2019 9:23:42 AM,False,5112,Accepted,
25696722,0568000,LOUISVILLE METRO POLICE DEPT,Accepted,JEFFERSON,KY1931,,MANSLICK,RD,,,,,ROSEWOOD,,DE MEL,38.168840914,-85.797179365,6.485,9/26/2019 12:00:00 AM,1645,2,2,0,0,CLEAR,DRY,False,REAR END IN TRAFFIC LANES BOTH VEHICLES MOVING,REAR END,STRAIGHT & LEVEL,DAYLIGHT,,,9/27/2019 8:48:01 AM,False,7339,Accepted,
25696693,0568000,LOUISVILLE METRO POLICE DEPT,Accepted,JEFFERSON,US0031W,6800,DIXIE,HWY,,,,,,,,38.155264648,-85.835065144,12.386,9/26/2019 12:00:00 AM,0915,2,2,0,0,CLEAR,DRY,False,SIDESWIPE COLLISION - SAME DIRECTION,SIDESWIPE-SAME DIRECTION,STRAIGHT & LEVEL,DAYLIGHT,,,9/27/2019 8:43:35 AM,False,7524,Accepted,
25696677,0568000,LOUISVILLE METRO POLICE DEPT,Accepted,JEFFERSON,US0031E,,BARDSTOWN,RD,,,,,,,,38.168054037,-85.603677041,7.146,9/26/2019 12:00:00 AM,0842,2,2,0,0,CLOUDY,DRY,False,SIDESWIPE COLLISION - SAME DIRECTION,SIDESWIPE-SAME DIRECTION,STRAIGHT & LEVEL,DAYLIGHT,,,9/27/2019 8:40:23 AM,False,5282,Accepted,
25696679,0568000,LOUISVILLE METRO POLICE DEPT,Accepted,JEFFERSON,I 0265,,I265 E,,,,,,,,,38.144914485,-85.553228637,18.972,9/26/2019 12:00:00 AM,0722,2,2,0,0,CLOUDY,DRY,True,SIDESWIPE COLLISION - SAME DIRECTION,SIDESWIPE-SAME DIRECTION,STRAIGHT & LEVEL,DAYLIGHT,,,9/27/2019 8:40:47 AM,False,4903,Accepted,
25707655,0568000,LOUISVILLE METRO POLICE DEPT,Accepted,JEFFERSON,KY1020,,SOUTHERN,PKWY,,,,,,,,38.191081506,-85.766721885,8.480,9/26/2019 12:00:00 AM,2206,2,2,0,0,CLEAR,DRY,False,SIDESWIPE COLLISION - SAME DIRECTION,SIDESWIPE-SAME DIRECTION,STRAIGHT & LEVEL,DARK-HWY LIGHTED/ON,,,9/30/2019 9:40:27 AM,False,5183,Accepted,
25730145,0568000,LOUISVILLE METRO POLICE DEPT,Accepted,JEFFERSON,KY2051,4602,CAMP GROUND,RD,,,,,,,,38.207342068,-85.848521369,4.345,9/26/2019 12:00:00 AM,1732,2,2,0,0,CLEAR,DRY,False,1 VEHICLE ENTERING/LEAVING ENTRANCE,ANGLE,STRAIGHT & LEVEL,DAYLIGHT,,,10/4/2019 8:30:20 AM,False,7420,Accepted,
25761751,0568000,LOUISVILLE METRO POLICE DEPT,Accepted,JEFFERSON,KY1865,,NEW CUT,RD,,,,,,,,38.127345746,-85.775896879,1.330,9/26/2019 12:00:00 AM,1727,2,2,0,0,CLEAR,DRY,True,1 VEHICLE ENTERING/LEAVING ENTRANCE,ANGLE,STRAIGHT & GRADE,DAYLIGHT,,,10/11/2019 10:16:09 AM,False,7221,Accepted,
25696801,0568000,LOUISVILLE METRO POLICE DEPT,Accepted,JEFFERSON,,,CROWNE SPRINGS,CIR,,,CROWNE SPRINGS CIR CONN,,,,,38.310053677,-85.583079771,0.163,9/26/2019 12:00:00 AM,2038,1,1,0,0,CLEAR,DRY,False,COLLISION IN PARKING LOT,SINGLE VEHICLE,STRAIGHT & LEVEL,DUSK,,,9/27/2019 8:59:02 AM,True,5030,Accepted,
25696682,0568000,LOUISVILLE METRO POLICE DEPT,Accepted,JEFFERSON,I 0265,,,,,,,,,,,38.111954746,-85.675367346,0.289,9/26/2019 12:00:00 AM,0857,2,2,0,0,CLOUDY,DRY,False,OTHER RAMP RELATED COLLISIONS NOT LISTED ABOVE,REAR END,CURVE & HILLCREST,DAYLIGHT,I 0265,KY0061,9/27/2019 8:41:02 AM,False,4903,Accepted,
25696704,0568000,LOUISVILLE METRO POLICE DEPT,Accepted,JEFFERSON,I 0065,,,,,,,,,,,38.157343589,-85.716506793,0.471,9/26/2019 12:00:00 AM,0647,2,2,0,0,CLOUDY,DRY,False,OTHER RAMP RELATED COLLISIONS NOT LISTED ABOVE,REAR END,CURVE & LEVEL,DAYLIGHT,I 0065,KY1631,9/27/2019 8:45:21 AM,False,7319,Accepted,
25696703,0568000,LOUISVILLE METRO POLICE DEPT,Accepted,JEFFERSON,I 0065,,,,,,,,,,,38.157396899,-85.716382203,0.479,9/26/2019 12:00:00 AM,0810,2,2,0,0,CLOUDY,DRY,False,OTHER RAMP RELATED COLLISIONS NOT LISTED ABOVE,REAR END,CURVE & LEVEL,DAYLIGHT,I 0065,KY1631,9/27/2019 8:45:13 AM,False,7319,Accepted,
25696743,0568000,LOUISVILLE METRO POLICE DEPT,Accepted,JEFFERSON,I 0065,,,,,,,,,,,38.244233749,-85.752111285,0.142,9/26/2019 12:00:00 AM,1830,2,2,0,0,CLEAR,DRY,False,OTHER RAMP RELATED COLLISIONS NOT LISTED ABOVE,REAR END,STRAIGHT & GRADE,DAYLIGHT,I 0065,S BROOK ST,9/27/2019 8:52:37 AM,False,2855,Accepted,
25713056,0568000,LOUISVILLE METRO POLICE DEPT,Accepted,JEFFERSON,I 0065,,,,,,,,,,,38.210797528,-85.752911411,0.012,9/26/2019 12:00:00 AM,1459,1,1,0,0,CLEAR,DRY,False,COLLISION WITH FIXED OBJECT NOT IN GORE ,SINGLE VEHICLE,CURVE & GRADE,DAYLIGHT,I 0065,EASTERN PKWY,10/1/2019 8:19:19 AM,False,8278,Accepted,
25797767,KSP0400,KY STATE POLICE POST 04,Accepted,JEFFERSON,I 0064,,,,,,,,,,,38.224323527,-85.582746904,0.221,9/26/2019 12:00:00 AM,0216,1,1,1,0,CLEAR,DRY,False,COLLISION WITH FIXED OBJECT NOT IN GORE ,SINGLE VEHICLE,CURVE & LEVEL,DARK-HWY LIGHTED/ON,I 0064,KY1747,10/19/2019 1:15:04 PM,False,331,Accepted,
25696730,0568000,LOUISVILLE METRO POLICE DEPT,Accepted,JEFFERSON,I 0264,,I264 E,,,,,I 0264,I264 E EXIT11 OFF RAMP,I 0264,I264 E EXIT10 ON RAMP FROM KY1020,38.190149418,-85.755381824,10.669,9/26/2019 12:00:00 AM,1718,3,3,0,2,CLEAR,DRY,False,OTHER ROADWAY OR MID-BLOCK COLLISION,REAR END,STRAIGHT & LEVEL,DAYLIGHT,,,9/27/2019 8:49:52 AM,False,7451,Accepted,
25713055,0568000,LOUISVILLE METRO POLICE DEPT,Accepted,JEFFERSON,I 0071,,I71 N,,,,,,,,,38.291216538,-85.670929414,3.672,9/26/2019 12:00:00 AM,1345,1,1,0,1,CLEAR,DRY,False,OTHER ROADWAY OR MID-BLOCK COLLISION,SINGLE VEHICLE,STRAIGHT & GRADE,DAYLIGHT,,,10/1/2019 8:19:07 AM,False,8278,Accepted,
25707708,0568000,LOUISVILLE METRO POLICE DEPT,Accepted,JEFFERSON,KY1703,,NEWBURG,RD,,,,,,,,38.203218418,-85.691199058,2.411,9/26/2019 12:00:00 AM,0554,2,2,0,0,CLEAR,DRY,True,OTHER ROADWAY OR MID-BLOCK COLLISION,REAR END,STRAIGHT & GRADE,DARK-HWY LIGHTED/ON,,,9/30/2019 9:43:21 AM,False,6947,Accepted,
25696734,0568000,LOUISVILLE METRO POLICE DEPT,Accepted,JEFFERSON,,,LEE,ST,E,,,,BROOK,,FLOYD,38.222690747,-85.755614192,0.098,9/26/2019 12:00:00 AM,0707,2,2,0,0,CLOUDY,DRY,False,OTHER ROADWAY OR MID-BLOCK COLLISION,REAR END,STRAIGHT & LEVEL,DAYLIGHT,,,9/27/2019 8:50:35 AM,False,7418,Accepted,
25691829,0568000,LOUISVILLE METRO POLICE DEPT,Accepted,JEFFERSON,US0060A,2520,3RD,ST,S,,,,,,,38.213492751,-85.762355539,3.391,9/25/2019 12:00:00 AM,1048,1,1,0,0,CLEAR,DRY,False,OTHER ROADWAY OR MID-BLOCK COLLISION,SINGLE VEHICLE,STRAIGHT & LEVEL,DAYLIGHT,,,9/26/2019 8:35:11 AM,False,5269,Accepted,
25691831,0568000,LOUISVILLE METRO POLICE DEPT,Accepted,JEFFERSON,,,BRECKINRIDGE,ST,E,,,,SWAN,KY0864,LOGAN,38.239577387,-85.737371838,0.680,9/25/2019 12:00:00 AM,1306,1,1,0,0,CLEAR,DRY,False,OTHER ROADWAY OR MID-BLOCK COLLISION,SINGLE VEHICLE,STRAIGHT & LEVEL,DAYLIGHT,,,9/26/2019 8:35:18 AM,False,5269,Accepted,
25688839,0568000,LOUISVILLE METRO POLICE DEPT,Accepted,JEFFERSON,US0060,,SHELBYVILLE,RD,,,,,,,,38.246090923,-85.572872452,8.080,9/25/2019 12:00:00 AM,0823,2,2,0,0,CLEAR,DRY,True,OTHER ROADWAY OR MID-BLOCK COLLISION,REAR END,STRAIGHT & LEVEL,DAYLIGHT,,,9/25/2019 2:58:52 PM,False,7858,Accepted,
25688799,0568000,LOUISVILLE METRO POLICE DEPT,Accepted,JEFFERSON,I 0064,,I64 W,,,,,,,,,38.232950176,-85.607802157,13.168,9/25/2019 12:00:00 AM,1011,2,2,0,0,CLEAR,DRY,False,OTHER ROADWAY OR MID-BLOCK COLLISION,REAR END,STRAIGHT & LEVEL,DAYLIGHT,,,9/25/2019 2:55:42 PM,False,4903,Accepted,
25707791,0568000,LOUISVILLE METRO POLICE DEPT,Accepted,JEFFERSON,I 0264,,I264 E,,,,,,,,,38.214541388,-85.664928105,16.086,9/25/2019 12:00:00 AM,1237,1,1,0,0,CLEAR,DRY,False,OTHER ROADWAY OR MID-BLOCK COLLISION,SINGLE VEHICLE,STRAIGHT & LEVEL,DAYLIGHT,,,9/30/2019 9:48:35 AM,False,4656,Accepted,
25691836,0568000,LOUISVILLE METRO POLICE DEPT,Accepted,JEFFERSON,US0031E,,BARDSTOWN,RD,,,,,CEDAR SPRINGS,I 0265,I265 W EXIT17 ON RAMP FROM US31E,38.143839571,-85.584379757,5.093,9/25/2019 12:00:00 AM,1708,2,2,0,0,CLEAR,DRY,False,OTHER ROADWAY OR MID-BLOCK COLLISION,REAR END,STRAIGHT & LEVEL,DAYLIGHT,,,9/26/2019 8:35:32 AM,False,7278,Accepted,
25696757,0568000,LOUISVILLE METRO POLICE DEPT,Accepted,JEFFERSON,US0060A,2600,3RD,ST,S,,,,,,,38.211279068,-85.762818518,3.236,9/25/2019 12:00:00 AM,2352,1,1,0,0,CLEAR,DRY,False,OTHER ROADWAY OR MID-BLOCK COLLISION,SINGLE VEHICLE,STRAIGHT & GRADE,DUSK,,,9/27/2019 8:55:55 AM,False,7291,Accepted,
25707413,0568000,LOUISVILLE METRO POLICE DEPT,Accepted,JEFFERSON,I 0265,,I265 S,,,,,,,,,38.240061065,-85.504058311,26.644,9/25/2019 12:00:00 AM,1600,2,2,0,0,CLEAR,DRY,False,OTHER ROADWAY OR MID-BLOCK COLLISION,REAR END,STRAIGHT & LEVEL,DAYLIGHT,,,9/30/2019 9:23:12 AM,False,7858,Accepted,
25771598,0568000,LOUISVILLE METRO POLICE DEPT,Accepted,JEFFERSON,I 0065,,,,,,,,,,,38.157377025,-85.716449664,0.475,9/25/2019 12:00:00 AM,1323,2,2,0,0,CLEAR,DRY,False,OTHER RAMP RELATED COLLISIONS NOT LISTED ABOVE,REAR END,CURVE & GRADE,DAYLIGHT,I 0065,KY1631,10/14/2019 8:32:30 AM,False,8278,Accepted,
25696862,0568000,LOUISVILLE METRO POLICE DEPT,Accepted,JEFFERSON,I 0065,,,,,,,,,,,38.192135985,-85.729976804,1.252,9/25/2019 12:00:00 AM,0726,1,1,0,0,CLOUDY,DRY,False,OTHER RAMP RELATED COLLISIONS NOT LISTED ABOVE,SINGLE VEHICLE,STRAIGHT & LEVEL,DARK-HWY LIGHTED/ON,I 0065,I 0264,9/27/2019 9:03:20 AM,False,4656,Accepted,
25707488,0568000,LOUISVILLE METRO POLICE DEPT,Accepted,JEFFERSON,I 0065,,,,,,,,,,,38.190101849,-85.738003514,1.718,9/25/2019 12:00:00 AM,0713,2,2,0,0,CLEAR,DRY,False,OTHER RAMP RELATED COLLISIONS NOT LISTED ABOVE,REAR END,STRAIGHT & HILLCREST,DAWN,I 0065,I 0264,9/30/2019 9:29:34 AM,False,7772,Accepted,
25691834,0568000,LOUISVILLE METRO POLICE DEPT,Accepted,JEFFERSON,I 0264,,,,,,,,,,,38.190996453,-85.764214865,0.215,9/25/2019 12:00:00 AM,1732,2,2,0,0,CLEAR,DRY,False,OTHER RAMP RELATED COLLISIONS NOT LISTED ABOVE,SIDESWIPE-SAME DIRECTION,CURVE & GRADE,DAYLIGHT,I 0264,KY1020,9/26/2019 8:35:25 AM,False,7872,Accepted,
25691845,0568000,LOUISVILLE METRO POLICE DEPT,Accepted,JEFFERSON,I 0264,,,,,,,,,,,38.186273973,-85.783877546,0.034,9/25/2019 12:00:00 AM,1209,2,2,0,0,CLEAR,DRY,False,OTHER RAMP RELATED COLLISIONS NOT LISTED ABOVE,REAR END,CURVE & GRADE,DAYLIGHT,I 0264,KY1865,9/26/2019 8:36:58 AM,False,2745,Accepted,
25696864,0568000,LOUISVILLE METRO POLICE DEPT,Accepted,JEFFERSON,I 0065,,,,,,,,,,,38.192095901,-85.729999025,1.253,9/25/2019 12:00:00 AM,0749,2,2,0,0,CLOUDY,DRY,True,OTHER RAMP RELATED COLLISIONS NOT LISTED ABOVE,SIDESWIPE-SAME DIRECTION,STRAIGHT & LEVEL,DARK-HWY LIGHTED/ON,I 0065,I 0264,9/27/2019 9:04:55 AM,False,4656,Accepted,
25691841,0568000,LOUISVILLE METRO POLICE DEPT,Accepted,JEFFERSON,KY1065,,OUTER,LOOP,,,,,,,,38.140279525,-85.671688501,,9/25/2019 12:00:00 AM,1310,2,2,0,0,CLEAR,DRY,True,COLLISION IN PARKING LOT,ANGLE,STRAIGHT & LEVEL,DAYLIGHT,,,9/26/2019 8:36:13 AM,False,4693,Accepted,
25739801,0568000,LOUISVILLE METRO POLICE DEPT,Accepted,JEFFERSON,US0150,,22ND,ST,N,,,,PORTLAND,,LYTLE,38.268026916,-85.782711521,0.149,9/25/2019 12:00:00 AM,1204,2,2,0,1,CLEAR,DRY,False,1 VEHICLE ENTERING/LEAVING ENTRANCE,ANGLE,STRAIGHT & LEVEL,DAYLIGHT,,,10/7/2019 7:55:33 AM,False,7405,Accepted,
25691798,0568000,LOUISVILLE METRO POLICE DEPT,Accepted,JEFFERSON,,427,TWINBROOK,RD,,,,,,,,38.266042240,-85.648548976,0.048,9/25/2019 12:00:00 AM,1030,2,2,0,0,CLEAR,DRY,False,1 VEHICLE ENTERING/LEAVING ENTRANCE,ANGLE,CURVE & GRADE,DAYLIGHT,,,9/26/2019 8:33:43 AM,False,5112,Accepted,
25691839,0568000,LOUISVILLE METRO POLICE DEPT,Accepted,JEFFERSON,,1800,HILL,ST,W,,,,,,,38.228346438,-85.790721637,1.854,9/25/2019 12:00:00 AM,0912,2,2,0,0,CLEAR,DRY,False,1 VEHICLE ENTERING/LEAVING ENTRANCE,ANGLE,STRAIGHT & LEVEL,DAYLIGHT,,,9/26/2019 8:35:48 AM,False,7070,Accepted,
25712994,0568000,LOUISVILLE METRO POLICE DEPT,Accepted,JEFFERSON,KY2860,,GRINSTEAD,DR,,,,US0031E,BARDSTOWN,,CHEROKEE,38.238779077,-85.720233233,0.048,9/25/2019 12:00:00 AM,0823,2,2,0,1,CLEAR,DRY,False,1 VEHICLE ENTERING/LEAVING ENTRANCE,ANGLE,STRAIGHT & LEVEL,DAYLIGHT,,,10/1/2019 8:13:18 AM,False,5289,Accepted,
25714440,0560000,JEFFERSON COUNTY SHERIFF DEPT.,Accepted,JEFFERSON,,,GOLDSMITH,LN,,,,,,,,38.210828012,-85.664545314,1.350,9/25/2019 12:00:00 AM,2137,2,2,0,0,CLEAR,DRY,False,1 VEHICLE ENTERING/LEAVING ENTRANCE,ANGLE,STRAIGHT & HILLCREST,DARK-HWY LIGHTED/ON,,,10/1/2019 11:52:36 AM,False,4025,Accepted,
25691851,0568000,LOUISVILLE METRO POLICE DEPT,Accepted,JEFFERSON,,4905,HILLVIEW,DR,,,,,,,,38.132020408,-85.848532440,0.091,9/25/2019 12:00:00 AM,1930,2,2,0,0,CLEAR,DRY,False,VEHICLE BACKING NON INTERSECTION,BACKING,STRAIGHT & LEVEL,DAYLIGHT,,,9/26/2019 8:37:51 AM,False,7483,Accepted,
25707412,0568000,LOUISVILLE METRO POLICE DEPT,Accepted,JEFFERSON,,,DAYFLOWER,ST,,,,,,,,38.321636527,-85.566974701,0.385,9/25/2019 12:00:00 AM,1503,2,2,0,0,CLEAR,DRY,False,VEHICLE BACKING NON INTERSECTION,BACKING,STRAIGHT & LEVEL,DAYLIGHT,,,9/30/2019 9:23:02 AM,False,7858,Accepted,
25691849,0568000,LOUISVILLE METRO POLICE DEPT,Accepted,JEFFERSON,I 0065,,I65 S,,,,,,,,,38.160531752,-85.720362532,128.506,9/25/2019 12:00:00 AM,2200,2,2,0,0,CLEAR,DRY,True,SIDESWIPE COLLISION - SAME DIRECTION,SIDESWIPE-SAME DIRECTION,STRAIGHT & LEVEL,DARK (UNKNOWN ROADWAY LIGHTING),,,9/26/2019 8:37:38 AM,False,5248,Accepted,
25696675,0568000,LOUISVILLE METRO POLICE DEPT,Accepted,JEFFERSON,,,STRAWBERRY,LN,,,,,,,,38.162240645,-85.758966920,0.415,9/25/2019 12:00:00 AM,1600,2,2,0,0,CLEAR,DRY,False,SIDESWIPE COLLISION - SAME DIRECTION,SIDESWIPE-SAME DIRECTION,STRAIGHT & LEVEL,DAYLIGHT,,,9/27/2019 8:40:04 AM,False,7053,Accepted,
25696760,0568000,LOUISVILLE METRO POLICE DEPT,Accepted,JEFFERSON,I 0065,,I65 S,,,,,,,,,38.107134908,-85.701408917,124.615,9/25/2019 12:00:00 AM,1837,2,2,0,0,CLEAR,DRY,True,SIDESWIPE COLLISION - SAME DIRECTION,SIDESWIPE-SAME DIRECTION,STRAIGHT & LEVEL,DAYLIGHT,,,9/27/2019 8:56:38 AM,False,5138,Accepted,
25691813,0568000,LOUISVILLE METRO POLICE DEPT,Accepted,JEFFERSON,,,CHENOWETH RUN,RD,,,,,,,,38.160417761,-85.541226659,3.065,9/25/2019 12:00:00 AM,1554,2,2,0,0,CLEAR,DRY,False,SIDESWIPE COLLISION - OPPOSITE DIRECTION,SIDESWIPE-OPPOSITE DIRECTION,STRAIGHT & LEVEL,DAYLIGHT,,,9/26/2019 8:34:32 AM,False,5282,Accepted,
25691808,0568000,LOUISVILLE METRO POLICE DEPT,Accepted,JEFFERSON,KY1747,,HURSTBOURNE,PKWY,N,,,KY1447,WESTPORT,KY1747,KY1747 CROSSOVER,38.287633040,-85.572220255,17.040,9/25/2019 12:00:00 AM,1555,2,2,0,0,CLEAR,DRY,True,REAR END IN TRAFFIC LANES BOTH VEHICLES MOVING,REAR END,STRAIGHT & LEVEL,DAYLIGHT,,,9/26/2019 8:34:02 AM,False,6929,Accepted,
25691809,0568000,LOUISVILLE METRO POLICE DEPT,Accepted,JEFFERSON,KY1931,,MANSLICK,RD,,,,,ALICE KAY,,TUNISIAN,38.166911883,-85.797359655,6.333,9/25/2019 12:00:00 AM,1358,4,4,0,0,CLEAR,DRY,False,REAR END IN TRAFFIC LANES BOTH VEHICLES MOVING,REAR END,STRAIGHT & LEVEL,DAYLIGHT,,,9/26/2019 8:34:10 AM,False,6326,Accepted,
25691810,0568000,LOUISVILLE METRO POLICE DEPT,Accepted,JEFFERSON,,,ORMSBY,AVE,W,,,KY1020,2ND,,1ST,38.232520084,-85.756904806,0.065,9/25/2019 12:00:00 AM,1518,2,2,0,0,CLEAR,DRY,False,REAR END IN TRAFFIC LANES BOTH VEHICLES MOVING,REAR END,STRAIGHT & LEVEL,DAYLIGHT,,,9/26/2019 8:34:17 AM,False,5279,Accepted,
25696725,0568000,LOUISVILLE METRO POLICE DEPT,Accepted,JEFFERSON,KY1065,,OUTER,LOOP,,,,,,,,38.127974277,-85.744362441,2.776,9/25/2019 12:00:00 AM,1546,2,2,0,0,CLEAR,DRY,False,REAR END IN TRAFFIC LANES BOTH VEHICLES MOVING,REAR END,STRAIGHT & HILLCREST,DAYLIGHT,,,9/27/2019 8:48:36 AM,False,4693,Accepted,