IncidentID,AgencyORI,AgencyName,IncidentStatusDesc,County,RdwyNumber,Street,RoadwayName,StreetSfx,StreetDir,IntersectionRdwy,IntersectionRdwyName,BetweenStRdwy1,BetweenStRdwyName1,BetweenStRdwy2,BetweenStRdwyName2,Latitude,Longitude,Milepoint,CollisionDate,CollisionTime,UnitsInvolved,MotorVehiclesInvolved,NumberKilled,NumberInjured,Weather,RdwyConditionCode,HitandRun,DirAnalysisCode,MannerofCollision,RdwyCharacter,LightCondition,RampFromRdwyId,RampToRdwyId,AcceptedDate,IsSecondaryCollision,OwnerBadge,IncidentStatus,
25696817,0568000,LOUISVILLE METRO POLICE DEPT,Accepted,JEFFERSON,KY0061,,PRESTON,HWY,,,,,MARKWELL,KY1065,OUTER,38.138995194,-85.687105545,3.998,9/25/2019 12:00:00 AM,1948,2,2,0,1,CLEAR,DRY,False,REAR END IN TRAFFIC LANES BOTH VEHICLES MOVING,REAR END,STRAIGHT & LEVEL,DUSK,,,9/27/2019 9:00:55 AM,False,6360,Accepted,
25688801,0568000,LOUISVILLE METRO POLICE DEPT,Accepted,JEFFERSON,KY1447,,WESTPORT,RD,,,,,CREEK,,EAGLE NEST,38.275631405,-85.605704175,3.223,9/25/2019 12:00:00 AM,0933,2,2,0,0,CLEAR,DRY,False,REAR END IN TRAFFIC LANES BOTH VEHICLES MOVING,REAR END,CURVE & LEVEL,DAYLIGHT,,,9/25/2019 2:55:59 PM,False,6929,Accepted,
25688792,0568000,LOUISVILLE METRO POLICE DEPT,Accepted,JEFFERSON,I 0065,,I65 N,,,,,I 0065,I65 N EXIT125 ON RAMP,I 0065,I65 N EXIT127 OFF RAMP TO KY1065,38.125904567,-85.701929782,125.913,9/25/2019 12:00:00 AM,0720,2,2,0,0,CLOUDY,DRY,False,REAR END IN TRAFFIC LANES BOTH VEHICLES MOVING,REAR END,STRAIGHT & LEVEL,DAWN,,,9/25/2019 2:54:42 PM,False,7840,Accepted,
25691758,0568000,LOUISVILLE METRO POLICE DEPT,Accepted,JEFFERSON,I 0065,,I65 N,,,,,,,,,38.241305484,-85.752846151,134.952,9/25/2019 12:00:00 AM,1239,2,2,0,0,CLEAR,DRY,False,REAR END IN TRAFFIC LANES BOTH VEHICLES MOVING,REAR END,STRAIGHT & LEVEL,DAYLIGHT,,,9/26/2019 8:33:06 AM,False,7944,Accepted,
25814435,0568000,LOUISVILLE METRO POLICE DEPT,Accepted,JEFFERSON,I 0065,,I65 S,,,,,,,,,38.122228341,-85.701799280,125.596,9/25/2019 12:00:00 AM,1720,2,2,0,0,CLEAR,DRY,True,REAR END IN TRAFFIC LANES BOTH VEHICLES MOVING,REAR END,STRAIGHT & LEVEL,DAYLIGHT,,,10/23/2019 8:28:30 AM,False,7764,Accepted,
25691804,0568000,LOUISVILLE METRO POLICE DEPT,Accepted,JEFFERSON,KY1747,,HURSTBOURNE,PKWY,N,,,KY0022,BROWNSBORO,,SPRINGHURST,38.305142738,-85.577545100,18.423,9/25/2019 12:00:00 AM,1348,2,2,0,0,CLEAR,DRY,False,REAR END IN TRAFFIC LANES BOTH VEHICLES MOVING,REAR END,STRAIGHT & LEVEL,DAYLIGHT,,,9/26/2019 8:33:51 AM,False,6929,Accepted,
25691838,0568000,LOUISVILLE METRO POLICE DEPT,Accepted,JEFFERSON,KY1747,,FERN VALLEY,RD,,,,,,,,38.157005118,-85.710211892,1.207,9/25/2019 12:00:00 AM,1637,2,2,0,0,CLEAR,DRY,True,REAR END IN TRAFFIC LANES BOTH VEHICLES MOVING,REAR END,STRAIGHT & LEVEL,DAYLIGHT,,,9/26/2019 8:35:39 AM,False,7669,Accepted,
25688789,0560300,ST. MATTHEWS POLICE DEPARTMENT,Accepted,JEFFERSON,I 0064,,I64 W,,,,,,,,,38.236030823,-85.642051205,11.209,9/25/2019 12:00:00 AM,0900,4,4,0,2,CLEAR,DRY,False,REAR END IN TRAFFIC LANES BOTH VEHICLES MOVING,REAR END,STRAIGHT & LEVEL,DAYLIGHT,,,9/25/2019 2:53:48 PM,False,9155,Accepted,
25688841,0568000,LOUISVILLE METRO POLICE DEPT,Accepted,JEFFERSON,I 0071,,I71 S,,,,,,,,,38.309998768,-85.591830179,8.441,9/25/2019 12:00:00 AM,0954,2,2,0,0,CLEAR,DRY,False,REAR END IN TRAFFIC LANES BOTH VEHICLES MOVING,REAR END,STRAIGHT & LEVEL,DAYLIGHT,,,9/25/2019 2:58:55 PM,False,7858,Accepted,
25713163,0568000,LOUISVILLE METRO POLICE DEPT,Accepted,JEFFERSON,KY1934,4300,CANE RUN,RD,,,,,,,,38.196354753,-85.841384288,8.877,9/25/2019 12:00:00 AM,2055,2,2,0,0,CLEAR,DRY,False,REAR END IN TRAFFIC LANES BOTH VEHICLES MOVING,REAR END,STRAIGHT & LEVEL,DARK-HWY LIGHTED/OFF,,,10/1/2019 8:34:40 AM,False,5253,Accepted,
25696746,0568000,LOUISVILLE METRO POLICE DEPT,Accepted,JEFFERSON,I 0264,,I264 W,,,,,,,,,38.200783268,-85.696299184,14.101,9/25/2019 12:00:00 AM,2054,2,2,0,0,CLEAR,DRY,False,REAR END IN TRAFFIC LANES BOTH VEHICLES MOVING,REAR END,STRAIGHT & GRADE,DARK-HWY LIGHTED/ON,,,9/27/2019 8:52:53 AM,False,7243,Accepted,
25687154,0568000,LOUISVILLE METRO POLICE DEPT,Accepted,JEFFERSON,,1202,BRASHEAR,DR,,,,,,,,38.225242733,-85.775788660,0.135,9/25/2019 12:00:00 AM,0106,2,2,0,0,CLEAR,DRY,True,1 VEHICLE PARKED POSITION (NOT PARKING LOT/DRIVEWAY),SIDESWIPE-SAME DIRECTION,STRAIGHT & LEVEL,DARK-HWY LIGHTED/ON,,,9/25/2019 8:44:44 AM,False,5140,Accepted,
25691848,0568000,LOUISVILLE METRO POLICE DEPT,Accepted,JEFFERSON,,,BRANDEIS,AVE,E,,,,HANCOCK CROSSWAY,KY0061,PRESTON,38.219905587,-85.747078971,0.381,9/25/2019 12:00:00 AM,2114,2,2,0,0,CLEAR,DRY,False,1 VEHICLE PARKED POSITION (NOT PARKING LOT/DRIVEWAY),SIDESWIPE-SAME DIRECTION,STRAIGHT & LEVEL,DARK-HWY NOT LIGHTED,,,9/26/2019 8:37:29 AM,False,7527,Accepted,
25691827,0568000,LOUISVILLE METRO POLICE DEPT,Accepted,JEFFERSON,KY1727,,TERRY,RD,,,WOOD,,,,,38.149550150,-85.870162385,1.946,9/25/2019 12:00:00 AM,1448,2,2,0,2,CLEAR,DRY,False,SIDESWIPE-SAME DIRECTION,SIDESWIPE-SAME DIRECTION,STRAIGHT & LEVEL,DAYLIGHT,,,9/26/2019 8:35:03 AM,False,5288,Accepted,
25696848,0568000,LOUISVILLE METRO POLICE DEPT,Accepted,JEFFERSON,KY1932,,BRECKENRIDGE,LN,,KY0155,TAYLORSVILLE,,,,,38.220098582,-85.630421362,2.873,9/25/2019 12:00:00 AM,,2,2,0,0,,,True,OTHER INTERSECTION COLLISIONS,REAR END,STRAIGHT & LEVEL,,,,9/27/2019 9:02:26 AM,False,5024,Accepted,
25691843,0568000,LOUISVILLE METRO POLICE DEPT,Accepted,JEFFERSON,,,GRADE,LN,,KY1065,OUTER,,,,,38.130111928,-85.737413576,0.025,9/25/2019 12:00:00 AM,1513,2,2,0,0,CLEAR,DRY,False,OTHER INTERSECTION COLLISIONS,REAR END,CURVE & GRADE,DAYLIGHT,,,9/26/2019 8:36:41 AM,False,4693,Accepted,
25688802,0568000,LOUISVILLE METRO POLICE DEPT,Accepted,JEFFERSON,,,ALLMOND,AVE,,,STRAWBERRY,,,,,38.176086396,-85.753472088,1.462,9/25/2019 12:00:00 AM,1230,2,2,0,0,CLEAR,DRY,False,SIDESWIPE-SAME DIRECTION,SIDESWIPE-SAME DIRECTION,STRAIGHT & LEVEL,DAYLIGHT,,,9/25/2019 2:56:12 PM,False,7488,Accepted,
25696712,0568000,LOUISVILLE METRO POLICE DEPT,Accepted,JEFFERSON,,,ST CATHERINE,ST,E,,MARY,,,,,38.234714125,-85.741267469,0.536,9/25/2019 12:00:00 AM,1227,3,3,0,0,CLEAR,DRY,False,SIDESWIPE-SAME DIRECTION,SIDESWIPE-SAME DIRECTION,STRAIGHT & LEVEL,DAYLIGHT,,,9/27/2019 8:46:54 AM,False,5213,Accepted,
25688804,0568000,LOUISVILLE METRO POLICE DEPT,Accepted,JEFFERSON,US0031E,,BARDSTOWN,RD,,,GARDINER,,,,,38.212606195,-85.672347913,12.133,9/25/2019 12:00:00 AM,1314,2,2,0,0,CLEAR,DRY,False,OTHER INTERSECTION COLLISIONS,REAR END,STRAIGHT & LEVEL,DAYLIGHT,,,9/25/2019 2:56:19 PM,False,2278,Accepted,
25691814,0568000,LOUISVILLE METRO POLICE DEPT,Accepted,JEFFERSON,US0031E,,BARDSTOWN,RD,,,WROCKLAGE,,,,,38.223857224,-85.689191232,13.387,9/25/2019 12:00:00 AM,1144,2,2,0,0,CLEAR,DRY,False,OTHER INTERSECTION COLLISIONS,REAR END,STRAIGHT & LEVEL,DAYLIGHT,,,9/26/2019 8:34:40 AM,False,7968,Accepted,
25688797,0568000,LOUISVILLE METRO POLICE DEPT,Accepted,JEFFERSON,US0031E,,BARDSTOWN,RD,,,BASHFORD MANOR,,,,,38.202938911,-85.664370077,11.342,9/25/2019 12:00:00 AM,0819,2,2,0,0,CLEAR,DRY,False,OTHER INTERSECTION COLLISIONS,REAR END,STRAIGHT & LEVEL,DAYLIGHT,,,9/25/2019 2:55:19 PM,False,7448,Accepted,
25688845,0568000,LOUISVILLE METRO POLICE DEPT,Accepted,JEFFERSON,,,FACTORY,LN,,,SERVICE,,,,,38.288815708,-85.511181198,0.072,9/25/2019 12:00:00 AM,1302,2,2,0,0,CLEAR,DRY,False,OTHER INTERSECTION COLLISIONS,REAR END,STRAIGHT & LEVEL,DAYLIGHT,,,9/25/2019 2:59:10 PM,False,7858,Accepted,
25691786,0568000,LOUISVILLE METRO POLICE DEPT,Accepted,JEFFERSON,,,LOWER HUNTERS,TRCE,,US0031W,DIXIE,,,,,38.156131799,-85.834668592,0.010,9/25/2019 12:00:00 AM,1520,2,2,0,0,CLEAR,DRY,False,OTHER INTERSECTION COLLISIONS,REAR END,STRAIGHT & LEVEL,DAYLIGHT,,,9/26/2019 8:33:33 AM,False,6318,Accepted,
25712995,0568000,LOUISVILLE METRO POLICE DEPT,Accepted,JEFFERSON,,,JOHNSON,ST,S,US0042,MAIN,,,,,38.253137829,-85.731464789,0.051,9/25/2019 12:00:00 AM,1450,1,1,0,0,CLEAR,DRY,False,OTHER INTERSECTION COLLISIONS,SINGLE VEHICLE,STRAIGHT & GRADE,DAYLIGHT,,,10/1/2019 8:13:34 AM,False,2661,Accepted,
25707695,0568000,LOUISVILLE METRO POLICE DEPT,Accepted,JEFFERSON,,1772,BOLLING,AVE,,,,,MCCLOSKEY,,17TH,38.228809937,-85.788256313,0.111,9/25/2019 12:00:00 AM,1840,1,1,0,0,CLEAR,DRY,False,COLLISION WITH FIXED OBJECT NON - INTERSECTION - FIRST EVENT COLLISION 09 - 32 EXCLUDING 16,SINGLE VEHICLE,STRAIGHT & LEVEL,DAYLIGHT,,,9/30/2019 9:42:27 AM,False,2116,Accepted,
25690559,0566900,LOUISVILLE AIRPORT POLICE,Accepted,JEFFERSON,,600,LOWER TERMINAL,DR,,,,,,,,38.185915414,-85.744178176,0.094,9/25/2019 12:00:00 AM,1230,2,1,0,0,CLEAR,DRY,False,COLLISION WITH PEDESTRIAN NON - INTERSECTION,SINGLE VEHICLE,STRAIGHT & LEVEL,DAYLIGHT,,,9/25/2019 11:07:22 PM,False,5829,Accepted,
25696750,0568000,LOUISVILLE METRO POLICE DEPT,Accepted,JEFFERSON,,,3RD,ST,S,,WOODLAWN,,,,,38.181522455,-85.766220394,1.321,9/25/2019 12:00:00 AM,1430,2,2,0,0,CLEAR,DRY,True,OPPOSITE DIRECTION - BOTH VEHICLES GOING STRAIGHT AHEAD,SIDESWIPE-OPPOSITE DIRECTION,STRAIGHT & LEVEL,DAYLIGHT,,,9/27/2019 8:54:27 AM,False,7488,Accepted,
25691840,0568000,LOUISVILLE METRO POLICE DEPT,Accepted,JEFFERSON,,,DIXIE,HWY,,,BOLLING,,,,,38.229202849,-85.790117909,1.430,9/25/2019 12:00:00 AM,1558,2,2,0,0,CLEAR,DRY,True,OPPOSITE DIRECTION - BOTH VEHICLES GOING STRAIGHT AHEAD,SIDESWIPE-OPPOSITE DIRECTION,STRAIGHT & LEVEL,DAYLIGHT,,,9/26/2019 8:36:00 AM,False,7070,Accepted,
25688806,0568000,LOUISVILLE METRO POLICE DEPT,Accepted,JEFFERSON,,,CENTRAL,AVE,,,MONTANA,,,,,38.207264400,-85.777023101,1.106,9/25/2019 12:00:00 AM,1336,2,2,0,0,CLEAR,DRY,False,OPPOSING LEFT TURN,OPPOSING LEFT TURN,STRAIGHT & LEVEL,DAYLIGHT,,,9/25/2019 2:56:31 PM,False,7433,Accepted,
25688793,0568000,LOUISVILLE METRO POLICE DEPT,Accepted,JEFFERSON,,,FREEDOM,WAY,,,PHILLIPS,,,,,38.193555280,-85.739559143,0.334,9/25/2019 12:00:00 AM,0824,2,2,0,4,CLEAR,DRY,False,OPPOSING LEFT TURN,OPPOSING LEFT TURN,STRAIGHT & LEVEL,DAYLIGHT,,,9/25/2019 2:54:49 PM,False,7872,Accepted,
25688794,0568000,LOUISVILLE METRO POLICE DEPT,Accepted,JEFFERSON,KY1931,,ST ANDREWS CHURCH,RD,,,BLANTON,,,,,38.151792156,-85.819458315,4.415,9/25/2019 12:00:00 AM,0733,2,2,0,0,CLEAR,DRY,False,OPPOSING LEFT TURN,OPPOSING LEFT TURN,STRAIGHT & LEVEL,DAYLIGHT,,,9/25/2019 2:54:58 PM,False,7339,Accepted,
25691842,0568000,LOUISVILLE METRO POLICE DEPT,Accepted,JEFFERSON,,,MUD,LN,,,ANTLE,,,,,38.088312626,-85.670047461,0.437,9/25/2019 12:00:00 AM,1424,2,2,0,0,CLEAR,DRY,False,OPPOSING LEFT TURN,OPPOSING LEFT TURN,STRAIGHT & LEVEL,DAYLIGHT,,,9/26/2019 8:36:28 AM,False,4693,Accepted,
25696747,0568000,LOUISVILLE METRO POLICE DEPT,Accepted,JEFFERSON,KY0864,,POPLAR LEVEL,RD,,,HANSES,,,,,38.162021847,-85.677962535,8.467,9/25/2019 12:00:00 AM,1825,3,3,0,0,CLEAR,DRY,False,ANGLE COLLISION - OTHER,ANGLE,STRAIGHT & LEVEL,DAYLIGHT,,,9/27/2019 8:53:35 AM,False,5165,Accepted,
25691811,0568000,LOUISVILLE METRO POLICE DEPT,Accepted,JEFFERSON,KY1703,,NEWBURG,RD,,,SCHUFF,,,,,38.205945847,-85.693333349,2.632,9/25/2019 12:00:00 AM,1224,2,2,0,0,CLEAR,DRY,False,ANGLE COLLISION - OTHER,ANGLE,CURVE & HILLCREST,DAYLIGHT,,,9/26/2019 8:34:25 AM,False,7129,Accepted,
25691818,0568000,LOUISVILLE METRO POLICE DEPT,Accepted,JEFFERSON,,,RIVER PARK,DR,,,35TH,,,,,38.254634937,-85.809168191,0.973,9/25/2019 12:00:00 AM,1657,2,2,0,0,CLEAR,DRY,False,ANGLE COLLISION - OTHER,ANGLE,STRAIGHT & LEVEL,DAYLIGHT,,,9/26/2019 8:34:47 AM,False,7233,Accepted,
25691844,0568000,LOUISVILLE METRO POLICE DEPT,Accepted,JEFFERSON,KY1631,,CRITTENDEN,DR,,,BOXLEY,,,,,38.205335092,-85.750833263,1.200,9/25/2019 12:00:00 AM,0730,2,2,0,2,CLEAR,DRY,False,ANGLE COLLISION - OTHER,ANGLE,STRAIGHT & LEVEL,DAYLIGHT,,,9/26/2019 8:36:51 AM,False,7398,Accepted,
25688844,0568000,LOUISVILLE METRO POLICE DEPT,Accepted,JEFFERSON,KY1447,,WESTPORT,RD,,,CREEKSIDE,,,,,38.289056676,-85.569071702,5.413,9/25/2019 12:00:00 AM,1202,2,2,0,0,CLEAR,DRY,False,ANGLE COLLISION - OTHER,ANGLE,STRAIGHT & LEVEL,DAYLIGHT,,,9/25/2019 2:59:05 PM,False,7858,Accepted,
25696671,0568000,LOUISVILLE METRO POLICE DEPT,Accepted,JEFFERSON,KY0864,,POPLAR LEVEL,RD,,,REDWOOD,,,,,38.197743731,-85.707971448,11.467,9/25/2019 12:00:00 AM,1647,2,2,0,0,CLEAR,DRY,False,ANGLE COLLISION - OTHER,ANGLE,STRAIGHT & LEVEL,DAYLIGHT,,,9/27/2019 8:39:40 AM,False,7938,Accepted,
25688805,0568000,LOUISVILLE METRO POLICE DEPT,Accepted,JEFFERSON,US0031W,,MAIN,ST,W,,12TH,,,,,38.258097880,-85.769733728,21.206,9/25/2019 12:00:00 AM,0730,2,2,0,0,CLOUDY,DRY,False,ANGLE COLLISION - OTHER,ANGLE,STRAIGHT & LEVEL,DAYLIGHT,,,9/25/2019 2:56:24 PM,False,2406,Accepted,
25691766,0568000,LOUISVILLE METRO POLICE DEPT,Accepted,JEFFERSON,KY6146,,DOVER,AVE,,KY1934,GREENBELT,,,,,38.175851161,-85.868633843,0.039,9/25/2019 12:00:00 AM,0217,2,2,0,0,CLEAR,DRY,False,ANGLE COLLISION - OTHER,ANGLE,STRAIGHT & LEVEL,DAYLIGHT,,,9/26/2019 8:33:25 AM,False,5280,Accepted,
25691846,0568000,LOUISVILLE METRO POLICE DEPT,Accepted,JEFFERSON,,,GRASMERE,DR,,US0031E,BARDSTOWN,,,,,38.226696888,-85.698278014,0.002,9/25/2019 12:00:00 AM,0859,2,1,0,0,CLEAR,DRY,False,COLLISION WITH BICYCLE IN INTERSECTION,SINGLE VEHICLE,STRAIGHT & LEVEL,DAYLIGHT,,,9/26/2019 8:37:09 AM,False,7960,Accepted,
25707435,0568000,LOUISVILLE METRO POLICE DEPT,Accepted,JEFFERSON,,,JEFFERSON,BLVD,,,BATES,,,,,38.140139998,-85.675015146,0.154,9/25/2019 12:00:00 AM,1706,2,1,0,1,CLEAR,DRY,False,COLLISION WITH BICYCLE IN INTERSECTION,SINGLE VEHICLE,STRAIGHT & LEVEL,DAYLIGHT,,,9/30/2019 9:25:17 AM,False,4693,Accepted,
25718916,0568000,LOUISVILLE METRO POLICE DEPT,Accepted,JEFFERSON,KY1747,,FERN VALLEY,RD,,,GRADE,,,,,38.157174415,-85.731914049,0.001,9/25/2019 12:00:00 AM,0612,2,2,0,0,CLEAR,DRY,False,ANGLE COLLISION - OTHER,ANGLE,STRAIGHT & LEVEL,DARK-HWY LIGHTED/ON,,,10/2/2019 8:40:12 AM,False,5042,Accepted,
25713119,0568000,LOUISVILLE METRO POLICE DEPT,Accepted,JEFFERSON,US0031W,10713,DIXIE,HWY,,,,,,,,38.096062333,-85.871599072,8.020,9/25/2019 12:00:00 AM,1530,2,2,0,0,CLEAR,DRY,False,COLLISION IN PARKING LOT,SIDESWIPE-SAME DIRECTION,STRAIGHT & LEVEL,DAYLIGHT,,,10/1/2019 8:25:28 AM,False,7073,Accepted,
25696821,0568000,LOUISVILLE METRO POLICE DEPT,Accepted,JEFFERSON,,8100,AIR COMMERCE,DR,,,,,,,,38.132048683,-85.718494465,,9/25/2019 12:00:00 AM,2100,2,2,0,0,CLEAR,DRY,True,COLLISION IN PARKING LOT,BACKING,STRAIGHT & LEVEL,DARK-HWY LIGHTED/ON,,,9/27/2019 9:01:30 AM,False,6360,Accepted,
25713132,0568000,LOUISVILLE METRO POLICE DEPT,Accepted,JEFFERSON,KY1065,4840,OUTER,LOOP,,,,,,,,38.137612341,-85.671808909,6.874,9/25/2019 12:00:00 AM,1829,2,2,0,0,CLEAR,DRY,True,COLLISION IN PARKING LOT,ANGLE,STRAIGHT & LEVEL,DUSK,,,10/1/2019 8:28:16 AM,False,5042,Accepted,
25713040,0568000,LOUISVILLE METRO POLICE DEPT,Accepted,JEFFERSON,US0031E,3304,BARDSTOWN,RD,,,,,,,,38.206464392,-85.667462357,11.629,9/24/2019 12:00:00 AM,1218,2,2,0,0,CLEAR,DRY,True,COLLISION IN PARKING LOT,BACKING,STRAIGHT & GRADE,DAYLIGHT,,,10/1/2019 8:17:03 AM,False,2429,Accepted,
25691703,0930000,OLDHAM COUNTY SHERIFF DEPT.,Accepted,JEFFERSON,US0031W,,DIXIE,HWY,,,,,,,,38.215419795,-85.795683834,17.090,9/24/2019 12:00:00 AM,1237,2,2,0,0,CLEAR,DRY,False,COLLISION IN PARKING LOT,BACKING,STRAIGHT & LEVEL,DAYLIGHT,,,9/26/2019 8:24:53 AM,False,117,Accepted,
25687088,0568000,LOUISVILLE METRO POLICE DEPT,Accepted,JEFFERSON,,,ANTONIA,WAY,,,,,,,,38.092320906,-85.669913050,0.209,9/24/2019 12:00:00 AM,1657,2,2,0,0,CLOUDY,DRY,False,COLLISION IN PARKING LOT,BACKING,STRAIGHT & LEVEL,DAYLIGHT,,,9/25/2019 8:35:38 AM,False,4693,Accepted,
25688795,0568000,LOUISVILLE METRO POLICE DEPT,Accepted,JEFFERSON,KY1065,4416,OUTER,LOOP,,,,,,,,38.138025568,-85.678412748,6.515,9/24/2019 12:00:00 AM,1403,2,2,0,0,CLEAR,DRY,True,COLLISION IN PARKING LOT,BACKING,STRAIGHT & LEVEL,DAYLIGHT,,,9/25/2019 2:55:07 PM,False,2017,Accepted,
25707833,0568000,LOUISVILLE METRO POLICE DEPT,Accepted,JEFFERSON,US0031E,,BARDSTOWN,RD,,,GOLDSMITH,,,,,38.208315888,-85.669065147,11.772,9/24/2019 12:00:00 AM,2345,2,1,1,0,CLOUDY,DRY,False,COLLISION WITH PEDESTRIAN IN INTERSECTION,SINGLE VEHICLE,STRAIGHT & LEVEL,DARK-HWY NOT LIGHTED,,,9/30/2019 9:51:17 AM,False,7851,Accepted,
25687081,0568000,LOUISVILLE METRO POLICE DEPT,Accepted,JEFFERSON,US0031E,,BARDSTOWN,RD,,,RICHMOND,,,,,38.227044383,-85.698916758,13.965,9/24/2019 12:00:00 AM,1525,2,1,0,1,CLEAR,DRY,False,COLLISION WITH BICYCLE IN INTERSECTION,SINGLE VEHICLE,STRAIGHT & LEVEL,DAYLIGHT,,,9/25/2019 8:34:10 AM,False,2100,Accepted,
25687141,0568000,LOUISVILLE METRO POLICE DEPT,Accepted,JEFFERSON,,,MARKET,ST,W,,37TH,,,,,38.261411701,-85.810777471,1.333,9/24/2019 12:00:00 AM,1100,2,2,0,0,CLEAR,DRY,False,NON-COLLISION OBJECT COLLISION,REAR END,STRAIGHT & LEVEL,DAYLIGHT,,,9/25/2019 8:41:27 AM,False,7469,Accepted,
25687113,0568000,LOUISVILLE METRO POLICE DEPT,Accepted,JEFFERSON,,,STRAWBERRY,LN,,,ESTELE,,,,,38.160524037,-85.763302466,0.104,9/24/2019 12:00:00 AM,1713,2,2,0,0,CLEAR,DRY,False,ANGLE COLLISION - OTHER,ANGLE,STRAIGHT & LEVEL,DAYLIGHT,,,9/25/2019 8:36:06 AM,False,7224,Accepted,
25687124,0568000,LOUISVILLE METRO POLICE DEPT,Accepted,JEFFERSON,US0042,,MAIN,ST,E,,JOHNSON,,,,,38.253866656,-85.731278210,0.056,9/24/2019 12:00:00 AM,0804,3,3,0,0,CLEAR,DRY,False,ANGLE COLLISION - OTHER,ANGLE,STRAIGHT & LEVEL,DAYLIGHT,,,9/25/2019 8:37:47 AM,False,5124,Accepted,
25687082,0568000,LOUISVILLE METRO POLICE DEPT,Accepted,JEFFERSON,,,DIXIE,HWY,,,HILL,,,,,38.228327963,-85.790508260,1.494,9/24/2019 12:00:00 AM,0745,2,2,0,0,CLEAR,DRY,True,ANGLE COLLISION - OTHER,ANGLE,STRAIGHT & LEVEL,DAYLIGHT,,,9/25/2019 8:34:20 AM,False,5292,Accepted,
25707398,0568000,LOUISVILLE METRO POLICE DEPT,Accepted,JEFFERSON,KY1703,,BAXTER,AVE,,US0060A,EASTERN,,,,,38.228932779,-85.715193612,4.760,9/24/2019 12:00:00 AM,1514,2,2,0,0,CLEAR,DRY,False,ANGLE COLLISION - OTHER,ANGLE,STRAIGHT & LEVEL,DAYLIGHT,,,9/30/2019 9:20:52 AM,False,5020,Accepted,
25687051,0568000,LOUISVILLE METRO POLICE DEPT,Accepted,JEFFERSON,,,SHAFFER,LN,,,WILLOW BRANCH,,,,,38.147277510,-85.562173035,0.507,9/24/2019 12:00:00 AM,0653,2,2,0,0,CLEAR,DRY,False,ANGLE COLLISION - OTHER,ANGLE,STRAIGHT & LEVEL,DARK-HWY NOT LIGHTED,,,9/25/2019 8:28:07 AM,False,2017,Accepted,
25687076,0568000,LOUISVILLE METRO POLICE DEPT,Accepted,JEFFERSON,US0150,,BROADWAY,,W,,9TH,,,,,38.246818097,-85.766320557,1.915,9/24/2019 12:00:00 AM,1443,2,2,0,0,CLEAR,DRY,False,ANGLE COLLISION - OTHER,ANGLE,STRAIGHT & LEVEL,DAYLIGHT,,,9/25/2019 8:33:12 AM,False,7345,Accepted,
25687131,0568000,LOUISVILLE METRO POLICE DEPT,Accepted,JEFFERSON,,,SPRINGHURST,BLVD,,,TOWNE CENTER,,,,,38.300459923,-85.559558283,0.485,9/24/2019 12:00:00 AM,1430,2,2,0,0,CLOUDY,DRY,False,OPPOSING LEFT TURN,OPPOSING LEFT TURN,STRAIGHT & LEVEL,DAYLIGHT,,,9/25/2019 8:38:38 AM,False,7751,Accepted,
25687078,0568000,LOUISVILLE METRO POLICE DEPT,Accepted,JEFFERSON,KY0061,,PRESTON,HWY,,KY1065,OUTER,,,,,38.138311002,-85.686883270,3.946,9/24/2019 12:00:00 AM,1535,2,2,0,0,CLEAR,DRY,False,REAR END - ONE VEHICLE TURNING RIGHT,REAR END,STRAIGHT & LEVEL,DAYLIGHT,,,9/25/2019 8:33:39 AM,False,7914,Accepted,
25707406,0568000,LOUISVILLE METRO POLICE DEPT,Accepted,JEFFERSON,US0060A,,LEXINGTON,RD,,KY2048,CANNONS,,,,,38.249614356,-85.666929728,9.969,9/24/2019 12:00:00 AM,1746,2,2,0,0,CLEAR,DRY,False,OPPOSING LEFT TURN,OPPOSING LEFT TURN,STRAIGHT & LEVEL,DAYLIGHT,,,9/30/2019 9:21:45 AM,False,7632,Accepted,
25687118,0568000,LOUISVILLE METRO POLICE DEPT,Accepted,JEFFERSON,,,GOLDSMITH,LN,,,TRAFALGAR,,,,,38.207644920,-85.670185074,0.968,9/24/2019 12:00:00 AM,1335,2,2,0,0,,,True,VEHICLE BACKING IN INTERSECTION,BACKING,STRAIGHT & LEVEL,,,,9/25/2019 8:37:05 AM,False,5290,Accepted,
25687149,0568000,LOUISVILLE METRO POLICE DEPT,Accepted,JEFFERSON,US0031W,10563,DIXIE,HWY,,,,,,,,38.101945458,-85.870213141,8.198,9/24/2019 12:00:00 AM,2043,2,1,0,1,CLEAR,DRY,False,COLLISION WITH BICYCLIST NON INTERSECTION,SINGLE VEHICLE,STRAIGHT & GRADE,DARK-HWY LIGHTED/OFF,,,9/25/2019 8:43:39 AM,False,7264,Accepted,
25730058,0568000,LOUISVILLE METRO POLICE DEPT,Accepted,JEFFERSON,,,DOUGLASS,BLVD,,,,,BOULEVARD NAPOLEON,US0031E,BARDSTOWN,38.224021391,-85.695124519,0.492,9/24/2019 12:00:00 AM,1510,2,2,0,0,CLEAR,DRY,False,1 VEHICLE PARKED POSITION (NOT PARKING LOT/DRIVEWAY),SIDESWIPE-SAME DIRECTION,STRAIGHT & LEVEL,DAYLIGHT,,,10/4/2019 8:24:44 AM,False,7403,Accepted,