IncidentID,AgencyORI,AgencyName,IncidentStatusDesc,County,RdwyNumber,Street,RoadwayName,StreetSfx,StreetDir,IntersectionRdwy,IntersectionRdwyName,BetweenStRdwy1,BetweenStRdwyName1,BetweenStRdwy2,BetweenStRdwyName2,Latitude,Longitude,Milepoint,CollisionDate,CollisionTime,UnitsInvolved,MotorVehiclesInvolved,NumberKilled,NumberInjured,Weather,RdwyConditionCode,HitandRun,DirAnalysisCode,MannerofCollision,RdwyCharacter,LightCondition,RampFromRdwyId,RampToRdwyId,AcceptedDate,IsSecondaryCollision,OwnerBadge,IncidentStatus,
25687115,0568000,LOUISVILLE METRO POLICE DEPT,Accepted,JEFFERSON,,,ASHBY,LN,,KY1934,GREENBELT,,,,,38.110723912,-85.894172089,1.453,9/24/2019 12:00:00 AM,0853,2,2,0,0,CLEAR,DRY,False,OTHER INTERSECTION COLLISIONS,REAR END,STRAIGHT & LEVEL,DAYLIGHT,,,9/25/2019 8:36:41 AM,False,6326,Accepted,
25687138,0568000,LOUISVILLE METRO POLICE DEPT,Accepted,JEFFERSON,,,CENTRAL,AVE,,,FLOYD,,,,,38.203140355,-85.757143189,0.348,9/24/2019 12:00:00 AM,1635,2,2,0,0,CLEAR,DRY,False,OTHER INTERSECTION COLLISIONS,REAR END,STRAIGHT & GRADE,DAYLIGHT,,,9/25/2019 8:40:22 AM,False,7286,Accepted,
25681604,0568000,LOUISVILLE METRO POLICE DEPT,Accepted,JEFFERSON,US0031E,,BARDSTOWN,RD,,,GOLDSMITH,,,,,38.208499122,-85.668924427,11.773,9/24/2019 12:00:00 AM,0550,2,2,0,0,CLEAR,DRY,False,OTHER INTERSECTION COLLISIONS,REAR END,STRAIGHT & LEVEL,DARK-HWY LIGHTED/ON,,,9/24/2019 8:44:16 AM,False,5019,Accepted,
25687144,0568000,LOUISVILLE METRO POLICE DEPT,Accepted,JEFFERSON,US0031W,,MARKET,ST,W,,11TH,,,,,38.256506334,-85.768350421,21.192,9/24/2019 12:00:00 AM,0805,2,2,0,0,CLEAR,DRY,True,OTHER INTERSECTION COLLISIONS,REAR END,STRAIGHT & LEVEL,DAYLIGHT,,,9/25/2019 8:42:09 AM,False,5040,Accepted,
25692409,0566400,HURSTBOURNE ACRES PD,Accepted,JEFFERSON,KY1747,,HURSTBOURNE,PKWY,S,,BUNSEN,,,,,38.218993229,-85.584059051,11.472,9/24/2019 12:00:00 AM,1215,2,2,0,0,CLEAR,DRY,False,OTHER INTERSECTION COLLISIONS,REAR END,STRAIGHT & LEVEL,DAYLIGHT,,,9/26/2019 10:38:35 AM,False,9210,Accepted,
25715093,0568000,LOUISVILLE METRO POLICE DEPT,Accepted,JEFFERSON,,,PRESTON CROSSING,BLVD,,,COOPER CHAPEL,,,,,38.104048850,-85.670276226,0.015,9/24/2019 12:00:00 AM,2127,2,1,0,0,CLEAR,DRY,False,OTHER INTERSECTION COLLISIONS,REAR END,STRAIGHT & LEVEL,DARK-HWY LIGHTED/OFF,,,10/1/2019 1:37:29 PM,False,7474,Accepted,
25687157,0568000,LOUISVILLE METRO POLICE DEPT,Accepted,JEFFERSON,US0060,,FRANKFORT,AVE,,KY2048,CANNONS,,,,,38.254062013,-85.670470810,2.735,9/24/2019 12:00:00 AM,2029,2,2,0,0,CLEAR,DRY,False,SIDESWIPE-SAME DIRECTION,SIDESWIPE-SAME DIRECTION,STRAIGHT & LEVEL,DARK-HWY LIGHTED/ON,,,9/25/2019 8:45:27 AM,False,2673,Accepted,
25751204,0568000,LOUISVILLE METRO POLICE DEPT,Accepted,JEFFERSON,KY1703,,NEWBURG,RD,,I 0264,I264 W EXIT15A OFF RAMP TO KY1703 N,,,,,38.201378437,-85.687723787,2.189,9/24/2019 12:00:00 AM,1819,2,2,0,0,CLEAR,DRY,False,SIDESWIPE-SAME DIRECTION,SIDESWIPE-SAME DIRECTION,CURVE & LEVEL,DAYLIGHT,,,10/9/2019 9:59:58 AM,False,7303,Accepted,
25687135,0568000,LOUISVILLE METRO POLICE DEPT,Accepted,JEFFERSON,,,ACCOMACK,DR,,,TAZWELL,,,,,38.303246206,-85.541183463,0.261,9/24/2019 12:00:00 AM,1749,2,2,0,0,CLOUDY,DRY,False,SIDESWIPE-SAME DIRECTION,SIDESWIPE-SAME DIRECTION,STRAIGHT & GRADE,DAYLIGHT,,,9/25/2019 8:39:34 AM,False,2346,Accepted,
25687066,0568000,LOUISVILLE METRO POLICE DEPT,Accepted,JEFFERSON,,,OAK,ST,W,,12TH,,,,,38.236215372,-85.773452592,0.992,9/24/2019 12:00:00 AM,1231,2,2,0,0,CLEAR,DRY,False,SIDESWIPE-SAME DIRECTION,SIDESWIPE-SAME DIRECTION,STRAIGHT & LEVEL,DAYLIGHT,,,9/25/2019 8:31:25 AM,False,5260,Accepted,
25707549,0568000,LOUISVILLE METRO POLICE DEPT,Accepted,JEFFERSON,KY1865,,TAYLOR,BLVD,,I 0264,I264 W EXIT9 OFF RAMP TO KY1865,,,,,38.189595325,-85.783842736,5.711,9/24/2019 12:00:00 AM,1202,2,2,0,0,CLEAR,DRY,False,SIDESWIPE-SAME DIRECTION,SIDESWIPE-SAME DIRECTION,STRAIGHT & HILLCREST,DAYLIGHT,,,9/30/2019 9:33:11 AM,False,7495,Accepted,
25691820,0568000,LOUISVILLE METRO POLICE DEPT,Accepted,JEFFERSON,I 0264,,I264 W,,,I 0264,I264 W EXIT14 ON RAMP FROM KY864 N,,,,,38.194550691,-85.709406287,13.254,9/24/2019 12:00:00 AM,1652,3,3,0,0,CLEAR,DRY,False,OTHER INTERSECTION COLLISIONS,REAR END,STRAIGHT & LEVEL,DAYLIGHT,,,9/26/2019 8:34:54 AM,False,2142,Accepted,
25707403,0568000,LOUISVILLE METRO POLICE DEPT,Accepted,JEFFERSON,US0042,,BROWNSBORO,RD,,,ZORN,,,,,38.261097205,-85.684233844,2.836,9/24/2019 12:00:00 AM,1645,2,2,0,0,CLEAR,DRY,False,OTHER INTERSECTION COLLISIONS,REAR END,STRAIGHT & LEVEL,DAYLIGHT,,,9/30/2019 9:21:37 AM,False,7632,Accepted,
25687114,0568000,LOUISVILLE METRO POLICE DEPT,Accepted,JEFFERSON,KY1931,,GREENWOOD,RD,,US0031W,DIXIE,,,,,38.143499710,-85.839810908,3.131,9/24/2019 12:00:00 AM,0723,2,2,0,0,CLEAR,DRY,False,SIDESWIPE-SAME DIRECTION,SIDESWIPE-SAME DIRECTION,STRAIGHT & LEVEL,DAYLIGHT,,,9/25/2019 8:36:18 AM,False,6326,Accepted,
25687172,0568000,LOUISVILLE METRO POLICE DEPT,Accepted,JEFFERSON,,,OAK,ST,W,,,,23RD,,25TH,38.237766599,-85.793997823,2.120,9/24/2019 12:00:00 AM,2209,2,2,0,0,CLEAR,DRY,False,1 VEHICLE PARKED POSITION (NOT PARKING LOT/DRIVEWAY),BACKING,STRAIGHT & LEVEL,DARK-HWY NOT LIGHTED,,,9/25/2019 8:46:17 AM,False,5229,Accepted,
25687047,0568000,LOUISVILLE METRO POLICE DEPT,Accepted,JEFFERSON,,1000,MAYER,AVE,,,,,,,,38.220122734,-85.729843057,0.049,9/24/2019 12:00:00 AM,0712,2,2,0,0,CLEAR,DRY,False,1 VEHICLE PARKED POSITION (NOT PARKING LOT/DRIVEWAY),SIDESWIPE-SAME DIRECTION,STRAIGHT & LEVEL,DAYLIGHT,,,9/25/2019 8:27:17 AM,False,7898,Accepted,
25687146,0568000,LOUISVILLE METRO POLICE DEPT,Accepted,JEFFERSON,,1017,WALTER,AVE,,,,,,,,38.176245283,-85.779771348,0.133,9/24/2019 12:00:00 AM,1721,2,2,0,0,CLEAR,DRY,False,1 VEHICLE PARKED POSITION (NOT PARKING LOT/DRIVEWAY),SIDESWIPE-OPPOSITE DIRECTION,STRAIGHT & LEVEL,DAYLIGHT,,,9/25/2019 8:42:51 AM,False,7468,Accepted,
25707433,0568000,LOUISVILLE METRO POLICE DEPT,Accepted,JEFFERSON,I 0264,,I264 W,,,,,,,,,38.197082814,-85.706453103,13.488,9/24/2019 12:00:00 AM,1808,2,2,0,0,CLEAR,DRY,False,REAR END IN TRAFFIC LANES BOTH VEHICLES MOVING,REAR END,STRAIGHT & LEVEL,DAYLIGHT,,,9/30/2019 9:25:12 AM,False,7400,Accepted,
25768647,0560300,ST. MATTHEWS POLICE DEPARTMENT,Accepted,JEFFERSON,I 0064,,I64 W,,,,,,,,,38.235746857,-85.640683619,11.281,9/24/2019 12:00:00 AM,0845,3,3,0,0,CLEAR,DRY,False,REAR END IN TRAFFIC LANES BOTH VEHICLES MOVING,REAR END,STRAIGHT & LEVEL,DAYLIGHT,,,10/13/2019 1:53:48 PM,False,9171,Accepted,
25687140,0568000,LOUISVILLE METRO POLICE DEPT,Accepted,JEFFERSON,I 0065,,I65 S,,,,,I 0065,I65 S EXIT134 ON RAMP FROM  MAGNOLIA AVE,I 0065,I65 S EXIT134 OFF RAMP TO  ARTHUR ST,38.224694060,-85.751280703,133.775,9/24/2019 12:00:00 AM,1750,3,3,0,0,CLEAR,DRY,False,REAR END IN TRAFFIC LANES BOTH VEHICLES MOVING,REAR END,STRAIGHT & LEVEL,DUSK,,,9/25/2019 8:41:15 AM,False,5245,Accepted,
25687121,0568000,LOUISVILLE METRO POLICE DEPT,Accepted,JEFFERSON,KY0864,,POPLAR LEVEL,RD,,,,,,,,38.219513834,-85.728529733,13.368,9/24/2019 12:00:00 AM,1130,2,2,0,3,CLEAR,DRY,False,REAR END IN TRAFFIC LANES BOTH VEHICLES MOVING,REAR END,STRAIGHT & GRADE,DAYLIGHT,,,9/25/2019 8:37:19 AM,False,5130,Accepted,
25681608,0568000,LOUISVILLE METRO POLICE DEPT,Accepted,JEFFERSON,I 0065,,I65 S,,,,,,,,,38.252423610,-85.746208362,135.906,9/24/2019 12:00:00 AM,0749,2,2,0,0,CLEAR,DRY,False,REAR END IN TRAFFIC LANES BOTH VEHICLES MOVING,REAR END,STRAIGHT & LEVEL,DAYLIGHT,,,9/24/2019 8:45:28 AM,False,7947,Accepted,
25687065,0568000,LOUISVILLE METRO POLICE DEPT,Accepted,JEFFERSON,I 0064,,I64 E,,,,,,,,,38.277448212,-85.820810906,0.279,9/24/2019 12:00:00 AM,0808,2,2,0,0,CLEAR,DRY,False,REAR END IN TRAFFIC LANES BOTH VEHICLES MOVING,REAR END,STRAIGHT & LEVEL,DAYLIGHT,,,9/25/2019 8:30:48 AM,False,5129,Accepted,
25707604,0568000,LOUISVILLE METRO POLICE DEPT,Accepted,JEFFERSON,KY1934,,CANE RUN,RD,,,,,DONALD,,CLARINET,38.192206500,-85.846865605,8.468,9/24/2019 12:00:00 AM,1904,2,2,0,0,CLEAR,DRY,False,REAR END IN TRAFFIC LANES BOTH VEHICLES MOVING,REAR END,STRAIGHT & LEVEL,DAYLIGHT,,,9/30/2019 9:35:58 AM,False,2905,Accepted,
25687053,0568000,LOUISVILLE METRO POLICE DEPT,Accepted,JEFFERSON,,8100,AIR COMMERCE,DR,,,,,,,,38.128586447,-85.717154569,0.475,9/24/2019 12:00:00 AM,0840,2,2,0,0,CLEAR,DRY,False,REAR END IN TRAFFIC LANES BOTH VEHICLES MOVING,REAR END,STRAIGHT & LEVEL,DAYLIGHT,,,9/25/2019 8:28:34 AM,False,2017,Accepted,
25687127,0568000,LOUISVILLE METRO POLICE DEPT,Accepted,JEFFERSON,I 0265,,I265 E,,,,,I 0064,I265 N EXIT25A RAMP TO I64 E,I 0265,I265 E EXIT23 ON RAMP FROM KY155,38.218387692,-85.505916867,25.179,9/24/2019 12:00:00 AM,0738,4,4,0,1,CLEAR,DRY,False,REAR END IN TRAFFIC LANES BOTH VEHICLES MOVING,REAR END,STRAIGHT & LEVEL,DAYLIGHT,,,9/25/2019 8:37:57 AM,False,7751,Accepted,
25687150,0568000,LOUISVILLE METRO POLICE DEPT,Accepted,JEFFERSON,,,HIKES,LN,,,,KY2251,BARDSTOWN,US0031E,BUECHEL,38.198731556,-85.660471933,0.830,9/24/2019 12:00:00 AM,1638,2,2,0,0,CLOUDY,DRY,False,REAR END IN TRAFFIC LANES BOTH VEHICLES MOVING,REAR END,STRAIGHT & LEVEL,DAYLIGHT,,,9/25/2019 8:43:49 AM,False,6100,Accepted,
25681637,0568000,LOUISVILLE METRO POLICE DEPT,Accepted,JEFFERSON,I 0065,,I65 N,,,,,,,,,38.108894100,-85.701151916,124.738,9/24/2019 12:00:00 AM,0739,1,1,0,1,CLEAR,DRY,False,OTHER COLLISIONS ON SHOULDER,SINGLE VEHICLE,STRAIGHT & LEVEL,DAYLIGHT,,,9/24/2019 8:46:52 AM,False,4903,Accepted,
25730231,0568000,LOUISVILLE METRO POLICE DEPT,Accepted,JEFFERSON,KY1703,1900BLK,NEWBURG,RD,,,,,,,,38.221530881,-85.710296348,4.187,9/24/2019 12:00:00 AM,1448,2,2,0,0,CLEAR,DRY,True,REAR END IN TRAFFIC LANES BOTH VEHICLES MOVING,REAR END,STRAIGHT & LEVEL,DAYLIGHT,,,10/4/2019 8:40:35 AM,False,7403,Accepted,
25687079,0568000,LOUISVILLE METRO POLICE DEPT,Accepted,JEFFERSON,,,BROOK,ST,S,,,,,,,38.245365158,-85.751759493,2.835,9/24/2019 12:00:00 AM,0900,2,2,0,0,CLEAR,DRY,False,SIDESWIPE COLLISION - SAME DIRECTION,SIDESWIPE-SAME DIRECTION,STRAIGHT & LEVEL,DAYLIGHT,,,9/25/2019 8:33:50 AM,False,7406,Accepted,
25687155,0568000,LOUISVILLE METRO POLICE DEPT,Accepted,JEFFERSON,US0031,,CLARK MEMORIAL,BRG,,,,,,,,38.257146648,-85.753152091,0.063,9/24/2019 12:00:00 AM,2220,2,2,0,0,CLOUDY,DRY,True,SIDESWIPE COLLISION - SAME DIRECTION,SIDESWIPE-SAME DIRECTION,STRAIGHT & LEVEL,DARK-HWY LIGHTED/ON,,,9/25/2019 8:44:55 AM,False,7173,Accepted,
25707741,0568000,LOUISVILLE METRO POLICE DEPT,Accepted,JEFFERSON,US0150,,BROADWAY,,W,,,KY1020,3RD,KY1020,2ND,38.246007043,-85.757093455,2.454,9/24/2019 12:00:00 AM,1657,2,2,0,0,CLEAR,DRY,False,SIDESWIPE COLLISION - SAME DIRECTION,SIDESWIPE-SAME DIRECTION,STRAIGHT & LEVEL,DAYLIGHT,,,9/30/2019 9:46:37 AM,False,7229,Accepted,
25687152,0568000,LOUISVILLE METRO POLICE DEPT,Accepted,JEFFERSON,I 0064,,I64 W,,,,,,,,,38.276598950,-85.809976601,0.916,9/24/2019 12:00:00 AM,1954,2,2,0,0,CLEAR,DRY,True,SIDESWIPE COLLISION - SAME DIRECTION,SIDESWIPE-SAME DIRECTION,CURVE & LEVEL,DARK-HWY LIGHTED/ON,,,9/25/2019 8:44:29 AM,False,7243,Accepted,
25687161,0568000,LOUISVILLE METRO POLICE DEPT,Accepted,JEFFERSON,I 0265,,I265 E,,,,,,,,,38.159678663,-85.526587169,20.810,9/24/2019 12:00:00 AM,2101,2,2,0,0,CLEAR,DRY,False,SIDESWIPE COLLISION - SAME DIRECTION,SIDESWIPE-SAME DIRECTION,STRAIGHT & LEVEL,DARK-HWY NOT LIGHTED,,,9/25/2019 8:45:54 AM,False,5169,Accepted,
25687143,0568000,LOUISVILLE METRO POLICE DEPT,Accepted,JEFFERSON,KY0155,4109,TAYLORSVILLE,RD,,,,,,,,38.219470444,-85.619515951,12.986,9/24/2019 12:00:00 AM,1852,2,2,0,0,CLEAR,DRY,False,SIDESWIPE COLLISION - SAME DIRECTION,SIDESWIPE-SAME DIRECTION,STRAIGHT & LEVEL,DAYLIGHT,,,9/25/2019 8:42:00 AM,False,7864,Accepted,
25687130,0568000,LOUISVILLE METRO POLICE DEPT,Accepted,JEFFERSON,,,SYMINGTON,CIR,,,,,,,,38.318316925,-85.551221562,0.059,9/24/2019 12:00:00 AM,1213,2,2,0,0,CLEAR,DRY,False,VEHICLE BACKING NON INTERSECTION,BACKING,STRAIGHT & HILLCREST,DAYLIGHT,,,9/25/2019 8:38:27 AM,False,7751,Accepted,
25687122,0568000,LOUISVILLE METRO POLICE DEPT,Accepted,JEFFERSON,,,INDIAN,TRL,E,,,,,,,38.171331569,-85.685799789,1.121,9/24/2019 12:00:00 AM,1735,2,2,0,2,CLEAR,DRY,False,1 VEHICLE ENTERING/LEAVING ENTRANCE,ANGLE,STRAIGHT & GRADE,DAYLIGHT,,,9/25/2019 8:37:35 AM,False,5130,Accepted,
25687156,0568000,LOUISVILLE METRO POLICE DEPT,Accepted,JEFFERSON,KY1020,,NATIONAL,TPKE,,,,,,,,38.116888034,-85.747946695,3.004,9/24/2019 12:00:00 AM,0636,2,2,0,1,CLEAR,DRY,False,1 VEHICLE ENTERING/LEAVING ENTRANCE,ANGLE,STRAIGHT & LEVEL,DAYLIGHT,,,9/25/2019 8:45:07 AM,False,7244,Accepted,
25707644,0568000,LOUISVILLE METRO POLICE DEPT,Accepted,JEFFERSON,KY1631,2704,CRITTENDEN,DR,,,,,,,,38.204954174,-85.750772438,1.173,9/24/2019 12:00:00 AM,1553,2,2,0,0,CLEAR,DRY,True,1 VEHICLE ENTERING/LEAVING ENTRANCE,ANGLE,,DAYLIGHT,,,9/30/2019 9:39:36 AM,False,7251,Accepted,
25707405,0568000,LOUISVILLE METRO POLICE DEPT,Accepted,JEFFERSON,US0042,,BROWNSBORO,RD,,,,,,,,38.259724880,-85.707370989,1.531,9/24/2019 12:00:00 AM,1723,1,1,0,0,CLEAR,OTHER,False,COLLISION IN PARKING LOT,SINGLE VEHICLE,STRAIGHT & LEVEL,DAYLIGHT,,,9/30/2019 9:21:42 AM,False,2928,Accepted,
25707486,0568000,LOUISVILLE METRO POLICE DEPT,Accepted,JEFFERSON,I 0065,,,,,,,,,,,38.113208054,-85.693882640,0.028,9/24/2019 12:00:00 AM,0712,3,3,0,0,CLEAR,DRY,False,OTHER RAMP RELATED COLLISIONS NOT LISTED ABOVE,REAR END,CURVE & GRADE,DARK-HWY LIGHTED/ON,I 0065,I 0065,9/30/2019 9:29:23 AM,False,7772,Accepted,
25687147,0568000,LOUISVILLE METRO POLICE DEPT,Accepted,JEFFERSON,I 0264,,,,,,,,,,,38.212410699,-85.669658615,0.204,9/24/2019 12:00:00 AM,1807,2,2,0,0,CLEAR,DRY,False,OTHER RAMP RELATED COLLISIONS NOT LISTED ABOVE,REAR END,STRAIGHT & GRADE,DAYLIGHT,I 0264,US31E,9/25/2019 8:43:05 AM,False,6947,Accepted,
25687052,0568000,LOUISVILLE METRO POLICE DEPT,Accepted,JEFFERSON,I 0265,,I265 W,,,,,I 0265,I265 W EXIT12 ON RAMP FROM KY61,I 0065,I65 S EXIT10 RAMP TO I65,38.112453022,-85.691062870,10.845,9/24/2019 12:00:00 AM,0748,2,2,0,0,CLEAR,DRY,False,OTHER ROADWAY OR MID-BLOCK COLLISION,REAR END,STRAIGHT & GRADE,DAYLIGHT,,,9/25/2019 8:28:21 AM,False,2017,Accepted,
25687117,0568000,LOUISVILLE METRO POLICE DEPT,Accepted,JEFFERSON,KY0841,,GENE SNYDER,FWY,,,,,,,,38.120371732,-85.778261188,5.995,9/24/2019 12:00:00 AM,1405,1,1,0,1,CLEAR,DRY,False,OTHER ROADWAY OR MID-BLOCK COLLISION,SINGLE VEHICLE,CURVE & LEVEL,DAYLIGHT,,,9/25/2019 8:36:52 AM,False,6326,Accepted,
25687084,0568000,LOUISVILLE METRO POLICE DEPT,Accepted,JEFFERSON,,,KNOPP,AVE,,,,,,,,38.147911982,-85.732180422,0.220,9/24/2019 12:00:00 AM,1218,2,2,0,0,CLEAR,DRY,False,OTHER ROADWAY OR MID-BLOCK COLLISION,OPPOSING LEFT TURN,STRAIGHT & LEVEL,DAYLIGHT,,,9/25/2019 8:35:20 AM,False,4693,Accepted,
25687137,0568000,LOUISVILLE METRO POLICE DEPT,Accepted,JEFFERSON,I 0265,,I265 E,,,,,,,,,38.152761738,-85.535658932,20.112,9/24/2019 12:00:00 AM,0952,2,2,0,0,CLEAR,DRY,False,OTHER ROADWAY OR MID-BLOCK COLLISION,REAR END,STRAIGHT & LEVEL,DAYLIGHT,,,9/25/2019 8:40:10 AM,False,5268,Accepted,
25687063,0568000,LOUISVILLE METRO POLICE DEPT,Accepted,JEFFERSON,I 0064,,I64 W,,,,,,,,,38.236039970,-85.642151597,11.203,9/24/2019 12:00:00 AM,0845,2,2,0,0,CLEAR,DRY,False,OTHER ROADWAY OR MID-BLOCK COLLISION,REAR END,STRAIGHT & LEVEL,DAYLIGHT,,,9/25/2019 8:30:03 AM,False,4656,Accepted,
25687080,0568000,LOUISVILLE METRO POLICE DEPT,Accepted,JEFFERSON,KY1727,,TERRY,RD,,,,,,,,38.148348654,-85.870610570,1.856,9/24/2019 12:00:00 AM,1441,2,2,0,0,CLEAR,DRY,False,OTHER ROADWAY OR MID-BLOCK COLLISION,REAR END,STRAIGHT & LEVEL,DAYLIGHT,,,9/25/2019 8:34:02 AM,False,7224,Accepted,
25681591,0568000,LOUISVILLE METRO POLICE DEPT,Accepted,JEFFERSON,KY1865,,NEW CUT,RD,,,,,,,,38.123293537,-85.776773290,1.126,9/23/2019 12:00:00 AM,2156,2,2,0,1,CLEAR,DRY,False,OTHER ROADWAY OR MID-BLOCK COLLISION,REAR END,STRAIGHT & LEVEL,DARK-HWY LIGHTED/ON,,,9/24/2019 8:42:36 AM,False,7244,Accepted,
25681448,0568000,LOUISVILLE METRO POLICE DEPT,Accepted,JEFFERSON,US0031E,,BARDSTOWN,RD,,,,,FERN CREEK,,FERNDALE,38.157206854,-85.590769454,6.041,9/23/2019 12:00:00 AM,0733,2,2,0,0,CLOUDY,WET,False,OTHER ROADWAY OR MID-BLOCK COLLISION,REAR END,STRAIGHT & LEVEL,DAYLIGHT,,,9/24/2019 8:25:14 AM,False,2017,Accepted,
25681450,0568000,LOUISVILLE METRO POLICE DEPT,Accepted,JEFFERSON,I 0065,,I65 N,,,,,,,,,38.172076306,-85.720385010,129.307,9/23/2019 12:00:00 AM,0759,2,2,0,0,CLOUDY,DRY,True,OTHER ROADWAY OR MID-BLOCK COLLISION,REAR END,STRAIGHT & LEVEL,DAYLIGHT,,,9/24/2019 8:26:01 AM,False,4903,Accepted,
25681473,0568000,LOUISVILLE METRO POLICE DEPT,Accepted,JEFFERSON,US0031E,,BARDSTOWN,RD,,,,,,,,38.190253552,-85.643551776,9.859,9/23/2019 12:00:00 AM,1131,2,2,0,0,CLOUDY,DRY,False,OTHER ROADWAY OR MID-BLOCK COLLISION,OPPOSING LEFT TURN,CURVE & LEVEL,DAYLIGHT,,,9/24/2019 8:30:16 AM,False,7303,Accepted,
25681603,0568000,LOUISVILLE METRO POLICE DEPT,Accepted,JEFFERSON,KY1020,4450,3RD,ST,S,,,,,,,38.214091276,-85.762251790,9.890,9/23/2019 12:00:00 AM,2100,2,2,0,0,CLEAR,DRY,False,OTHER ROADWAY OR MID-BLOCK COLLISION,REAR END,STRAIGHT & LEVEL,DARK-HWY LIGHTED/ON,,,9/24/2019 8:44:04 AM,False,5237,Accepted,
25681569,0568000,LOUISVILLE METRO POLICE DEPT,Accepted,JEFFERSON,I 0071,,I71 S,,,,,I 0071,I71 TURN AROUND8,I 0071,I71 TURN AROUND6,38.307439459,-85.596916084,8.121,9/23/2019 12:00:00 AM,1540,3,3,0,1,CLEAR,DRY,False,OTHER ROADWAY OR MID-BLOCK COLLISION,REAR END,STRAIGHT & GRADE,DAYLIGHT,,,9/24/2019 8:39:06 AM,False,7765,Accepted,
25681570,0568000,LOUISVILLE METRO POLICE DEPT,Accepted,JEFFERSON,KY0146,,LA GRANGE,RD,,,,,ALTAWOOD,KY1447,WESTPORT,38.297163904,-85.506036504,8.242,9/23/2019 12:00:00 AM,1835,2,2,0,0,CLEAR,DRY,False,OTHER ROADWAY OR MID-BLOCK COLLISION,REAR END,STRAIGHT & LEVEL,DAYLIGHT,,,9/24/2019 8:39:25 AM,False,7765,Accepted,
25681471,0568000,LOUISVILLE METRO POLICE DEPT,Accepted,JEFFERSON,KY0146,,LA GRANGE,RD,,,,,,,,38.294761327,-85.507821935,8.048,9/23/2019 12:00:00 AM,1704,2,2,0,0,CLEAR,DRY,False,OTHER ROADWAY OR MID-BLOCK COLLISION,REAR END,STRAIGHT & LEVEL,DAYLIGHT,,,9/24/2019 8:30:03 AM,False,6532,Accepted,
25681554,0568000,LOUISVILLE METRO POLICE DEPT,Accepted,JEFFERSON,KY0841,,GENE SNYDER,FWY,,,,,WOODRIDGE,US0031W,US31W N RAMP TO KY841 E,38.090323692,-85.867012655,0.481,9/23/2019 12:00:00 AM,1651,3,3,0,0,CLEAR,DRY,False,OTHER ROADWAY OR MID-BLOCK COLLISION,REAR END,STRAIGHT & LEVEL,DAYLIGHT,,,9/24/2019 8:35:44 AM,False,7224,Accepted,
25681567,0568000,LOUISVILLE METRO POLICE DEPT,Accepted,JEFFERSON,I 0264,,,,,,,,,,,38.189780249,-85.779457410,0.007,9/23/2019 12:00:00 AM,1823,2,2,0,0,CLEAR,DRY,False,OTHER RAMP RELATED COLLISIONS NOT LISTED ABOVE,REAR END,CURVE & LEVEL,DAYLIGHT,I 0264,KY1865,9/24/2019 8:38:55 AM,False,5153,Accepted,
25681590,0568000,LOUISVILLE METRO POLICE DEPT,Accepted,JEFFERSON,I 0064,,,,,,,,,,,38.221952667,-85.583003329,0.615,9/23/2019 12:00:00 AM,1700,2,2,0,0,CLEAR,DRY,False,OTHER RAMP RELATED COLLISIONS NOT LISTED ABOVE,REAR END,STRAIGHT & LEVEL,DAYLIGHT,I 0064,KY1747,9/24/2019 8:42:19 AM,False,6100,Accepted,
25696762,0568000,LOUISVILLE METRO POLICE DEPT,Accepted,JEFFERSON,I 0064,,,,,,,,,,,38.256818877,-85.741581078,0.037,9/23/2019 12:00:00 AM,0524,1,1,0,0,CLEAR,WET,False,OTHER RAMP RELATED COLLISIONS NOT LISTED ABOVE,SINGLE VEHICLE,CURVE & GRADE,DARK-HWY LIGHTED/ON,I 0064,I 0064,9/27/2019 8:56:47 AM,False,5254,Accepted,
25687068,0568000,LOUISVILLE METRO POLICE DEPT,Accepted,JEFFERSON,,4401,PARK,BLVD,,,,,,,,38.192359590,-85.755118036,0.013,9/23/2019 12:00:00 AM,1500,3,3,0,0,CLEAR,DRY,True,COLLISION IN PARKING LOT,ANGLE,STRAIGHT & LEVEL,DAYLIGHT,,,9/25/2019 8:31:50 AM,False,7207,Accepted,
25687050,0568000,LOUISVILLE METRO POLICE DEPT,Accepted,JEFFERSON,,421,POPLAR LEVEL,CT,,,,,,,,38.164793636,-85.678492673,0.071,9/23/2019 12:00:00 AM,1730,1,1,0,0,CLOUDY,DRY,False,COLLISION IN PARKING LOT,SINGLE VEHICLE,STRAIGHT & LEVEL,DAYLIGHT,,,9/25/2019 8:27:44 AM,False,7473,Accepted,
25681561,0568000,LOUISVILLE METRO POLICE DEPT,Accepted,JEFFERSON,KY0061,,PRESTON,HWY,,,,,,,,38.128206941,-85.681113011,3.198,9/23/2019 12:00:00 AM,1724,2,2,0,0,CLEAR,DRY,True,1 VEHICLE ENTERING/LEAVING ENTRANCE,ANGLE,STRAIGHT & LEVEL,DAYLIGHT,,,9/24/2019 8:37:59 AM,False,4693,Accepted,
25681557,0568000,LOUISVILLE METRO POLICE DEPT,Accepted,JEFFERSON,KY1934,,CANE RUN,RD,,,,,,,,38.178321755,-85.861837739,7.319,9/23/2019 12:00:00 AM,1654,2,2,0,0,CLEAR,DRY,False,1 VEHICLE ENTERING/LEAVING ENTRANCE,ANGLE,STRAIGHT & LEVEL,DAYLIGHT,,,9/24/2019 8:36:58 AM,False,5100,Accepted,