IncidentID,AgencyORI,AgencyName,IncidentStatusDesc,County,RdwyNumber,Street,RoadwayName,StreetSfx,StreetDir,IntersectionRdwy,IntersectionRdwyName,BetweenStRdwy1,BetweenStRdwyName1,BetweenStRdwy2,BetweenStRdwyName2,Latitude,Longitude,Milepoint,CollisionDate,CollisionTime,UnitsInvolved,MotorVehiclesInvolved,NumberKilled,NumberInjured,Weather,RdwyConditionCode,HitandRun,DirAnalysisCode,MannerofCollision,RdwyCharacter,LightCondition,RampFromRdwyId,RampToRdwyId,AcceptedDate,IsSecondaryCollision,OwnerBadge,IncidentStatus,
25681572,0568000,LOUISVILLE METRO POLICE DEPT,Accepted,JEFFERSON,,,MAGNOLIA,AVE,W,,,,,,,38.233974469,-85.813614305,1.243,9/23/2019 12:00:00 AM,0901,2,2,0,0,CLOUDY,DRY,False,1 VEHICLE ENTERING/LEAVING ENTRANCE,ANGLE,STRAIGHT & LEVEL,DAYLIGHT,,,9/24/2019 8:39:45 AM,False,5260,Accepted,
25681449,0568000,LOUISVILLE METRO POLICE DEPT,Accepted,JEFFERSON,I 0065,,I65 N,,,,,,,,,38.177695570,-85.719306263,129.703,9/23/2019 12:00:00 AM,0759,3,3,0,0,CLOUDY,DRY,False,VEHICLE BACKING NON INTERSECTION,BACKING,CURVE & HILLCREST,DAYLIGHT,,,9/24/2019 8:25:32 AM,False,4903,Accepted,
25687043,0568000,LOUISVILLE METRO POLICE DEPT,Accepted,JEFFERSON,I 0264,,I264 E,,,,,I 0264,I264 E EXIT16 ON RAMP FROM US31E,I 0264,I264 E EXIT17A OFF RAMP TO KY155 S,38.218569288,-85.656914465,16.605,9/23/2019 12:00:00 AM,1646,2,2,0,0,CLEAR,DRY,False,SIDESWIPE COLLISION - SAME DIRECTION,SIDESWIPE-SAME DIRECTION,STRAIGHT & LEVEL,DAYLIGHT,,,9/25/2019 8:25:41 AM,False,2100,Accepted,
25687060,0568000,LOUISVILLE METRO POLICE DEPT,Accepted,JEFFERSON,I 0065,,I65 N,,,,,,,,,38.219286225,-85.751882291,133.400,9/23/2019 12:00:00 AM,1448,2,2,0,0,CLEAR,DRY,False,SIDESWIPE COLLISION - SAME DIRECTION,SIDESWIPE-SAME DIRECTION,CURVE & GRADE,DAYLIGHT,,,9/25/2019 8:29:19 AM,False,8278,Accepted,
25707487,0568000,LOUISVILLE METRO POLICE DEPT,Accepted,JEFFERSON,I 0064,,I64 W,,,,,,,,,38.259005727,-85.749913718,4.665,9/23/2019 12:00:00 AM,0731,2,2,0,0,CLEAR,DRY,False,SIDESWIPE COLLISION - SAME DIRECTION,SIDESWIPE-SAME DIRECTION,STRAIGHT & LEVEL,DAWN,,,9/30/2019 9:29:29 AM,False,7772,Accepted,
25681479,0568000,LOUISVILLE METRO POLICE DEPT,Accepted,JEFFERSON,I 0264,,I264 E,,,,,I 0264,I264 E EXIT11 OFF RAMP,I 0264,I264 E EXIT10 ON RAMP FROM KY1020,38.190150714,-85.754396217,10.722,9/23/2019 12:00:00 AM,1141,2,2,0,0,CLOUDY,DRY,False,SIDESWIPE COLLISION - SAME DIRECTION,SIDESWIPE-SAME DIRECTION,STRAIGHT & LEVEL,DAYLIGHT,,,9/24/2019 8:31:37 AM,False,7473,Accepted,
25681549,0568000,LOUISVILLE METRO POLICE DEPT,Accepted,JEFFERSON,I 0071,,I71 S,,,,,,,,,38.295874758,-85.627777416,6.224,9/23/2019 12:00:00 AM,1452,2,2,0,0,CLEAR,DRY,False,SIDESWIPE COLLISION - SAME DIRECTION,SIDESWIPE-SAME DIRECTION,STRAIGHT & LEVEL,DAYLIGHT,,,9/24/2019 8:34:27 AM,False,7751,Accepted,
25682836,0563800,NORTHFIELD POLICE DEPARTMENT,Accepted,JEFFERSON,KY0022,,BROWNSBORO,RD,,,CROSSGATE,,,,,38.282332798,-85.630879390,0.252,9/23/2019 12:00:00 AM,1800,2,2,0,0,CLEAR,DRY,False,HEAD-ON COLLISION,HEAD ON,STRAIGHT & LEVEL,DAYLIGHT,,,9/24/2019 12:04:42 PM,False,1375,Accepted,
25739649,0568000,LOUISVILLE METRO POLICE DEPT,Accepted,JEFFERSON,I 0265,,I265 E,,,,,,,,,38.193717210,-85.508448970,23.470,9/23/2019 12:00:00 AM,0755,2,2,0,0,CLEAR,DRY,False,REAR END IN TRAFFIC LANES BOTH VEHICLES MOVING,REAR END,STRAIGHT & LEVEL,DAYLIGHT,,,10/7/2019 7:44:30 AM,False,7415,Accepted,
25681469,0568000,LOUISVILLE METRO POLICE DEPT,Accepted,JEFFERSON,,,BURNETT,AVE,E,,TEXAS,,,,,38.221728471,-85.737514489,1.142,9/23/2019 12:00:00 AM,1358,3,3,0,1,CLEAR,DRY,False,HEAD-ON COLLISION,HEAD ON,STRAIGHT & LEVEL,DAYLIGHT,,,9/24/2019 8:29:41 AM,False,5240,Accepted,
25681562,0568000,LOUISVILLE METRO POLICE DEPT,Accepted,JEFFERSON,KY6299,,COMMERCE CROSSINGS,DR,,,,,,,,38.103463418,-85.672795588,0.196,9/23/2019 12:00:00 AM,1755,2,2,0,0,CLEAR,DRY,False,REAR END IN TRAFFIC LANES BOTH VEHICLES MOVING,REAR END,STRAIGHT & LEVEL,DAYLIGHT,,,9/24/2019 8:38:07 AM,False,4693,Accepted,
25681593,0568000,LOUISVILLE METRO POLICE DEPT,Accepted,JEFFERSON,KY1747,,HURSTBOURNE,PKWY,N,,,KY1447,WESTPORT,KY1747,KY1747 CROSSOVER,38.287498335,-85.572095271,17.018,9/23/2019 12:00:00 AM,2018,3,3,0,0,CLEAR,DRY,False,REAR END IN TRAFFIC LANES BOTH VEHICLES MOVING,REAR END,STRAIGHT & GRADE,DARK (UNKNOWN ROADWAY LIGHTING),,,9/24/2019 8:42:58 AM,False,5004,Accepted,
25687042,0568000,LOUISVILLE METRO POLICE DEPT,Accepted,JEFFERSON,I 0264,,I264 W,,,,,,,,,38.199687869,-85.701024115,13.833,9/23/2019 12:00:00 AM,0830,2,2,0,0,CLEAR,DRY,False,REAR END IN TRAFFIC LANES BOTH VEHICLES MOVING,REAR END,STRAIGHT & LEVEL,DAYLIGHT,,,9/25/2019 8:25:26 AM,False,7400,Accepted,
25707628,0568000,LOUISVILLE METRO POLICE DEPT,Accepted,JEFFERSON,KY1065,6306,OUTER,LOOP,,,,,,,,38.138081466,-85.643144205,8.446,9/23/2019 12:00:00 AM,0715,2,2,0,0,CLOUDY,WET,False,REAR END IN TRAFFIC LANES BOTH VEHICLES MOVING,REAR END,STRAIGHT & LEVEL,DAWN,,,9/30/2019 9:37:53 AM,False,5259,Accepted,
25681555,0568000,LOUISVILLE METRO POLICE DEPT,Accepted,JEFFERSON,I 0264,,I264 E,,,,,I 0264,I264 E EXIT15 ON RAMP FROM KY1703,I 0264,I264 E EXIT16 OFF RAMP TO US31E,38.206803919,-85.677991646,15.196,9/23/2019 12:00:00 AM,1528,2,2,0,0,CLEAR,DRY,False,REAR END IN TRAFFIC LANES BOTH VEHICLES MOVING,REAR END,STRAIGHT & LEVEL,DAYLIGHT,,,9/24/2019 8:36:08 AM,False,2100,Accepted,
25681581,0568000,LOUISVILLE METRO POLICE DEPT,Accepted,JEFFERSON,I 0065,,I65 S,,,,,,,,,38.236595035,-85.752310963,134.613,9/23/2019 12:00:00 AM,1535,2,2,0,0,CLEAR,DRY,False,REAR END IN TRAFFIC LANES BOTH VEHICLES MOVING,REAR END,STRAIGHT & LEVEL,DAYLIGHT,,,9/24/2019 8:40:37 AM,False,7495,Accepted,
25681582,0568000,LOUISVILLE METRO POLICE DEPT,Accepted,JEFFERSON,KY0061,,PRESTON,HWY,,,,,,,,38.097342976,-85.670716194,0.963,9/23/2019 12:00:00 AM,1913,2,2,0,0,CLEAR,DRY,False,REAR END IN TRAFFIC LANES BOTH VEHICLES MOVING,REAR END,STRAIGHT & LEVEL,DUSK,,,9/24/2019 8:41:07 AM,False,5101,Accepted,
25707394,0568000,LOUISVILLE METRO POLICE DEPT,Accepted,JEFFERSON,KY0841,,GENE SNYDER,FWY,,,,,,,,38.119550809,-85.782380139,5.638,9/23/2019 12:00:00 AM,1740,2,2,0,0,CLEAR,DRY,True,REAR END IN TRAFFIC LANES BOTH VEHICLES MOVING,REAR END,STRAIGHT & LEVEL,DAYLIGHT,,,9/30/2019 9:20:41 AM,False,7373,Accepted,
25681464,0568000,LOUISVILLE METRO POLICE DEPT,Accepted,JEFFERSON,I 0071,,I71 S,,,,,,,,,38.285721917,-85.680166164,3.055,9/23/2019 12:00:00 AM,0829,2,2,0,0,CLOUDY,DRY,False,REAR END IN TRAFFIC LANES BOTH VEHICLES MOVING,REAR END,STRAIGHT & LEVEL,DAYLIGHT,,,9/24/2019 8:28:43 AM,False,4656,Accepted,
25724024,0568000,LOUISVILLE METRO POLICE DEPT,Accepted,JEFFERSON,,,SPRING,ST,N,,,,LOCUST,,SPRING,38.253273145,-85.720314033,0.380,9/23/2019 12:00:00 AM,1446,2,2,0,0,CLEAR,DRY,True,REAR END IN TRAFFIC LANES BOTH VEHICLES MOVING,REAR END,STRAIGHT & LEVEL,DAYLIGHT,,,10/3/2019 8:10:16 AM,False,2764,Accepted,
25707459,0568000,LOUISVILLE METRO POLICE DEPT,Accepted,JEFFERSON,I 0065,,I65 N,,,,,,,,,38.236560587,-85.752131729,134.615,9/23/2019 12:00:00 AM,0723,3,3,0,0,CLEAR,DRY,False,REAR END IN TRAFFIC LANES BOTH VEHICLES MOVING,REAR END,CURVE & LEVEL,DAYLIGHT,,,9/30/2019 9:26:22 AM,False,7619,Accepted,
25688798,0568000,LOUISVILLE METRO POLICE DEPT,Accepted,JEFFERSON,I 0065,,I65 N,,,,,,,,,38.226180119,-85.751420463,133.925,9/23/2019 12:00:00 AM,1448,2,2,0,1,CLEAR,DRY,False,REAR END IN TRAFFIC LANES BOTH VEHICLES MOVING,REAR END,STRAIGHT & LEVEL,DAYLIGHT,,,9/25/2019 2:55:35 PM,False,7764,Accepted,
25681599,0568000,LOUISVILLE METRO POLICE DEPT,Accepted,JEFFERSON,,4108,1ST,ST,S,,,,,,,38.195942851,-85.761660344,2.918,9/23/2019 12:00:00 AM,2019,2,2,0,0,CLEAR,DRY,True,1 VEHICLE PARKED POSITION (NOT PARKING LOT/DRIVEWAY),BACKING,STRAIGHT & LEVEL,DARK-HWY LIGHTED/ON,,,9/24/2019 8:43:43 AM,False,5052,Accepted,
25676267,0568000,LOUISVILLE METRO POLICE DEPT,Accepted,JEFFERSON,,1717,GLENGARRY,DR,,,,,,,,38.123924236,-85.742291252,0.955,9/23/2019 12:00:00 AM,0336,2,2,0,0,CLEAR,DRY,True,1 VEHICLE PARKED POSITION (NOT PARKING LOT/DRIVEWAY),ANGLE,STRAIGHT & LEVEL,DARK (UNKNOWN ROADWAY LIGHTING),,,9/23/2019 9:20:11 AM,False,5220,Accepted,
25691763,0568000,LOUISVILLE METRO POLICE DEPT,Accepted,JEFFERSON,I 0065,,I65 N,,,,,,,,,38.206703614,-85.748059597,132.378,9/23/2019 12:00:00 AM,1229,2,2,0,3,CLEAR,DRY,False,1 VEHICLE PARKED POSITION (NOT PARKING LOT/DRIVEWAY),REAR END,CURVE & LEVEL,DAYLIGHT,,,9/26/2019 8:33:17 AM,False,7944,Accepted,
25681571,0568000,LOUISVILLE METRO POLICE DEPT,Accepted,JEFFERSON,KY1865,,NEW CUT,RD,,,,,,,,38.115713143,-85.773405788,0.446,9/23/2019 12:00:00 AM,1823,2,2,0,0,CLEAR,DRY,True,1 VEHICLE PARKED POSITION (NOT PARKING LOT/DRIVEWAY),BACKING,STRAIGHT & LEVEL,DAYLIGHT,,,9/24/2019 8:39:39 AM,False,7427,Accepted,
25687069,0568000,LOUISVILLE METRO POLICE DEPT,Accepted,JEFFERSON,,,BROOK,ST,S,,LIBERTY,,,,,38.252355781,-85.750626162,3.337,9/23/2019 12:00:00 AM,1727,2,2,0,0,CLEAR,DRY,False,SIDESWIPE-SAME DIRECTION,SIDESWIPE-SAME DIRECTION,STRAIGHT & LEVEL,DAYLIGHT,,,9/25/2019 8:32:09 AM,False,7239,Accepted,
25676253,0568000,LOUISVILLE METRO POLICE DEPT,Accepted,JEFFERSON,KY1934,,GREENBELT,HWY,,,JOHNSONTOWN,,,,,38.116422270,-85.895107443,2.315,9/23/2019 12:00:00 AM,0457,2,2,0,0,RAINING,WET,False,SIDESWIPE-SAME DIRECTION,SIDESWIPE-SAME DIRECTION,STRAIGHT & LEVEL,DARK-HWY LIGHTED/ON,,,9/23/2019 9:19:30 AM,False,5211,Accepted,
25681577,0568000,LOUISVILLE METRO POLICE DEPT,Accepted,JEFFERSON,,,DUMESNIL,ST,,,CATALPA,,,,,38.236867552,-85.801632689,1.016,9/23/2019 12:00:00 AM,1411,2,2,0,0,CLEAR,DRY,False,SIDESWIPE-SAME DIRECTION,SIDESWIPE-SAME DIRECTION,STRAIGHT & LEVEL,DAYLIGHT,,,9/24/2019 8:40:14 AM,False,5151,Accepted,
25681474,0568000,LOUISVILLE METRO POLICE DEPT,Accepted,JEFFERSON,US0031E,,BARDSTOWN,RD,,,CAREY,,,,,38.186016242,-85.635665261,9.289,9/23/2019 12:00:00 AM,1310,2,2,0,0,CLOUDY,DRY,False,SIDESWIPE-SAME DIRECTION,SIDESWIPE-SAME DIRECTION,CURVE & LEVEL,DAYLIGHT,,,9/24/2019 8:30:50 AM,False,7303,Accepted,
25687048,0568000,LOUISVILLE METRO POLICE DEPT,Accepted,JEFFERSON,US0031E,,BARDSTOWN,RD,,,BRIGHTON,,,,,38.214078419,-85.673498181,12.252,9/23/2019 12:00:00 AM,1844,2,2,0,0,CLEAR,DRY,True,SIDESWIPE-SAME DIRECTION,SIDESWIPE-SAME DIRECTION,STRAIGHT & LEVEL,DAYLIGHT,,,9/25/2019 8:27:32 AM,False,2100,Accepted,
25681576,0568000,LOUISVILLE METRO POLICE DEPT,Accepted,JEFFERSON,KY2054,,ALGONQUIN,PKWY,,,DIXIE,,,,,38.223152394,-85.792536570,1.638,9/23/2019 12:00:00 AM,1201,2,2,0,0,CLEAR,DRY,False,OTHER INTERSECTION COLLISIONS,REAR END,STRAIGHT & LEVEL,DAYLIGHT,,,9/24/2019 8:40:06 AM,False,5151,Accepted,
25681579,0568000,LOUISVILLE METRO POLICE DEPT,Accepted,JEFFERSON,,,WATTERSON,TRL,,US0031E,BARDSTOWN,,,,,38.179420470,-85.622561056,0.015,9/23/2019 12:00:00 AM,0917,3,3,0,0,CLOUDY,DRY,False,OTHER INTERSECTION COLLISIONS,REAR END,STRAIGHT & LEVEL,DAYLIGHT,,,9/24/2019 8:40:22 AM,False,7366,Accepted,
25676254,0568000,LOUISVILLE METRO POLICE DEPT,Accepted,JEFFERSON,,,RALPH,AVE,,KY2051,CAMP GROUND,,,,,38.212499899,-85.839396395,2.367,9/23/2019 12:00:00 AM,0525,2,2,0,0,RAINING,WET,False,OTHER INTERSECTION COLLISIONS,REAR END,STRAIGHT & LEVEL,DARK-HWY LIGHTED/ON,,,9/23/2019 9:19:35 AM,False,7181,Accepted,
25681551,0568000,LOUISVILLE METRO POLICE DEPT,Accepted,JEFFERSON,,,BRUCE,AVE,,KY1142,PALATKA,,,,,38.151919569,-85.784625870,0.899,9/23/2019 12:00:00 AM,1600,2,2,0,0,CLEAR,DRY,False,OTHER INTERSECTION COLLISIONS,REAR END,STRAIGHT & LEVEL,DAYLIGHT,,,9/24/2019 8:35:01 AM,False,7224,Accepted,
25681446,0568000,LOUISVILLE METRO POLICE DEPT,Accepted,JEFFERSON,KY1747,,FERN VALLEY,RD,,I 0065,I65 S EXIT128 OFF RAMP TO KY1631,,,,,38.157891154,-85.722887146,0.529,9/23/2019 12:00:00 AM,0650,2,2,0,0,CLOUDY,WET,False,OTHER INTERSECTION COLLISIONS,REAR END,STRAIGHT & LEVEL,DARK-HWY LIGHTED/ON,,,9/24/2019 8:25:03 AM,False,2017,Accepted,
25718962,0568000,LOUISVILLE METRO POLICE DEPT,Accepted,JEFFERSON,,,BUECHEL BANK,RD,,,PROGRESS,,,,,38.178209146,-85.652735107,1.206,9/23/2019 12:00:00 AM,0558,1,1,0,0,CLEAR,DRY,True,OTHER INTERSECTION COLLISIONS,SINGLE VEHICLE,STRAIGHT & LEVEL,DARK-HWY LIGHTED/OFF,,,10/2/2019 8:43:24 AM,False,5146,Accepted,
25681458,0568000,LOUISVILLE METRO POLICE DEPT,Accepted,JEFFERSON,KY1932,,BRECKENRIDGE,LN,,,SUDBURY,,,,,38.208662450,-85.626577376,1.990,9/23/2019 12:00:00 AM,0808,2,2,0,0,CLOUDY,DRY,False,OTHER INTERSECTION COLLISIONS,REAR END,STRAIGHT & LEVEL,DUSK,,,9/24/2019 8:28:16 AM,False,2429,Accepted,
25681467,0568000,LOUISVILLE METRO POLICE DEPT,Accepted,JEFFERSON,,,18TH,ST,S,US0031W,MARKET,,,,,38.257790084,-85.779953698,0.096,9/23/2019 12:00:00 AM,1253,2,2,0,0,CLEAR,DRY,False,OTHER INTERSECTION COLLISIONS,REAR END,STRAIGHT & LEVEL,DAYLIGHT,,,9/24/2019 8:29:13 AM,False,7220,Accepted,
25676249,0568000,LOUISVILLE METRO POLICE DEPT,Accepted,JEFFERSON,US0031E,,BARDSTOWN,RD,,US0060A,EASTERN,,,,,38.232073334,-85.709470830,14.619,9/23/2019 12:00:00 AM,0027,2,2,0,0,CLEAR,DRY,False,OTHER INTERSECTION COLLISIONS,REAR END,STRAIGHT & LEVEL,DARK-HWY LIGHTED/ON,,,9/23/2019 9:19:15 AM,False,5171,Accepted,
25681550,0568000,LOUISVILLE METRO POLICE DEPT,Accepted,JEFFERSON,KY2051,,LEES,LN,,KY1934,CANE RUN,,,,,38.183886825,-85.855333037,1.983,9/23/2019 12:00:00 AM,0616,2,2,0,0,CLEAR,WET,False,OTHER INTERSECTION COLLISIONS,REAR END,STRAIGHT & LEVEL,DARK-HWY NOT LIGHTED,,,9/24/2019 8:34:46 AM,False,7224,Accepted,
25681556,0568000,LOUISVILLE METRO POLICE DEPT,Accepted,JEFFERSON,KY1931,,ST ANDREWS CHURCH,RD,,,BLANTON,,,,,38.151974297,-85.819583793,4.405,9/23/2019 12:00:00 AM,1750,2,2,0,0,CLEAR,DRY,False,OTHER INTERSECTION COLLISIONS,REAR END,STRAIGHT & LEVEL,DAYLIGHT,,,9/24/2019 8:36:36 AM,False,7356,Accepted,
25681580,0568000,LOUISVILLE METRO POLICE DEPT,Accepted,JEFFERSON,KY1020,,3RD,ST,S,US0060A,EASTERN,,,,,38.213723847,-85.762383816,9.872,9/23/2019 12:00:00 AM,1434,1,1,0,0,CLEAR,DRY,False,OTHER INTERSECTION COLLISIONS,SINGLE VEHICLE,STRAIGHT & LEVEL,DAYLIGHT,,,9/24/2019 8:40:30 AM,False,7495,Accepted,
25687040,0568000,LOUISVILLE METRO POLICE DEPT,Accepted,JEFFERSON,KY2049,,CRUMS,LN,,KY1934,CANE RUN,,,,,38.199276343,-85.837299289,0.002,9/23/2019 12:00:00 AM,0800,2,2,0,0,CLOUDY,WET,False,OTHER INTERSECTION COLLISIONS,REAR END,STRAIGHT & LEVEL,DAWN,,,9/25/2019 8:25:04 AM,False,5202,Accepted,
25681560,0568000,LOUISVILLE METRO POLICE DEPT,Accepted,JEFFERSON,,,MICHAEL EDWARD,DR,,,,,,,,38.172615661,-85.584215230,0.656,9/23/2019 12:00:00 AM,1149,1,1,0,0,CLOUDY,DRY,False,COLLISION WITH NON-FIXED OBJECT ,SINGLE VEHICLE,STRAIGHT & LEVEL,DAYLIGHT,,,9/24/2019 8:37:49 AM,False,4693,Accepted,
25691847,0568000,LOUISVILLE METRO POLICE DEPT,Accepted,JEFFERSON,KY2055,10209,MANSLICK,RD,W,,,,,,,38.112944254,-85.771852445,2.288,9/23/2019 12:00:00 AM,0625,1,1,0,0,RAINING,WET,False,COLLISION WITH FIXED OBJECT NON - INTERSECTION - FIRST EVENT COLLISION 09 - 32 EXCLUDING 16,SINGLE VEHICLE,CURVE & LEVEL,DARK-HWY LIGHTED/ON,,,9/26/2019 8:37:19 AM,False,5209,Accepted,
25681559,0568000,LOUISVILLE METRO POLICE DEPT,Accepted,JEFFERSON,,,GREYLING,DR,,KY2055,MANSLICK,,,,,38.119231581,-85.795316304,0.005,9/23/2019 12:00:00 AM,1700,2,2,0,0,CLEAR,DRY,False,OPPOSING LEFT TURN,OPPOSING LEFT TURN,STRAIGHT & LEVEL,DAYLIGHT,,,9/24/2019 8:37:36 AM,False,7263,Accepted,
25681526,0568000,LOUISVILLE METRO POLICE DEPT,Accepted,JEFFERSON,,,KENTUCKY,ST,E,KY0864,SHELBY,,,,,38.236938961,-85.740846680,0.758,9/23/2019 12:00:00 AM,1010,2,2,0,2,CLEAR,DRY,False,ANGLE COLLISION - OTHER,ANGLE,STRAIGHT & LEVEL,DAYLIGHT,,,9/24/2019 8:33:04 AM,False,5273,Accepted,
25681586,0568000,LOUISVILLE METRO POLICE DEPT,Accepted,JEFFERSON,,,LINDELL,AVE,,,BROADWAY,,,,,38.250067226,-85.812238873,0.003,9/23/2019 12:00:00 AM,1100,2,2,0,0,CLEAR,DRY,False,ANGLE COLLISION - OTHER,ANGLE,STRAIGHT & LEVEL,DAYLIGHT,,,9/24/2019 8:41:52 AM,False,7329,Accepted,
25681552,0568000,LOUISVILLE METRO POLICE DEPT,Accepted,JEFFERSON,,,JOHNSONTOWN,RD,,US0031W,DIXIE,,,,,38.121139791,-85.855638046,0.005,9/23/2019 12:00:00 AM,1626,2,2,0,1,CLEAR,DRY,False,ANGLE COLLISION - OTHER,ANGLE,STRAIGHT & LEVEL,DAYLIGHT,,,9/24/2019 8:35:17 AM,False,7224,Accepted,
25687044,0568000,LOUISVILLE METRO POLICE DEPT,Accepted,JEFFERSON,KY0061,,PRESTON,ST,S,,JEFFERSON,,,,,38.252675159,-85.746342785,12.770,9/23/2019 12:00:00 AM,0918,2,2,0,0,CLEAR,DRY,False,ANGLE COLLISION - OTHER,ANGLE,STRAIGHT & LEVEL,DAYLIGHT,,,9/25/2019 8:26:19 AM,False,7058,Accepted,
25681565,0568000,LOUISVILLE METRO POLICE DEPT,Accepted,JEFFERSON,,,7TH,ST,S,,HILL,,,,,38.226865915,-85.769346756,0.645,9/23/2019 12:00:00 AM,1259,2,2,0,1,CLEAR,DRY,False,ANGLE COLLISION - OTHER,ANGLE,STRAIGHT & LEVEL,DAYLIGHT,,,9/24/2019 8:38:41 AM,False,5153,Accepted,
25681558,0568000,LOUISVILLE METRO POLICE DEPT,Accepted,JEFFERSON,KY0864,,POPLAR LEVEL,RD,,,OAKDALE,,,,,38.160250588,-85.672050548,8.165,9/23/2019 12:00:00 AM,1444,3,3,0,2,CLEAR,DRY,False,ANGLE COLLISION - OTHER,ANGLE,STRAIGHT & GRADE,DAYLIGHT,,,9/24/2019 8:37:18 AM,False,5130,Accepted,
25814670,0568000,LOUISVILLE METRO POLICE DEPT,Accepted,JEFFERSON,,,BARRET,AVE,,,ELLISON,,,,,38.232806755,-85.725395071,1.245,9/23/2019 12:00:00 AM,0046,1,1,0,0,CLEAR,DRY,False,COLLISION WITH FIXED OBJECT IN INTERSECTION - FIRST EVENT COLLISION 09 - 32,SINGLE VEHICLE,STRAIGHT & LEVEL,DARK (UNKNOWN ROADWAY LIGHTING),,,10/23/2019 8:48:06 AM,False,5050,Accepted,
25681574,0568000,LOUISVILLE METRO POLICE DEPT,Accepted,JEFFERSON,,,BOULEVARD NAPOLEON,,,,YALE,,,,,38.221817713,-85.694722215,0.315,9/23/2019 12:00:00 AM,1424,2,2,0,0,CLEAR,DRY,False,COLLISION WITH PARKED VEHICLE,SIDESWIPE-SAME DIRECTION,STRAIGHT & LEVEL,DAYLIGHT,,,9/24/2019 8:39:59 AM,False,7740,Accepted,
25681525,0568000,LOUISVILLE METRO POLICE DEPT,Accepted,JEFFERSON,KY0864,4649,POPLAR LEVEL,RD,,,,,,,,38.181256778,-85.695693094,10.112,9/23/2019 12:00:00 AM,1130,2,2,0,0,CLEAR,DRY,False,COLLISION IN PARKING LOT,BACKING,STRAIGHT & LEVEL,DAYLIGHT,,,9/24/2019 8:32:51 AM,False,7750,Accepted,
25723988,0568000,LOUISVILLE METRO POLICE DEPT,Accepted,JEFFERSON,KY1065,,OUTER,LOOP,,,TOLLS,,,,,38.125698463,-85.757658386,2.031,9/22/2019 12:00:00 AM,1658,2,2,0,1,CLEAR,DRY,False,NON-COLLISION OBJECT COLLISION,ANGLE,STRAIGHT & LEVEL,DAYLIGHT,,,10/3/2019 8:07:10 AM,False,7764,Accepted,
25676076,0568000,LOUISVILLE METRO POLICE DEPT,Accepted,JEFFERSON,,,ARMSMERE,WAY,,,MANSFIELD,,,,,38.176696143,-85.662745888,0.179,9/22/2019 12:00:00 AM,1133,1,1,0,3,CLEAR,DRY,True,COLLISION WITH FIXED OBJECT IN INTERSECTION - FIRST EVENT COLLISION 09 - 32,SINGLE VEHICLE,STRAIGHT & LEVEL,DAYLIGHT,,,9/23/2019 9:14:51 AM,False,7830,Accepted,
25676259,0568000,LOUISVILLE METRO POLICE DEPT,Accepted,JEFFERSON,US0060,,SHELBYVILLE,RD,,,BURNLEY,,,,,38.244398261,-85.551436411,9.244,9/22/2019 12:00:00 AM,2241,1,1,0,0,CLEAR,DRY,False,COLLISION WITH FIXED OBJECT IN INTERSECTION - FIRST EVENT COLLISION 09 - 32,SINGLE VEHICLE,STRAIGHT & LEVEL,DARK-HWY LIGHTED/ON,,,9/23/2019 9:19:46 AM,False,7440,Accepted,
25676266,0568000,LOUISVILLE METRO POLICE DEPT,Accepted,JEFFERSON,,,ANTLE,DR,,,STANDIFORD PLAZA,,,,,38.087479992,-85.666188116,0.235,9/22/2019 12:00:00 AM,1853,2,2,0,0,CLEAR,DRY,False,ANGLE COLLISION - OTHER,ANGLE,STRAIGHT & LEVEL,DAYLIGHT,,,9/23/2019 9:20:03 AM,False,5138,Accepted,
25676207,0568000,LOUISVILLE METRO POLICE DEPT,Accepted,JEFFERSON,KY0061,,JACKSON,ST,S,,LAMPTON,,,,,38.241966031,-85.746138116,12.067,9/22/2019 12:00:00 AM,1224,2,2,0,0,CLEAR,DRY,True,ANGLE COLLISION - OTHER,ANGLE,STRAIGHT & LEVEL,DAYLIGHT,,,9/23/2019 9:18:00 AM,False,5269,Accepted,
25676219,0568000,LOUISVILLE METRO POLICE DEPT,Accepted,JEFFERSON,,,23RD,ST,S,,GAULBERT,,,,,38.228599148,-85.795565785,1.784,9/22/2019 12:00:00 AM,1344,2,2,0,0,CLEAR,DRY,False,ANGLE COLLISION - OTHER,ANGLE,STRAIGHT & LEVEL,DAYLIGHT,,,9/23/2019 9:18:20 AM,False,7070,Accepted,
25676205,0568000,LOUISVILLE METRO POLICE DEPT,Accepted,JEFFERSON,,,CLAY,ST,S,,CHESTNUT,,,,,38.247172505,-85.741161519,0.546,9/22/2019 12:00:00 AM,0855,2,2,0,0,CLEAR,DRY,False,ANGLE COLLISION - OTHER,ANGLE,STRAIGHT & GRADE,DAYLIGHT,,,9/23/2019 9:17:50 AM,False,2661,Accepted,
25676073,0568000,LOUISVILLE METRO POLICE DEPT,Accepted,JEFFERSON,,,WITHERSPOON,ST,E,,PRESTON,,,,,38.257668125,-85.745414670,0.313,9/22/2019 12:00:00 AM,1345,2,2,0,0,CLEAR,DRY,False,VEHICLE BACKING IN INTERSECTION,BACKING,STRAIGHT & LEVEL,DAYLIGHT,,,9/23/2019 9:14:45 AM,False,2855,Accepted,