IncidentID,AgencyORI,AgencyName,IncidentStatusDesc,County,RdwyNumber,Street,RoadwayName,StreetSfx,StreetDir,IntersectionRdwy,IntersectionRdwyName,BetweenStRdwy1,BetweenStRdwyName1,BetweenStRdwy2,BetweenStRdwyName2,Latitude,Longitude,Milepoint,CollisionDate,CollisionTime,UnitsInvolved,MotorVehiclesInvolved,NumberKilled,NumberInjured,Weather,RdwyConditionCode,HitandRun,DirAnalysisCode,MannerofCollision,RdwyCharacter,LightCondition,RampFromRdwyId,RampToRdwyId,AcceptedDate,IsSecondaryCollision,OwnerBadge,IncidentStatus,
25676046,0568000,LOUISVILLE METRO POLICE DEPT,Accepted,JEFFERSON,US0060A,,TAYLOR,BLVD,,,,,,,,38.201137563,-85.782445745,1.835,9/22/2019 12:00:00 AM,0319,1,1,0,1,CLEAR,DRY,False,COLLISION WITH FIXED OBJECT NON - INTERSECTION - FIRST EVENT COLLISION 09 - 32 EXCLUDING 16,SINGLE VEHICLE,CURVE & LEVEL,DARK-HWY LIGHTED/ON,,,9/23/2019 9:11:26 AM,False,5252,Accepted,
25676091,0568000,LOUISVILLE METRO POLICE DEPT,Accepted,JEFFERSON,I 0265,,I265 N,,,,,,,,,38.286036718,-85.509301130,30.187,9/22/2019 12:00:00 AM,0952,1,1,0,0,CLEAR,DRY,True,COLLISION WITH FIXED OBJECT NON - INTERSECTION - FIRST EVENT COLLISION 09 - 32 EXCLUDING 16,SINGLE VEHICLE,,DAYLIGHT,,,9/23/2019 9:15:50 AM,False,6830,Accepted,
25681512,0568000,LOUISVILLE METRO POLICE DEPT,Accepted,JEFFERSON,KY1703,,NEWBURG,RD,,,,,RICHMOND,,BELLARMINE,38.217409524,-85.708216382,3.881,9/22/2019 12:00:00 AM,2218,1,1,0,0,CLEAR,DRY,False,COLLISION WITH ANIMAL NON INTERSECTION,SINGLE VEHICLE,CURVE & LEVEL,DARK-HWY LIGHTED/ON,,,9/24/2019 8:32:22 AM,False,7180,Accepted,
26529106,0568000,LOUISVILLE METRO POLICE DEPT,Accepted,JEFFERSON,,4421,OLD MANSLICK,RD,,,,,,,,38.185560508,-85.799505289,0.233,9/22/2019 12:00:00 AM,1400,2,2,0,0,CLEAR,DRY,True,1 VEHICLE PARKED POSITION (NOT PARKING LOT/DRIVEWAY),SIDESWIPE-OPPOSITE DIRECTION,STRAIGHT & LEVEL,DAYLIGHT,,,3/18/2020 8:16:37 AM,False,2745,Accepted,
25676050,0568000,LOUISVILLE METRO POLICE DEPT,Accepted,JEFFERSON,,,INDIAN,TRL,E,,ST CHARLES,,,,,38.185075820,-85.664002347,2.699,9/22/2019 12:00:00 AM,0416,1,1,0,0,CLEAR,DRY,False,OTHER INTERSECTION COLLISIONS,SINGLE VEHICLE,STRAIGHT & LEVEL,DARK-HWY LIGHTED/ON,,,9/23/2019 9:12:40 AM,False,5117,Accepted,
25676198,0568000,LOUISVILLE METRO POLICE DEPT,Accepted,JEFFERSON,US0031W,,DIXIE,HWY,,,MEYERS,,,,,38.165018006,-85.830353670,13.078,9/22/2019 12:00:00 AM,1056,2,2,0,0,CLEAR,DRY,True,OTHER INTERSECTION COLLISIONS,REAR END,STRAIGHT & LEVEL,DAYLIGHT,,,9/23/2019 9:17:21 AM,False,7073,Accepted,
25676229,0568000,LOUISVILLE METRO POLICE DEPT,Accepted,JEFFERSON,US0031W,,DIXIE,HWY,,,FLOWERVALE,,,,,38.085355380,-85.879787064,6.940,9/22/2019 12:00:00 AM,2235,2,2,0,0,CLEAR,DRY,True,OTHER INTERSECTION COLLISIONS,REAR END,STRAIGHT & LEVEL,DARK-HWY LIGHTED/ON,,,9/23/2019 9:18:32 AM,False,2021,Accepted,
25676230,0568000,LOUISVILLE METRO POLICE DEPT,Accepted,JEFFERSON,US0060,,FRANKFORT,AVE,,,RESERVOIR,,,,,38.254481375,-85.680962521,2.157,9/22/2019 12:00:00 AM,2228,2,2,0,0,CLEAR,DRY,False,OTHER INTERSECTION COLLISIONS,REAR END,STRAIGHT & LEVEL,DARK-HWY LIGHTED/ON,,,9/23/2019 9:18:35 AM,False,7219,Accepted,
25676206,0568000,LOUISVILLE METRO POLICE DEPT,Accepted,JEFFERSON,,,BROOK,ST,S,US0150,BROADWAY,,,,,38.245567113,-85.751746844,2.853,9/22/2019 12:00:00 AM,1415,2,2,0,0,CLEAR,DRY,False,OTHER INTERSECTION COLLISIONS,REAR END,STRAIGHT & GRADE,DAYLIGHT,,,9/23/2019 9:17:53 AM,False,2661,Accepted,
25676231,0568000,LOUISVILLE METRO POLICE DEPT,Accepted,JEFFERSON,I 0064,,I64 E,,,I 0265,I265 N,,,,,38.222609334,-85.505351035,18.984,9/22/2019 12:00:00 AM,2130,2,2,0,0,CLEAR,DRY,False,SIDESWIPE-SAME DIRECTION,SIDESWIPE-SAME DIRECTION,STRAIGHT & LEVEL,DARK-HWY LIGHTED/ON,,,9/23/2019 9:18:38 AM,False,2920,Accepted,
25696754,0568000,LOUISVILLE METRO POLICE DEPT,Accepted,JEFFERSON,KY1065,,OUTER,LOOP,,KY1020,NATIONAL,,,,,38.126915696,-85.749157449,2.524,9/22/2019 12:00:00 AM,1750,2,2,0,0,CLEAR,DRY,True,SIDESWIPE-SAME DIRECTION,SIDESWIPE-SAME DIRECTION,STRAIGHT & LEVEL,DAYLIGHT,,,9/27/2019 8:55:17 AM,False,5209,Accepted,
25676197,0568000,LOUISVILLE METRO POLICE DEPT,Accepted,JEFFERSON,,,CHERRY,WAY,,,,,JANICE,,LOUANE,38.175934716,-85.813192663,0.104,9/22/2019 12:00:00 AM,1555,2,2,0,0,CLEAR,DRY,False,1 VEHICLE PARKED POSITION (NOT PARKING LOT/DRIVEWAY),BACKING,STRAIGHT & LEVEL,DAYLIGHT,,,9/23/2019 9:16:55 AM,False,5266,Accepted,
25676056,0568000,LOUISVILLE METRO POLICE DEPT,Accepted,JEFFERSON,,,IREWICK,WAY,,,,,,,,38.112772118,-85.891466580,0.014,9/22/2019 12:00:00 AM,0721,2,2,0,0,CLEAR,DRY,False,1 VEHICLE PARKED POSITION (NOT PARKING LOT/DRIVEWAY),BACKING,STRAIGHT & LEVEL,DAYLIGHT,,,9/23/2019 9:13:14 AM,False,5257,Accepted,
25676215,0568000,LOUISVILLE METRO POLICE DEPT,Accepted,JEFFERSON,,,GREENWICH,RD,,,,,HIKES,,MAMARONECK,38.208197710,-85.644123963,0.046,9/22/2019 12:00:00 AM,1035,2,2,0,0,CLEAR,DRY,True,1 VEHICLE PARKED POSITION (NOT PARKING LOT/DRIVEWAY),,STRAIGHT & LEVEL,DARK-HWY LIGHTED/ON,,,9/23/2019 9:18:17 AM,False,5203,Accepted,
25676245,0568000,LOUISVILLE METRO POLICE DEPT,Accepted,JEFFERSON,,,FOREST,DR,,,,,MELDA,,SPARTA,38.162762392,-85.690321314,0.626,9/22/2019 12:00:00 AM,1900,2,2,0,0,CLEAR,DRY,True,1 VEHICLE PARKED POSITION (NOT PARKING LOT/DRIVEWAY),SIDESWIPE-SAME DIRECTION,STRAIGHT & LEVEL,DAYLIGHT,,,9/23/2019 9:19:05 AM,False,5165,Accepted,
25676233,0568000,LOUISVILLE METRO POLICE DEPT,Accepted,JEFFERSON,,816,DENMARK,ST,,,,,,,,38.195704402,-85.774138190,0.313,9/22/2019 12:00:00 AM,2125,2,2,0,0,CLEAR,DRY,False,1 VEHICLE PARKED POSITION (NOT PARKING LOT/DRIVEWAY),SIDESWIPE-SAME DIRECTION,STRAIGHT & LEVEL,DARK-HWY LIGHTED/ON,,,9/23/2019 9:18:45 AM,False,5175,Accepted,
25681466,0568000,LOUISVILLE METRO POLICE DEPT,Accepted,JEFFERSON,,11615,VISTA CLUB,DR,,,,,LITTLE SPRING,,VISTA HILLS,38.089361958,-85.566450004,0.214,9/22/2019 12:00:00 AM,1415,2,2,0,0,CLEAR,DRY,False,1 VEHICLE PARKED POSITION (NOT PARKING LOT/DRIVEWAY),BACKING,CURVE & LEVEL,DAYLIGHT,,,9/24/2019 8:28:53 AM,False,2506,Accepted,
25676048,0568000,LOUISVILLE METRO POLICE DEPT,Accepted,JEFFERSON,US0031E,,BAXTER,AVE,,,,,ROGERS,,PAYNE,38.245722442,-85.728518744,16.019,9/22/2019 12:00:00 AM,0113,2,2,0,0,CLEAR,DRY,True,REAR END IN TRAFFIC LANES BOTH VEHICLES MOVING,REAR END,STRAIGHT & LEVEL,DARK-HWY LIGHTED/ON,,,9/23/2019 9:12:09 AM,False,5171,Accepted,
25676228,0568000,LOUISVILLE METRO POLICE DEPT,Accepted,JEFFERSON,KY1065,,OUTER,LOOP,,,,,,,,38.138279500,-85.687209200,6.077,9/22/2019 12:00:00 AM,1937,2,2,0,0,CLEAR,DRY,False,REAR END IN TRAFFIC LANES BOTH VEHICLES MOVING,REAR END,STRAIGHT & LEVEL,DARK (UNKNOWN ROADWAY LIGHTING),,,9/23/2019 9:18:29 AM,False,5248,Accepted,
25676083,0568000,LOUISVILLE METRO POLICE DEPT,Accepted,JEFFERSON,KY1065,,OUTER,LOOP,,,,,,,,38.137785974,-85.671555391,6.887,9/22/2019 12:00:00 AM,1518,2,2,0,0,CLEAR,DRY,False,REAR END IN TRAFFIC LANES BOTH VEHICLES MOVING,REAR END,STRAIGHT & LEVEL,DAYLIGHT,,,9/23/2019 9:15:23 AM,False,6933,Accepted,
25676111,0568000,LOUISVILLE METRO POLICE DEPT,Accepted,JEFFERSON,US0031E,,BARDSTOWN,RD,,,,,TREVILIAN,,WEBER,38.223371394,-85.685699177,13.188,9/22/2019 12:00:00 AM,1435,2,2,0,0,CLEAR,DRY,False,HEAD-ON COLLISION,HEAD ON,CURVE & LEVEL,DAYLIGHT,,,9/23/2019 9:16:28 AM,False,7129,Accepted,
25676051,0568000,LOUISVILLE METRO POLICE DEPT,Accepted,JEFFERSON,I 0065,,I65 N,,,,,,,,,38.261908645,-85.742132348,136.687,9/22/2019 12:00:00 AM,0525,1,1,0,0,CLEAR,DRY,False,OTHER COLLISIONS ON SHOULDER,SINGLE VEHICLE,CURVE & LEVEL,DARK-HWY LIGHTED/ON,,,9/23/2019 9:12:47 AM,False,7325,Accepted,
25676102,0568000,LOUISVILLE METRO POLICE DEPT,Accepted,JEFFERSON,US0042,,BROWNSBORO,RD,,,,,,,,38.264250604,-85.671955790,3.531,9/22/2019 12:00:00 AM,1352,2,2,0,0,CLEAR,DRY,False,SIDESWIPE COLLISION - SAME DIRECTION,SIDESWIPE-SAME DIRECTION,STRAIGHT & HILLCREST,DAYLIGHT,,,9/23/2019 9:16:02 AM,False,5112,Accepted,
25676081,0568000,LOUISVILLE METRO POLICE DEPT,Accepted,JEFFERSON,KY1065,,OUTER,LOOP,,,,,,,,38.137941056,-85.671472357,6.891,9/22/2019 12:00:00 AM,1342,2,2,0,0,CLEAR,DRY,False,SIDESWIPE COLLISION - SAME DIRECTION,SIDESWIPE-SAME DIRECTION,STRAIGHT & LEVEL,DAYLIGHT,,,9/23/2019 9:15:04 AM,False,6933,Accepted,
25676087,0568000,LOUISVILLE METRO POLICE DEPT,Accepted,JEFFERSON,,,OXMOOR,LN,,,,US0060,SHELBYVILLE,,BULLITT,38.248734974,-85.613414753,0.042,9/22/2019 12:00:00 AM,1445,2,2,0,0,CLEAR,DRY,False,SIDESWIPE COLLISION - SAME DIRECTION,SIDESWIPE-SAME DIRECTION,STRAIGHT & LEVEL,DAYLIGHT,,,9/23/2019 9:15:30 AM,False,6406,Accepted,
25676069,0568000,LOUISVILLE METRO POLICE DEPT,Accepted,JEFFERSON,,,ASHLAND,AVE,W,,,,,,,38.185577137,-85.770490580,0.260,9/22/2019 12:00:00 AM,1238,2,2,0,0,CLEAR,DRY,False,1 VEHICLE ENTERING/LEAVING ENTRANCE,ANGLE,STRAIGHT & LEVEL,DAYLIGHT,,,9/23/2019 9:14:33 AM,False,7301,Accepted,
25676119,0568000,LOUISVILLE METRO POLICE DEPT,Accepted,JEFFERSON,US0060A,,EASTERN,PKWY,,,,,,,,38.230898546,-85.711299736,6.697,9/22/2019 12:00:00 AM,1127,2,2,0,0,CLEAR,DRY,False,1 VEHICLE ENTERING/LEAVING ENTRANCE,ANGLE,STRAIGHT & HILLCREST,DAYLIGHT,,,9/23/2019 9:16:38 AM,False,7034,Accepted,
25676225,0568000,LOUISVILLE METRO POLICE DEPT,Accepted,JEFFERSON,US0060A,,EASTERN,PKWY,,,,,NORRIS,US0031E,BARDSTOWN,38.231705056,-85.709697562,6.793,9/22/2019 12:00:00 AM,1658,2,2,0,0,CLEAR,DRY,False,1 VEHICLE ENTERING/LEAVING ENTRANCE,ANGLE,STRAIGHT & LEVEL,DAYLIGHT,,,9/23/2019 9:18:24 AM,False,5289,Accepted,
25696723,0568000,LOUISVILLE METRO POLICE DEPT,Accepted,JEFFERSON,I 0264,,I264 W,,,,,I 0264,I264 W EXIT5 ON RAMP FROM  RALPH AVE,I 0264,I264 W EXIT4 OFF RAMP TO KY2056,38.216929213,-85.822421839,4.429,9/22/2019 12:00:00 AM,1820,2,2,0,4,CLEAR,DRY,False,1 VEHICLE ENTERING/LEAVING ENTRANCE,ANGLE,STRAIGHT & LEVEL,DAYLIGHT,,,9/27/2019 8:48:12 AM,False,7656,Accepted,
25676590,0561500,UNIV. OF LOUISVILLE POLICE,Accepted,JEFFERSON,KY1020,,3RD,ST,S,,,,BRANDEIS,,CARDINAL,38.220098671,-85.761256795,10.292,9/22/2019 12:00:00 AM,1420,2,2,0,0,CLEAR,DRY,False,COLLISION IN PARKING LOT,ANGLE,STRAIGHT & LEVEL,DAYLIGHT,,,9/23/2019 10:16:28 AM,False,5697,Accepted,
25676070,0568000,LOUISVILLE METRO POLICE DEPT,Accepted,JEFFERSON,KY1065,4901,OUTER,LOOP,,,,,,,,38.138014911,-85.665286909,7.232,9/22/2019 12:00:00 AM,1312,2,2,0,0,CLEAR,DRY,True,COLLISION IN PARKING LOT,REAR END,STRAIGHT & LEVEL,DAYLIGHT,,,9/23/2019 9:14:37 AM,False,7465,Accepted,
25676104,0568000,LOUISVILLE METRO POLICE DEPT,Accepted,JEFFERSON,I 0264,,,,,,,,,,,38.194974804,-85.707073002,0.287,9/22/2019 12:00:00 AM,1418,2,2,0,0,CLEAR,DRY,False,OTHER RAMP RELATED COLLISIONS NOT LISTED ABOVE,REAR END,STRAIGHT & LEVEL,DAYLIGHT,I 0264,KY0864,9/23/2019 9:16:09 AM,False,7451,Accepted,
25676252,0568000,LOUISVILLE METRO POLICE DEPT,Accepted,JEFFERSON,US0060A,2600,3RD,ST,S,,,,,,,38.211992577,-85.762637782,3.286,9/22/2019 12:00:00 AM,0113,1,1,0,0,CLEAR,DRY,False,OTHER ROADWAY OR MID-BLOCK COLLISION,SINGLE VEHICLE,STRAIGHT & GRADE,DUSK,,,9/23/2019 9:19:25 AM,False,7291,Accepted,
25675958,0568000,LOUISVILLE METRO POLICE DEPT,Accepted,JEFFERSON,,2000,NELSON MILLER,PKWY,,,,,,,,38.275344265,-85.507118451,0.619,9/21/2019 12:00:00 AM,0145,1,1,0,0,CLEAR,DRY,False,OTHER ROADWAY OR MID-BLOCK COLLISION,SINGLE VEHICLE,STRAIGHT & LEVEL,DARK-HWY LIGHTED/ON,,,9/23/2019 8:59:17 AM,False,7475,Accepted,
25676009,0568000,LOUISVILLE METRO POLICE DEPT,Accepted,JEFFERSON,US0031E,,BARDSTOWN,RD,,,,,EMRICH,KY1747,HURSTBOURNE,38.167928996,-85.603380589,7.149,9/21/2019 12:00:00 AM,1138,3,3,0,0,CLOUDY,DRY,False,OTHER ROADWAY OR MID-BLOCK COLLISION,REAR END,STRAIGHT & GRADE,DAYLIGHT,,,9/23/2019 9:07:06 AM,False,6494,Accepted,
25676043,0568000,LOUISVILLE METRO POLICE DEPT,Accepted,JEFFERSON,KY1932,,BRECKENRIDGE,LN,,,,,HIKES,KY0155,TAYLORSVILLE,38.219035852,-85.629383657,2.767,9/21/2019 12:00:00 AM,2315,2,2,0,1,CLEAR,DRY,False,OTHER ROADWAY OR MID-BLOCK COLLISION,OPPOSING LEFT TURN,STRAIGHT & LEVEL,DARK-HWY LIGHTED/ON,,,9/23/2019 9:11:00 AM,False,6668,Accepted,
25688837,0568000,LOUISVILLE METRO POLICE DEPT,Accepted,JEFFERSON,KY1447,,WESTPORT,RD,,,,,,,,38.295769892,-85.554496622,6.317,9/21/2019 12:00:00 AM,1220,2,2,0,0,CLEAR,DRY,False,OTHER ROADWAY OR MID-BLOCK COLLISION,REAR END,STRAIGHT & GRADE,DAYLIGHT,,,9/25/2019 2:58:42 PM,False,7858,Accepted,
25676247,0568000,LOUISVILLE METRO POLICE DEPT,Accepted,JEFFERSON,KY1747,,HURSTBOURNE,PKWY,S,,,,,,,38.163024038,-85.612882958,6.830,9/21/2019 12:00:00 AM,0715,2,2,0,0,CLEAR,DRY,False,OTHER ROADWAY OR MID-BLOCK COLLISION,REAR END,STRAIGHT & LEVEL,DAWN,,,9/23/2019 9:19:10 AM,False,7449,Accepted,
25676038,0568000,LOUISVILLE METRO POLICE DEPT,Accepted,JEFFERSON,,,HILL,ST,W,,,KY1020,2ND,KY1020,3RD,38.225729528,-85.759395883,0.135,9/21/2019 12:00:00 AM,2353,2,2,0,0,CLEAR,DRY,False,OTHER ROADWAY OR MID-BLOCK COLLISION,REAR END,STRAIGHT & LEVEL,DARK-HWY LIGHTED/ON,,,9/23/2019 9:10:12 AM,False,5217,Accepted,
25675921,0568000,LOUISVILLE METRO POLICE DEPT,Accepted,JEFFERSON,I 0065,,,,,,,,,,,38.252387792,-85.746317616,,9/21/2019 12:00:00 AM,0104,2,2,0,0,CLEAR,DRY,False,OTHER RAMP RELATED COLLISIONS NOT LISTED ABOVE,SIDESWIPE-SAME DIRECTION,STRAIGHT & LEVEL,DARK-HWY LIGHTED/ON,I 0065,E JEFFERSON ST,9/23/2019 8:56:49 AM,False,7325,Accepted,
25696811,0568000,LOUISVILLE METRO POLICE DEPT,Accepted,JEFFERSON,I 0065,,,,,,,,,,,38.157417907,-85.716331613,0.482,9/21/2019 12:00:00 AM,0937,2,2,0,1,CLEAR,DRY,False,OTHER RAMP RELATED COLLISIONS NOT LISTED ABOVE,REAR END,CURVE & GRADE,DAYLIGHT,I 0065,KY1631,9/27/2019 9:00:00 AM,False,7720,Accepted,
25675989,0568000,LOUISVILLE METRO POLICE DEPT,Accepted,JEFFERSON,,4121,TOWNE CENTER,DR,,,,,,,,38.298646349,-85.557314428,0.280,9/21/2019 12:00:00 AM,1420,2,2,0,0,CLEAR,DRY,True,COLLISION IN PARKING LOT,SIDESWIPE-SAME DIRECTION,STRAIGHT & LEVEL,DAYLIGHT,,,9/23/2019 9:03:33 AM,False,2969,Accepted,
25676000,0568000,LOUISVILLE METRO POLICE DEPT,Accepted,JEFFERSON,I 0065,,,,,,,,,,,38.210009548,-85.753085705,0.192,9/21/2019 12:00:00 AM,1612,2,2,0,0,CLEAR,DRY,False,OTHER RAMP RELATED COLLISIONS NOT LISTED ABOVE,SIDESWIPE-SAME DIRECTION,STRAIGHT & LEVEL,DAYLIGHT,EASTERN PKWY,I 0065,9/23/2019 9:04:36 AM,False,5269,Accepted,
25676057,0568000,LOUISVILLE METRO POLICE DEPT,Accepted,JEFFERSON,I 0265,,,,,,,,,,,38.125912290,-85.614462547,0.276,9/21/2019 12:00:00 AM,1857,2,2,0,0,CLEAR,DRY,False,OTHER RAMP RELATED COLLISIONS NOT LISTED ABOVE,REAR END,CURVE & LEVEL,DAYLIGHT,I 0265,KY0864,9/23/2019 9:13:23 AM,False,7278,Accepted,
25696686,0568000,LOUISVILLE METRO POLICE DEPT,Accepted,JEFFERSON,,,MARGO,AVE,,,,,,,,38.139749169,-85.846223830,0.183,9/21/2019 12:00:00 AM,1515,2,2,0,0,CLEAR,DRY,False,1 VEHICLE ENTERING/LEAVING ENTRANCE,ANGLE,STRAIGHT & LEVEL,DAYLIGHT,,,9/27/2019 8:42:17 AM,False,7524,Accepted,
25676067,0568000,LOUISVILLE METRO POLICE DEPT,Accepted,JEFFERSON,KY1065,,OUTER,LOOP,,,,,,,,38.126355510,-85.775332531,1.069,9/21/2019 12:00:00 AM,1223,2,2,0,1,CLOUDY,DRY,False,1 VEHICLE ENTERING/LEAVING ENTRANCE,ANGLE,STRAIGHT & GRADE,DAYLIGHT,,,9/23/2019 9:14:20 AM,False,7221,Accepted,
25688836,0568000,LOUISVILLE METRO POLICE DEPT,Accepted,JEFFERSON,I 0265,,I265 N,,,,,,,,,38.314655604,-85.581199409,34.681,9/21/2019 12:00:00 AM,0940,2,2,0,0,CLEAR,DRY,False,1 VEHICLE ENTERING/LEAVING ENTRANCE,ANGLE,STRAIGHT & LEVEL,DAYLIGHT,,,9/25/2019 2:58:31 PM,False,7858,Accepted,
25675965,0568000,LOUISVILLE METRO POLICE DEPT,Accepted,JEFFERSON,KY0907,,3RD ST,RD,,,,,,,,38.143797655,-85.777855058,6.112,9/21/2019 12:00:00 AM,0908,2,2,0,0,CLEAR,DRY,False,1 VEHICLE ENTERING/LEAVING ENTRANCE,ANGLE,STRAIGHT & LEVEL,DAYLIGHT,,,9/23/2019 9:00:00 AM,False,7331,Accepted,
25675995,0568000,LOUISVILLE METRO POLICE DEPT,Accepted,JEFFERSON,KY0061,5204,PRESTON,HWY,,,,,,,,38.173012224,-85.711031665,6.726,9/21/2019 12:00:00 AM,1258,3,3,0,2,CLEAR,DRY,False,1 VEHICLE ENTERING/LEAVING ENTRANCE,ANGLE,STRAIGHT & LEVEL,DAYLIGHT,,,9/23/2019 9:04:11 AM,False,7319,Accepted,
25675980,0568000,LOUISVILLE METRO POLICE DEPT,Accepted,JEFFERSON,,,PARK,RD,S,,,,,,,38.116552751,-85.690869169,0.772,9/21/2019 12:00:00 AM,1237,2,2,0,0,CLEAR,DRY,False,1 VEHICLE ENTERING/LEAVING ENTRANCE,ANGLE,STRAIGHT & LEVEL,DAYLIGHT,,,9/23/2019 9:02:35 AM,False,5248,Accepted,
25676064,0568000,LOUISVILLE METRO POLICE DEPT,Accepted,JEFFERSON,,6020,SUMMER CREEK,DR,,,,,,,,38.076974081,-85.873866507,0.235,9/21/2019 12:00:00 AM,1528,2,2,0,0,CLEAR,DRY,False,VEHICLE BACKING NON INTERSECTION,BACKING,STRAIGHT & LEVEL,DAYLIGHT,,,9/23/2019 9:14:04 AM,False,5280,Accepted,
25676014,0568000,LOUISVILLE METRO POLICE DEPT,Accepted,JEFFERSON,KY1934,,CANE RUN,RD,,,,,,,,38.190030811,-85.849616961,8.258,9/21/2019 12:00:00 AM,1844,2,2,0,0,CLEAR,DRY,False,VEHICLE BACKING NON INTERSECTION,BACKING,STRAIGHT & LEVEL,DAYLIGHT,,,9/23/2019 9:08:25 AM,False,7381,Accepted,
25675988,0568000,LOUISVILLE METRO POLICE DEPT,Accepted,JEFFERSON,I 0264,,I264 E,,,,,I 0264,I264 E EXIT14 ON RAMP FROM KY864,I 0264,I264 E EXIT15 OFF RAMP TO KY1703,38.200929270,-85.694363970,14.199,9/21/2019 12:00:00 AM,1252,2,2,0,0,CLEAR,DRY,False,SIDESWIPE COLLISION - SAME DIRECTION,SIDESWIPE-SAME DIRECTION,STRAIGHT & LEVEL,DAYLIGHT,,,9/23/2019 9:03:25 AM,False,5027,Accepted,
25676003,0568000,LOUISVILLE METRO POLICE DEPT,Accepted,JEFFERSON,,,CARDINAL,BLVD,W,,,,4TH,KY1020,3RD,38.220653056,-85.762039018,0.228,9/21/2019 12:00:00 AM,1301,2,2,0,0,CLEAR,DRY,False,SIDESWIPE COLLISION - SAME DIRECTION,SIDESWIPE-SAME DIRECTION,STRAIGHT & LEVEL,DAYLIGHT,,,9/23/2019 9:05:00 AM,False,7418,Accepted,
25675944,0568000,LOUISVILLE METRO POLICE DEPT,Accepted,JEFFERSON,,,GRADE,LN,,,,,FERN GRADE,,GRADE LN CONN,38.166258936,-85.721437104,1.052,9/21/2019 12:00:00 AM,0050,2,2,0,0,CLEAR,DRY,False,SIDESWIPE COLLISION - OPPOSITE DIRECTION,SIDESWIPE-OPPOSITE DIRECTION,STRAIGHT & LEVEL,DARK-HWY LIGHTED/ON,,,9/23/2019 8:58:01 AM,False,5165,Accepted,
25675994,0568000,LOUISVILLE METRO POLICE DEPT,Accepted,JEFFERSON,,,TREVILIAN,WAY,,,,,ASHWOOD,KY1703,NEWBURG,38.213590194,-85.700841853,1.730,9/21/2019 12:00:00 AM,1640,2,2,0,0,CLEAR,DRY,False,SIDESWIPE COLLISION - OPPOSITE DIRECTION,SIDESWIPE-OPPOSITE DIRECTION,STRAIGHT & GRADE,DAYLIGHT,,,9/23/2019 9:04:07 AM,False,2230,Accepted,
25676236,0568000,LOUISVILLE METRO POLICE DEPT,Accepted,JEFFERSON,I 0071,,I71 N,,,,,,,,,38.313720673,-85.583985957,8.954,9/21/2019 12:00:00 AM,2313,2,2,0,0,CLEAR,DRY,True,SIDESWIPE COLLISION - SAME DIRECTION,SIDESWIPE-SAME DIRECTION,,DARK-HWY LIGHTED/ON,,,9/23/2019 9:18:54 AM,False,7475,Accepted,
25676016,0568000,LOUISVILLE METRO POLICE DEPT,Accepted,JEFFERSON,I 0264,,I264 E,,,,,,,,,38.217788731,-85.658489810,16.503,9/21/2019 12:00:00 AM,0405,2,2,0,0,CLEAR,DRY,False,SIDESWIPE COLLISION - SAME DIRECTION,SIDESWIPE-SAME DIRECTION,STRAIGHT & LEVEL,DARK-HWY LIGHTED/ON,,,9/23/2019 9:08:37 AM,False,7916,Accepted,
25676012,0568000,LOUISVILLE METRO POLICE DEPT,Accepted,JEFFERSON,US0031E,,BARDSTOWN,RD,,KY0155,TAYLORSVILLE,,,,,38.223007281,-85.684675153,13.124,9/21/2019 12:00:00 AM,1858,2,2,0,0,CLEAR,DRY,False,HEAD-ON COLLISION,HEAD ON,CURVE & GRADE,DAYLIGHT,,,9/23/2019 9:08:11 AM,False,2230,Accepted,
25676203,0568000,LOUISVILLE METRO POLICE DEPT,Accepted,JEFFERSON,US0150,,N 22ND ST CONN,,,,,,,,,38.261776095,-85.784473454,0.620,9/21/2019 12:00:00 AM,1530,2,2,0,0,CLEAR,DRY,False,OTHER COLLISIONS ON SHOULDER,SIDESWIPE-SAME DIRECTION,CURVE & LEVEL,DAYLIGHT,,,9/23/2019 9:17:40 AM,False,7288,Accepted,
25675983,0568000,LOUISVILLE METRO POLICE DEPT,Accepted,JEFFERSON,,,SIX MILE,LN,,,,,,,,38.200359065,-85.614017269,2.250,9/21/2019 12:00:00 AM,0952,2,2,0,0,CLEAR,DRY,False,REAR END IN TRAFFIC LANES BOTH VEHICLES MOVING,REAR END,STRAIGHT & LEVEL,DAYLIGHT,,,9/23/2019 9:02:54 AM,False,7497,Accepted,
25675951,0568000,LOUISVILLE METRO POLICE DEPT,Accepted,JEFFERSON,I 0265,,I265 E,,,,,I 0265,I265 E EXIT15 OFF RAMP TO KY864,I 0265,I265 E EXIT15 ON RAMP FROM KY864,38.126151336,-85.610318732,15.439,9/21/2019 12:00:00 AM,0540,2,2,0,0,CLEAR,DRY,False,REAR END IN TRAFFIC LANES BOTH VEHICLES MOVING,REAR END,STRAIGHT & GRADE,DARK-HWY LIGHTED/ON,,,9/23/2019 8:58:29 AM,False,6028,Accepted,
25676030,0568000,LOUISVILLE METRO POLICE DEPT,Accepted,JEFFERSON,KY1631,,CRITTENDEN,DR,,,,,,,,38.199810371,-85.750797379,0.819,9/21/2019 12:00:00 AM,0019,2,2,0,0,CLEAR,DRY,False,REAR END IN TRAFFIC LANES BOTH VEHICLES MOVING,REAR END,STRAIGHT & LEVEL,DARK-HWY LIGHTED/ON,,,9/23/2019 9:09:27 AM,False,5252,Accepted,
25676047,0568000,LOUISVILLE METRO POLICE DEPT,Accepted,JEFFERSON,I 0065,,I65 N,,,,,,,,,38.107533210,-85.701128027,124.644,9/21/2019 12:00:00 AM,2154,2,2,0,1,CLEAR,DRY,False,REAR END IN TRAFFIC LANES BOTH VEHICLES MOVING,REAR END,STRAIGHT & LEVEL,DARK-HWY NOT LIGHTED,,,9/23/2019 9:11:55 AM,False,5011,Accepted,