IncidentID,AgencyORI,AgencyName,IncidentStatusDesc,County,RdwyNumber,Street,RoadwayName,StreetSfx,StreetDir,IntersectionRdwy,IntersectionRdwyName,BetweenStRdwy1,BetweenStRdwyName1,BetweenStRdwy2,BetweenStRdwyName2,Latitude,Longitude,Milepoint,CollisionDate,CollisionTime,UnitsInvolved,MotorVehiclesInvolved,NumberKilled,NumberInjured,Weather,RdwyConditionCode,HitandRun,DirAnalysisCode,MannerofCollision,RdwyCharacter,LightCondition,RampFromRdwyId,RampToRdwyId,AcceptedDate,IsSecondaryCollision,OwnerBadge,IncidentStatus,
25675987,0568000,LOUISVILLE METRO POLICE DEPT,Accepted,JEFFERSON,KY1932,,BRECKENRIDGE,LN,,,,I 0264,I264 E EXIT18 ON RAMP FROM KY1932 N,,HILLBROOK,38.225707285,-85.635062438,3.323,9/21/2019 12:00:00 AM,1805,2,2,0,0,CLEAR,DRY,False,REAR END IN TRAFFIC LANES BOTH VEHICLES MOVING,REAR END,STRAIGHT & LEVEL,DAYLIGHT,,,9/23/2019 9:03:19 AM,False,5027,Accepted,
25675978,0568000,LOUISVILLE METRO POLICE DEPT,Accepted,JEFFERSON,KY1065,,OUTER,LOOP,,,,,,,,38.137870686,-85.672668781,6.827,9/21/2019 12:00:00 AM,1053,3,3,0,0,CLOUDY,DRY,False,REAR END IN TRAFFIC LANES BOTH VEHICLES MOVING,REAR END,STRAIGHT & LEVEL,DAYLIGHT,,,9/23/2019 9:02:20 AM,True,6933,Accepted,
25675919,0568000,LOUISVILLE METRO POLICE DEPT,Accepted,JEFFERSON,I 0265,,I265 W,,,,,I 0265,I265 W EXIT15 OFF RAMP TO KY864,I 0265,I265 W EXIT17 ON RAMP FROM US31E,38.133955742,-85.599012020,16.263,9/21/2019 12:00:00 AM,0017,2,2,0,0,CLEAR,DRY,False,REAR END IN TRAFFIC LANES BOTH VEHICLES MOVING,REAR END,STRAIGHT & GRADE,DARK-HWY NOT LIGHTED,,,9/23/2019 8:56:08 AM,False,6028,Accepted,
25675937,0568000,LOUISVILLE METRO POLICE DEPT,Accepted,JEFFERSON,I 0064,,I64 W,,,,,I 0064,I64 W EXIT19B RAMP TO I265 N,I 0064,I64 W EXIT19B RAMP TO I265 N,38.219759676,-85.438607699,22.535,9/21/2019 12:00:00 AM,0323,2,2,0,0,CLEAR,DRY,False,REAR END IN TRAFFIC LANES BOTH VEHICLES MOVING,REAR END,STRAIGHT & LEVEL,DARK-HWY NOT LIGHTED,,,9/23/2019 8:57:47 AM,False,6931,Accepted,
25739812,0568000,LOUISVILLE METRO POLICE DEPT,Accepted,JEFFERSON,,2424,EAGLES EYRIE,CT,,,,,,,,38.257851199,-85.700118030,0.006,9/21/2019 12:00:00 AM,1700,2,2,0,0,,DRY,True,1 VEHICLE PARKED POSITION (NOT PARKING LOT/DRIVEWAY),SIDESWIPE-SAME DIRECTION,STRAIGHT & LEVEL,,,,10/7/2019 7:56:12 AM,False,7391,Accepted,
25676002,0568000,LOUISVILLE METRO POLICE DEPT,Accepted,JEFFERSON,KY0864,,SHELBY,ST,S,,,,CALDWELL,,KENTUCKY,38.237645726,-85.740728558,14.999,9/21/2019 12:00:00 AM,0831,3,3,0,0,CLEAR,DRY,False,1 VEHICLE PARKED POSITION (NOT PARKING LOT/DRIVEWAY),REAR END,STRAIGHT & LEVEL,DAYLIGHT,,,9/23/2019 9:04:54 AM,False,7418,Accepted,
25676036,0568000,LOUISVILLE METRO POLICE DEPT,Accepted,JEFFERSON,,1100,23RD,ST,S,,,,,,,38.237672699,-85.792727615,1.133,9/21/2019 12:00:00 AM,1609,2,2,0,0,CLEAR,DRY,True,1 VEHICLE PARKED POSITION (NOT PARKING LOT/DRIVEWAY),SIDESWIPE-OPPOSITE DIRECTION,STRAIGHT & LEVEL,DAYLIGHT,,,9/23/2019 9:09:59 AM,False,5000,Accepted,
25676039,0568000,LOUISVILLE METRO POLICE DEPT,Accepted,JEFFERSON,KY0907,9201,3RD ST,RD,,,,,,,,38.116532305,-85.817318300,3.062,9/21/2019 12:00:00 AM,2130,2,2,0,0,CLEAR,DRY,False,1 VEHICLE PARKED POSITION (NOT PARKING LOT/DRIVEWAY),SIDESWIPE-OPPOSITE DIRECTION,STRAIGHT & HILLCREST,DARK (UNKNOWN ROADWAY LIGHTING),,,9/23/2019 9:10:26 AM,False,5048,Accepted,
25676011,0568000,LOUISVILLE METRO POLICE DEPT,Accepted,JEFFERSON,US0031E,,BARDSTOWN,RD,,KY1747,HURSTBOURNE,,,,,38.168962215,-85.605039244,7.245,9/21/2019 12:00:00 AM,1817,2,2,0,0,CLEAR,DRY,False,SIDESWIPE-SAME DIRECTION,SIDESWIPE-SAME DIRECTION,STRAIGHT & LEVEL,DAYLIGHT,,,9/23/2019 9:08:06 AM,False,7698,Accepted,
25675977,0568000,LOUISVILLE METRO POLICE DEPT,Accepted,JEFFERSON,KY1020,,2ND,ST,S,,JEFFERSON,,,,,38.253460128,-85.753764720,12.630,9/21/2019 12:00:00 AM,1058,2,2,0,0,CLEAR,DRY,False,SIDESWIPE-SAME DIRECTION,SIDESWIPE-SAME DIRECTION,STRAIGHT & LEVEL,DAYLIGHT,,,9/23/2019 9:02:10 AM,False,7386,Accepted,
25675957,0568000,LOUISVILLE METRO POLICE DEPT,Accepted,JEFFERSON,,,28TH,ST,S,,GRAND,,,,,38.240835821,-85.799818489,1.406,9/21/2019 12:00:00 AM,0324,2,2,0,0,CLEAR,DRY,True,SIDESWIPE-SAME DIRECTION,SIDESWIPE-SAME DIRECTION,STRAIGHT & LEVEL,DARK-HWY LIGHTED/ON,,,9/23/2019 8:59:07 AM,False,5256,Accepted,
25675992,0568000,LOUISVILLE METRO POLICE DEPT,Accepted,JEFFERSON,,,JEFFERSON,ST,W,,1ST,,,,,38.253290762,-85.752053124,,9/21/2019 12:00:00 AM,1605,2,2,0,0,CLEAR,DRY,False,SIDESWIPE-SAME DIRECTION,SIDESWIPE-SAME DIRECTION,STRAIGHT & LEVEL,DAYLIGHT,,,9/23/2019 9:03:50 AM,False,2855,Accepted,
25707410,0568000,LOUISVILLE METRO POLICE DEPT,Accepted,JEFFERSON,,,RIVER,RD,,,WOLF PEN BRANCH,,,,,38.326810818,-85.632873593,5.039,9/21/2019 12:00:00 AM,1543,2,2,0,2,CLEAR,DRY,False,OTHER INTERSECTION COLLISIONS,REAR END,STRAIGHT & GRADE,DAYLIGHT,,,9/30/2019 9:22:48 AM,False,7858,Accepted,
25739540,0568000,LOUISVILLE METRO POLICE DEPT,Accepted,JEFFERSON,,,WILSON,AVE,,,DR WILLIAM G WEATHERS,,,,,38.227928264,-85.806042395,1.892,9/21/2019 12:00:00 AM,2300,2,2,0,0,CLEAR,DRY,False,SIDESWIPE-SAME DIRECTION,SIDESWIPE-SAME DIRECTION,STRAIGHT & LEVEL,DARK-HWY LIGHTED/ON,,,10/7/2019 7:38:16 AM,False,5190,Accepted,
25676031,0568000,LOUISVILLE METRO POLICE DEPT,Accepted,JEFFERSON,,,WATSON,LN,,US0031W,DIXIE,,,,,38.056193316,-85.890698879,0.005,9/21/2019 12:00:00 AM,1820,2,2,0,0,CLEAR,DRY,True,OTHER INTERSECTION COLLISIONS,REAR END,STRAIGHT & LEVEL,DAYLIGHT,,,9/23/2019 9:09:37 AM,False,2021,Accepted,
25676255,0568000,LOUISVILLE METRO POLICE DEPT,Accepted,JEFFERSON,I 0264,,I264 W,,,I 0264,I264 W EXIT18B OFF RAMP TO KY1932 N,,,,,38.230434454,-85.632670125,18.140,9/21/2019 12:00:00 AM,0426,1,1,0,0,CLEAR,DRY,False,OTHER INTERSECTION COLLISIONS,SINGLE VEHICLE,STRAIGHT & LEVEL,DARK-HWY LIGHTED/ON,,,9/23/2019 9:19:42 AM,False,5117,Accepted,
25676035,0568000,LOUISVILLE METRO POLICE DEPT,Accepted,JEFFERSON,I 0265,,I265 N,,,I 0071,I71 N EXIT35A RAMP TO I71 N,,,,,38.312688728,-85.577578414,34.341,9/21/2019 12:00:00 AM,2115,2,2,0,0,CLEAR,DRY,False,OTHER INTERSECTION COLLISIONS,REAR END,STRAIGHT & LEVEL,DARK-HWY LIGHTED/ON,,,9/23/2019 9:09:52 AM,False,2920,Accepted,
25675973,0568000,LOUISVILLE METRO POLICE DEPT,Accepted,JEFFERSON,KY0061,,PRESTON,HWY,,,COOPER CHAPEL,,,,,38.103466491,-85.672405086,1.394,9/21/2019 12:00:00 AM,1003,2,2,0,0,CLEAR,DRY,False,OTHER INTERSECTION COLLISIONS,REAR END,STRAIGHT & LEVEL,DAYLIGHT,,,9/23/2019 9:01:12 AM,False,5261,Accepted,
25675993,0568000,LOUISVILLE METRO POLICE DEPT,Accepted,JEFFERSON,,,ORELL,RD,E,US0031W,DIXIE,,,,,38.082301473,-85.881513698,0.003,9/21/2019 12:00:00 AM,1654,2,2,0,0,CLEAR,DRY,False,OTHER INTERSECTION COLLISIONS,REAR END,STRAIGHT & GRADE,DAYLIGHT,,,9/23/2019 9:04:00 AM,False,2098,Accepted,
25676001,0568000,LOUISVILLE METRO POLICE DEPT,Accepted,JEFFERSON,KY0155,,TAYLORSVILLE,RD,,,MCMAHAN,,,,,38.219595722,-85.619396102,12.983,9/21/2019 12:00:00 AM,1504,2,2,0,0,CLEAR,DRY,True,OTHER INTERSECTION COLLISIONS,REAR END,STRAIGHT & LEVEL,DAYLIGHT,,,9/23/2019 9:04:44 AM,False,7448,Accepted,
25676041,0568000,LOUISVILLE METRO POLICE DEPT,Accepted,JEFFERSON,US0060A,,LEXINGTON,RD,,US0060,FRANKFORT,,,,,38.252980915,-85.657224250,10.544,9/21/2019 12:00:00 AM,2110,2,2,0,0,CLEAR,DRY,False,OTHER INTERSECTION COLLISIONS,REAR END,CURVE & LEVEL,DARK-HWY LIGHTED/ON,,,9/23/2019 9:10:49 AM,False,7219,Accepted,
25675984,0568000,LOUISVILLE METRO POLICE DEPT,Accepted,JEFFERSON,US0031W,,MARKET,ST,W,,10TH,,,,,38.256335973,-85.766711751,21.281,9/21/2019 12:00:00 AM,1259,2,2,0,0,CLEAR,DRY,False,OTHER INTERSECTION COLLISIONS,REAR END,STRAIGHT & LEVEL,DAYLIGHT,,,9/23/2019 9:02:58 AM,False,5187,Accepted,
25675990,0568000,LOUISVILLE METRO POLICE DEPT,Accepted,JEFFERSON,KY1747,,FERN VALLEY,RD,,,,,VALLEY FOREST,,OLD FERN VALLEY,38.157625929,-85.684012700,2.639,9/21/2019 12:00:00 AM,1447,1,1,0,0,CLEAR,DRY,False,COLLISION WITH FIXED OBJECT NON - INTERSECTION - FIRST EVENT COLLISION 09 - 32 EXCLUDING 16,SINGLE VEHICLE,STRAIGHT & LEVEL,DAYLIGHT,,,9/23/2019 9:03:39 AM,False,7830,Accepted,
25676008,0568000,LOUISVILLE METRO POLICE DEPT,Accepted,JEFFERSON,,1824,GARLAND,AVE,,,,,,,,38.243675452,-85.785421117,,9/21/2019 12:00:00 AM,1752,1,1,0,0,CLEAR,DRY,False,COLLISION WITH FIXED OBJECT NON - INTERSECTION - FIRST EVENT COLLISION 09 - 32 EXCLUDING 16,SINGLE VEHICLE,STRAIGHT & LEVEL,DAYLIGHT,,,9/23/2019 9:06:39 AM,False,5179,Accepted,
25676049,0568000,LOUISVILLE METRO POLICE DEPT,Accepted,JEFFERSON,,2824,KLONDIKE,LN,,,,,,,,38.202116933,-85.640795328,0.091,9/21/2019 12:00:00 AM,2130,1,1,0,0,CLEAR,DRY,True,COLLISION WITH FIXED OBJECT NON - INTERSECTION - FIRST EVENT COLLISION 09 - 32 EXCLUDING 16,SINGLE VEHICLE,STRAIGHT & LEVEL,DARK-HWY LIGHTED/ON,,,9/23/2019 9:12:24 AM,False,5117,Accepted,
25675947,0568000,LOUISVILLE METRO POLICE DEPT,Accepted,JEFFERSON,,1519,CROSSTIMBERS,DR,,,,,,,,38.266153978,-85.443845027,1.080,9/21/2019 12:00:00 AM,0519,1,1,0,1,CLEAR,DRY,False,COLLISION WITH FIXED OBJECT NON - INTERSECTION - FIRST EVENT COLLISION 09 - 32 EXCLUDING 16,SINGLE VEHICLE,STRAIGHT & LEVEL,DARK-HWY LIGHTED/ON,,,9/23/2019 8:58:13 AM,False,2920,Accepted,
25675996,0568000,LOUISVILLE METRO POLICE DEPT,Accepted,JEFFERSON,US0031E,,BARDSTOWN,RD,,,,,ST FRANCIS,,LAUDERDALE,38.226310671,-85.697715342,13.881,9/21/2019 12:00:00 AM,1632,1,1,0,0,CLEAR,DRY,False,COLLISION WITH FIXED OBJECT NON - INTERSECTION - FIRST EVENT COLLISION 09 - 32 EXCLUDING 16,SINGLE VEHICLE,STRAIGHT & LEVEL,DAYLIGHT,,,9/23/2019 9:04:17 AM,False,7570,Accepted,
25676053,0568000,LOUISVILLE METRO POLICE DEPT,Accepted,JEFFERSON,,6623,ESTELE,AVE,,,,,,,,38.160173801,-85.763409365,0.307,9/21/2019 12:00:00 AM,2245,1,1,0,0,CLEAR,DRY,False,COLLISION WITH FIXED OBJECT NON - INTERSECTION - FIRST EVENT COLLISION 09 - 32 EXCLUDING 16,SINGLE VEHICLE,STRAIGHT & LEVEL,DARK (UNKNOWN ROADWAY LIGHTING),,,9/23/2019 9:12:59 AM,False,5220,Accepted,
25676020,0568000,LOUISVILLE METRO POLICE DEPT,Accepted,JEFFERSON,KY2055,,MANSLICK,RD,W,,STARLET,,,,,38.108133609,-85.762548412,1.631,9/21/2019 12:00:00 AM,1951,2,2,0,0,CLEAR,DRY,False,OPPOSITE DIRECTION - BOTH VEHICLES GOING STRAIGHT AHEAD,SIDESWIPE-OPPOSITE DIRECTION,STRAIGHT & HILLCREST,DUSK,,,9/23/2019 9:09:05 AM,False,7957,Accepted,
25676108,0568000,LOUISVILLE METRO POLICE DEPT,Accepted,JEFFERSON,US0031W,,DIXIE,HWY,,,WELBY,,,,,38.156440260,-85.834303622,12.458,9/21/2019 12:00:00 AM,1344,2,2,0,0,CLEAR,DRY,False,OPPOSING LEFT TURN,OPPOSING LEFT TURN,STRAIGHT & LEVEL,DAYLIGHT,,,9/23/2019 9:16:23 AM,False,5288,Accepted,
25676045,0568000,LOUISVILLE METRO POLICE DEPT,Accepted,JEFFERSON,KY1447,,WESTPORT,RD,,,FREYS HILL,,,,,38.293729978,-85.559249674,6.031,9/21/2019 12:00:00 AM,0541,2,2,0,0,CLEAR,DRY,True,OPPOSING LEFT TURN,OPPOSING LEFT TURN,STRAIGHT & LEVEL,DARK-HWY NOT LIGHTED,,,9/23/2019 9:11:10 AM,False,5128,Accepted,
25675981,0568000,LOUISVILLE METRO POLICE DEPT,Accepted,JEFFERSON,,,41ST,ST,S,,LARKWOOD,,,,,38.259001940,-85.818330121,1.618,9/21/2019 12:00:00 AM,1330,2,2,0,2,CLEAR,DRY,True,ANGLE COLLISION - OTHER,ANGLE,STRAIGHT & LEVEL,DAYLIGHT,,,9/23/2019 9:02:43 AM,False,7240,Accepted,
25675997,0568000,LOUISVILLE METRO POLICE DEPT,Accepted,JEFFERSON,,,BROADWAY,,W,US0031W,22ND,,,,,38.249224144,-85.788235013,0.002,9/21/2019 12:00:00 AM,1712,2,2,0,0,CLEAR,DRY,False,ANGLE COLLISION - OTHER,ANGLE,STRAIGHT & LEVEL,DAYLIGHT,,,9/23/2019 9:04:24 AM,False,7479,Accepted,
25676013,0568000,LOUISVILLE METRO POLICE DEPT,Accepted,JEFFERSON,US0031E,,BARDSTOWN,RD,,,RICHMOND,,,,,38.227059388,-85.698900619,13.966,9/21/2019 12:00:00 AM,1841,2,2,0,0,CLEAR,DRY,False,ANGLE COLLISION - OTHER,ANGLE,STRAIGHT & LEVEL,DAYLIGHT,,,9/23/2019 9:08:17 AM,False,7570,Accepted,
25676204,0568000,LOUISVILLE METRO POLICE DEPT,Accepted,JEFFERSON,,,CHESTNUT,ST,E,,HANCOCK,,,,,38.247365544,-85.743172387,0.535,9/21/2019 12:00:00 AM,0955,2,2,0,2,RAINING,WET,False,ANGLE COLLISION - OTHER,ANGLE,STRAIGHT & GRADE,DAYLIGHT,,,9/23/2019 9:17:44 AM,False,2661,Accepted,
25713081,0568000,LOUISVILLE METRO POLICE DEPT,Accepted,JEFFERSON,,,NAOMI,DR,,,NORENE,,,,,38.164712591,-85.682364316,0.125,9/21/2019 12:00:00 AM,1833,2,2,0,0,CLEAR,DRY,False,ANGLE COLLISION - OTHER,ANGLE,STRAIGHT & LEVEL,DUSK,,,10/1/2019 8:22:55 AM,False,5053,Accepted,
25676241,0568000,LOUISVILLE METRO POLICE DEPT,Accepted,JEFFERSON,US0031W,,2ND,ST,S,US0031E,MAIN,,,,,38.256256845,-85.753315683,22.134,9/21/2019 12:00:00 AM,1530,2,2,0,0,CLEAR,DRY,False,ANGLE COLLISION - OTHER,ANGLE,STRAIGHT & LEVEL,DAYLIGHT,,,9/23/2019 9:18:57 AM,False,7190,Accepted,
25676060,0568000,LOUISVILLE METRO POLICE DEPT,Accepted,JEFFERSON,,,JACOB,ST,W,,1ST,,,,,38.244378927,-85.753665450,0.088,9/21/2019 12:00:00 AM,1753,2,2,0,2,CLEAR,DRY,False,ANGLE COLLISION - OTHER,ANGLE,STRAIGHT & LEVEL,DAYLIGHT,,,9/23/2019 9:13:32 AM,False,7391,Accepted,
25687073,0568000,LOUISVILLE METRO POLICE DEPT,Accepted,JEFFERSON,,,THRUSTON,AVE,,,PINDELL,,,,,38.213788190,-85.733523512,0.455,9/21/2019 12:00:00 AM,1620,3,3,0,0,CLEAR,DRY,False,ANGLE COLLISION - OTHER,ANGLE,STRAIGHT & LEVEL,DAYLIGHT,,,9/25/2019 8:32:22 AM,False,7165,Accepted,
25676578,0561500,UNIV. OF LOUISVILLE POLICE,Accepted,JEFFERSON,,,CARDINAL,BLVD,W,KY1020,3RD,,,,,38.220592112,-85.761129664,0.174,9/21/2019 12:00:00 AM,0915,2,2,0,1,CLEAR,DRY,False,ANGLE COLLISION - OTHER,ANGLE,STRAIGHT & LEVEL,DAYLIGHT,,,9/23/2019 10:15:44 AM,False,5650,Accepted,
25676007,0568000,LOUISVILLE METRO POLICE DEPT,Accepted,JEFFERSON,,,APPLEGATE,LN,,,JOYCE,,,,,38.134415641,-85.650912029,0.437,9/21/2019 12:00:00 AM,1819,2,2,0,0,CLEAR,DRY,False,ANGLE COLLISION - OTHER,ANGLE,STRAIGHT & LEVEL,DAYLIGHT,,,9/23/2019 9:06:23 AM,False,6933,Accepted,
25675982,0568000,LOUISVILLE METRO POLICE DEPT,Accepted,JEFFERSON,,,LAMBERT,RD,,KY1065,OUTER,,,,,38.137984429,-85.676866519,0.567,9/21/2019 12:00:00 AM,1336,1,1,0,0,CLEAR,DRY,True,COLLISION WITH PEDESTRIAN IN INTERSECTION,SINGLE VEHICLE,STRAIGHT & LEVEL,DAYLIGHT,,,9/23/2019 9:02:48 AM,False,6933,Accepted,
25679425,0560600,WEST BUECHEL POLICE DEPT.,Accepted,JEFFERSON,US0031E,3616,BUECHEL,BYP,,,,,,,,38.198584879,-85.661399509,11.001,9/21/2019 12:00:00 AM,1600,2,2,0,0,CLEAR,DRY,True,COLLISION IN PARKING LOT,SIDESWIPE-OPPOSITE DIRECTION,STRAIGHT & LEVEL,DAYLIGHT,,,9/23/2019 5:18:23 PM,False,1290,Accepted,
25670217,0560300,ST. MATTHEWS POLICE DEPARTMENT,Accepted,JEFFERSON,US0060,5000,SHELBYVILLE,RD,,,,,,,,38.250176251,-85.623588861,5.304,9/21/2019 12:00:00 AM,1240,2,2,0,0,CLEAR,DRY,True,COLLISION IN PARKING LOT,ANGLE,STRAIGHT & LEVEL,DAYLIGHT,,,9/21/2019 3:31:29 PM,False,9155,Accepted,
25675708,0568000,LOUISVILLE METRO POLICE DEPT,Accepted,JEFFERSON,KY0864,1430,POPLAR LEVEL,RD,,,,,,,,38.219602554,-85.728765705,13.394,9/20/2019 12:00:00 AM,1001,1,1,0,0,CLOUDY,WET,False,COLLISION IN PARKING LOT,SINGLE VEHICLE,STRAIGHT & LEVEL,DAYLIGHT,,,9/23/2019 8:45:28 AM,False,2532,Accepted,
25675967,0568000,LOUISVILLE METRO POLICE DEPT,Accepted,JEFFERSON,KY1020,3020,3RD,ST,S,,,,CENTRAL,,HEYWOOD,38.205156232,-85.764194904,9.501,9/20/2019 12:00:00 AM,1425,2,2,0,0,CLEAR,DRY,False,COLLISION IN PARKING LOT,BACKING,STRAIGHT & LEVEL,DAYLIGHT,,,9/23/2019 9:00:17 AM,False,5269,Accepted,
25676567,0561500,UNIV. OF LOUISVILLE POLICE,Accepted,JEFFERSON,,2500,S BROOK CONNECTOR,,,,,,,,,38.210522339,-85.758390320,0.378,9/20/2019 12:00:00 AM,1839,2,2,0,0,CLEAR,DRY,True,COLLISION IN PARKING LOT,SIDESWIPE-SAME DIRECTION,STRAIGHT & LEVEL,DAYLIGHT,,,9/23/2019 10:14:55 AM,False,5620,Accepted,
25665582,0568000,LOUISVILLE METRO POLICE DEPT,Accepted,JEFFERSON,,,JEFFERSON,ST,E,KY0864,CHESTNUT,,,,,38.251228704,-85.732953016,0.002,9/20/2019 12:00:00 AM,0149,1,1,0,1,CLEAR,DRY,False,COLLISION WITH FIXED OBJECT IN INTERSECTION - FIRST EVENT COLLISION 09 - 32,SINGLE VEHICLE,CURVE & LEVEL,DARK-HWY LIGHTED/ON,,,9/20/2019 9:15:23 AM,False,5122,Accepted,
25675870,0568000,LOUISVILLE METRO POLICE DEPT,Accepted,JEFFERSON,,,38TH,ST,S,,HERMAN,,,,,38.259397903,-85.811965447,0.260,9/20/2019 12:00:00 AM,0814,2,2,0,0,CLEAR,DRY,False,COLLISION WITH PARKED VEHICLE,REAR END,STRAIGHT & LEVEL,DAYLIGHT,,,9/23/2019 8:49:50 AM,False,7233,Accepted,
25675901,0568000,LOUISVILLE METRO POLICE DEPT,Accepted,JEFFERSON,,,2ND,ST,S,,WOODLAWN,,,,,38.181405336,-85.764573565,0.888,9/20/2019 12:00:00 AM,1525,2,2,0,0,CLEAR,DRY,False,ANGLE COLLISION - OTHER,ANGLE,STRAIGHT & LEVEL,DAYLIGHT,,,9/23/2019 8:54:24 AM,False,7488,Accepted,
25675892,0568000,LOUISVILLE METRO POLICE DEPT,Accepted,JEFFERSON,US0031W,,22ND,ST,S,,BROADWAY,,,,,38.249201535,-85.788230385,19.556,9/20/2019 12:00:00 AM,1058,2,2,0,1,CLOUDY,DRY,False,ANGLE COLLISION - OTHER,ANGLE,STRAIGHT & LEVEL,DAYLIGHT,,,9/23/2019 8:53:55 AM,False,7805,Accepted,
25696715,0568000,LOUISVILLE METRO POLICE DEPT,Accepted,JEFFERSON,US0060A,,EASTERN,PKWY,,KY0061,PRESTON,,,,,38.214624058,-85.743117251,4.548,9/20/2019 12:00:00 AM,1156,2,2,0,0,RAINING,WET,False,ANGLE COLLISION - OTHER,ANGLE,STRAIGHT & LEVEL,DAYLIGHT,,,9/27/2019 8:47:09 AM,False,5213,Accepted,
25675907,0568000,LOUISVILLE METRO POLICE DEPT,Accepted,JEFFERSON,,,VERMONT,AVE,,,32ND,,,,,38.255345212,-85.805151527,0.237,9/20/2019 12:00:00 AM,2034,2,2,0,1,CLEAR,DRY,True,ANGLE COLLISION - OTHER,ANGLE,STRAIGHT & LEVEL,DARK-HWY LIGHTED/ON,,,9/23/2019 8:54:38 AM,False,7217,Accepted,
25675765,0568000,LOUISVILLE METRO POLICE DEPT,Accepted,JEFFERSON,KY0155,,TAYLORSVILLE,RD,,I 0265,I265 W EXIT23 OFF RAMP TO KY155,,,,,38.188477720,-85.510933881,6.164,9/20/2019 12:00:00 AM,1036,2,2,0,0,CLOUDY,DRY,False,ANGLE COLLISION - OTHER,ANGLE,STRAIGHT & LEVEL,DAYLIGHT,,,9/23/2019 8:47:29 AM,False,2017,Accepted,
25675739,0568000,LOUISVILLE METRO POLICE DEPT,Accepted,JEFFERSON,,,LIBERTY,ST,E,KY0864,CHESTNUT,,,,,38.249884096,-85.733185364,1.058,9/20/2019 12:00:00 AM,1035,2,2,0,0,RAINING,WET,False,ANGLE COLLISION - OTHER,ANGLE,STRAIGHT & LEVEL,DAYLIGHT,,,9/23/2019 8:46:30 AM,False,2855,Accepted,
25675809,0568000,LOUISVILLE METRO POLICE DEPT,Accepted,JEFFERSON,US0060A,,CHEROKEE,PKWY,,US0060A,GRINSTEAD,,,,,38.243301454,-85.705154936,7.748,9/20/2019 12:00:00 AM,1156,2,2,0,0,CLEAR,DRY,False,ANGLE COLLISION - OTHER,ANGLE,CURVE & LEVEL,DAYLIGHT,,,9/23/2019 8:48:22 AM,False,5289,Accepted,
25678729,0568000,LOUISVILLE METRO POLICE DEPT,Accepted,JEFFERSON,,,32ND,ST,S,,MUHAMMAD ALI,,,,,38.256398847,-85.804914677,1.970,9/20/2019 12:00:00 AM,2221,2,2,0,0,CLEAR,DRY,False,ANGLE COLLISION - OTHER,ANGLE,STRAIGHT & LEVEL,DARK-HWY LIGHTED/ON,,,9/23/2019 3:33:12 PM,False,5223,Accepted,
25665580,0568000,LOUISVILLE METRO POLICE DEPT,Accepted,JEFFERSON,,,1ST,ST,S,,CARDINAL,,,,,38.220209445,-85.757904629,2.531,9/20/2019 12:00:00 AM,0137,2,2,0,0,CLEAR,DRY,False,ANGLE COLLISION - OTHER,ANGLE,STRAIGHT & LEVEL,DARK (UNKNOWN ROADWAY LIGHTING),,,9/20/2019 9:14:57 AM,False,5111,Accepted,
25675913,0568000,LOUISVILLE METRO POLICE DEPT,Accepted,JEFFERSON,KY0155,,TAYLORSVILLE,RD,,,BROWNS,,,,,38.219911179,-85.625660744,13.315,9/20/2019 12:00:00 AM,1728,2,2,0,0,CLEAR,DRY,False,ANGLE COLLISION - OTHER,ANGLE,STRAIGHT & LEVEL,DAYLIGHT,,,9/23/2019 8:55:18 AM,False,7059,Accepted,
25675962,0568000,LOUISVILLE METRO POLICE DEPT,Accepted,JEFFERSON,,,CRISTLAND,RD,,,MANSLICK,,,,,38.143881634,-85.792248704,0.609,9/20/2019 12:00:00 AM,1707,2,2,0,0,CLEAR,DRY,False,ANGLE COLLISION - OTHER,ANGLE,STRAIGHT & GRADE,DAYLIGHT,,,9/23/2019 8:59:39 AM,False,7139,Accepted,
25676037,0568000,LOUISVILLE METRO POLICE DEPT,Accepted,JEFFERSON,,,GAULBERT,AVE,W,KY1020,3RD,,,,,38.224522552,-85.760484613,0.090,9/20/2019 12:00:00 AM,1942,2,2,0,0,CLEAR,DRY,False,ANGLE COLLISION - OTHER,ANGLE,STRAIGHT & LEVEL,DAYLIGHT,,,9/23/2019 9:10:04 AM,False,5186,Accepted,
25675886,0568000,LOUISVILLE METRO POLICE DEPT,Accepted,JEFFERSON,,,JEFFERSON,ST,E,,FLOYD,,,,,38.252934057,-85.748429969,0.844,9/20/2019 12:00:00 AM,0959,2,2,0,0,RAINING,WET,False,ANGLE COLLISION - OTHER,ANGLE,STRAIGHT & LEVEL,DAYLIGHT,,,9/23/2019 8:53:06 AM,False,7377,Accepted,
25675972,0568000,LOUISVILLE METRO POLICE DEPT,Accepted,JEFFERSON,US0031W,,MARKET,ST,W,,CHAPEL,,,,,38.256469230,-85.767705543,21.172,9/20/2019 12:00:00 AM,1339,2,2,0,1,CLEAR,DRY,False,ANGLE COLLISION - OTHER,ANGLE,STRAIGHT & LEVEL,DAYLIGHT,,,9/23/2019 9:01:06 AM,False,5168,Accepted,
25675827,0568000,LOUISVILLE METRO POLICE DEPT,Accepted,JEFFERSON,US0031E,,BAXTER,AVE,,,PAYNE,,,,,38.246167242,-85.728887030,16.128,9/20/2019 12:00:00 AM,1357,2,2,0,0,CLEAR,DRY,False,ANGLE COLLISION - OTHER,ANGLE,STRAIGHT & LEVEL,DAYLIGHT,,,9/23/2019 8:48:28 AM,False,5289,Accepted,