IncidentID,AgencyORI,AgencyName,IncidentStatusDesc,County,RdwyNumber,Street,RoadwayName,StreetSfx,StreetDir,IntersectionRdwy,IntersectionRdwyName,BetweenStRdwy1,BetweenStRdwyName1,BetweenStRdwy2,BetweenStRdwyName2,Latitude,Longitude,Milepoint,CollisionDate,CollisionTime,UnitsInvolved,MotorVehiclesInvolved,NumberKilled,NumberInjured,Weather,RdwyConditionCode,HitandRun,DirAnalysisCode,MannerofCollision,RdwyCharacter,LightCondition,RampFromRdwyId,RampToRdwyId,AcceptedDate,IsSecondaryCollision,OwnerBadge,IncidentStatus,
25675976,0568000,LOUISVILLE METRO POLICE DEPT,Accepted,JEFFERSON,KY1727,,TERRY,RD,,,LEMMAH,,,,,38.172245351,-85.865610151,3.581,9/20/2019 12:00:00 AM,1713,2,2,0,3,CLEAR,DRY,False,OPPOSING LEFT TURN,OPPOSING LEFT TURN,STRAIGHT & LEVEL,DAYLIGHT,,,9/23/2019 9:01:41 AM,False,7339,Accepted,
25675862,0568000,LOUISVILLE METRO POLICE DEPT,Accepted,JEFFERSON,,,BERNHEIM,LN,,KY1931,7TH ST,,,,,38.219736582,-85.777844391,0.848,9/20/2019 12:00:00 AM,1522,2,2,0,0,CLEAR,DRY,False,OPPOSITE DIRECTION - BOTH VEHICLES GOING STRAIGHT AHEAD,SIDESWIPE-OPPOSITE DIRECTION,STRAIGHT & LEVEL,DAYLIGHT,,,9/23/2019 8:49:16 AM,False,5253,Accepted,
25675949,0568000,LOUISVILLE METRO POLICE DEPT,Accepted,JEFFERSON,,,EDWARD,ST,,,MORTON,,,,,38.239814428,-85.728551618,0.233,9/20/2019 12:00:00 AM,1920,2,2,0,0,CLEAR,DRY,True,OPPOSITE DIRECTION - BOTH VEHICLES GOING STRAIGHT AHEAD,SIDESWIPE-OPPOSITE DIRECTION,STRAIGHT & LEVEL,DUSK,,,9/23/2019 8:58:25 AM,False,5197,Accepted,
25675771,0568000,LOUISVILLE METRO POLICE DEPT,Accepted,JEFFERSON,US0031W,,DIXIE,HWY,,,JOHNSONTOWN,,,,,38.121219538,-85.855676848,9.750,9/20/2019 12:00:00 AM,1400,2,2,0,0,CLEAR,DRY,False,OPPOSITE DIRECTION - BOTH VEHICLES GOING STRAIGHT AHEAD,SIDESWIPE-OPPOSITE DIRECTION,STRAIGHT & LEVEL,DAYLIGHT,,,9/23/2019 8:47:44 AM,False,5250,Accepted,
25675970,0568000,LOUISVILLE METRO POLICE DEPT,Accepted,JEFFERSON,,,ST ANTHONY WOODS,CT,,,ST ANTHONY CHURCH,,,,,38.138424657,-85.807632089,0.290,9/20/2019 12:00:00 AM,1615,2,2,0,0,CLEAR,DRY,False,VEHICLE BACKING IN INTERSECTION,BACKING,STRAIGHT & LEVEL,DAYLIGHT,,,9/23/2019 9:00:38 AM,False,7080,Accepted,
25665523,0568000,LOUISVILLE METRO POLICE DEPT,Accepted,JEFFERSON,,5701,CHENOWETH RUN,RD,,,,,GELLHAUS,,TARRENCE,38.161276780,-85.545614005,2.812,9/20/2019 12:00:00 AM,0017,1,1,0,0,CLEAR,DRY,False,COLLISION WITH FIXED OBJECT NON - INTERSECTION - FIRST EVENT COLLISION 09 - 32 EXCLUDING 16,SINGLE VEHICLE,CURVE & LEVEL,DARK-HWY NOT LIGHTED,,,9/20/2019 9:12:53 AM,False,7828,Accepted,
25675889,0568000,LOUISVILLE METRO POLICE DEPT,Accepted,JEFFERSON,,,SOUTHERN,PKWY,,,,,,,,38.171510828,-85.778517947,0.878,9/20/2019 12:00:00 AM,1816,1,1,0,0,CLOUDY,DRY,False,COLLISION WITH FIXED OBJECT NON - INTERSECTION - FIRST EVENT COLLISION 09 - 32 EXCLUDING 16,SINGLE VEHICLE,STRAIGHT & LEVEL,DAYLIGHT,,,9/23/2019 8:53:29 AM,False,5266,Accepted,
25675799,0568000,LOUISVILLE METRO POLICE DEPT,Accepted,JEFFERSON,,,LEXINGTON,RD,,,,,SPRING,,ETLEY,38.247204954,-85.707531251,1.540,9/20/2019 12:00:00 AM,1119,1,1,0,0,CLEAR,WET,False,COLLISION WITH FIXED OBJECT NON - INTERSECTION - FIRST EVENT COLLISION 09 - 32 EXCLUDING 16,SINGLE VEHICLE,CURVE & LEVEL,DAYLIGHT,,,9/23/2019 8:48:18 AM,False,5289,Accepted,
25676010,0568000,LOUISVILLE METRO POLICE DEPT,Accepted,JEFFERSON,US0060A,,3RD,ST,S,US0060A,EASTERN,,,,,38.212972976,-85.762443944,3.355,9/20/2019 12:00:00 AM,1553,2,2,0,0,CLEAR,DRY,False,OTHER INTERSECTION COLLISIONS,REAR END,STRAIGHT & LEVEL,DAYLIGHT,,,9/23/2019 9:08:00 AM,False,5213,Accepted,
25675952,0568000,LOUISVILLE METRO POLICE DEPT,Accepted,JEFFERSON,KY1934,,CANE RUN,RD,,,RICHMONT,,,,,38.197233108,-85.840218743,9.034,9/20/2019 12:00:00 AM,2026,2,2,0,0,CLEAR,DRY,False,OTHER INTERSECTION COLLISIONS,REAR END,STRAIGHT & LEVEL,DARK-HWY LIGHTED/ON,,,9/23/2019 8:58:39 AM,False,5164,Accepted,
25675941,0568000,LOUISVILLE METRO POLICE DEPT,Accepted,JEFFERSON,KY1727,,TERRY,RD,,,PLAYER,,,,,38.138741635,-85.872912759,1.155,9/20/2019 12:00:00 AM,2041,2,2,0,1,CLEAR,DRY,False,OTHER INTERSECTION COLLISIONS,REAR END,STRAIGHT & LEVEL,DARK-HWY LIGHTED/ON,,,9/23/2019 8:57:54 AM,False,5211,Accepted,
25739570,0568000,LOUISVILLE METRO POLICE DEPT,Accepted,JEFFERSON,,,3RD,ST,S,,WOODLAWN,,,,,38.181569512,-85.766219416,1.318,9/20/2019 12:00:00 AM,1501,2,2,0,0,CLEAR,DRY,False,OTHER INTERSECTION COLLISIONS,REAR END,STRAIGHT & LEVEL,DAYLIGHT,,,10/7/2019 7:39:30 AM,False,7301,Accepted,
25675776,0568000,LOUISVILLE METRO POLICE DEPT,Accepted,JEFFERSON,US0031W,,DIXIE,,,US0031W,DIXIE,,,,,38.093856412,-85.874838096,0.305,9/20/2019 12:00:00 AM,0247,2,2,0,1,CLEAR,DRY,False,OTHER INTERSECTION COLLISIONS,REAR END,CURVE & GRADE,DAYLIGHT,,,9/23/2019 8:47:51 AM,False,5280,Accepted,
25675882,0568000,LOUISVILLE METRO POLICE DEPT,Accepted,JEFFERSON,,,VIRGINIA AVE CONN,,,,VIRGINIA,,,,,38.239722694,-85.815345416,0.113,9/20/2019 12:00:00 AM,1605,2,2,0,0,CLOUDY,DRY,False,OTHER INTERSECTION COLLISIONS,REAR END,STRAIGHT & LEVEL,DAYLIGHT,,,9/23/2019 8:52:36 AM,False,7876,Accepted,
25675898,0568000,LOUISVILLE METRO POLICE DEPT,Accepted,JEFFERSON,,,7TH,ST,S,,HILL,,,,,38.226922022,-85.768943967,0.650,9/20/2019 12:00:00 AM,1052,3,3,0,0,CLOUDY,DRY,False,OTHER INTERSECTION COLLISIONS,REAR END,STRAIGHT & LEVEL,DAYLIGHT,,,9/23/2019 8:54:17 AM,False,7422,Accepted,
25675750,0568000,LOUISVILLE METRO POLICE DEPT,Accepted,JEFFERSON,KY0864,,POPLAR LEVEL,RD,,,PRODUCE,,,,,38.179173967,-85.691772521,9.861,9/20/2019 12:00:00 AM,0738,2,2,0,0,CLEAR,DRY,False,OTHER INTERSECTION COLLISIONS,REAR END,STRAIGHT & LEVEL,DAYLIGHT,,,9/23/2019 8:47:13 AM,False,7830,Accepted,
25681601,0568000,LOUISVILLE METRO POLICE DEPT,Accepted,JEFFERSON,KY1447,,WESTPORT,RD,,,ACCOMACK,,,,,38.300241903,-85.538596447,7.214,9/20/2019 12:00:00 AM,0659,2,2,0,0,CLOUDY,WET,False,OTHER INTERSECTION COLLISIONS,REAR END,STRAIGHT & LEVEL,DAYLIGHT,,,9/24/2019 8:43:56 AM,False,5056,Accepted,
25687234,0568000,LOUISVILLE METRO POLICE DEPT,Accepted,JEFFERSON,US0031E,,BARDSTOWN,RD,,,BRIGHTON,,,,,38.214087540,-85.673520325,12.252,9/20/2019 12:00:00 AM,1733,2,1,0,0,CLEAR,DRY,True,OTHER INTERSECTION COLLISIONS,REAR END,STRAIGHT & LEVEL,DAYLIGHT,,,9/25/2019 8:52:13 AM,False,7960,Accepted,
25675979,0568000,LOUISVILLE METRO POLICE DEPT,Accepted,JEFFERSON,KY0907,,VALLEY STATION,RD,,,DEERING,,,,,38.105684736,-85.861416755,0.323,9/20/2019 12:00:00 AM,1814,2,2,0,0,CLEAR,DRY,True,OTHER INTERSECTION COLLISIONS,REAR END,STRAIGHT & LEVEL,DAYLIGHT,,,9/23/2019 9:02:30 AM,False,6318,Accepted,
25675911,0568000,LOUISVILLE METRO POLICE DEPT,Accepted,JEFFERSON,US0031W,,MARKET,ST,W,,8TH,,,,,38.255953625,-85.763390682,21.484,9/20/2019 12:00:00 AM,1852,2,2,0,0,CLEAR,DRY,False,OTHER INTERSECTION COLLISIONS,REAR END,STRAIGHT & LEVEL,DAYLIGHT,,,9/23/2019 8:55:01 AM,False,7118,Accepted,
25675969,0568000,LOUISVILLE METRO POLICE DEPT,Accepted,JEFFERSON,KY1934,,CANE RUN,RD,,,FARNSLEY,,,,,38.202671140,-85.833076024,9.519,9/20/2019 12:00:00 AM,1828,2,2,0,0,CLEAR,DRY,False,OTHER INTERSECTION COLLISIONS,REAR TO REAR,STRAIGHT & LEVEL,DAYLIGHT,,,9/23/2019 9:00:28 AM,False,5032,Accepted,
25707484,0568000,LOUISVILLE METRO POLICE DEPT,Accepted,JEFFERSON,KY1065,,OUTER,LOOP,,,BRIARCLIFF,,,,,38.136140681,-85.697328251,5.457,9/20/2019 12:00:00 AM,1206,4,4,0,0,CLEAR,DRY,False,OTHER INTERSECTION COLLISIONS,REAR END,STRAIGHT & LEVEL,DAYLIGHT,,,9/30/2019 9:29:09 AM,False,7772,Accepted,
25675838,0568000,LOUISVILLE METRO POLICE DEPT,Accepted,JEFFERSON,US0042,,MELLWOOD,AVE,,US0060,FRANKFORT,,,,,38.257668174,-85.719525230,0.801,9/20/2019 12:00:00 AM,1424,2,2,0,0,CLEAR,DRY,False,OTHER INTERSECTION COLLISIONS,REAR END,STRAIGHT & LEVEL,DAYLIGHT,,,9/23/2019 8:48:31 AM,False,7028,Accepted,
25756358,0568000,LOUISVILLE METRO POLICE DEPT,Accepted,JEFFERSON,KY1065,,OUTER,LOOP,,,MINOR,,,,,38.136256323,-85.697110465,5.469,9/20/2019 12:00:00 AM,2038,2,2,0,0,CLEAR,DRY,False,SIDESWIPE-SAME DIRECTION,SIDESWIPE-SAME DIRECTION,STRAIGHT & LEVEL,DARK-HWY LIGHTED/ON,,,10/10/2019 9:50:54 AM,False,5116,Accepted,
25675918,0568000,LOUISVILLE METRO POLICE DEPT,Accepted,JEFFERSON,KY1703,,BAXTER,AVE,,,GRINSTEAD,,,,,38.237787187,-85.722374809,5.486,9/20/2019 12:00:00 AM,2105,2,2,0,0,CLEAR,DRY,False,SIDESWIPE-SAME DIRECTION,SIDESWIPE-SAME DIRECTION,CURVE & LEVEL,DARK-HWY LIGHTED/ON,,,9/23/2019 8:56:00 AM,False,5272,Accepted,
25675854,0568000,LOUISVILLE METRO POLICE DEPT,Accepted,JEFFERSON,KY0155,,TAYLORSVILLE,RD,,,HALLSDALE,,,,,38.218970629,-85.605359655,12.223,9/20/2019 12:00:00 AM,1537,2,2,0,0,CLEAR,DRY,False,SIDESWIPE-SAME DIRECTION,SIDESWIPE-SAME DIRECTION,STRAIGHT & LEVEL,DAYLIGHT,,,9/23/2019 8:48:39 AM,False,7338,Accepted,
25675778,0568000,LOUISVILLE METRO POLICE DEPT,Accepted,JEFFERSON,US0031E,,MAIN,ST,E,,PRESTON,,,,,38.255455948,-85.745849016,17.455,9/20/2019 12:00:00 AM,1159,2,2,0,0,CLOUDY,WET,False,SIDESWIPE-SAME DIRECTION,SIDESWIPE-SAME DIRECTION,STRAIGHT & LEVEL,DAYLIGHT,,,9/23/2019 8:47:55 AM,False,6907,Accepted,
25675749,0568000,LOUISVILLE METRO POLICE DEPT,Accepted,JEFFERSON,KY2251,,BARDSTOWN,RD,,,HIKES,,,,,38.199012440,-85.659950484,1.037,9/20/2019 12:00:00 AM,1223,3,3,0,0,CLEAR,DRY,False,SIDESWIPE-SAME DIRECTION,SIDESWIPE-SAME DIRECTION,STRAIGHT & LEVEL,DAYLIGHT,,,9/23/2019 8:47:09 AM,False,7448,Accepted,
25675753,0568000,LOUISVILLE METRO POLICE DEPT,Accepted,JEFFERSON,US0031W,,DIXIE,HWY,,,PAGES,,,,,38.130163304,-85.847855323,10.500,9/20/2019 12:00:00 AM,1244,2,2,0,0,CLEAR,DRY,False,SIDESWIPE-SAME DIRECTION,SIDESWIPE-SAME DIRECTION,STRAIGHT & LEVEL,DAYLIGHT,,,9/23/2019 8:47:17 AM,False,5257,Accepted,
25718673,0568000,LOUISVILLE METRO POLICE DEPT,Accepted,JEFFERSON,KY0061,,PRESTON,ST,S,,ROSELANE,,,,,38.242745820,-85.747997489,12.049,9/20/2019 12:00:00 AM,1221,2,2,0,0,CLEAR,DRY,False,SIDESWIPE-SAME DIRECTION,SIDESWIPE-SAME DIRECTION,STRAIGHT & LEVEL,DAYLIGHT,,,10/2/2019 8:26:06 AM,False,5213,Accepted,
25675767,0568000,LOUISVILLE METRO POLICE DEPT,Accepted,JEFFERSON,,4810,PALMA,RD,,,,,SEVILLE,,GRANADA,38.114182426,-85.851591149,0.058,9/20/2019 12:00:00 AM,1335,2,2,0,0,CLEAR,DRY,False,1 VEHICLE PARKED POSITION (NOT PARKING LOT/DRIVEWAY),BACKING,STRAIGHT & LEVEL,DAYLIGHT,,,9/23/2019 8:47:35 AM,False,6318,Accepted,
25676058,0568000,LOUISVILLE METRO POLICE DEPT,Accepted,JEFFERSON,KY0864,3131,POPLAR LEVEL,RD,,,,,ILLINOIS,,HESS,38.211611997,-85.720066942,12.664,9/20/2019 12:00:00 AM,0827,2,2,0,0,CLEAR,DRY,False,1 VEHICLE PARKED POSITION (NOT PARKING LOT/DRIVEWAY),SIDESWIPE-SAME DIRECTION,STRAIGHT & LEVEL,DAYLIGHT,,,9/23/2019 9:13:27 AM,False,7938,Accepted,
25675884,0568000,LOUISVILLE METRO POLICE DEPT,Accepted,JEFFERSON,,,MONTGOMERY,ST,,,,,,,,38.273387268,-85.792221441,0.426,9/20/2019 12:00:00 AM,0115,2,2,0,0,CLEAR,DRY,True,1 VEHICLE PARKED POSITION (NOT PARKING LOT/DRIVEWAY),SIDESWIPE-SAME DIRECTION,STRAIGHT & LEVEL,DARK-HWY NOT LIGHTED,,,9/23/2019 8:52:57 AM,False,7988,Accepted,
25675890,0568000,LOUISVILLE METRO POLICE DEPT,Accepted,JEFFERSON,,,MUHAMMAD ALI,BLVD,W,,,,19TH,,20TH,38.254151873,-85.784316983,1.733,9/20/2019 12:00:00 AM,0906,2,2,0,0,CLEAR,DRY,False,1 VEHICLE PARKED POSITION (NOT PARKING LOT/DRIVEWAY),SIDESWIPE-SAME DIRECTION,STRAIGHT & LEVEL,DAYLIGHT,,,9/23/2019 8:53:36 AM,False,7805,Accepted,
25675873,0568000,LOUISVILLE METRO POLICE DEPT,Accepted,JEFFERSON,,9809,VIEUX CARRE,DR,,,,,,,,38.243623829,-85.574621049,0.199,9/20/2019 12:00:00 AM,1630,2,2,0,0,CLEAR,DRY,True,1 VEHICLE PARKED POSITION (NOT PARKING LOT/DRIVEWAY),SIDESWIPE-SAME DIRECTION,STRAIGHT & LEVEL,DAYLIGHT,,,9/23/2019 8:50:15 AM,False,7956,Accepted,
25675879,0568000,LOUISVILLE METRO POLICE DEPT,Accepted,JEFFERSON,US0060A,3800,LEXINGTON,RD,,,,,,,,38.252726335,-85.658263848,10.488,9/20/2019 12:00:00 AM,1635,2,2,0,1,CLEAR,DRY,False,REAR END IN TRAFFIC LANES BOTH VEHICLES MOVING,REAR END,STRAIGHT & LEVEL,DAYLIGHT,,,9/23/2019 8:52:07 AM,False,5112,Accepted,
25675869,0568000,LOUISVILLE METRO POLICE DEPT,Accepted,JEFFERSON,I 0264,,I264 E,,,,,,,,,38.227156062,-85.638076306,17.790,9/20/2019 12:00:00 AM,1647,2,2,0,0,CLEAR,DRY,False,REAR END IN TRAFFIC LANES BOTH VEHICLES MOVING,REAR END,STRAIGHT & LEVEL,DAYLIGHT,,,9/23/2019 8:49:43 AM,False,2278,Accepted,
25675963,0568000,LOUISVILLE METRO POLICE DEPT,Accepted,JEFFERSON,US0031W,,DIXIE,HWY,,,,,,,,38.158129169,-85.833552436,12.591,9/20/2019 12:00:00 AM,1445,2,2,0,0,CLEAR,DRY,True,REAR END IN TRAFFIC LANES BOTH VEHICLES MOVING,REAR END,STRAIGHT & LEVEL,DAYLIGHT,,,9/23/2019 8:59:42 AM,False,7524,Accepted,
25675964,0568000,LOUISVILLE METRO POLICE DEPT,Accepted,JEFFERSON,KY0841,,GENE SNYDER,FWY,,,,,,,,38.102157822,-85.820249727,3.355,9/20/2019 12:00:00 AM,1735,2,2,0,0,CLEAR,DRY,False,REAR END IN TRAFFIC LANES BOTH VEHICLES MOVING,REAR END,STRAIGHT & LEVEL,DAYLIGHT,,,9/23/2019 8:59:54 AM,False,5288,Accepted,
25675709,0568000,LOUISVILLE METRO POLICE DEPT,Accepted,JEFFERSON,I 0064,,I64 W,,,,,,,,,38.231617273,-85.604283420,13.380,9/20/2019 12:00:00 AM,0736,4,4,0,0,CLOUDY,DRY,False,REAR END IN TRAFFIC LANES BOTH VEHICLES MOVING,REAR END,STRAIGHT & LEVEL,DAYLIGHT,,,9/23/2019 8:45:34 AM,False,7358,Accepted,
25675743,0568000,LOUISVILLE METRO POLICE DEPT,Accepted,JEFFERSON,KY1865,,NEW CUT,RD,,,,,,,,38.148062493,-85.775777169,2.823,9/20/2019 12:00:00 AM,1121,2,2,0,0,CLEAR,WET,False,REAR END IN TRAFFIC LANES BOTH VEHICLES MOVING,REAR END,STRAIGHT & LEVEL,DAYLIGHT,,,9/23/2019 8:46:53 AM,False,7331,Accepted,
25675948,0568000,LOUISVILLE METRO POLICE DEPT,Accepted,JEFFERSON,US0031W,8400,DIXIE,HWY,,,,,,,,38.140218160,-85.841384940,11.404,9/20/2019 12:00:00 AM,1335,2,2,0,0,CLOUDY,DRY,True,REAR END IN TRAFFIC LANES BOTH VEHICLES MOVING,REAR END,STRAIGHT & LEVEL,DAYLIGHT,,,9/23/2019 8:58:17 AM,False,2311,Accepted,
25675925,0568000,LOUISVILLE METRO POLICE DEPT,Accepted,JEFFERSON,KY1865,,TAYLOR,BLVD,,,,,,,,38.181553683,-85.783547315,5.152,9/20/2019 12:00:00 AM,2000,2,2,0,0,CLEAR,DRY,False,REAR END IN TRAFFIC LANES BOTH VEHICLES MOVING,REAR END,STRAIGHT & LEVEL,DAYLIGHT,,,9/23/2019 8:57:08 AM,False,5252,Accepted,
25675866,0568000,LOUISVILLE METRO POLICE DEPT,Accepted,JEFFERSON,I 0065,,I65 S,,,,,I 0065,I65 S EXIT134 ON RAMP FROM  MAGNOLIA AVE,I 0065,I65 S EXIT134 OFF RAMP TO  ARTHUR ST,38.226077257,-85.751642379,133.872,9/20/2019 12:00:00 AM,1605,2,2,0,0,CLEAR,DRY,False,REAR END IN TRAFFIC LANES BOTH VEHICLES MOVING,REAR END,STRAIGHT & LEVEL,DAYLIGHT,,,9/23/2019 8:49:32 AM,False,7418,Accepted,
25696692,0568000,LOUISVILLE METRO POLICE DEPT,Accepted,JEFFERSON,,,SKY BLUE,AVE,,,,,,,,38.158627475,-85.849327959,1.031,9/20/2019 12:00:00 AM,1755,2,2,0,0,CLEAR,DRY,True,REAR END IN TRAFFIC LANES BOTH VEHICLES MOVING,REAR END,,DAYLIGHT,,,9/27/2019 8:43:29 AM,False,7524,Accepted,
25681718,0560400,SHIVELY POLICE DEPARTMENT,Accepted,JEFFERSON,US0031W,4737,DIXIE,HWY,,,,,,,,38.173980938,-85.823621311,13.804,9/20/2019 12:00:00 AM,1112,2,2,0,0,CLOUDY,WET,False,REAR END IN TRAFFIC LANES BOTH VEHICLES MOVING,REAR END,STRAIGHT & LEVEL,DAYLIGHT,,,9/24/2019 9:04:00 AM,False,7105,Accepted,
25675741,0568000,LOUISVILLE METRO POLICE DEPT,Accepted,JEFFERSON,I 0064,,I64 W,,,,,,,,,38.228201055,-85.593522913,14.011,9/20/2019 12:00:00 AM,1125,1,1,0,0,RAINING,WET,False,OTHER COLLISIONS ON SHOULDER,SINGLE VEHICLE,STRAIGHT & LEVEL,DAYLIGHT,,,9/23/2019 8:46:40 AM,False,7358,Accepted,
25675769,0568000,LOUISVILLE METRO POLICE DEPT,Accepted,JEFFERSON,,7533,MANSLICK,RD,,,TIMBER,,,,,38.145764688,-85.791416137,0.524,9/20/2019 12:00:00 AM,1332,2,2,0,2,CLEAR,DRY,False,HEAD-ON COLLISION,HEAD ON,CURVE & GRADE,DAYLIGHT,,,9/23/2019 8:47:39 AM,False,7139,Accepted,
25927797,0560000,JEFFERSON COUNTY SHERIFF DEPT.,Accepted,JEFFERSON,KY0864,,POPLAR LEVEL,RD,,,,,,,,38.210248168,-85.717192027,12.479,9/20/2019 12:00:00 AM,1010,2,2,0,0,CLOUDY,WET,False,REAR END IN TRAFFIC LANES BOTH VEHICLES MOVING,REAR END,STRAIGHT & GRADE,DAYLIGHT,,,11/15/2019 11:55:04 AM,False,3670,Accepted,
25676018,0568000,LOUISVILLE METRO POLICE DEPT,Accepted,JEFFERSON,US0150,,BROADWAY,,E,,,,1ST,,BROOK,38.245633610,-85.752245397,2.706,9/20/2019 12:00:00 AM,1019,2,2,0,0,CLEAR,DRY,True,SIDESWIPE COLLISION - SAME DIRECTION,SIDESWIPE-SAME DIRECTION,STRAIGHT & LEVEL,DAYLIGHT,,,9/23/2019 9:08:48 AM,False,5173,Accepted,
25675934,0568000,LOUISVILLE METRO POLICE DEPT,Accepted,JEFFERSON,KY0841,,GENE SNYDER,FWY,,,,,,,,38.094900039,-85.832336367,2.509,9/20/2019 12:00:00 AM,2310,2,2,0,3,CLEAR,DRY,False,SIDESWIPE COLLISION - SAME DIRECTION,SIDESWIPE-SAME DIRECTION,STRAIGHT & LEVEL,DARK-HWY LIGHTED/OFF,,,9/23/2019 8:57:29 AM,False,5209,Accepted,
25675975,0568000,LOUISVILLE METRO POLICE DEPT,Accepted,JEFFERSON,,6620,MANSLICK,RD,,,,,,,,38.151991539,-85.790772676,0.034,9/20/2019 12:00:00 AM,1528,2,2,0,0,CLEAR,DRY,False,SIDESWIPE COLLISION - SAME DIRECTION,SIDESWIPE-SAME DIRECTION,STRAIGHT & HILLCREST,DAYLIGHT,,,9/23/2019 9:01:27 AM,False,7339,Accepted,
25675917,0568000,LOUISVILLE METRO POLICE DEPT,Accepted,JEFFERSON,KY1865,,TAYLOR,BLVD,,,,,,,,38.179604042,-85.783240568,5.029,9/20/2019 12:00:00 AM,2245,2,2,0,0,CLEAR,DRY,True,SIDESWIPE COLLISION - OPPOSITE DIRECTION,SIDESWIPE-OPPOSITE DIRECTION,STRAIGHT & LEVEL,DARK-HWY LIGHTED/ON,,,9/23/2019 8:55:48 AM,False,7560,Accepted,
25675986,0568000,LOUISVILLE METRO POLICE DEPT,Accepted,JEFFERSON,US0031E,,BARDSTOWN,RD,,,,,BASHFORD MANOR,,PARIS,38.202365060,-85.664237348,11.308,9/20/2019 12:00:00 AM,1526,2,2,0,0,CLEAR,DRY,False,SIDESWIPE COLLISION - SAME DIRECTION,SIDESWIPE-SAME DIRECTION,STRAIGHT & LEVEL,DAYLIGHT,,,9/23/2019 9:03:14 AM,False,5027,Accepted,
25675740,0568000,LOUISVILLE METRO POLICE DEPT,Accepted,JEFFERSON,I 0264,,I264 E,,,,,I 0264,I264 E EXIT18 ON RAMP FROM KY1932 N,I 0064,I64 E EXIT19A RAMP TO I64 E,38.232250706,-85.628845027,18.403,9/20/2019 12:00:00 AM,1102,2,2,0,0,CLOUDY,WET,True,SIDESWIPE COLLISION - SAME DIRECTION,SIDESWIPE-SAME DIRECTION,STRAIGHT & LEVEL,DAYLIGHT,,,9/23/2019 8:46:36 AM,False,6456,Accepted,
25665581,0568000,LOUISVILLE METRO POLICE DEPT,Accepted,JEFFERSON,KY1747,,FERN VALLEY,RD,,,,,,,,38.157660106,-85.727778918,0.216,9/20/2019 12:00:00 AM,0559,2,2,0,0,CLEAR,DRY,False,SIDESWIPE COLLISION - SAME DIRECTION,SIDESWIPE-SAME DIRECTION,STRAIGHT & LEVEL,DARK-HWY LIGHTED/ON,,,9/20/2019 9:15:10 AM,False,7016,Accepted,
25675857,0568000,LOUISVILLE METRO POLICE DEPT,Accepted,JEFFERSON,US0031E,,BARDSTOWN,RD,,,,,HUDSON,,ST GABRIEL,38.165629807,-85.600510130,6.903,9/20/2019 12:00:00 AM,1436,2,2,0,0,CLEAR,DRY,False,SIDESWIPE COLLISION - SAME DIRECTION,SIDESWIPE-SAME DIRECTION,STRAIGHT & GRADE,DAYLIGHT,,,9/23/2019 8:48:51 AM,False,6494,Accepted,
25675883,0568000,LOUISVILLE METRO POLICE DEPT,Accepted,JEFFERSON,KY1065,,OUTER,LOOP,,,,,,,,38.138255161,-85.682660531,6.282,9/20/2019 12:00:00 AM,1816,2,2,0,0,CLEAR,DRY,False,SIDESWIPE COLLISION - SAME DIRECTION,SIDESWIPE-SAME DIRECTION,STRAIGHT & LEVEL,DAYLIGHT,,,9/23/2019 8:52:51 AM,False,6933,Accepted,
25675885,0568000,LOUISVILLE METRO POLICE DEPT,Accepted,JEFFERSON,,,JEFFERSON,ST,E,,,,1ST,,BROOK,38.253198627,-85.750798885,0.982,9/20/2019 12:00:00 AM,0933,2,2,0,0,CLOUDY,DRY,False,SIDESWIPE COLLISION - SAME DIRECTION,SIDESWIPE-SAME DIRECTION,STRAIGHT & LEVEL,DAYLIGHT,,,9/23/2019 8:53:02 AM,False,7377,Accepted,
25675863,0568000,LOUISVILLE METRO POLICE DEPT,Accepted,JEFFERSON,,,STRAWBERRY,LN,,,,,,,,38.160102643,-85.762021420,0.117,9/20/2019 12:00:00 AM,1518,2,2,0,0,CLEAR,DRY,False,1 VEHICLE ENTERING/LEAVING ENTRANCE,ANGLE,STRAIGHT & LEVEL,DAYLIGHT,,,9/23/2019 8:49:23 AM,False,7331,Accepted,
25675872,0568000,LOUISVILLE METRO POLICE DEPT,Accepted,JEFFERSON,US0031E,,BARDSTOWN,RD,,,,,,,,38.234536990,-85.714082628,14.938,9/20/2019 12:00:00 AM,1520,2,2,0,1,CLEAR,DRY,False,1 VEHICLE ENTERING/LEAVING ENTRANCE,ANGLE,STRAIGHT & LEVEL,DAYLIGHT,,,9/23/2019 8:49:58 AM,False,7034,Accepted,
25676071,0568000,LOUISVILLE METRO POLICE DEPT,Accepted,JEFFERSON,,620,FLOYD,ST,S,,,,,,,38.247195682,-85.749394283,0.591,9/20/2019 12:00:00 AM,1645,2,2,0,1,CLEAR,DRY,False,1 VEHICLE ENTERING/LEAVING ENTRANCE,ANGLE,STRAIGHT & LEVEL,DAYLIGHT,,,9/23/2019 9:14:40 AM,False,6907,Accepted,
25676212,0568000,LOUISVILLE METRO POLICE DEPT,Accepted,JEFFERSON,,,GOLDSMITH,LN,,,,US0031E,BARDSTOWN,,HEATHER,38.208981095,-85.668183845,1.109,9/20/2019 12:00:00 AM,0821,2,2,0,0,CLOUDY,DRY,True,1 VEHICLE ENTERING/LEAVING ENTRANCE,ANGLE,STRAIGHT & LEVEL,DAYLIGHT,,,9/23/2019 9:18:13 AM,False,5203,Accepted,