IncidentID,AgencyORI,AgencyName,IncidentStatusDesc,County,RdwyNumber,Street,RoadwayName,StreetSfx,StreetDir,IntersectionRdwy,IntersectionRdwyName,BetweenStRdwy1,BetweenStRdwyName1,BetweenStRdwy2,BetweenStRdwyName2,Latitude,Longitude,Milepoint,CollisionDate,CollisionTime,UnitsInvolved,MotorVehiclesInvolved,NumberKilled,NumberInjured,Weather,RdwyConditionCode,HitandRun,DirAnalysisCode,MannerofCollision,RdwyCharacter,LightCondition,RampFromRdwyId,RampToRdwyId,AcceptedDate,IsSecondaryCollision,OwnerBadge,IncidentStatus,
25688830,0568000,LOUISVILLE METRO POLICE DEPT,Accepted,JEFFERSON,KY1447,,WESTPORT,RD,,,,,,,,38.276775248,-85.601552310,3.460,9/20/2019 12:00:00 AM,0705,2,2,0,0,CLOUDY,DRY,False,1 VEHICLE ENTERING/LEAVING ENTRANCE,ANGLE,STRAIGHT & LEVEL,DAYLIGHT,,,9/25/2019 2:57:48 PM,False,7858,Accepted,
25675874,0568000,LOUISVILLE METRO POLICE DEPT,Accepted,JEFFERSON,KY0155,4100,TAYLORSVILLE,RD,,,,,,,,38.219499366,-85.619947492,13.009,9/20/2019 12:00:00 AM,1519,2,2,0,1,CLEAR,DRY,False,1 VEHICLE ENTERING/LEAVING ENTRANCE,ANGLE,CURVE & LEVEL,DAYLIGHT,,,9/23/2019 8:50:33 AM,False,7448,Accepted,
25675875,0568000,LOUISVILLE METRO POLICE DEPT,Accepted,JEFFERSON,US0031E,3610,BARDSTOWN,RD,,,,,,,,38.201947451,-85.663936809,11.279,9/20/2019 12:00:00 AM,1641,2,2,0,2,CLEAR,DRY,False,1 VEHICLE ENTERING/LEAVING ENTRANCE,ANGLE,STRAIGHT & LEVEL,DAYLIGHT,,,9/23/2019 8:50:58 AM,False,7448,Accepted,
25675959,0568000,LOUISVILLE METRO POLICE DEPT,Accepted,JEFFERSON,US0060,,SHELBYVILLE,RD,,,,,VIEUX CARRE,,WILDWOOD,38.246149717,-85.573758075,8.031,9/20/2019 12:00:00 AM,2045,2,2,0,0,CLEAR,DRY,False,1 VEHICLE ENTERING/LEAVING ENTRANCE,ANGLE,STRAIGHT & LEVEL,DARK-HWY LIGHTED/ON,,,9/23/2019 8:59:24 AM,False,7440,Accepted,
25675960,0568000,LOUISVILLE METRO POLICE DEPT,Accepted,JEFFERSON,I 0065,,,,,,,,,,,38.190261747,-85.723504694,0.338,9/20/2019 12:00:00 AM,1738,3,3,0,0,CLEAR,DRY,False,OTHER RAMP RELATED COLLISIONS NOT LISTED ABOVE,REAR END,CURVE & LEVEL,DAYLIGHT,I 0065,I 0264,9/23/2019 8:59:29 AM,False,7830,Accepted,
25687083,0568000,LOUISVILLE METRO POLICE DEPT,Accepted,JEFFERSON,,,HAMES,TRCE,,,,,,,,38.164985856,-85.604812382,0.387,9/20/2019 12:00:00 AM,0929,2,2,0,0,CLEAR,DRY,True,COLLISION IN PARKING LOT,BACKING,STRAIGHT & LEVEL,DAYLIGHT,,,9/25/2019 8:35:09 AM,False,4693,Accepted,
25675888,0568000,LOUISVILLE METRO POLICE DEPT,Accepted,JEFFERSON,,217,CHESTNUT,ST,E,,,,,,,38.247927250,-85.748548704,0.240,9/20/2019 12:00:00 AM,1120,2,2,0,0,CLEAR,WET,True,COLLISION IN PARKING LOT,HEAD ON,STRAIGHT & LEVEL,DAYLIGHT,,,9/23/2019 8:53:25 AM,False,7377,Accepted,
25675747,0568000,LOUISVILLE METRO POLICE DEPT,Accepted,JEFFERSON,US0042,,BROWNSBORO,RD,,,,,,,,38.258759204,-85.704388100,1.699,9/20/2019 12:00:00 AM,1248,2,2,0,0,CLEAR,DRY,True,COLLISION IN PARKING LOT,SIDESWIPE-OPPOSITE DIRECTION,STRAIGHT & LEVEL,DAYLIGHT,,,9/23/2019 8:47:03 AM,False,7833,Accepted,
25676019,0568000,LOUISVILLE METRO POLICE DEPT,Accepted,JEFFERSON,KY2803,,ARTHUR,ST,,,,I 0065,I65 S EXIT133 ON RAMP FROM  E WARNOCK ST,I 0065,I65 S EXIT133 OFF RAMP TO  ARTHUR ST,38.214594647,-85.752844391,0.261,9/20/2019 12:00:00 AM,2222,2,2,0,0,CLEAR,DRY,True,COLLISION IN PARKING LOT,ANGLE,STRAIGHT & LEVEL,DARK-HWY LIGHTED/ON,,,9/23/2019 9:09:01 AM,False,7527,Accepted,
25675861,0568000,LOUISVILLE METRO POLICE DEPT,Accepted,JEFFERSON,I 0264,,,,,,,,,,,38.221377734,-85.654533062,0.036,9/20/2019 12:00:00 AM,1538,2,2,0,0,CLEAR,DRY,True,OTHER RAMP RELATED COLLISIONS NOT LISTED ABOVE,SIDESWIPE-SAME DIRECTION,CURVE & HILLCREST,DAYLIGHT,KY0155,I 0264,9/23/2019 8:49:10 AM,False,2278,Accepted,
25675887,0568000,LOUISVILLE METRO POLICE DEPT,Accepted,JEFFERSON,I 0065,,,,,,,,,,,38.250824765,-85.747446256,0.050,9/20/2019 12:00:00 AM,1013,1,1,0,0,RAINING,WET,False,OTHER RAMP RELATED COLLISIONS NOT LISTED ABOVE,SINGLE VEHICLE,CURVE & GRADE,DAYLIGHT,W MUHAMMAD ALI BLVD,I 0065,9/23/2019 8:53:12 AM,False,7377,Accepted,
25675710,0568000,LOUISVILLE METRO POLICE DEPT,Accepted,JEFFERSON,I 0264,,I264 E,,,,,I 0264,I264 E EXIT18 ON RAMP FROM KY1932 N,I 0064,I64 E EXIT19A RAMP TO I64 E,38.232424896,-85.628631302,18.419,9/20/2019 12:00:00 AM,1003,1,1,0,1,CLEAR,DRY,False,OTHER ROADWAY OR MID-BLOCK COLLISION,SINGLE VEHICLE,STRAIGHT & LEVEL,DAYLIGHT,,,9/23/2019 8:45:43 AM,False,2278,Accepted,
25675880,0568000,LOUISVILLE METRO POLICE DEPT,Accepted,JEFFERSON,I 0064,,I64 E,,,,,,,,,38.276123318,-85.819165034,0.414,9/20/2019 12:00:00 AM,1217,1,1,0,0,CLOUDY,DRY,False,OTHER ROADWAY OR MID-BLOCK COLLISION,SINGLE VEHICLE,CURVE & HILLCREST,DAYLIGHT,,,9/23/2019 8:52:28 AM,False,7876,Accepted,
25675912,0568000,LOUISVILLE METRO POLICE DEPT,Accepted,JEFFERSON,,,ROCKFORD,LN,,,,KY1934,CANE RUN,,CLARION,38.183025354,-85.854536515,0.087,9/20/2019 12:00:00 AM,2017,3,3,0,1,CLEAR,DRY,False,OTHER ROADWAY OR MID-BLOCK COLLISION,REAR END,STRAIGHT & LEVEL,DARK-HWY NOT LIGHTED,,,9/23/2019 8:55:06 AM,False,7980,Accepted,
25675761,0568000,LOUISVILLE METRO POLICE DEPT,Accepted,JEFFERSON,KY0061,,PRESTON,HWY,,,,,SERENITY HOPE,KY1450,BLUE LICK,38.133435869,-85.683981625,3.592,9/20/2019 12:00:00 AM,1158,2,2,0,3,RAINING,WET,False,OTHER ROADWAY OR MID-BLOCK COLLISION,REAR END,STRAIGHT & LEVEL,DAYLIGHT,,,9/23/2019 8:47:22 AM,False,2017,Accepted,
25675877,0568000,LOUISVILLE METRO POLICE DEPT,Accepted,JEFFERSON,US0031W,7528,DIXIE,HWY,,,,,,,,38.143189239,-85.839856230,11.664,9/20/2019 12:00:00 AM,1523,2,2,0,0,CLEAR,DRY,False,OTHER ROADWAY OR MID-BLOCK COLLISION,OPPOSING LEFT TURN,STRAIGHT & LEVEL,DAYLIGHT,,,9/23/2019 8:51:53 AM,False,5250,Accepted,
25681460,0568000,LOUISVILLE METRO POLICE DEPT,Accepted,JEFFERSON,I 0265,,I265 E,,,,,,,,,38.186940864,-85.508748833,23.001,9/20/2019 12:00:00 AM,0754,2,2,0,0,CLOUDY,DRY,False,OTHER ROADWAY OR MID-BLOCK COLLISION,REAR END,STRAIGHT & LEVEL,DAYLIGHT,,,9/24/2019 8:28:35 AM,False,4656,Accepted,
25714571,0564400,INDIAN HILLS POLICE DEPARTMENT,Accepted,JEFFERSON,US0042,,BROWNSBORO,RD,,,,,,,,38.278364257,-85.638232633,5.638,9/20/2019 12:00:00 AM,1415,2,2,0,0,CLEAR,DRY,False,OTHER ROADWAY OR MID-BLOCK COLLISION,REAR END,STRAIGHT & LEVEL,DAYLIGHT,,,10/1/2019 12:10:29 PM,False,4419,Accepted,
25675932,0568000,LOUISVILLE METRO POLICE DEPT,Accepted,JEFFERSON,KY1865,5215,NEW CUT,RD,,,,,,,,38.161001866,-85.779043114,3.733,9/20/2019 12:00:00 AM,2315,2,2,1,0,CLEAR,DRY,False,OTHER ROADWAY OR MID-BLOCK COLLISION,OPPOSING LEFT TURN,STRAIGHT & LEVEL,OTHER,,,9/23/2019 8:57:24 AM,False,7786,Accepted,
25688831,0568000,LOUISVILLE METRO POLICE DEPT,Accepted,JEFFERSON,KY0146,10510,LA GRANGE,RD,,,,,,,,38.270390484,-85.555406110,3.972,9/20/2019 12:00:00 AM,0950,3,3,0,0,CLOUDY,DRY,False,OTHER ROADWAY OR MID-BLOCK COLLISION,REAR END,STRAIGHT & LEVEL,DAYLIGHT,,,9/25/2019 2:57:53 PM,False,7858,Accepted,
25687145,0568000,LOUISVILLE METRO POLICE DEPT,Accepted,JEFFERSON,US0060,14041,SHELBYVILLE,RD,,,,,,,,38.238971177,-85.488713216,12.872,9/20/2019 12:00:00 AM,1855,2,2,0,2,CLEAR,DRY,False,OTHER ROADWAY OR MID-BLOCK COLLISION,OPPOSING LEFT TURN,STRAIGHT & LEVEL,DAYLIGHT,,,9/25/2019 8:42:31 AM,False,7243,Accepted,
25675858,0568000,LOUISVILLE METRO POLICE DEPT,Accepted,JEFFERSON,I 0264,,I264 W,,,,,,,,,38.269547631,-85.808133671,0.546,9/20/2019 12:00:00 AM,1316,2,2,0,2,CLEAR,DRY,False,OTHER ROADWAY OR MID-BLOCK COLLISION,REAR END,STRAIGHT & LEVEL,DAYLIGHT,,,9/23/2019 8:48:54 AM,False,5003,Accepted,
25675744,0568000,LOUISVILLE METRO POLICE DEPT,Accepted,JEFFERSON,,,STRAWBERRY,LN,,,,KY1020,SOUTHSIDE,,ESTELE,38.158182767,-85.764591996,0.006,9/20/2019 12:00:00 AM,1145,2,2,0,0,CLEAR,WET,False,OTHER ROADWAY OR MID-BLOCK COLLISION,OPPOSING LEFT TURN,STRAIGHT & LEVEL,DAYLIGHT,,,9/23/2019 8:46:58 AM,False,7202,Accepted,
25688835,0568000,LOUISVILLE METRO POLICE DEPT,Accepted,JEFFERSON,US0060,7900,SHELBYVILLE,RD,,,,,,,,38.249003021,-85.608671426,6.117,9/20/2019 12:00:00 AM,1559,2,2,0,0,CLEAR,DRY,False,OTHER ROADWAY OR MID-BLOCK COLLISION,REAR END,STRAIGHT & LEVEL,DAYLIGHT,,,9/25/2019 2:58:24 PM,False,7858,Accepted,
25675966,0568000,LOUISVILLE METRO POLICE DEPT,Accepted,JEFFERSON,,100B,WHITNEY,AVE,W,,,,2ND,,3RD,38.193981047,-85.764765488,1.000,9/20/2019 12:00:00 AM,1310,2,2,0,0,CLEAR,DRY,True,OTHER ROADWAY OR MID-BLOCK COLLISION,REAR END,STRAIGHT & LEVEL,DAYLIGHT,,,9/23/2019 9:00:11 AM,False,5269,Accepted,
25675968,0568000,LOUISVILLE METRO POLICE DEPT,Accepted,JEFFERSON,KY1934,4136,CANE RUN,RD,,,,,,,,38.202939297,-85.832705331,9.539,9/20/2019 12:00:00 AM,1649,2,2,0,0,CLEAR,DRY,False,OTHER ROADWAY OR MID-BLOCK COLLISION,REAR TO REAR,STRAIGHT & LEVEL,DAYLIGHT,,,9/23/2019 9:00:22 AM,False,5032,Accepted,
25675935,0568000,LOUISVILLE METRO POLICE DEPT,Accepted,JEFFERSON,US0031W,,DIXIE,HWY,,,,,,,,38.168811849,-85.828413449,13.294,9/20/2019 12:00:00 AM,2141,2,2,0,0,CLEAR,DRY,False,OTHER ROADWAY OR MID-BLOCK COLLISION,REAR END,STRAIGHT & LEVEL,DARK-HWY LIGHTED/ON,,,9/23/2019 8:57:41 AM,False,5136,Accepted,
25675865,0568000,LOUISVILLE METRO POLICE DEPT,Accepted,JEFFERSON,KY1020,,3RD,ST,S,,,KY1020,2ND,US0060A,EASTERN,38.214271900,-85.762266039,9.901,9/20/2019 12:00:00 AM,1358,2,2,0,0,CLEAR,DRY,False,OTHER ROADWAY OR MID-BLOCK COLLISION,REAR END,STRAIGHT & LEVEL,DAYLIGHT,,,9/23/2019 8:49:28 AM,False,7418,Accepted,
25675891,0568000,LOUISVILLE METRO POLICE DEPT,Accepted,JEFFERSON,I 0064,,I64 E,,,,,I 0064,I64 E EXIT3 ON RAMP FROM US31W,I 0064,I64 E EXIT4 OFF RAMP TO US31W,38.264740902,-85.775378173,3.317,9/20/2019 12:00:00 AM,0959,1,1,0,0,RAINING,WET,False,OTHER ROADWAY OR MID-BLOCK COLLISION,SINGLE VEHICLE,STRAIGHT & LEVEL,DAYLIGHT,,,9/23/2019 8:53:46 AM,False,7805,Accepted,
25665323,0568000,LOUISVILLE METRO POLICE DEPT,Accepted,JEFFERSON,KY1703,,NEWBURG,RD,,,,,,,,38.201322045,-85.686989483,2.145,9/19/2019 12:00:00 AM,0918,2,2,0,0,CLEAR,DRY,True,OTHER ROADWAY OR MID-BLOCK COLLISION,REAR END,STRAIGHT & GRADE,DAYLIGHT,,,9/20/2019 8:49:53 AM,False,7284,Accepted,
25665343,0568000,LOUISVILLE METRO POLICE DEPT,Accepted,JEFFERSON,I 0265,,I265 W,,,,,,,,,38.120042807,-85.633498328,14.103,9/19/2019 12:00:00 AM,0712,2,2,0,2,CLOUDY,DRY,False,OTHER ROADWAY OR MID-BLOCK COLLISION,REAR END,STRAIGHT & LEVEL,DAYLIGHT,,,9/20/2019 8:54:43 AM,False,4656,Accepted,
25665349,0568000,LOUISVILLE METRO POLICE DEPT,Accepted,JEFFERSON,US0031E,,BARDSTOWN,RD,,,,,,,,38.206539116,-85.667303363,11.627,9/19/2019 12:00:00 AM,1522,2,2,0,0,CLEAR,DRY,False,OTHER ROADWAY OR MID-BLOCK COLLISION,REAR END,STRAIGHT & LEVEL,DAYLIGHT,,,9/20/2019 8:55:32 AM,False,7864,Accepted,
25665573,0568000,LOUISVILLE METRO POLICE DEPT,Accepted,JEFFERSON,I 0065,,I65 S,,,,,,,,,38.122388032,-85.702137302,125.590,9/19/2019 12:00:00 AM,2243,1,1,0,0,CLEAR,DRY,True,OTHER ROADWAY OR MID-BLOCK COLLISION,SINGLE VEHICLE,STRAIGHT & LEVEL,DARK-HWY LIGHTED/ON,,,9/20/2019 9:14:34 AM,False,5182,Accepted,
25665353,0568000,LOUISVILLE METRO POLICE DEPT,Accepted,JEFFERSON,KY0061,,PRESTON,HWY,,,,,,,,38.162855733,-85.700512056,5.788,9/19/2019 12:00:00 AM,1530,2,2,0,0,CLEAR,DRY,False,OTHER ROADWAY OR MID-BLOCK COLLISION,REAR TO REAR,STRAIGHT & GRADE,DAYLIGHT,,,9/20/2019 8:55:58 AM,False,5130,Accepted,
25665389,0568000,LOUISVILLE METRO POLICE DEPT,Accepted,JEFFERSON,I 0265,,I265 E,,,,,I 0265,I265 E EXIT15 OFF RAMP TO KY864,I 0265,I265 E EXIT15 ON RAMP FROM KY864,38.125174353,-85.612464457,15.311,9/19/2019 12:00:00 AM,1645,1,1,0,0,CLEAR,DRY,False,OTHER ROADWAY OR MID-BLOCK COLLISION,SINGLE VEHICLE,STRAIGHT & LEVEL,DAYLIGHT,,,9/20/2019 9:01:14 AM,False,6878,Accepted,
25687058,0568000,LOUISVILLE METRO POLICE DEPT,Accepted,JEFFERSON,I 0065,,,,,,,,,,,38.191161181,-85.718792377,0.017,9/19/2019 12:00:00 AM,1609,2,2,0,0,CLEAR,DRY,False,OTHER ROADWAY OR MID-BLOCK COLLISION,REAR END,STRAIGHT & GRADE,DAYLIGHT,,,9/25/2019 8:29:03 AM,False,8278,Accepted,
25665441,0568000,LOUISVILLE METRO POLICE DEPT,Accepted,JEFFERSON,I 0064,,,,,,,,,,,38.234606435,-85.657649070,0.279,9/19/2019 12:00:00 AM,1704,2,2,0,0,CLEAR,DRY,False,OTHER RAMP RELATED COLLISIONS NOT LISTED ABOVE,REAR END,CURVE & HILLCREST,DAYLIGHT,I 0064,KY2048,9/20/2019 9:04:52 AM,False,7281,Accepted,
25665317,0568000,LOUISVILLE METRO POLICE DEPT,Accepted,JEFFERSON,I 0264,,,,,,,,,,,38.276352457,-85.632850583,0.300,9/19/2019 12:00:00 AM,0700,2,2,0,0,CLEAR,DRY,False,OTHER RAMP RELATED COLLISIONS NOT LISTED ABOVE,REAR END,STRAIGHT & LEVEL,DAWN,US0042,I 0264,9/20/2019 8:48:47 AM,False,7281,Accepted,
25665352,0568000,LOUISVILLE METRO POLICE DEPT,Accepted,JEFFERSON,I 0265,,,,,,,,,,,38.297874006,-85.547395071,0.354,9/19/2019 12:00:00 AM,1513,2,2,0,0,CLEAR,DRY,False,OTHER RAMP RELATED COLLISIONS NOT LISTED ABOVE,REAR END,CURVE & GRADE,DAYLIGHT,I 0265,KY1447,9/20/2019 8:55:45 AM,False,7313,Accepted,
25665393,0568000,LOUISVILLE METRO POLICE DEPT,Accepted,JEFFERSON,,401,WIMBLETON,CT,,,,,,,,38.209381569,-85.672270620,0.055,9/19/2019 12:00:00 AM,1130,2,2,0,0,CLEAR,DRY,True,COLLISION IN PARKING LOT,SIDESWIPE-OPPOSITE DIRECTION,STRAIGHT & LEVEL,DAYLIGHT,,,9/20/2019 9:01:38 AM,False,5247,Accepted,
25665324,0568000,LOUISVILLE METRO POLICE DEPT,Accepted,JEFFERSON,,300,1ST,ST,S,,,,,,,38.253252675,-85.752059726,0.191,9/19/2019 12:00:00 AM,0810,1,1,0,0,CLEAR,DRY,False,COLLISION IN PARKING LOT,SINGLE VEHICLE,STRAIGHT & LEVEL,DAYLIGHT,,,9/20/2019 8:50:04 AM,False,7406,Accepted,
25660027,0568000,LOUISVILLE METRO POLICE DEPT,Accepted,JEFFERSON,,,DEL MARIA,WAY,,,,US0031E,BARDSTOWN,,HAMES,38.168462716,-85.607759127,0.127,9/19/2019 12:00:00 AM,0300,2,2,0,0,CLEAR,DRY,False,COLLISION IN PARKING LOT,ANGLE,STRAIGHT & LEVEL,DARK-HWY LIGHTED/ON,,,9/19/2019 8:26:27 AM,False,5207,Accepted,
25665451,0568000,LOUISVILLE METRO POLICE DEPT,Accepted,JEFFERSON,I 0064,,,,,,,,,,,38.260104662,-85.742029715,0.035,9/19/2019 12:00:00 AM,1510,1,1,0,1,CLEAR,DRY,False,COLLISION WITH FIXED OBJECT NOT IN GORE ,SINGLE VEHICLE,CURVE & HILLCREST,DAYLIGHT,I 0064,I 0071,9/20/2019 9:05:55 AM,False,2217,Accepted,
25707421,0568000,LOUISVILLE METRO POLICE DEPT,Accepted,JEFFERSON,,,CRUMS,LN,,,,US0031W,DIXIE,KY1931,MANSLICK,38.189351309,-85.804050351,0.283,9/19/2019 12:00:00 AM,0915,2,2,0,0,CLEAR,DRY,False,1 VEHICLE ENTERING/LEAVING ENTRANCE,ANGLE,CURVE & LEVEL,DAYLIGHT,,,9/30/2019 9:24:04 AM,False,5271,Accepted,
25665364,0568000,LOUISVILLE METRO POLICE DEPT,Accepted,JEFFERSON,US0031E,,BARDSTOWN,RD,,,,,,,,38.216349967,-85.675519069,12.431,9/19/2019 12:00:00 AM,1603,2,2,0,0,CLEAR,DRY,False,1 VEHICLE ENTERING/LEAVING ENTRANCE,ANGLE,STRAIGHT & LEVEL,DAYLIGHT,,,9/20/2019 8:58:20 AM,False,7284,Accepted,
25665495,0568000,LOUISVILLE METRO POLICE DEPT,Accepted,JEFFERSON,KY1865,,TAYLOR,BLVD,,,,,,,,38.173439580,-85.782194993,4.599,9/19/2019 12:00:00 AM,1800,2,2,0,0,CLEAR,DRY,False,1 VEHICLE ENTERING/LEAVING ENTRANCE,ANGLE,STRAIGHT & LEVEL,DAYLIGHT,,,9/20/2019 9:10:18 AM,False,5274,Accepted,
25707485,0568000,LOUISVILLE METRO POLICE DEPT,Accepted,JEFFERSON,I 0065,,I65 N,,,,,,,,,38.157202941,-85.717962478,128.253,9/19/2019 12:00:00 AM,0656,2,2,0,0,CLEAR,DRY,False,SIDESWIPE COLLISION - SAME DIRECTION,SIDESWIPE-SAME DIRECTION,STRAIGHT & LEVEL,DARK-HWY LIGHTED/ON,,,9/30/2019 9:29:14 AM,False,7772,Accepted,
25665501,0568000,LOUISVILLE METRO POLICE DEPT,Accepted,JEFFERSON,I 0064,,I64 W,,,,,,,,,38.223263357,-85.560627038,15.869,9/19/2019 12:00:00 AM,1851,2,2,0,0,CLEAR,DRY,True,SIDESWIPE COLLISION - SAME DIRECTION,SIDESWIPE-SAME DIRECTION,STRAIGHT & LEVEL,DAYLIGHT,,,9/20/2019 9:10:58 AM,False,2346,Accepted,
25665521,0568000,LOUISVILLE METRO POLICE DEPT,Accepted,JEFFERSON,,7401,TRADE PORT,DR,,,,,,,,38.125242948,-85.892040780,0.236,9/19/2019 12:00:00 AM,2228,2,2,0,0,CLEAR,DRY,False,SIDESWIPE COLLISION - SAME DIRECTION,SIDESWIPE-SAME DIRECTION,STRAIGHT & LEVEL,DARK-HWY LIGHTED/OFF,,,9/20/2019 9:12:26 AM,False,7277,Accepted,
25675707,0568000,LOUISVILLE METRO POLICE DEPT,Accepted,JEFFERSON,I 0265,,I265 S,,,,,,,,,38.218172547,-85.506235117,25.194,9/19/2019 12:00:00 AM,1435,2,2,0,0,CLEAR,DRY,False,SIDESWIPE COLLISION - SAME DIRECTION,SIDESWIPE-SAME DIRECTION,STRAIGHT & LEVEL,DAYLIGHT,,,9/23/2019 8:45:19 AM,False,7764,Accepted,
25665425,0568000,LOUISVILLE METRO POLICE DEPT,Accepted,JEFFERSON,,,LEE,ST,E,,,,,,,38.222278593,-85.752049712,0.294,9/19/2019 12:00:00 AM,0755,2,2,0,0,CLEAR,DRY,False,SIDESWIPE COLLISION - SAME DIRECTION,SIDESWIPE-SAME DIRECTION,STRAIGHT & LEVEL,DAYLIGHT,,,9/20/2019 9:02:25 AM,False,5273,Accepted,
25665483,0568000,LOUISVILLE METRO POLICE DEPT,Accepted,JEFFERSON,KY0061,,PRESTON,HWY,,,,,,,,38.114605284,-85.676166726,2.177,9/19/2019 12:00:00 AM,1300,2,2,0,0,CLEAR,DRY,False,SIDESWIPE COLLISION - SAME DIRECTION,SIDESWIPE-SAME DIRECTION,STRAIGHT & LEVEL,DAYLIGHT,,,9/20/2019 9:09:30 AM,False,4693,Accepted,
25665367,0568000,LOUISVILLE METRO POLICE DEPT,Accepted,JEFFERSON,US0150,,BROADWAY,,E,,,,,,,38.245726500,-85.753325003,2.658,9/19/2019 12:00:00 AM,1016,2,2,0,0,CLEAR,DRY,False,SIDESWIPE COLLISION - SAME DIRECTION,SIDESWIPE-SAME DIRECTION,STRAIGHT & LEVEL,DAYLIGHT,,,9/20/2019 8:58:42 AM,False,7406,Accepted,
25771607,0568000,LOUISVILLE METRO POLICE DEPT,Accepted,JEFFERSON,I 0065,,I65 N,,,,,,,,,38.162891632,-85.720669337,128.674,9/19/2019 12:00:00 AM,1729,2,2,0,1,CLEAR,DRY,False,SIDESWIPE COLLISION - SAME DIRECTION,SIDESWIPE-SAME DIRECTION,CURVE & LEVEL,DAYLIGHT,,,10/14/2019 8:35:01 AM,False,8278,Accepted,
25665568,0568000,LOUISVILLE METRO POLICE DEPT,Accepted,JEFFERSON,,3711,WOODRUFF,AVE,,,,,,,,38.191070132,-85.784727154,0.378,9/19/2019 12:00:00 AM,2225,2,2,0,0,CLEAR,DRY,True,HEAD-ON COLLISION,HEAD ON,STRAIGHT & LEVEL,DARK-HWY NOT LIGHTED,,,9/20/2019 9:13:53 AM,False,5237,Accepted,
25665432,0568000,LOUISVILLE METRO POLICE DEPT,Accepted,JEFFERSON,,,OMAR KHAYYAM,BLVD,,,MIDDLEGROUND,,,,,38.113370674,-85.873398646,0.545,9/19/2019 12:00:00 AM,1555,2,2,0,1,CLEAR,DRY,False,HEAD-ON COLLISION,HEAD ON,STRAIGHT & LEVEL,DAYLIGHT,,,9/20/2019 9:03:24 AM,False,7224,Accepted,
25681596,0568000,LOUISVILLE METRO POLICE DEPT,Accepted,JEFFERSON,US0060A,,EASTERN,PKWY,,,,,QUADRANT,KY1703,BAXTER,38.230146890,-85.712743021,6.603,9/19/2019 12:00:00 AM,1932,2,2,0,0,CLEAR,DRY,False,REAR END IN TRAFFIC LANES BOTH VEHICLES MOVING,REAR END,STRAIGHT & GRADE,DAYLIGHT,,,9/24/2019 8:43:30 AM,False,6947,Accepted,
25707570,0568000,LOUISVILLE METRO POLICE DEPT,Accepted,JEFFERSON,KY1932,,BRECKENRIDGE,LN,,,,,,,,38.220419548,-85.630771724,2.885,9/19/2019 12:00:00 AM,2103,2,2,0,0,CLEAR,DRY,False,REAR END IN TRAFFIC LANES BOTH VEHICLES MOVING,REAR END,STRAIGHT & LEVEL,DARK-HWY LIGHTED/ON,,,9/30/2019 9:33:48 AM,False,7200,Accepted,
25696759,0568000,LOUISVILLE METRO POLICE DEPT,Accepted,JEFFERSON,KY0907,,3RD ST,RD,,,,,,,,38.131512101,-85.791839962,4.974,9/19/2019 12:00:00 AM,2110,2,2,0,0,CLEAR,DRY,False,REAR END IN TRAFFIC LANES BOTH VEHICLES MOVING,REAR END,STRAIGHT & LEVEL,DARK-HWY LIGHTED/ON,,,9/27/2019 8:56:30 AM,False,5136,Accepted,
25681607,0568000,LOUISVILLE METRO POLICE DEPT,Accepted,JEFFERSON,US0042,,BROWNSBORO,RD,,,,,,,,38.260236557,-85.717656348,0.925,9/19/2019 12:00:00 AM,0840,2,2,0,0,CLEAR,DRY,False,REAR END IN TRAFFIC LANES BOTH VEHICLES MOVING,REAR END,STRAIGHT & LEVEL,DAYLIGHT,,,9/24/2019 8:44:39 AM,False,5275,Accepted,
25681455,0568000,LOUISVILLE METRO POLICE DEPT,Accepted,JEFFERSON,I 0264,,I264 E,,,,,,,,,38.278169199,-85.634322896,21.944,9/19/2019 12:00:00 AM,1800,2,2,0,0,CLEAR,DRY,False,REAR END IN TRAFFIC LANES BOTH VEHICLES MOVING,REAR END,STRAIGHT & LEVEL,DAYLIGHT,,,9/24/2019 8:27:25 AM,False,7628,Accepted,
25687266,0568000,LOUISVILLE METRO POLICE DEPT,Accepted,JEFFERSON,I 0065,,I65 N,,,,,,,,,38.170522533,-85.720472968,129.200,9/19/2019 12:00:00 AM,1700,2,1,0,0,CLEAR,DRY,False,REAR END IN TRAFFIC LANES BOTH VEHICLES MOVING,REAR END,STRAIGHT & LEVEL,DAYLIGHT,,,9/25/2019 9:05:52 AM,False,8278,Accepted,
25675706,0568000,LOUISVILLE METRO POLICE DEPT,Accepted,JEFFERSON,I 0071,,I71 S,,,,,,,,,38.293075393,-85.637294943,5.640,9/19/2019 12:00:00 AM,1641,2,2,0,0,CLEAR,DRY,False,REAR END IN TRAFFIC LANES BOTH VEHICLES MOVING,REAR END,STRAIGHT & LEVEL,DAYLIGHT,,,9/23/2019 8:45:11 AM,False,7764,Accepted,
25665563,0568000,LOUISVILLE METRO POLICE DEPT,Accepted,JEFFERSON,I 0064,,I64 W,,,,,,,,,38.233899529,-85.611230251,12.970,9/19/2019 12:00:00 AM,1900,2,2,0,0,CLEAR,DRY,False,REAR END IN TRAFFIC LANES BOTH VEHICLES MOVING,REAR END,STRAIGHT & LEVEL,DAYLIGHT,,,9/20/2019 9:13:26 AM,False,7243,Accepted,