IncidentID,AgencyORI,AgencyName,IncidentStatusDesc,County,RdwyNumber,Street,RoadwayName,StreetSfx,StreetDir,IntersectionRdwy,IntersectionRdwyName,BetweenStRdwy1,BetweenStRdwyName1,BetweenStRdwy2,BetweenStRdwyName2,Latitude,Longitude,Milepoint,CollisionDate,CollisionTime,UnitsInvolved,MotorVehiclesInvolved,NumberKilled,NumberInjured,Weather,RdwyConditionCode,HitandRun,DirAnalysisCode,MannerofCollision,RdwyCharacter,LightCondition,RampFromRdwyId,RampToRdwyId,AcceptedDate,IsSecondaryCollision,OwnerBadge,IncidentStatus,
25665344,0568000,LOUISVILLE METRO POLICE DEPT,Accepted,JEFFERSON,KY1020,,NATIONAL,TPKE,,,,,OLD TOWNE,,ENTERPRISE,38.148324480,-85.760194700,5.263,9/19/2019 12:00:00 AM,0806,5,5,0,0,CLEAR,DRY,False,REAR END IN TRAFFIC LANES BOTH VEHICLES MOVING,REAR END,STRAIGHT & LEVEL,DAYLIGHT,,,9/20/2019 8:54:56 AM,False,6326,Accepted,
25665437,0568000,LOUISVILLE METRO POLICE DEPT,Accepted,JEFFERSON,KY1931,5212,GREENWOOD,RD,,,,,,,,38.144195364,-85.853401658,2.389,9/19/2019 12:00:00 AM,1626,2,2,0,0,CLEAR,DRY,False,REAR END IN TRAFFIC LANES BOTH VEHICLES MOVING,REAR END,STRAIGHT & LEVEL,DAYLIGHT,,,9/20/2019 9:04:12 AM,False,7356,Accepted,
25665347,0568000,LOUISVILLE METRO POLICE DEPT,Accepted,JEFFERSON,I 0071,,I71 S,,,,,,,,,38.287490165,-85.677334228,3.257,9/19/2019 12:00:00 AM,0829,2,2,0,0,CLEAR,DRY,False,REAR END IN TRAFFIC LANES BOTH VEHICLES MOVING,REAR END,STRAIGHT & LEVEL,DAYLIGHT,,,9/20/2019 8:55:19 AM,False,4656,Accepted,
25665430,0568000,LOUISVILLE METRO POLICE DEPT,Accepted,JEFFERSON,I 0264,,I264 W,,,,,,,,,38.205559007,-85.680485326,15.035,9/19/2019 12:00:00 AM,1700,2,2,0,0,CLEAR,DRY,False,REAR END IN TRAFFIC LANES BOTH VEHICLES MOVING,REAR END,STRAIGHT & LEVEL,DAYLIGHT,,,9/20/2019 9:03:06 AM,False,7284,Accepted,
25665387,0568000,LOUISVILLE METRO POLICE DEPT,Accepted,JEFFERSON,KY1447,,WESTPORT,RD,,,,,FREYS HILL,,SHELBURN PARK,38.294753548,-85.557209288,6.159,9/19/2019 12:00:00 AM,1640,2,2,0,0,CLEAR,DRY,False,REAR END IN TRAFFIC LANES BOTH VEHICLES MOVING,REAR END,STRAIGHT & GRADE,DAYLIGHT,,,9/20/2019 9:00:55 AM,False,2030,Accepted,
25665599,0568000,LOUISVILLE METRO POLICE DEPT,Accepted,JEFFERSON,I 0264,,I264 W,,,,,,,,,38.202062941,-85.688904359,14.513,9/19/2019 12:00:00 AM,1601,2,2,0,0,CLEAR,DRY,False,REAR END IN TRAFFIC LANES BOTH VEHICLES MOVING,REAR END,STRAIGHT & HILLCREST,DAYLIGHT,,,9/20/2019 9:20:36 AM,False,7944,Accepted,
25665489,0568000,LOUISVILLE METRO POLICE DEPT,Accepted,JEFFERSON,KY0155,,TAYLORSVILLE,RD,,,,,,,,38.188571406,-85.510036952,6.122,9/19/2019 12:00:00 AM,1621,2,2,0,0,CLEAR,DRY,False,REAR END IN TRAFFIC LANES BOTH VEHICLES MOVING,REAR END,STRAIGHT & LEVEL,DAYLIGHT,,,9/20/2019 9:09:50 AM,False,4693,Accepted,
25665438,0568000,LOUISVILLE METRO POLICE DEPT,Accepted,JEFFERSON,I 0264,,I264 W,,,,,,,,,38.216550834,-85.661494146,16.318,9/19/2019 12:00:00 AM,1741,2,2,0,0,CLEAR,DRY,False,REAR END IN TRAFFIC LANES BOTH VEHICLES MOVING,REAR END,STRAIGHT & LEVEL,DAYLIGHT,,,9/20/2019 9:04:24 AM,False,7284,Accepted,
25665445,0568000,LOUISVILLE METRO POLICE DEPT,Accepted,JEFFERSON,US0060,,SHELBYVILLE,RD,,,,,,,,38.246234267,-85.574661983,7.980,9/19/2019 12:00:00 AM,1805,2,2,0,0,CLEAR,DRY,False,REAR END IN TRAFFIC LANES BOTH VEHICLES MOVING,REAR END,STRAIGHT & LEVEL,DAYLIGHT,,,9/20/2019 9:05:31 AM,False,2346,Accepted,
25687061,0568000,LOUISVILLE METRO POLICE DEPT,Accepted,JEFFERSON,I 0065,,I65 N,,,,,,,,,38.170522533,-85.720472968,129.200,9/19/2019 12:00:00 AM,1700,2,2,0,1,CLEAR,DRY,False,REAR END IN TRAFFIC LANES BOTH VEHICLES MOVING,REAR END,STRAIGHT & LEVEL,DAYLIGHT,,,9/25/2019 8:29:33 AM,False,8278,Accepted,
25681595,0568000,LOUISVILLE METRO POLICE DEPT,Accepted,JEFFERSON,US0031E,,BARDSTOWN,RD,,,,,,,,38.223701550,-85.687561606,13.295,9/19/2019 12:00:00 AM,2152,2,2,0,0,CLEAR,DRY,False,REAR END IN TRAFFIC LANES BOTH VEHICLES MOVING,REAR END,STRAIGHT & LEVEL,DARK-HWY LIGHTED/ON,,,9/24/2019 8:43:22 AM,False,5258,Accepted,
25665374,0568000,LOUISVILLE METRO POLICE DEPT,Accepted,JEFFERSON,,4340,LONSDALE,AVE,,,,,,,,38.178956669,-85.786395902,0.034,9/19/2019 12:00:00 AM,1534,2,2,0,0,CLEAR,DRY,False,1 VEHICLE PARKED POSITION (NOT PARKING LOT/DRIVEWAY),SIDESWIPE-SAME DIRECTION,STRAIGHT & LEVEL,DAYLIGHT,,,9/20/2019 8:59:17 AM,False,5153,Accepted,
25665526,0568000,LOUISVILLE METRO POLICE DEPT,Accepted,JEFFERSON,US0031E,,BARDSTOWN,RD,,,,,DREAMS END,,DREAMS END,38.177752949,-85.620676134,8.291,9/19/2019 12:00:00 AM,1901,2,2,0,0,CLEAR,DRY,False,REAR END IN TRAFFIC LANES BOTH VEHICLES MOVING,REAR END,STRAIGHT & LEVEL,DAYLIGHT,,,9/20/2019 9:13:19 AM,False,5222,Accepted,
25665492,0568000,LOUISVILLE METRO POLICE DEPT,Accepted,JEFFERSON,KY0148,,KY148 TURN LANE,,,,,,,,,38.191029931,-85.476543732,0.013,9/19/2019 12:00:00 AM,1519,2,2,0,0,CLEAR,DRY,False,REAR END IN TRAFFIC LANES BOTH VEHICLES MOVING,REAR END,CURVE & LEVEL,DAYLIGHT,,,9/20/2019 9:10:01 AM,False,4693,Accepted,
25665494,0568000,LOUISVILLE METRO POLICE DEPT,Accepted,JEFFERSON,KY1747,,FERN VALLEY,RD,,,,,,,,38.157077520,-85.711678452,1.126,9/19/2019 12:00:00 AM,1758,3,3,0,0,CLEAR,DRY,False,REAR END IN TRAFFIC LANES BOTH VEHICLES MOVING,REAR END,STRAIGHT & LEVEL,DAYLIGHT,,,9/20/2019 9:10:10 AM,False,4693,Accepted,
25665443,0568000,LOUISVILLE METRO POLICE DEPT,Accepted,JEFFERSON,KY0061,10793,PRESTON,HWY,,,,,,,,38.095360500,-85.670069789,0.822,9/19/2019 12:00:00 AM,1810,3,3,0,0,CLEAR,DRY,False,REAR END IN TRAFFIC LANES BOTH VEHICLES MOVING,REAR END,STRAIGHT & LEVEL,DAYLIGHT,,,9/20/2019 9:05:10 AM,False,7799,Accepted,
25665435,0568000,LOUISVILLE METRO POLICE DEPT,Accepted,JEFFERSON,KY2054,1700 BLK,ALGONQUIN,PKWY,,,,,DE SOTO,,LA SALLE,38.223003998,-85.789559548,1.799,9/19/2019 12:00:00 AM,0800,3,3,0,0,CLEAR,DRY,True,REAR END IN TRAFFIC LANES BOTH VEHICLES MOVING,REAR END,STRAIGHT & LEVEL,DAYLIGHT,,,9/20/2019 9:03:51 AM,False,5292,Accepted,
25665365,0568000,LOUISVILLE METRO POLICE DEPT,Accepted,JEFFERSON,US0031E,,BARDSTOWN,RD,,,,,,,,38.133290164,-85.579160855,4.309,9/19/2019 12:00:00 AM,1538,2,2,0,0,CLOUDY,DRY,False,REAR END IN TRAFFIC LANES BOTH VEHICLES MOVING,REAR END,STRAIGHT & LEVEL,DAYLIGHT,,,9/20/2019 8:58:30 AM,False,7755,Accepted,
25665469,0568000,LOUISVILLE METRO POLICE DEPT,Accepted,JEFFERSON,,2000B,SHERWOOD,AVE,,,,,,,,38.232497868,-85.706498269,0.277,9/19/2019 12:00:00 AM,1743,2,2,0,0,CLEAR,DRY,False,1 VEHICLE PARKED POSITION (NOT PARKING LOT/DRIVEWAY),BACKING,STRAIGHT & LEVEL,DAYLIGHT,,,9/20/2019 9:07:24 AM,False,7740,Accepted,
25681468,0568000,LOUISVILLE METRO POLICE DEPT,Accepted,JEFFERSON,,1237,1ST,ST,S,,,,,,,38.233632307,-85.755502541,1.563,9/19/2019 12:00:00 AM,1052,2,2,0,0,CLEAR,DRY,True,1 VEHICLE PARKED POSITION (NOT PARKING LOT/DRIVEWAY),BACKING,STRAIGHT & LEVEL,DAYLIGHT,,,9/24/2019 8:29:24 AM,False,7619,Accepted,
25675733,0568000,LOUISVILLE METRO POLICE DEPT,Accepted,JEFFERSON,KY0864,,SHELBY,ST,S,,GRAY,,,,,38.245743023,-85.739324712,15.547,9/19/2019 12:00:00 AM,1310,2,2,0,0,CLEAR,DRY,False,SIDESWIPE-SAME DIRECTION,SIDESWIPE-SAME DIRECTION,STRAIGHT & LEVEL,DAYLIGHT,,,9/23/2019 8:46:23 AM,False,7058,Accepted,
25681524,0568000,LOUISVILLE METRO POLICE DEPT,Accepted,JEFFERSON,,,JEFFERSON,ST,E,,BROOK,,,,,38.253100318,-85.750409900,0.959,9/19/2019 12:00:00 AM,1530,2,2,0,1,CLEAR,DRY,False,SIDESWIPE-SAME DIRECTION,SIDESWIPE-SAME DIRECTION,STRAIGHT & LEVEL,DAYLIGHT,,,9/24/2019 8:32:42 AM,False,7229,Accepted,
25665385,0568000,LOUISVILLE METRO POLICE DEPT,Accepted,JEFFERSON,,,CLAY,ST,S,,ROSELANE,,,,,38.242262652,-85.741985233,0.888,9/19/2019 12:00:00 AM,1140,2,2,0,0,CLEAR,DRY,False,SIDESWIPE-SAME DIRECTION,SIDESWIPE-SAME DIRECTION,STRAIGHT & LEVEL,DAYLIGHT,,,9/20/2019 9:00:41 AM,False,5240,Accepted,
25665575,0568000,LOUISVILLE METRO POLICE DEPT,Accepted,JEFFERSON,KY1065,,OUTER,LOOP,,,GRADE,,,,,38.130601410,-85.734735585,3.331,9/19/2019 12:00:00 AM,2352,1,1,0,1,CLEAR,DRY,False,OTHER INTERSECTION COLLISIONS,SINGLE VEHICLE,STRAIGHT & LEVEL,DARK-HWY LIGHTED/ON,,,9/20/2019 9:14:41 AM,False,5182,Accepted,
25665475,0568000,LOUISVILLE METRO POLICE DEPT,Accepted,JEFFERSON,,,WATTERSON,TRL,S,KY1747,HURSTBOURNE,,,,,38.162744180,-85.612965881,1.482,9/19/2019 12:00:00 AM,1837,2,2,0,0,CLEAR,DRY,False,OTHER INTERSECTION COLLISIONS,REAR END,STRAIGHT & LEVEL,DAYLIGHT,,,9/20/2019 9:08:10 AM,False,6937,Accepted,
25660031,0568000,LOUISVILLE METRO POLICE DEPT,Accepted,JEFFERSON,US0031W,,DIXIE,HWY,,,FLOWERVALE,,,,,38.085336275,-85.879778430,6.939,9/19/2019 12:00:00 AM,0630,2,2,0,0,CLEAR,DRY,False,OTHER INTERSECTION COLLISIONS,REAR END,STRAIGHT & LEVEL,DAYLIGHT,,,9/19/2019 8:27:06 AM,False,7224,Accepted,
25665468,0568000,LOUISVILLE METRO POLICE DEPT,Accepted,JEFFERSON,US0031E,,BARDSTOWN,RD,,,WOODBOURNE,,,,,38.224264031,-85.692382554,13.555,9/19/2019 12:00:00 AM,1606,2,2,0,0,CLEAR,DRY,False,OTHER INTERSECTION COLLISIONS,REAR END,STRAIGHT & LEVEL,DAYLIGHT,,,9/20/2019 9:07:06 AM,False,7740,Accepted,
25665520,0568000,LOUISVILLE METRO POLICE DEPT,Accepted,JEFFERSON,US0031W,,DIXIE,HWY,,,UPPER HUNTERS,,,,,38.168555296,-85.828603421,13.269,9/19/2019 12:00:00 AM,2222,2,2,0,0,CLEAR,DRY,False,OTHER INTERSECTION COLLISIONS,REAR END,STRAIGHT & LEVEL,DARK-HWY LIGHTED/ON,,,9/20/2019 9:12:18 AM,False,7365,Accepted,
25665497,0568000,LOUISVILLE METRO POLICE DEPT,Accepted,JEFFERSON,US0031W,,MARKET,ST,W,,4TH,,,,,38.255231488,-85.756786232,21.860,9/19/2019 12:00:00 AM,1334,3,2,0,1,CLEAR,DRY,False,OTHER INTERSECTION COLLISIONS,REAR END,STRAIGHT & LEVEL,DAYLIGHT,,,9/20/2019 9:10:29 AM,False,5124,Accepted,
25665570,0568000,LOUISVILLE METRO POLICE DEPT,Accepted,JEFFERSON,KY1747,,HURSTBOURNE,PKWY,S,KY0864,FEGENBUSH,,,,,38.161970768,-85.639578362,5.215,9/19/2019 12:00:00 AM,2155,2,2,0,0,CLEAR,DRY,False,OTHER INTERSECTION COLLISIONS,REAR END,STRAIGHT & LEVEL,DARK-HWY NOT LIGHTED,,,9/20/2019 9:14:09 AM,False,5107,Accepted,
25665571,0568000,LOUISVILLE METRO POLICE DEPT,Accepted,JEFFERSON,,,GRADE,LN,,,ASHBOTTOM,,,,,38.158453008,-85.731320039,2.041,9/19/2019 12:00:00 AM,1900,2,2,0,0,CLEAR,DRY,False,OTHER INTERSECTION COLLISIONS,REAR END,STRAIGHT & LEVEL,DAYLIGHT,,,9/20/2019 9:14:16 AM,False,5198,Accepted,
25665514,0568000,LOUISVILLE METRO POLICE DEPT,Accepted,JEFFERSON,US0150,,BROADWAY,,W,,10TH,,,,,38.247188229,-85.768314741,1.832,9/19/2019 12:00:00 AM,2005,2,2,0,0,CLEAR,DRY,False,OTHER INTERSECTION COLLISIONS,REAR END,STRAIGHT & LEVEL,DAYLIGHT,,,9/20/2019 9:11:58 AM,False,7425,Accepted,
25665439,0568000,LOUISVILLE METRO POLICE DEPT,Accepted,JEFFERSON,I 0065,,,,,KY1747,FERN VALLEY,,,,,38.157424161,-85.716320808,0.483,9/19/2019 12:00:00 AM,1213,2,2,0,0,CLEAR,DRY,False,OTHER INTERSECTION COLLISIONS,REAR END,CURVE & LEVEL,DAYLIGHT,,,9/20/2019 9:04:36 AM,False,2324,Accepted,
25665444,0568000,LOUISVILLE METRO POLICE DEPT,Accepted,JEFFERSON,KY1747,,HURSTBOURNE,PKWY,S,US0031E,BARDSTOWN,,,,,38.168995094,-85.605156036,7.495,9/19/2019 12:00:00 AM,1259,2,2,0,0,CLEAR,DRY,False,OTHER INTERSECTION COLLISIONS,REAR END,STRAIGHT & LEVEL,DAYLIGHT,,,9/20/2019 9:05:24 AM,False,5268,Accepted,
25681606,0568000,LOUISVILLE METRO POLICE DEPT,Accepted,JEFFERSON,I 0071,,I71 S,,,I 0071,I71 S EXIT2 OFF RAMP TO  ZORN AVE,,,,,38.279634383,-85.690169378,2.320,9/19/2019 12:00:00 AM,0721,2,2,0,0,CLEAR,DRY,False,OTHER INTERSECTION COLLISIONS,REAR END,STRAIGHT & LEVEL,DAYLIGHT,,,9/24/2019 8:44:27 AM,False,5275,Accepted,
25793166,0568000,LOUISVILLE METRO POLICE DEPT,Accepted,JEFFERSON,I 0264,,I264 E,,,I 0264,I264 E EXIT22 ON RAMP FROM US42,,,,,38.285333136,-85.642320196,22.601,9/19/2019 12:00:00 AM,0800,2,2,0,0,CLEAR,DRY,False,OTHER INTERSECTION COLLISIONS,REAR END,STRAIGHT & LEVEL,DAYLIGHT,,,10/18/2019 8:29:44 AM,False,7631,Accepted,
25793167,0568000,LOUISVILLE METRO POLICE DEPT,Accepted,JEFFERSON,KY1747,,HURSTBOURNE,PKWY,N,KY1447,WESTPORT,,,,,38.286659848,-85.571427517,16.954,9/19/2019 12:00:00 AM,0800,2,2,0,0,CLEAR,DRY,False,OTHER INTERSECTION COLLISIONS,REAR END,STRAIGHT & LEVEL,DAYLIGHT,,,10/18/2019 8:29:55 AM,False,7631,Accepted,
25665354,0568000,LOUISVILLE METRO POLICE DEPT,Accepted,JEFFERSON,,,JOHNSONTOWN,RD,,,,,YUMA,,JOHNSONTOWN,38.116791899,-85.885157929,1.801,9/19/2019 12:00:00 AM,0955,1,1,0,0,CLEAR,DRY,False,COLLISION WITH FIXED OBJECT NON - INTERSECTION - FIRST EVENT COLLISION 09 - 32 EXCLUDING 16,SINGLE VEHICLE,CURVE & HILLCREST,DAYLIGHT,,,9/20/2019 8:56:15 AM,False,6877,Accepted,
25665378,0568000,LOUISVILLE METRO POLICE DEPT,Accepted,JEFFERSON,,,CIRCLE OF CHAMPIONS,,,,,,,,,38.195528159,-85.737871520,0.106,9/19/2019 12:00:00 AM,1101,1,1,0,0,CLEAR,DRY,False,COLLISION WITH FIXED OBJECT NON - INTERSECTION - FIRST EVENT COLLISION 09 - 32 EXCLUDING 16,SINGLE VEHICLE,STRAIGHT & LEVEL,DAYLIGHT,,,9/20/2019 9:00:10 AM,False,5286,Accepted,
25665332,0568000,LOUISVILLE METRO POLICE DEPT,Accepted,JEFFERSON,US0031W,,22ND,ST,S,,,,MARKET,,PIRTLE,38.258884761,-85.786497558,20.233,9/19/2019 12:00:00 AM,1023,3,3,0,0,CLEAR,DRY,False,COLLISION WITH FIXED OBJECT NON - INTERSECTION - FIRST EVENT COLLISION 09 - 32 EXCLUDING 16,REAR END,STRAIGHT & LEVEL,DAYLIGHT,,,9/20/2019 8:52:48 AM,False,7241,Accepted,
25681494,0568000,LOUISVILLE METRO POLICE DEPT,Accepted,JEFFERSON,,,KENTUCKY,ST,W,,,KY1020,2ND,KY1020,3RD,38.238654168,-85.757075375,3.695,9/19/2019 12:00:00 AM,1601,2,1,0,0,CLEAR,DRY,False,COLLISION WITH BICYCLIST NON INTERSECTION,SINGLE VEHICLE,STRAIGHT & LEVEL,DAYLIGHT,,,9/24/2019 8:32:03 AM,False,7619,Accepted,
25665359,0568000,LOUISVILLE METRO POLICE DEPT,Accepted,JEFFERSON,,,SCOTTSDALE,BLVD,,,GENNY,,,,,38.139339859,-85.772531042,0.073,9/19/2019 12:00:00 AM,1543,2,2,0,0,CLEAR,DRY,True,OPPOSITE DIRECTION - BOTH VEHICLES GOING STRAIGHT AHEAD,SIDESWIPE-OPPOSITE DIRECTION,STRAIGHT & LEVEL,DAYLIGHT,,,9/20/2019 8:56:55 AM,False,7263,Accepted,
25665320,0568000,LOUISVILLE METRO POLICE DEPT,Accepted,JEFFERSON,,,24TH,ST,S,,MAIN,,,,,38.260306998,-85.789644127,0.001,9/19/2019 12:00:00 AM,0813,2,2,0,0,CLEAR,DRY,True,VEHICLE BACKING IN INTERSECTION,BACKING,STRAIGHT & LEVEL,DAYLIGHT,,,9/20/2019 8:49:19 AM,False,5276,Accepted,
25665565,0568000,LOUISVILLE METRO POLICE DEPT,Accepted,JEFFERSON,KY0061,,PRESTON,HWY,,,GRADE,,,,,38.180177476,-85.718385701,7.366,9/19/2019 12:00:00 AM,2103,2,2,0,0,CLEAR,DRY,False,OPPOSING LEFT TURN,OPPOSING LEFT TURN,STRAIGHT & LEVEL,DARK-HWY LIGHTED/ON,,,9/20/2019 9:13:45 AM,False,5265,Accepted,
25665442,0568000,LOUISVILLE METRO POLICE DEPT,Accepted,JEFFERSON,KY2048,,CANNONS,LN,,,DAYTON,,,,,38.245325266,-85.663568339,2.009,9/19/2019 12:00:00 AM,1725,2,2,0,0,CLEAR,DRY,False,OPPOSING LEFT TURN,OPPOSING LEFT TURN,STRAIGHT & LEVEL,DAYLIGHT,,,9/20/2019 9:05:00 AM,False,7281,Accepted,
25665410,0568000,LOUISVILLE METRO POLICE DEPT,Accepted,JEFFERSON,,,7TH,ST,S,,ZANE,,,,,38.238868690,-85.764546353,1.492,9/19/2019 12:00:00 AM,1640,3,3,0,0,CLEAR,DRY,True,ANGLE COLLISION - OTHER,ANGLE,STRAIGHT & LEVEL,DAYLIGHT,,,9/20/2019 9:02:01 AM,False,7296,Accepted,
25665427,0568000,LOUISVILLE METRO POLICE DEPT,Accepted,JEFFERSON,,,4TH,ST,S,,BRECKINRIDGE,,,,,38.241885369,-85.759133858,1.025,9/19/2019 12:00:00 AM,1450,2,2,0,0,CLEAR,DRY,False,ANGLE COLLISION - OTHER,ANGLE,STRAIGHT & LEVEL,DAYLIGHT,,,9/20/2019 9:02:40 AM,False,5273,Accepted,
25665358,0568000,LOUISVILLE METRO POLICE DEPT,Accepted,JEFFERSON,US0150,,BROADWAY,,E,KY0864,CAMPBELL,,,,,38.244535123,-85.737465784,3.514,9/19/2019 12:00:00 AM,1341,2,2,0,0,CLEAR,DRY,False,ANGLE COLLISION - OTHER,ANGLE,STRAIGHT & LEVEL,DAYLIGHT,,,9/20/2019 8:56:44 AM,False,7266,Accepted,
25665382,0568000,LOUISVILLE METRO POLICE DEPT,Accepted,JEFFERSON,,,DIXDALE,AVE,,,23RD,,,,,38.222532547,-85.797849447,0.744,9/19/2019 12:00:00 AM,1523,3,3,0,1,CLEAR,DRY,False,ANGLE COLLISION - OTHER,ANGLE,STRAIGHT & LEVEL,DAYLIGHT,,,9/20/2019 9:00:25 AM,False,6860,Accepted,
25665466,0568000,LOUISVILLE METRO POLICE DEPT,Accepted,JEFFERSON,,,WIBBEN,AVE,,,SILS,,,,,38.222582849,-85.690210607,0.062,9/19/2019 12:00:00 AM,1451,2,2,0,0,CLEAR,DRY,False,ANGLE COLLISION - OTHER,ANGLE,STRAIGHT & LEVEL,DAYLIGHT,,,9/20/2019 9:06:32 AM,False,7740,Accepted,
25665572,0568000,LOUISVILLE METRO POLICE DEPT,Accepted,JEFFERSON,,,ST CATHERINE,ST,E,KY0061,JACKSON,,,,,38.235331118,-85.747266217,0.865,9/19/2019 12:00:00 AM,2039,2,2,0,1,CLEAR,DRY,False,ANGLE COLLISION - OTHER,ANGLE,STRAIGHT & LEVEL,DARK-HWY LIGHTED/OFF,,,9/20/2019 9:14:25 AM,False,5022,Accepted,
25665564,0568000,LOUISVILLE METRO POLICE DEPT,Accepted,JEFFERSON,,,GALAXIE,DR,,,GABRIEL,,,,,38.156963600,-85.854351049,0.312,9/19/2019 12:00:00 AM,2309,2,2,0,0,CLEAR,DRY,False,ANGLE COLLISION - OTHER,ANGLE,STRAIGHT & LEVEL,DARK-HWY LIGHTED/ON,,,9/20/2019 9:13:37 AM,False,5170,Accepted,
25665371,0568000,LOUISVILLE METRO POLICE DEPT,Accepted,JEFFERSON,US0150,,22ND,ST,N,,DUNCAN,,,,,38.262587319,-85.785827307,0.557,9/19/2019 12:00:00 AM,1615,2,2,0,1,CLEAR,DRY,False,ANGLE COLLISION - OTHER,ANGLE,STRAIGHT & LEVEL,DAYLIGHT,,,9/20/2019 8:58:55 AM,False,5276,Accepted,
25665356,0568000,LOUISVILLE METRO POLICE DEPT,Accepted,JEFFERSON,,,LIBERTY,ST,E,,FLOYD,,,,,38.252155092,-85.748551299,0.199,9/19/2019 12:00:00 AM,1151,2,2,0,1,CLEAR,DRY,False,ANGLE COLLISION - OTHER,ANGLE,STRAIGHT & LEVEL,DAYLIGHT,,,9/20/2019 8:56:30 AM,False,7266,Accepted,
25665329,0568000,LOUISVILLE METRO POLICE DEPT,Accepted,JEFFERSON,,,FAIRGROUND,RD,,,MICHAEL EDWARD,,,,,38.172652520,-85.584563680,1.242,9/19/2019 12:00:00 AM,0845,2,2,0,0,CLEAR,DRY,False,ANGLE COLLISION - OTHER,ANGLE,STRAIGHT & LEVEL,DAYLIGHT,,,9/20/2019 8:52:15 AM,False,7573,Accepted,
25707509,0568000,LOUISVILLE METRO POLICE DEPT,Accepted,JEFFERSON,US0031W,,22ND,ST,S,,GRAND,,,,,38.240234880,-85.789764416,18.934,9/19/2019 12:00:00 AM,1536,2,2,0,0,CLEAR,DRY,False,ANGLE COLLISION - OTHER,ANGLE,STRAIGHT & LEVEL,DAYLIGHT,,,9/30/2019 9:31:10 AM,False,5151,Accepted,
25665436,0568000,LOUISVILLE METRO POLICE DEPT,Accepted,JEFFERSON,US0060,,FRANKFORT,AVE,,,EWING,,,,,38.253742638,-85.699893332,1.119,9/19/2019 12:00:00 AM,1420,2,2,0,0,CLEAR,DRY,False,ANGLE COLLISION - OTHER,ANGLE,STRAIGHT & LEVEL,DAYLIGHT,,,9/20/2019 9:04:04 AM,False,2413,Accepted,
25665345,0568000,LOUISVILLE METRO POLICE DEPT,Accepted,JEFFERSON,US0031W,,DIXIE,HWY,,,ABBOTTS BEACH,,,,,38.012900713,-85.926820526,1.186,9/19/2019 12:00:00 AM,1256,2,2,0,0,CLEAR,DRY,False,ANGLE COLLISION - OTHER,ANGLE,STRAIGHT & LEVEL,DAYLIGHT,,,9/20/2019 8:55:08 AM,False,7224,Accepted,
25665321,0568000,LOUISVILLE METRO POLICE DEPT,Accepted,JEFFERSON,,,WALBRIDGE,CT,,,WOODED LAKE,,,,,38.162703903,-85.552309208,0.022,9/19/2019 12:00:00 AM,0803,2,2,0,0,CLEAR,DRY,True,COLLISION WITH PARKED VEHICLE,BACKING,STRAIGHT & GRADE,DARK (UNKNOWN ROADWAY LIGHTING),,,9/20/2019 8:49:29 AM,False,5295,Accepted,
25665341,0568000,LOUISVILLE METRO POLICE DEPT,Accepted,JEFFERSON,,,HILL,ST,W,,17TH,,,,,38.228017184,-85.785005606,1.540,9/19/2019 12:00:00 AM,0957,3,3,0,0,CLEAR,DRY,False,COLLISION WITH PARKED VEHICLE,SIDESWIPE-SAME DIRECTION,STRAIGHT & LEVEL,DAYLIGHT,,,9/20/2019 8:54:29 AM,False,5292,Accepted,
25665397,0568000,LOUISVILLE METRO POLICE DEPT,Accepted,JEFFERSON,KY1934,,GREENBELT,HWY,,,RAGGARD,,,,,38.174565568,-85.871168727,6.617,9/19/2019 12:00:00 AM,1633,2,2,0,0,CLEAR,DRY,False,ANGLE COLLISION - ONE VEHICLE TURNING RIGHT,ANGLE,STRAIGHT & LEVEL,DAYLIGHT,,,9/20/2019 9:01:53 AM,False,7174,Accepted,
25707384,0568000,LOUISVILLE METRO POLICE DEPT,Accepted,JEFFERSON,,,KENTUCKY,ST,E,KY0061,PRESTON,,,,,38.237766124,-85.748827058,0.320,9/19/2019 12:00:00 AM,1600,2,2,0,0,CLEAR,DRY,False,ANGLE COLLISION - ONE VEHICLE TURNING RIGHT,ANGLE,STRAIGHT & LEVEL,DAYLIGHT,,,9/30/2019 9:20:14 AM,False,5263,Accepted,
25665434,0568000,LOUISVILLE METRO POLICE DEPT,Accepted,JEFFERSON,,,BELMAR,DR,,,FINCASTLE,,,,,38.201892873,-85.713812704,1.471,9/19/2019 12:00:00 AM,1132,1,1,0,0,CLEAR,DRY,False,COLLISION WITH FIXED OBJECT IN INTERSECTION - FIRST EVENT COLLISION 09 - 32,SINGLE VEHICLE,STRAIGHT & LEVEL,DAYLIGHT,,,9/20/2019 9:03:43 AM,False,5233,Accepted,
25665485,0568000,LOUISVILLE METRO POLICE DEPT,Accepted,JEFFERSON,KY0864,,BEULAH CHURCH,RD,,KY0864,COOPER CHAPEL,,,,,38.109182170,-85.616117966,2.298,9/19/2019 12:00:00 AM,1158,1,1,0,1,CLEAR,DRY,False,COLLISION WITH FIXED OBJECT IN INTERSECTION - FIRST EVENT COLLISION 09 - 32,SINGLE VEHICLE,STRAIGHT & LEVEL,DAYLIGHT,,,9/20/2019 9:09:40 AM,False,4693,Accepted,