IncidentID,AgencyORI,AgencyName,IncidentStatusDesc,County,RdwyNumber,Street,RoadwayName,StreetSfx,StreetDir,IntersectionRdwy,IntersectionRdwyName,BetweenStRdwy1,BetweenStRdwyName1,BetweenStRdwy2,BetweenStRdwyName2,Latitude,Longitude,Milepoint,CollisionDate,CollisionTime,UnitsInvolved,MotorVehiclesInvolved,NumberKilled,NumberInjured,Weather,RdwyConditionCode,HitandRun,DirAnalysisCode,MannerofCollision,RdwyCharacter,LightCondition,RampFromRdwyId,RampToRdwyId,AcceptedDate,IsSecondaryCollision,OwnerBadge,IncidentStatus,
25808842,0568000,LOUISVILLE METRO POLICE DEPT,Accepted,JEFFERSON,US0031E,,BARDSTOWN,RD,,,WROCKLAGE,,,,,38.223818151,-85.688857886,13.366,9/19/2019 12:00:00 AM,1651,2,1,0,1,CLEAR,DRY,False,COLLISION WITH PEDESTRIAN IN INTERSECTION,SINGLE VEHICLE,STRAIGHT & LEVEL,DAYLIGHT,,,10/22/2019 8:14:54 AM,False,7403,Accepted,
25660029,0568000,LOUISVILLE METRO POLICE DEPT,Accepted,JEFFERSON,KY0146,,LA GRANGE,RD,,,SPRINGS STATION,,,,,38.292707220,-85.509591529,7.850,9/19/2019 12:00:00 AM,0550,1,1,0,1,CLEAR,DRY,False,COLLISION WITH ANIMAL IN INTERSECTION,SINGLE VEHICLE,STRAIGHT & LEVEL,DARK-HWY NOT LIGHTED,,,9/19/2019 8:26:45 AM,False,2013,Accepted,
25675974,0568000,LOUISVILLE METRO POLICE DEPT,Accepted,JEFFERSON,KY1931,7835,ST ANDREWS CHURCH,RD,,,,,,,,38.153689485,-85.815577737,4.665,9/19/2019 12:00:00 AM,1500,2,2,0,0,CLEAR,DRY,True,COLLISION IN PARKING LOT,ANGLE,STRAIGHT & LEVEL,DAYLIGHT,,,9/23/2019 9:01:17 AM,False,7339,Accepted,
25675985,0568000,LOUISVILLE METRO POLICE DEPT,Accepted,JEFFERSON,,745,COCHRAN HILL,RD,,,,,,,,38.243975504,-85.694805867,0.322,9/19/2019 12:00:00 AM,1330,2,2,0,0,CLEAR,DRY,False,COLLISION IN PARKING LOT,SIDESWIPE-SAME DIRECTION,STRAIGHT & LEVEL,DAYLIGHT,,,9/23/2019 9:03:02 AM,False,7968,Accepted,
25665363,0568000,LOUISVILLE METRO POLICE DEPT,Accepted,JEFFERSON,,9880,VON ALLMEN,CT,,,,,,,,38.312976301,-85.569309531,0.270,9/19/2019 12:00:00 AM,1610,2,2,0,0,CLEAR,DRY,True,COLLISION IN PARKING LOT,,STRAIGHT & LEVEL,DAYLIGHT,,,9/20/2019 8:58:07 AM,False,2030,Accepted,
25665471,0568000,LOUISVILLE METRO POLICE DEPT,Accepted,JEFFERSON,US0031E,2470,BARDSTOWN,RD,,,,,,,,38.223290837,-85.685542818,13.178,9/19/2019 12:00:00 AM,1808,2,2,0,0,CLEAR,DRY,True,COLLISION IN PARKING LOT,BACKING,STRAIGHT & LEVEL,DAYLIGHT,,,9/20/2019 9:07:43 AM,False,7740,Accepted,
25665522,0568000,LOUISVILLE METRO POLICE DEPT,Accepted,JEFFERSON,,8201,SMYRNA,PKWY,,,,,,,,38.130284101,-85.642577064,0.507,9/19/2019 12:00:00 AM,2100,2,2,0,0,CLEAR,DRY,True,COLLISION IN PARKING LOT,ANGLE,STRAIGHT & LEVEL,DARK-HWY NOT LIGHTED,,,9/20/2019 9:12:34 AM,False,5141,Accepted,
25660013,0568000,LOUISVILLE METRO POLICE DEPT,Accepted,JEFFERSON,US0060,,FRANKFORT,AVE,,,CLIFTON,,,,,38.253608456,-85.706128966,0.778,9/18/2019 12:00:00 AM,1743,2,1,0,1,CLEAR,DRY,False,COLLISION WITH PEDESTRIAN IN INTERSECTION,SINGLE VEHICLE,STRAIGHT & LEVEL,DAYLIGHT,,,9/19/2019 8:24:23 AM,False,5275,Accepted,
25660016,0568000,LOUISVILLE METRO POLICE DEPT,Accepted,JEFFERSON,,,FERNWOOD,AVE,,,DEER PARK,,,,,38.227237931,-85.705102685,0.331,9/18/2019 12:00:00 AM,0818,2,2,0,0,CLEAR,DRY,True,COLLISION WITH PARKED VEHICLE,SIDESWIPE-SAME DIRECTION,STRAIGHT & LEVEL,UNKNOWN,,,9/19/2019 8:24:47 AM,False,7740,Accepted,
25660032,0568000,LOUISVILLE METRO POLICE DEPT,Accepted,JEFFERSON,,,4TH,ST,S,,MAGNOLIA,,,,,38.229090994,-85.761416535,1.918,9/18/2019 12:00:00 AM,1250,3,3,0,0,CLEAR,DRY,False,COLLISION WITH PARKED VEHICLE,REAR END,STRAIGHT & LEVEL,DAYLIGHT,,,9/19/2019 8:27:16 AM,False,7495,Accepted,
25665478,0568000,LOUISVILLE METRO POLICE DEPT,Accepted,JEFFERSON,,,WILSON,AVE,,,WOODLAND,,,,,38.233776110,-85.797423516,1.242,9/18/2019 12:00:00 AM,1325,2,2,0,1,CLEAR,DRY,False,ANGLE COLLISION - OTHER,ANGLE,STRAIGHT & LEVEL,DAYLIGHT,,,9/20/2019 9:08:41 AM,False,5151,Accepted,
25665473,0568000,LOUISVILLE METRO POLICE DEPT,Accepted,JEFFERSON,,,CHESTNUT,ST,W,,15TH,,,,,38.250952495,-85.776079175,1.364,9/18/2019 12:00:00 AM,1828,2,2,0,4,CLEAR,DRY,False,ANGLE COLLISION - OTHER,ANGLE,STRAIGHT & LEVEL,DAYLIGHT,,,9/20/2019 9:07:55 AM,False,5040,Accepted,
25660030,0568000,LOUISVILLE METRO POLICE DEPT,Accepted,JEFFERSON,,,SHEPHERDSVILLE,RD,,,APPLEGATE,,,,,38.134734896,-85.658983385,0.304,9/18/2019 12:00:00 AM,1835,2,2,0,0,CLEAR,DRY,False,ANGLE COLLISION - OTHER,ANGLE,STRAIGHT & LEVEL,DAYLIGHT,,,9/19/2019 8:26:57 AM,False,7484,Accepted,
25659980,0568000,LOUISVILLE METRO POLICE DEPT,Accepted,JEFFERSON,,,GRINSTEAD,DR,,KY1703,BAXTER,,,,,38.237774847,-85.722322362,0.086,9/18/2019 12:00:00 AM,1523,2,2,0,0,CLEAR,DRY,False,ANGLE COLLISION - OTHER,ANGLE,CURVE & LEVEL,DAYLIGHT,,,9/19/2019 8:19:09 AM,False,7900,Accepted,
25668552,0560500,ANCHORAGE POLICE DEPARTMENT,Accepted,JEFFERSON,,,OLD HARRODS CREEK,RD,,,BEECH,,,,,38.257015555,-85.548490331,0.925,9/18/2019 12:00:00 AM,1002,2,2,0,0,CLEAR,DRY,False,ANGLE COLLISION - OTHER,ANGLE,STRAIGHT & LEVEL,DAYLIGHT,,,9/20/2019 10:52:31 PM,False,8536,Accepted,
25654918,0568000,LOUISVILLE METRO POLICE DEPT,Accepted,JEFFERSON,KY3084,,OLD HENRY,RD,,I 0265,I265 N EXIT29 ON RAMP FROM KY3084,,,,,38.270075846,-85.500881524,1.163,9/18/2019 12:00:00 AM,0532,2,2,0,0,CLEAR,DRY,False,ANGLE COLLISION - OTHER,ANGLE,STRAIGHT & HILLCREST,DARK-HWY LIGHTED/ON,,,9/18/2019 9:01:35 AM,False,7355,Accepted,
25659929,0568000,LOUISVILLE METRO POLICE DEPT,Accepted,JEFFERSON,,,NORTON HEALTHCARE,BLVD,,,ANGIES,,,,,38.314058294,-85.572421548,0.588,9/18/2019 12:00:00 AM,0955,2,2,0,0,CLEAR,DRY,False,ANGLE COLLISION - OTHER,ANGLE,CURVE & LEVEL,DAYLIGHT,,,9/19/2019 8:15:05 AM,False,7313,Accepted,
25681564,0568000,LOUISVILLE METRO POLICE DEPT,Accepted,JEFFERSON,KY1865,,TAYLOR,BLVD,,,WHITNEY,,,,,38.193332603,-85.783179316,5.992,9/18/2019 12:00:00 AM,1240,2,2,0,0,CLEAR,DRY,False,ANGLE COLLISION - OTHER,ANGLE,STRAIGHT & LEVEL,DAYLIGHT,,,9/24/2019 8:38:33 AM,False,5153,Accepted,
25660005,0568000,LOUISVILLE METRO POLICE DEPT,Accepted,JEFFERSON,KY2053,,THIXTON,LN,,US0031E,BARDSTOWN,,,,,38.100788972,-85.565815406,7.086,9/18/2019 12:00:00 AM,1720,2,2,0,0,CLEAR,DRY,False,OPPOSING LEFT TURN,OPPOSING LEFT TURN,STRAIGHT & LEVEL,DAYLIGHT,,,9/19/2019 8:22:49 AM,False,5268,Accepted,
25681454,0568000,LOUISVILLE METRO POLICE DEPT,Accepted,JEFFERSON,KY1865,,TAYLOR,BLVD,,,BLUEGRASS,,,,,38.179601932,-85.783261206,5.030,9/18/2019 12:00:00 AM,1137,3,3,0,3,CLEAR,DRY,False,OPPOSING LEFT TURN,OPPOSING LEFT TURN,STRAIGHT & LEVEL,DAYLIGHT,,,9/24/2019 8:26:57 AM,False,7094,Accepted,
25659928,0568000,LOUISVILLE METRO POLICE DEPT,Accepted,JEFFERSON,US0031E,,MAIN,ST,E,,WENZEL,,,,,38.254163033,-85.733709363,16.805,9/18/2019 12:00:00 AM,0917,2,2,0,0,CLEAR,DRY,False,REAR END - ONE VEHICLE TURNING LEFT,REAR END,STRAIGHT & LEVEL,DAYLIGHT,,,9/19/2019 8:14:58 AM,False,7058,Accepted,
25660026,0568000,LOUISVILLE METRO POLICE DEPT,Accepted,JEFFERSON,,,MARIGOLD,AVE,,,LOTUS,,,,,38.166722688,-85.717304881,0.508,9/18/2019 12:00:00 AM,2213,2,2,0,0,CLEAR,DRY,False,OPPOSITE DIRECTION - BOTH VEHICLES GOING STRAIGHT AHEAD,SIDESWIPE-OPPOSITE DIRECTION,STRAIGHT & LEVEL,DARK-HWY LIGHTED/ON,,,9/19/2019 8:26:18 AM,False,5265,Accepted,
25660010,0568000,LOUISVILLE METRO POLICE DEPT,Accepted,JEFFERSON,,,SMYRNA,PKWY,,,,,,,,38.137620024,-85.641906204,0.023,9/18/2019 12:00:00 AM,1643,2,1,0,1,CLEAR,DRY,False,COLLISION WITH PEDESTRIAN NON - INTERSECTION,SINGLE VEHICLE,STRAIGHT & LEVEL,DAYLIGHT,,,9/19/2019 8:23:44 AM,False,4693,Accepted,
25654901,0568000,LOUISVILLE METRO POLICE DEPT,Accepted,JEFFERSON,I 0065,,I65 N,,,,,,,,,38.205303692,-85.742323642,132.035,9/18/2019 12:00:00 AM,0238,1,1,0,0,CLEAR,DRY,False,COLLISION WITH FIXED OBJECT NON - INTERSECTION - FIRST EVENT COLLISION 09 - 32 EXCLUDING 16,SINGLE VEHICLE,CURVE & LEVEL,DARK-HWY LIGHTED/ON,,,9/18/2019 9:00:11 AM,False,5183,Accepted,
25660024,0568000,LOUISVILLE METRO POLICE DEPT,Accepted,JEFFERSON,I 0064,,I64 W,,,,,,,,,38.224476935,-85.581778250,14.700,9/18/2019 12:00:00 AM,2220,1,1,0,0,CLEAR,DRY,False,COLLISION WITH FIXED OBJECT NON - INTERSECTION - FIRST EVENT COLLISION 09 - 32 EXCLUDING 16,SINGLE VEHICLE,STRAIGHT & LEVEL,DARK-HWY LIGHTED/ON,,,9/19/2019 8:26:04 AM,False,7096,Accepted,
25659924,0568000,LOUISVILLE METRO POLICE DEPT,Accepted,JEFFERSON,I 0265,,I265 E,,,I 0265,I265 W EXIT12 ON RAMP FROM KY61 N,,,,,38.111367749,-85.671814018,11.926,9/18/2019 12:00:00 AM,0735,2,2,0,1,CLEAR,DRY,False,OTHER INTERSECTION COLLISIONS,REAR END,STRAIGHT & LEVEL,DAYLIGHT,,,9/19/2019 8:14:26 AM,False,6926,Accepted,
25681635,0568000,LOUISVILLE METRO POLICE DEPT,Accepted,JEFFERSON,US0031E,,BARDSTOWN,RD,,,GOLDSMITH,,,,,38.208499304,-85.668924861,11.773,9/18/2019 12:00:00 AM,2022,3,3,0,0,CLEAR,DRY,False,OTHER INTERSECTION COLLISIONS,REAR END,STRAIGHT & LEVEL,DARK-HWY LIGHTED/ON,,,9/24/2019 8:46:41 AM,False,7200,Accepted,
25665503,0568000,LOUISVILLE METRO POLICE DEPT,Accepted,JEFFERSON,I 0065,,,,,KY0061,PRESTON,,,,,38.191811715,-85.727717960,0.509,9/18/2019 12:00:00 AM,1635,2,2,0,0,CLEAR,DRY,False,OTHER INTERSECTION COLLISIONS,REAR END,CURVE & GRADE,DAYLIGHT,,,9/20/2019 9:11:10 AM,False,2142,Accepted,
25659968,0568000,LOUISVILLE METRO POLICE DEPT,Accepted,JEFFERSON,KY1065,,OUTER,LOOP,,KY1020,NATIONAL,,,,,38.126980622,-85.748954322,2.516,9/18/2019 12:00:00 AM,1152,2,2,0,0,CLEAR,DRY,False,OTHER INTERSECTION COLLISIONS,REAR END,STRAIGHT & LEVEL,DAYLIGHT,,,9/19/2019 8:17:26 AM,False,7224,Accepted,
25659978,0568000,LOUISVILLE METRO POLICE DEPT,Accepted,JEFFERSON,KY1020,,NATIONAL,TPKE,,KY1065,OUTER,,,,,38.127008621,-85.749014232,3.666,9/18/2019 12:00:00 AM,1520,2,2,0,0,CLEAR,DRY,False,OTHER INTERSECTION COLLISIONS,REAR END,STRAIGHT & LEVEL,DAYLIGHT,,,9/19/2019 8:19:01 AM,False,7224,Accepted,
25659989,0568000,LOUISVILLE METRO POLICE DEPT,Accepted,JEFFERSON,US0031E,,BARDSTOWN,RD,,,FERNDALE,,,,,38.155497146,-85.589902620,5.952,9/18/2019 12:00:00 AM,1721,2,2,0,0,CLEAR,DRY,False,OTHER INTERSECTION COLLISIONS,REAR END,STRAIGHT & GRADE,DAYLIGHT,,,9/19/2019 8:21:10 AM,False,5295,Accepted,
25659982,0568000,LOUISVILLE METRO POLICE DEPT,Accepted,JEFFERSON,KY0864,,POPLAR LEVEL,RD,,,GILMORE,,,,,38.182762112,-85.698336233,10.287,9/18/2019 12:00:00 AM,1253,2,2,0,0,CLEAR,DRY,False,OTHER INTERSECTION COLLISIONS,REAR END,STRAIGHT & LEVEL,DAYLIGHT,,,9/19/2019 8:19:29 AM,False,5247,Accepted,
25660007,0568000,LOUISVILLE METRO POLICE DEPT,Accepted,JEFFERSON,,,26TH,ST,S,,VIRGINIA,,,,,38.237760020,-85.796252475,1.593,9/18/2019 12:00:00 AM,1208,2,2,0,2,CLEAR,DRY,False,OTHER INTERSECTION COLLISIONS,REAR END,STRAIGHT & LEVEL,DAYLIGHT,,,9/19/2019 8:23:11 AM,False,5260,Accepted,
25660008,0568000,LOUISVILLE METRO POLICE DEPT,Accepted,JEFFERSON,,,JOHNSONTOWN,RD,,KY1727,TERRY,,,,,38.121789637,-85.874685650,1.034,9/18/2019 12:00:00 AM,1646,2,2,0,0,CLEAR,DRY,True,OTHER INTERSECTION COLLISIONS,REAR END,STRAIGHT & LEVEL,DAYLIGHT,,,9/19/2019 8:23:26 AM,False,7224,Accepted,
25660025,0568000,LOUISVILLE METRO POLICE DEPT,Accepted,JEFFERSON,KY1447,,WESTPORT,RD,,,COLLINS,,,,,38.304296928,-85.524354940,8.022,9/18/2019 12:00:00 AM,2215,2,2,0,1,CLEAR,DRY,False,OTHER INTERSECTION COLLISIONS,REAR END,STRAIGHT & LEVEL,DARK-HWY NOT LIGHTED,,,9/19/2019 8:26:11 AM,False,5056,Accepted,
25665360,0568000,LOUISVILLE METRO POLICE DEPT,Accepted,JEFFERSON,KY1020,,3RD,ST,S,,KENTUCKY,,,,,38.238771385,-85.757979036,11.600,9/18/2019 12:00:00 AM,1330,2,2,0,0,CLEAR,DRY,False,OTHER INTERSECTION COLLISIONS,REAR END,STRAIGHT & LEVEL,DAYLIGHT,,,9/20/2019 8:57:19 AM,False,7619,Accepted,
25660028,0568000,LOUISVILLE METRO POLICE DEPT,Accepted,JEFFERSON,KY0841,,GENE SNYDER,FWY,,KY0841,KY841 RAMP TO  STONESTREET RD,,,,,38.103059401,-85.819411743,3.432,9/18/2019 12:00:00 AM,2013,2,2,0,1,CLEAR,DRY,False,OTHER INTERSECTION COLLISIONS,REAR END,STRAIGHT & LEVEL,DARK-HWY LIGHTED/ON,,,9/19/2019 8:26:36 AM,False,5170,Accepted,
25660019,0568000,LOUISVILLE METRO POLICE DEPT,Accepted,JEFFERSON,KY1931,,7TH ST,RD,,,LINCOLN,,,,,38.218373313,-85.779140898,10.345,9/18/2019 12:00:00 AM,1425,2,2,0,0,CLEAR,DRY,False,OTHER INTERSECTION COLLISIONS,REAR END,STRAIGHT & LEVEL,DAYLIGHT,,,9/19/2019 8:25:11 AM,False,7360,Accepted,
25745923,0568000,LOUISVILLE METRO POLICE DEPT,Accepted,JEFFERSON,US0031W,,DIXIE,HWY,,,TRENT,,,,,38.162215291,-85.831772340,12.866,9/18/2019 12:00:00 AM,1000,2,2,0,0,CLEAR,DRY,False,OTHER INTERSECTION COLLISIONS,REAR END,STRAIGHT & LEVEL,DAYLIGHT,,,10/8/2019 10:25:11 AM,False,7224,Accepted,
25866202,0568000,LOUISVILLE METRO POLICE DEPT,Accepted,JEFFERSON,I 0065,,I65 N,,,I 0065,I65 N EXIT132 ON RAMP FROM  CRITTENDEN DR,,,,,38.206705732,-85.748176679,132.385,9/18/2019 12:00:00 AM,1526,2,2,0,2,CLEAR,DRY,False,OTHER INTERSECTION COLLISIONS,REAR END,CURVE & GRADE,DAYLIGHT,,,11/1/2019 8:57:06 AM,False,7251,Accepted,
25665376,0568000,LOUISVILLE METRO POLICE DEPT,Accepted,JEFFERSON,,,3RD,ST,S,,COLLINS,,,,,38.200212650,-85.764987745,0.021,9/18/2019 12:00:00 AM,0642,2,2,0,0,CLEAR,DRY,False,SIDESWIPE-SAME DIRECTION,SIDESWIPE-SAME DIRECTION,STRAIGHT & LEVEL,DAYLIGHT,,,9/20/2019 8:59:43 AM,False,5286,Accepted,
25660018,0568000,LOUISVILLE METRO POLICE DEPT,Accepted,JEFFERSON,US0150,,BROADWAY,,W,,6TH,,,,,38.246323832,-85.761716929,2.173,9/18/2019 12:00:00 AM,1508,2,2,0,0,CLEAR,DRY,False,SIDESWIPE-SAME DIRECTION,SIDESWIPE-SAME DIRECTION,STRAIGHT & LEVEL,DAYLIGHT,,,9/19/2019 8:25:04 AM,False,5124,Accepted,
25665315,0568000,LOUISVILLE METRO POLICE DEPT,Accepted,JEFFERSON,,,PORTLAND,AVE,,US0150,22ND,,,,,38.268360002,-85.782626706,0.691,9/18/2019 12:00:00 AM,1503,2,2,0,0,CLEAR,DRY,False,SIDESWIPE-SAME DIRECTION,SIDESWIPE-SAME DIRECTION,STRAIGHT & LEVEL,DAYLIGHT,,,9/20/2019 8:48:38 AM,False,5276,Accepted,
25724060,0568000,LOUISVILLE METRO POLICE DEPT,Accepted,JEFFERSON,,,JEFFERSON,ST,W,KY1020,2ND,,,,,38.253477444,-85.753691945,0.090,9/18/2019 12:00:00 AM,1800,2,2,0,0,CLEAR,DRY,False,SIDESWIPE-SAME DIRECTION,SIDESWIPE-SAME DIRECTION,STRAIGHT & LEVEL,DAYLIGHT,,,10/3/2019 8:14:37 AM,False,7037,Accepted,
25675724,0568000,LOUISVILLE METRO POLICE DEPT,Accepted,JEFFERSON,US0031E,,MAIN,ST,W,,2ND,,,,,38.256267622,-85.753229640,17.883,9/18/2019 12:00:00 AM,1638,2,2,0,0,CLEAR,DRY,False,SIDESWIPE-SAME DIRECTION,SIDESWIPE-SAME DIRECTION,STRAIGHT & LEVEL,DAYLIGHT,,,9/23/2019 8:46:11 AM,False,7058,Accepted,
25660022,0568000,LOUISVILLE METRO POLICE DEPT,Accepted,JEFFERSON,,2504,OSAGE,AVE,,,,,,,,38.239844035,-85.794951089,0.055,9/18/2019 12:00:00 AM,1751,2,2,0,0,CLEAR,DRY,True,1 VEHICLE PARKED POSITION (NOT PARKING LOT/DRIVEWAY),REAR TO REAR,STRAIGHT & LEVEL,DAYLIGHT,,,9/19/2019 8:25:30 AM,False,5151,Accepted,
25659973,0568000,LOUISVILLE METRO POLICE DEPT,Accepted,JEFFERSON,,425,LEE,ST,W,,,,5TH,,RILEY,38.223537746,-85.763663128,1.065,9/18/2019 12:00:00 AM,0845,2,2,0,0,CLEAR,DRY,False,1 VEHICLE PARKED POSITION (NOT PARKING LOT/DRIVEWAY),SIDESWIPE-SAME DIRECTION,STRAIGHT & LEVEL,DAYLIGHT,,,9/19/2019 8:18:12 AM,False,5245,Accepted,
25659926,0568000,LOUISVILLE METRO POLICE DEPT,Accepted,JEFFERSON,I 0065,,I65 N,,,,,,,,,38.165576851,-85.720603397,128.858,9/18/2019 12:00:00 AM,0730,2,2,0,2,CLEAR,DRY,False,REAR END IN TRAFFIC LANES BOTH VEHICLES MOVING,REAR END,STRAIGHT & GRADE,DAYLIGHT,,,9/19/2019 8:14:42 AM,False,5130,Accepted,
25659986,0568000,LOUISVILLE METRO POLICE DEPT,Accepted,JEFFERSON,US0031E,,BUECHEL,BYP,,,,,,,,38.191636096,-85.653669310,10.367,9/18/2019 12:00:00 AM,1712,2,2,0,0,CLEAR,DRY,False,REAR END IN TRAFFIC LANES BOTH VEHICLES MOVING,REAR END,STRAIGHT & GRADE,DAYLIGHT,,,9/19/2019 8:20:22 AM,False,7307,Accepted,
25660009,0568000,LOUISVILLE METRO POLICE DEPT,Accepted,JEFFERSON,KY1065,,OUTER,LOOP,,,,,,,,38.138929332,-85.656967465,7.690,9/18/2019 12:00:00 AM,1607,2,2,0,0,CLEAR,DRY,False,REAR END IN TRAFFIC LANES BOTH VEHICLES MOVING,REAR END,STRAIGHT & LEVEL,DAYLIGHT,,,9/19/2019 8:23:34 AM,False,4693,Accepted,
25660012,0568000,LOUISVILLE METRO POLICE DEPT,Accepted,JEFFERSON,I 0264,,I264 E,,,,,,,,,38.189762722,-85.767662576,10.000,9/18/2019 12:00:00 AM,1742,2,2,0,0,CLEAR,DRY,False,REAR END IN TRAFFIC LANES BOTH VEHICLES MOVING,REAR END,STRAIGHT & GRADE,DAYLIGHT,,,9/19/2019 8:24:09 AM,False,2217,Accepted,
25660020,0568000,LOUISVILLE METRO POLICE DEPT,Accepted,JEFFERSON,I 0065,,I65 N,,,,,,,,,38.210219842,-85.752995850,132.768,9/18/2019 12:00:00 AM,0705,3,3,0,2,CLEAR,DRY,False,REAR END IN TRAFFIC LANES BOTH VEHICLES MOVING,REAR END,STRAIGHT & GRADE,DAYLIGHT,,,9/19/2019 8:25:20 AM,False,7286,Accepted,
25659987,0568000,LOUISVILLE METRO POLICE DEPT,Accepted,JEFFERSON,,6138,MISTFLOWER,CIR,,,,,,,,38.330709978,-85.564516904,,9/18/2019 12:00:00 AM,1707,2,2,0,0,CLEAR,DRY,False,1 VEHICLE PARKED POSITION (NOT PARKING LOT/DRIVEWAY),SIDESWIPE-OPPOSITE DIRECTION,STRAIGHT & LEVEL,DAYLIGHT,,,9/19/2019 8:20:35 AM,False,7313,Accepted,
25665338,0568000,LOUISVILLE METRO POLICE DEPT,Accepted,JEFFERSON,I 0064,,I64 W,,,,,,,,,38.243213912,-85.695547935,8.202,9/18/2019 12:00:00 AM,0702,2,2,0,1,CLOUDY,DRY,False,1 VEHICLE PARKED POSITION (NOT PARKING LOT/DRIVEWAY),SIDESWIPE-SAME DIRECTION,STRAIGHT & LEVEL,DARK-HWY LIGHTED/ON,,,9/20/2019 8:53:56 AM,False,4656,Accepted,
25659972,0568000,LOUISVILLE METRO POLICE DEPT,Accepted,JEFFERSON,,335,ST CATHERINE,ST,E,,,I 0065,I65 N EXIT135 OFF RAMP TO  E SAINT CATHERINE ST,KY0061,PRESTON,38.236315978,-85.749796517,1.035,9/18/2019 12:00:00 AM,1045,2,2,0,0,CLEAR,DRY,False,REAR END IN TRAFFIC LANES BOTH VEHICLES MOVING,REAR END,STRAIGHT & LEVEL,DAYLIGHT,,,9/19/2019 8:18:04 AM,False,5245,Accepted,
25659932,0568000,LOUISVILLE METRO POLICE DEPT,Accepted,JEFFERSON,I 0065,,I65 N,,,,,I 0065,I65 N EXIT125 ON RAMP,I 0065,I65 N EXIT127 OFF RAMP TO KY1065,38.125278408,-85.701933079,125.870,9/18/2019 12:00:00 AM,0739,2,2,0,0,CLEAR,DRY,False,REAR END IN TRAFFIC LANES BOTH VEHICLES MOVING,REAR END,STRAIGHT & LEVEL,DAYLIGHT,,,9/19/2019 8:15:29 AM,False,2017,Accepted,
25665313,0568000,LOUISVILLE METRO POLICE DEPT,Accepted,JEFFERSON,KY1020,,2ND,ST,S,,,,,,,38.232348707,-85.757417011,11.158,9/18/2019 12:00:00 AM,1420,3,3,0,1,CLEAR,DRY,False,REAR END IN TRAFFIC LANES BOTH VEHICLES MOVING,REAR END,STRAIGHT & LEVEL,DAYLIGHT,,,9/20/2019 8:48:25 AM,False,7296,Accepted,
25659996,0568000,LOUISVILLE METRO POLICE DEPT,Accepted,JEFFERSON,I 0064,,I64 W,,,,,,,,,38.232024346,-85.605031553,13.389,9/18/2019 12:00:00 AM,0949,2,2,0,0,CLEAR,DRY,False,REAR END IN TRAFFIC LANES BOTH VEHICLES MOVING,REAR END,STRAIGHT & LEVEL,DAYLIGHT,,,9/19/2019 8:21:59 AM,False,7751,Accepted,
25659983,0568000,LOUISVILLE METRO POLICE DEPT,Accepted,JEFFERSON,I 0064,,I64 W,,,,,,,,,38.230469104,-85.600725406,13.589,9/18/2019 12:00:00 AM,1510,3,3,0,1,CLEAR,DRY,False,REAR END IN TRAFFIC LANES BOTH VEHICLES MOVING,REAR END,STRAIGHT & LEVEL,DAYLIGHT,,,9/19/2019 8:19:37 AM,False,7628,Accepted,
25665595,0568000,LOUISVILLE METRO POLICE DEPT,Accepted,JEFFERSON,I 0264,,I264 E,,,,,,,,,38.190115889,-85.755236907,10.677,9/18/2019 12:00:00 AM,1754,2,2,0,0,CLEAR,DRY,False,REAR END IN TRAFFIC LANES BOTH VEHICLES MOVING,REAR END,STRAIGHT & HILLCREST,DAYLIGHT,,,9/20/2019 9:19:58 AM,False,7944,Accepted,
25715626,0568000,LOUISVILLE METRO POLICE DEPT,Accepted,JEFFERSON,US0031E,,BAXTER,AVE,,,,,CHRISTY,,BRECKINRIDGE,38.242318720,-85.725920120,15.775,9/18/2019 12:00:00 AM,1437,2,1,0,0,CLEAR,DRY,False,REAR END IN TRAFFIC LANES BOTH VEHICLES MOVING,REAR END,STRAIGHT & LEVEL,DAYLIGHT,,,10/1/2019 2:59:01 PM,False,2228,Accepted,
25659951,0568000,LOUISVILLE METRO POLICE DEPT,Accepted,JEFFERSON,I 0071,,I71 N,,,,,I 0071,I71 N EXIT2 ON RAMP FROM  ZORN AVE,I 0264,I264 W,38.293673222,-85.662487861,4.121,9/18/2019 12:00:00 AM,0654,1,1,0,0,CLEAR,DRY,False,OTHER COLLISIONS ON SHOULDER,SINGLE VEHICLE,CURVE & LEVEL,DAWN,,,9/19/2019 8:16:49 AM,False,2000,Accepted,
25654938,0568000,LOUISVILLE METRO POLICE DEPT,Accepted,JEFFERSON,US0042,4965,US42,,,,,,,,,38.291396627,-85.628885075,6.689,9/18/2019 12:00:00 AM,0636,2,2,0,1,CLEAR,DRY,False,HEAD-ON COLLISION,HEAD ON,STRAIGHT & LEVEL,DARK-HWY LIGHTED/OFF,,,9/18/2019 9:02:41 AM,False,5155,Accepted,
25654908,0568000,LOUISVILLE METRO POLICE DEPT,Accepted,JEFFERSON,I 0064,,I64 E,,,,,,,,,38.243433956,-85.696347315,8.415,9/18/2019 12:00:00 AM,0544,1,1,0,0,CLEAR,DRY,False,OTHER COLLISIONS ON SHOULDER,SINGLE VEHICLE,CURVE & LEVEL,DARK-HWY LIGHTED/ON,,,9/18/2019 9:01:09 AM,False,7219,Accepted,
25676234,0568000,LOUISVILLE METRO POLICE DEPT,Accepted,JEFFERSON,I 0071,,I71 N,,,,,I 0071,I71 S RAMP FROM I264,I 0071,I71 S EXIT5 RAMP TO I264 W,38.290107456,-85.642916677,5.304,9/18/2019 12:00:00 AM,2023,2,2,0,0,CLEAR,DRY,False,SIDESWIPE COLLISION - SAME DIRECTION,SIDESWIPE-SAME DIRECTION,CURVE & LEVEL,DARK-HWY NOT LIGHTED,,,9/23/2019 9:18:50 AM,False,7851,Accepted,