IncidentID,AgencyORI,AgencyName,IncidentStatusDesc,County,RdwyNumber,Street,RoadwayName,StreetSfx,StreetDir,IntersectionRdwy,IntersectionRdwyName,BetweenStRdwy1,BetweenStRdwyName1,BetweenStRdwy2,BetweenStRdwyName2,Latitude,Longitude,Milepoint,CollisionDate,CollisionTime,UnitsInvolved,MotorVehiclesInvolved,NumberKilled,NumberInjured,Weather,RdwyConditionCode,HitandRun,DirAnalysisCode,MannerofCollision,RdwyCharacter,LightCondition,RampFromRdwyId,RampToRdwyId,AcceptedDate,IsSecondaryCollision,OwnerBadge,IncidentStatus,
25660015,0568000,LOUISVILLE METRO POLICE DEPT,Accepted,JEFFERSON,I 0264,,I264 E,,,,,,,,,38.213908342,-85.823511501,4.643,9/18/2019 12:00:00 AM,1733,2,2,0,0,CLEAR,DRY,False,SIDESWIPE COLLISION - SAME DIRECTION,SIDESWIPE-SAME DIRECTION,STRAIGHT & LEVEL,DAWN,,,9/19/2019 8:24:39 AM,False,5208,Accepted,
25659981,0568000,LOUISVILLE METRO POLICE DEPT,Accepted,JEFFERSON,I 0264,,I264 W,,,,,,,,,38.191347901,-85.716425869,12.810,9/18/2019 12:00:00 AM,1341,2,2,0,0,CLEAR,DRY,False,SIDESWIPE COLLISION - SAME DIRECTION,SIDESWIPE-SAME DIRECTION,CURVE & GRADE,DAYLIGHT,,,9/19/2019 8:19:21 AM,False,8278,Accepted,
25659998,0568000,LOUISVILLE METRO POLICE DEPT,Accepted,JEFFERSON,,6119,MISTFLOWER,CIR,,,,,MAYAPPLE,,PEPPERMINT,38.331387634,-85.564911816,0.055,9/18/2019 12:00:00 AM,1208,2,2,0,0,CLEAR,DRY,False,SIDESWIPE COLLISION - OPPOSITE DIRECTION,SIDESWIPE-OPPOSITE DIRECTION,STRAIGHT & LEVEL,DAYLIGHT,,,9/19/2019 8:22:08 AM,False,7751,Accepted,
25665319,0568000,LOUISVILLE METRO POLICE DEPT,Accepted,JEFFERSON,,107,KINGSTON,AVE,E,,,,,,,38.173394497,-85.762936032,0.070,9/18/2019 12:00:00 AM,1430,2,2,0,0,CLEAR,DRY,True,SIDESWIPE COLLISION - OPPOSITE DIRECTION,SIDESWIPE-OPPOSITE DIRECTION,CURVE & LEVEL,DAYLIGHT,,,9/20/2019 8:48:54 AM,False,7468,Accepted,
25659985,0568000,LOUISVILLE METRO POLICE DEPT,Accepted,JEFFERSON,KY1934,3649,CANE RUN,RD,,,,,,,,38.220141666,-85.813412320,11.124,9/18/2019 12:00:00 AM,1025,2,2,0,0,CLEAR,DRY,False,SIDESWIPE COLLISION - SAME DIRECTION,SIDESWIPE-SAME DIRECTION,STRAIGHT & LEVEL,DAYLIGHT,,,9/19/2019 8:20:12 AM,False,5161,Accepted,
25659975,0568000,LOUISVILLE METRO POLICE DEPT,Accepted,JEFFERSON,KY0155,2225,TAYLORSVILLE,RD,,,,US0031E,BARDSTOWN,,DOUP,38.223567223,-85.682538538,16.417,9/18/2019 12:00:00 AM,1144,2,2,0,0,CLEAR,DRY,False,SIDESWIPE COLLISION - SAME DIRECTION,SIDESWIPE-SAME DIRECTION,STRAIGHT & LEVEL,DAYLIGHT,,,9/19/2019 8:18:31 AM,False,2100,Accepted,
25659988,0568000,LOUISVILLE METRO POLICE DEPT,Accepted,JEFFERSON,KY0864,1600,POPLAR LEVEL,RD,,,,,,,,38.218497324,-85.727710834,13.299,9/18/2019 12:00:00 AM,1637,2,2,0,0,CLEAR,DRY,False,1 VEHICLE ENTERING/LEAVING ENTRANCE,ANGLE,STRAIGHT & LEVEL,DAYLIGHT,,,9/19/2019 8:20:48 AM,False,7898,Accepted,
25660017,0568000,LOUISVILLE METRO POLICE DEPT,Accepted,JEFFERSON,,,EDWARD,ST,,,,,WINTER,,HEPBURN,38.237028422,-85.726368994,0.459,9/18/2019 12:00:00 AM,1539,2,2,0,0,CLEAR,DRY,False,1 VEHICLE ENTERING/LEAVING ENTRANCE,ANGLE,STRAIGHT & LEVEL,DAYLIGHT,,,9/19/2019 8:24:57 AM,False,5020,Accepted,
25665512,0568000,LOUISVILLE METRO POLICE DEPT,Accepted,JEFFERSON,I 0065,,,,,,,,,,,38.190919191,-85.731974157,0.451,9/18/2019 12:00:00 AM,2339,1,1,0,0,CLOUDY,DRY,False,COLLISION WITH FIXED OBJECT NOT IN GORE ,SINGLE VEHICLE,CURVE & GRADE,DARK-HWY NOT LIGHTED,I 0065,I 0065,9/20/2019 9:11:43 AM,False,7851,Accepted,
25660004,0568000,LOUISVILLE METRO POLICE DEPT,Accepted,JEFFERSON,KY1447,,WESTPORT,RD,,,,,INDIAN LAKE,I 0265,I265 S EXIT33 OFF RAMP TO KY1447,38.296485186,-85.552319318,6.442,9/18/2019 12:00:00 AM,1751,2,2,0,0,CLEAR,DRY,False,OTHER ROADWAY OR MID-BLOCK COLLISION,REAR END,STRAIGHT & LEVEL,DAYLIGHT,,,9/19/2019 8:22:30 AM,False,7751,Accepted,
25659992,0568000,LOUISVILLE METRO POLICE DEPT,Accepted,JEFFERSON,,,POWHATAN,CT,,,,,,,,38.303758086,-85.541263081,0.023,9/18/2019 12:00:00 AM,0810,2,2,0,0,CLEAR,DRY,False,COLLISION IN PARKING LOT,BACKING,STRAIGHT & LEVEL,DAYLIGHT,,,9/19/2019 8:21:27 AM,False,7751,Accepted,
25660006,0568000,LOUISVILLE METRO POLICE DEPT,Accepted,JEFFERSON,KY1931,5901,GREENWOOD,RD,,,,,,,,38.144765533,-85.862434270,1.762,9/18/2019 12:00:00 AM,1031,2,2,0,0,CLEAR,DRY,False,COLLISION IN PARKING LOT,BACKING,STRAIGHT & LEVEL,DAYLIGHT,,,9/19/2019 8:22:58 AM,False,7485,Accepted,
25665325,0568000,LOUISVILLE METRO POLICE DEPT,Accepted,JEFFERSON,I 0065,,,,,,,,,,,38.157426316,-85.716315420,0.483,9/18/2019 12:00:00 AM,1308,2,2,0,0,CLEAR,DRY,False,OTHER RAMP RELATED COLLISIONS NOT LISTED ABOVE,SIDESWIPE-SAME DIRECTION,STRAIGHT & GRADE,DAYLIGHT,I 0065,KY1631,9/20/2019 8:50:16 AM,False,7944,Accepted,
25665340,0568000,LOUISVILLE METRO POLICE DEPT,Accepted,JEFFERSON,I 0264,,,,,,,,,,,38.228441981,-85.635225038,0.273,9/18/2019 12:00:00 AM,1022,2,2,0,0,CLEAR,DRY,False,OTHER RAMP RELATED COLLISIONS NOT LISTED ABOVE,REAR END,STRAIGHT & LEVEL,DAYLIGHT,I 0264,KY1932,9/20/2019 8:54:14 AM,False,4656,Accepted,
25659974,0568000,LOUISVILLE METRO POLICE DEPT,Accepted,JEFFERSON,I 0064,,,,,,,,,,,38.223355537,-85.505697065,0.225,9/18/2019 12:00:00 AM,1404,2,2,0,0,CLEAR,DRY,False,OTHER RAMP RELATED COLLISIONS NOT LISTED ABOVE,REAR END,CURVE & HILLCREST,DAYLIGHT,I 0064,I 0265,9/19/2019 8:18:23 AM,False,2109,Accepted,
25687077,0568000,LOUISVILLE METRO POLICE DEPT,Accepted,JEFFERSON,KY1065,,OUTER,LOOP,,,,,,,,38.137232014,-85.691306509,5.793,9/18/2019 12:00:00 AM,1729,2,2,0,0,CLEAR,DRY,False,OTHER ROADWAY OR MID-BLOCK COLLISION,REAR END,STRAIGHT & LEVEL,DAYLIGHT,,,9/25/2019 8:33:22 AM,False,7914,Accepted,
25707626,0568000,LOUISVILLE METRO POLICE DEPT,Accepted,JEFFERSON,KY1747,,FERN VALLEY,RD,,,,,,,,38.157906986,-85.721565921,0.583,9/18/2019 12:00:00 AM,1600,2,2,0,1,CLEAR,DRY,False,OTHER ROADWAY OR MID-BLOCK COLLISION,REAR TO REAR,STRAIGHT & LEVEL,DAYLIGHT,,,9/30/2019 9:37:34 AM,False,5259,Accepted,
25665420,0568000,LOUISVILLE METRO POLICE DEPT,Accepted,JEFFERSON,US0042,1332,STORY,AVE,,,,,,,,38.256622862,-85.726522072,0.361,9/18/2019 12:00:00 AM,1309,1,1,0,0,CLEAR,DRY,False,OTHER ROADWAY OR MID-BLOCK COLLISION,SINGLE VEHICLE,STRAIGHT & LEVEL,DAYLIGHT,,,9/20/2019 9:02:13 AM,False,2764,Accepted,
25659930,0568000,LOUISVILLE METRO POLICE DEPT,Accepted,JEFFERSON,KY1065,,BEULAH CHURCH,RD,,,,,DELIGHTFUL,KY0864,BEULAH CHURCH,38.137552358,-85.611618176,10.109,9/18/2019 12:00:00 AM,0722,3,3,0,0,CLEAR,DRY,False,OTHER ROADWAY OR MID-BLOCK COLLISION,REAR END,STRAIGHT & LEVEL,DAWN,,,9/19/2019 8:15:13 AM,False,2017,Accepted,
25681457,0568000,LOUISVILLE METRO POLICE DEPT,Accepted,JEFFERSON,KY1747,,FERN VALLEY,RD,,,,,,,,38.157064952,-85.711692599,1.126,9/18/2019 12:00:00 AM,1442,2,2,0,0,CLEAR,DRY,False,OTHER ROADWAY OR MID-BLOCK COLLISION,REAR TO REAR,STRAIGHT & LEVEL,DAYLIGHT,,,9/24/2019 8:27:51 AM,False,2583,Accepted,
25676025,0568000,LOUISVILLE METRO POLICE DEPT,Accepted,JEFFERSON,,,ZORN,AVE,,,,,,,,38.274447584,-85.696780804,1.507,9/17/2019 12:00:00 AM,1707,2,2,0,0,CLEAR,DRY,False,OTHER ROADWAY OR MID-BLOCK COLLISION,OPPOSING LEFT TURN,STRAIGHT & LEVEL,DAYLIGHT,,,9/23/2019 9:09:20 AM,False,7068,Accepted,
25804353,0568000,LOUISVILLE METRO POLICE DEPT,Accepted,JEFFERSON,,,HUNSINGER,LN,,,,,,,,38.202709436,-85.618398850,1.454,9/17/2019 12:00:00 AM,1830,3,3,0,0,CLEAR,DRY,False,OTHER ROADWAY OR MID-BLOCK COLLISION,REAR END,STRAIGHT & LEVEL,DAYLIGHT,,,10/21/2019 11:25:14 AM,False,5159,Accepted,
25665336,0568000,LOUISVILLE METRO POLICE DEPT,Accepted,JEFFERSON,I 0065,,I65 N,,,,,,,,,38.163719566,-85.720606609,128.730,9/17/2019 12:00:00 AM,0816,2,2,0,1,CLOUDY,DRY,True,OTHER ROADWAY OR MID-BLOCK COLLISION,REAR END,STRAIGHT & LEVEL,DAYLIGHT,,,9/20/2019 8:53:38 AM,False,4656,Accepted,
25654855,0568000,LOUISVILLE METRO POLICE DEPT,Accepted,JEFFERSON,US0060A,3520,LEXINGTON,RD,,,,,,,,38.250911823,-85.663321566,10.188,9/17/2019 12:00:00 AM,1432,2,2,0,4,CLEAR,DRY,False,OTHER ROADWAY OR MID-BLOCK COLLISION,REAR END,STRAIGHT & LEVEL,DAYLIGHT,,,9/18/2019 8:51:58 AM,False,5112,Accepted,
25654788,0568000,LOUISVILLE METRO POLICE DEPT,Accepted,JEFFERSON,I 0265,,I265 N,,,,,,,,,38.306159933,-85.565392623,33.638,9/17/2019 12:00:00 AM,0924,1,1,0,0,CLEAR,DRY,False,OTHER ROADWAY OR MID-BLOCK COLLISION,SINGLE VEHICLE,STRAIGHT & LEVEL,DAYLIGHT,,,9/18/2019 8:44:04 AM,False,2489,Accepted,
25659927,0568000,LOUISVILLE METRO POLICE DEPT,Accepted,JEFFERSON,KY1020,,2ND,ST,S,,,US0150,BROADWAY,,CHESTNUT,38.245996408,-85.755006094,12.108,9/17/2019 12:00:00 AM,1750,2,2,0,0,CLEAR,DRY,False,OTHER ROADWAY OR MID-BLOCK COLLISION,OPPOSING LEFT TURN,STRAIGHT & LEVEL,DAYLIGHT,,,9/19/2019 8:14:51 AM,False,7328,Accepted,
25654884,0568000,LOUISVILLE METRO POLICE DEPT,Accepted,JEFFERSON,US0031E,,BARDSTOWN,RD,,,,US0060A,EASTERN,,EDENSIDE,38.232081893,-85.709506204,14.618,9/17/2019 12:00:00 AM,1151,2,2,0,0,CLEAR,DRY,False,OTHER ROADWAY OR MID-BLOCK COLLISION,REAR END,STRAIGHT & LEVEL,DAYLIGHT,,,9/18/2019 8:57:21 AM,False,5289,Accepted,
25675560,0568000,LOUISVILLE METRO POLICE DEPT,Accepted,JEFFERSON,KY1934,,CANE RUN,RD,,,,,KRAMERS,,HARTLAGE,38.200431028,-85.836043645,9.297,9/17/2019 12:00:00 AM,2027,2,2,0,0,CLEAR,DRY,False,OTHER ROADWAY OR MID-BLOCK COLLISION,REAR END,STRAIGHT & LEVEL,DARK-HWY NOT LIGHTED,,,9/23/2019 8:20:23 AM,False,2425,Accepted,
25654883,0568000,LOUISVILLE METRO POLICE DEPT,Accepted,JEFFERSON,US0031E,,BARDSTOWN,RD,,,,US0060A,EASTERN,,SHERWOOD,38.231906611,-85.709227346,14.619,9/17/2019 12:00:00 AM,0915,2,2,0,0,CLEAR,DRY,False,OTHER ROADWAY OR MID-BLOCK COLLISION,REAR END,STRAIGHT & LEVEL,DAYLIGHT,,,9/18/2019 8:57:14 AM,False,5289,Accepted,
25675955,0568000,LOUISVILLE METRO POLICE DEPT,Accepted,JEFFERSON,KY1020,4600B,SOUTHERN,PKWY,,,,,,,,38.185148327,-85.767403753,8.072,9/17/2019 12:00:00 AM,0551,3,3,0,0,CLEAR,DRY,False,OTHER ROADWAY OR MID-BLOCK COLLISION,REAR END,STRAIGHT & LEVEL,DARK-HWY LIGHTED/ON,,,9/23/2019 8:58:59 AM,False,7010,Accepted,
25654852,0568000,LOUISVILLE METRO POLICE DEPT,Accepted,JEFFERSON,,,PETERSON,AVE,S,,,,,,,38.253418931,-85.697995461,0.039,9/17/2019 12:00:00 AM,1650,2,2,0,1,CLEAR,DRY,False,OTHER ROADWAY OR MID-BLOCK COLLISION,OPPOSING LEFT TURN,STRAIGHT & LEVEL,DAYLIGHT,,,9/18/2019 8:51:30 AM,False,7833,Accepted,
25654850,0568000,LOUISVILLE METRO POLICE DEPT,Accepted,JEFFERSON,US0042,,BROWNSBORO,RD,,,,,,,,38.260111586,-85.687947124,2.603,9/17/2019 12:00:00 AM,0825,1,1,0,0,CLEAR,DRY,False,OTHER ROADWAY OR MID-BLOCK COLLISION,SINGLE VEHICLE,STRAIGHT & GRADE,DAYLIGHT,,,9/18/2019 8:51:00 AM,False,7833,Accepted,
25713010,0568000,LOUISVILLE METRO POLICE DEPT,Accepted,JEFFERSON,US0031W,,DIXIE,HWY,,,,,,,,38.082374967,-85.881536441,6.714,9/17/2019 12:00:00 AM,1556,2,2,0,0,CLEAR,DRY,False,OTHER ROADWAY OR MID-BLOCK COLLISION,REAR END,STRAIGHT & LEVEL,DAYLIGHT,,,10/1/2019 8:15:38 AM,False,6010,Accepted,
25654861,0568000,LOUISVILLE METRO POLICE DEPT,Accepted,JEFFERSON,I 0065,,,,,,,,,,,38.190110026,-85.724402777,0.611,9/17/2019 12:00:00 AM,1452,2,2,0,0,CLEAR,DRY,False,OTHER RAMP RELATED COLLISIONS NOT LISTED ABOVE,REAR END,CURVE & GRADE,DAYLIGHT,I 0065,I 0264,9/18/2019 8:53:01 AM,False,8278,Accepted,
25654795,0568000,LOUISVILLE METRO POLICE DEPT,Accepted,JEFFERSON,I 0265,,,,,,,,,,,38.308686399,-85.572784621,0.040,9/17/2019 12:00:00 AM,1040,2,2,0,0,CLEAR,DRY,False,OTHER RAMP RELATED COLLISIONS NOT LISTED ABOVE,REAR END,STRAIGHT & GRADE,DAYLIGHT,KY0022,I 0265,9/18/2019 8:44:19 AM,False,2969,Accepted,
25718672,0568000,LOUISVILLE METRO POLICE DEPT,Accepted,JEFFERSON,I 0065,,,,,,,,,,,38.238173432,-85.752923658,0.147,9/17/2019 12:00:00 AM,0746,4,4,0,2,CLEAR,DRY,False,OTHER RAMP RELATED COLLISIONS NOT LISTED ABOVE,SIDESWIPE-SAME DIRECTION,STRAIGHT & LEVEL,DAYLIGHT,E SAINT CATHERINE ST,I 0065,10/2/2019 8:25:31 AM,False,5213,Accepted,
25654828,0568000,LOUISVILLE METRO POLICE DEPT,Accepted,JEFFERSON,,,HITE,AVE,N,,,,,,,38.263608592,-85.701425905,0.684,9/17/2019 12:00:00 AM,0930,2,2,0,0,CLEAR,DRY,True,COLLISION IN PARKING LOT,BACKING,STRAIGHT & LEVEL,DAYLIGHT,,,9/18/2019 8:48:01 AM,False,7028,Accepted,
25654836,0568000,LOUISVILLE METRO POLICE DEPT,Accepted,JEFFERSON,,,JEFFERSON,ST,W,,,,,,,38.255941510,-85.776739456,1.354,9/17/2019 12:00:00 AM,1530,2,2,0,0,,,True,1 VEHICLE ENTERING/LEAVING ENTRANCE,ANGLE,STRAIGHT & LEVEL,,,,9/18/2019 8:49:24 AM,False,5249,Accepted,
25654872,0568000,LOUISVILLE METRO POLICE DEPT,Accepted,JEFFERSON,,,KENTUCKY,ST,W,,,,,,,38.242537761,-85.793921400,1.662,9/17/2019 12:00:00 AM,1740,2,2,0,0,CLEAR,DRY,False,1 VEHICLE ENTERING/LEAVING ENTRANCE,ANGLE,STRAIGHT & LEVEL,DAYLIGHT,,,9/18/2019 8:55:04 AM,False,5000,Accepted,
25654904,0568000,LOUISVILLE METRO POLICE DEPT,Accepted,JEFFERSON,,,PARK,RD,S,,,KY1450,BLUE LICK,,WHITEOAK PARK,38.116433164,-85.690126213,0.731,9/17/2019 12:00:00 AM,1745,2,2,0,0,CLEAR,DRY,False,1 VEHICLE ENTERING/LEAVING ENTRANCE,ANGLE,STRAIGHT & LEVEL,DAYLIGHT,,,9/18/2019 9:00:45 AM,False,6360,Accepted,
25654846,0568000,LOUISVILLE METRO POLICE DEPT,Accepted,JEFFERSON,KY2052,,SHEPHERDSVILLE,RD,,,,,,,,38.140467629,-85.657995662,0.104,9/17/2019 12:00:00 AM,1557,2,2,0,0,CLEAR,DRY,False,VEHICLE BACKING NON INTERSECTION,BACKING,STRAIGHT & LEVEL,DAYLIGHT,,,9/18/2019 8:50:33 AM,False,4693,Accepted,
25654885,0568000,LOUISVILLE METRO POLICE DEPT,Accepted,JEFFERSON,,,LEXINGTON,RD,,,,,PAYNE,,COOPER,38.251221964,-85.723214037,0.588,9/17/2019 12:00:00 AM,1650,2,2,0,0,CLEAR,DRY,False,1 VEHICLE ENTERING/LEAVING ENTRANCE,ANGLE,CURVE & GRADE,DAYLIGHT,,,9/18/2019 8:57:28 AM,False,5289,Accepted,
25654913,0568000,LOUISVILLE METRO POLICE DEPT,Accepted,JEFFERSON,I 0265,,I265 E,,,,,,,,,38.118127317,-85.643243397,13.561,9/17/2019 12:00:00 AM,2008,2,2,0,0,CLEAR,DRY,True,SIDESWIPE COLLISION - SAME DIRECTION,SIDESWIPE-SAME DIRECTION,STRAIGHT & LEVEL,DARK (UNKNOWN ROADWAY LIGHTING),,,9/18/2019 9:01:23 AM,False,5184,Accepted,
25688824,0568000,LOUISVILLE METRO POLICE DEPT,Accepted,JEFFERSON,I 0064,,I64 E,,,,,,,,,38.234848341,-85.614304333,12.998,9/17/2019 12:00:00 AM,0802,2,2,0,0,CLEAR,DRY,False,SIDESWIPE COLLISION - SAME DIRECTION,SIDESWIPE-SAME DIRECTION,STRAIGHT & LEVEL,DAYLIGHT,,,9/25/2019 2:57:32 PM,False,7858,Accepted,
25675920,0568000,LOUISVILLE METRO POLICE DEPT,Accepted,JEFFERSON,,100 BLK,JEFFERSON,ST,E,,,,,,,38.253191412,-85.751154162,1.001,9/17/2019 12:00:00 AM,2329,2,2,0,0,CLEAR,DRY,False,SIDESWIPE COLLISION - SAME DIRECTION,SIDESWIPE-SAME DIRECTION,STRAIGHT & LEVEL,DARK-HWY LIGHTED/ON,,,9/23/2019 8:56:30 AM,False,7325,Accepted,
25654862,0568000,LOUISVILLE METRO POLICE DEPT,Accepted,JEFFERSON,I 0065,,I65 S,,,,,,,,,38.167652192,-85.720870414,129.001,9/17/2019 12:00:00 AM,1514,2,2,0,0,CLEAR,DRY,False,SIDESWIPE COLLISION - SAME DIRECTION,SIDESWIPE-SAME DIRECTION,STRAIGHT & LEVEL,DAYLIGHT,,,9/18/2019 8:53:09 AM,False,8278,Accepted,
25654870,0568000,LOUISVILLE METRO POLICE DEPT,Accepted,JEFFERSON,KY0061,,PRESTON,ST,S,,,,FINZER,,JACOB,38.244075356,-85.747749295,12.165,9/17/2019 12:00:00 AM,1517,2,2,0,1,CLEAR,DRY,False,SIDESWIPE COLLISION - SAME DIRECTION,SIDESWIPE-SAME DIRECTION,STRAIGHT & LEVEL,DAYLIGHT,,,9/18/2019 8:54:32 AM,False,7418,Accepted,
25654831,0568000,LOUISVILLE METRO POLICE DEPT,Accepted,JEFFERSON,US0031E,,BARDSTOWN,RD,,,,,BASHFORD MANOR,,PARIS,38.202353899,-85.664370562,11.310,9/17/2019 12:00:00 AM,0745,2,2,0,0,CLEAR,DRY,False,SIDESWIPE COLLISION - SAME DIRECTION,SIDESWIPE-SAME DIRECTION,STRAIGHT & LEVEL,DAYLIGHT,,,9/18/2019 8:48:35 AM,False,7482,Accepted,
25654804,0568000,LOUISVILLE METRO POLICE DEPT,Accepted,JEFFERSON,US0060A,,EASTERN,PKWY,,,,,CASTLEVALE,,CASTLEVALE,38.225444462,-85.726818555,5.731,9/17/2019 12:00:00 AM,1126,2,2,0,0,CLEAR,DRY,False,SIDESWIPE COLLISION - SAME DIRECTION,SIDESWIPE-SAME DIRECTION,CURVE & LEVEL,DAYLIGHT,,,9/18/2019 8:45:58 AM,False,7129,Accepted,
25654822,0568000,LOUISVILLE METRO POLICE DEPT,Accepted,JEFFERSON,US0150,,BROADWAY,,E,,,,CLAY,KY0864,SHELBY,38.244816112,-85.741275272,3.317,9/17/2019 12:00:00 AM,1258,2,2,0,2,CLEAR,DRY,False,SIDESWIPE COLLISION - SAME DIRECTION,SIDESWIPE-SAME DIRECTION,STRAIGHT & LEVEL,DAYLIGHT,,,9/18/2019 8:47:18 AM,False,7377,Accepted,
25654779,0568000,LOUISVILLE METRO POLICE DEPT,Accepted,JEFFERSON,KY0864,,BEULAH CHURCH,RD,,,,,DELCOUR,KY0864,FEGENBUSH,38.137304119,-85.613464829,4.227,9/17/2019 12:00:00 AM,0742,2,2,0,0,CLEAR,DRY,False,SIDESWIPE COLLISION - SAME DIRECTION,SIDESWIPE-SAME DIRECTION,STRAIGHT & LEVEL,DAYLIGHT,,,9/18/2019 8:42:54 AM,False,2017,Accepted,
25654800,0568000,LOUISVILLE METRO POLICE DEPT,Accepted,JEFFERSON,I 0071,,I71 S,,,,,I 0071,I71 S EXIT5 RAMP TO I264 W,I 0071,I71 TURN AROUND6,38.292580648,-85.638909631,5.545,9/17/2019 12:00:00 AM,0910,1,1,0,0,CLEAR,DRY,False,OTHER COLLISIONS ON SHOULDER,SINGLE VEHICLE,CURVE & LEVEL,DAYLIGHT,,,9/18/2019 8:45:16 AM,False,6929,Accepted,
25654824,0568000,LOUISVILLE METRO POLICE DEPT,Accepted,JEFFERSON,,600,KENWOOD,DR,W,,,,,,,38.161512624,-85.776259666,0.160,9/17/2019 12:00:00 AM,0850,1,1,0,2,CLEAR,DRY,False,OTHER COLLISIONS ON SHOULDER,SINGLE VEHICLE,STRAIGHT & LEVEL,DAYLIGHT,,,9/18/2019 8:47:36 AM,False,6326,Accepted,
25654897,0568000,LOUISVILLE METRO POLICE DEPT,Accepted,JEFFERSON,,4400,FLINTLOCK,DR,,,,,,,,38.160585056,-85.838768758,0.341,9/17/2019 12:00:00 AM,2142,1,1,0,1,CLEAR,DRY,False,OTHER COLLISIONS ON SHOULDER,SINGLE VEHICLE,CURVE & LEVEL,DARK-HWY NOT LIGHTED,,,9/18/2019 8:59:11 AM,False,7992,Accepted,
25654868,0568000,LOUISVILLE METRO POLICE DEPT,Accepted,JEFFERSON,KY0907,,3RD ST,RD,,,,,,,,38.122652579,-85.800504102,4.190,9/17/2019 12:00:00 AM,1722,2,2,0,2,CLEAR,DRY,False,HEAD-ON COLLISION,HEAD ON,STRAIGHT & LEVEL,DAYLIGHT,,,9/18/2019 8:54:12 AM,False,7234,Accepted,
25654867,0568000,LOUISVILLE METRO POLICE DEPT,Accepted,JEFFERSON,I 0071,,I71 S,,,,,,,,,38.310773413,-85.590259170,8.544,9/17/2019 12:00:00 AM,1711,2,2,0,0,CLEAR,DRY,False,REAR END IN TRAFFIC LANES BOTH VEHICLES MOVING,REAR END,STRAIGHT & GRADE,DAYLIGHT,,,9/18/2019 8:54:03 AM,False,7944,Accepted,
25654832,0568000,LOUISVILLE METRO POLICE DEPT,Accepted,JEFFERSON,KY1932,,BRECKENRIDGE,LN,,,,,HIKES,KY0155,TAYLORSVILLE,38.218187459,-85.628611752,2.698,9/17/2019 12:00:00 AM,1357,2,2,0,0,CLEAR,DRY,False,REAR END IN TRAFFIC LANES BOTH VEHICLES MOVING,REAR END,STRAIGHT & LEVEL,DAYLIGHT,,,9/18/2019 8:48:48 AM,False,7448,Accepted,
25654875,0568000,LOUISVILLE METRO POLICE DEPT,Accepted,JEFFERSON,,1359,VIM,DR,,,,,,,,38.173761770,-85.700686524,0.551,9/17/2019 12:00:00 AM,1411,2,2,0,0,CLEAR,DRY,False,REAR END IN TRAFFIC LANES BOTH VEHICLES MOVING,REAR END,STRAIGHT & LEVEL,DAYLIGHT,,,9/18/2019 8:55:56 AM,False,7319,Accepted,
25688826,0568000,LOUISVILLE METRO POLICE DEPT,Accepted,JEFFERSON,I 0064,,I64 W,,,,,,,,,38.232537433,-85.607185098,13.210,9/17/2019 12:00:00 AM,0935,2,2,0,0,CLEAR,DRY,False,REAR END IN TRAFFIC LANES BOTH VEHICLES MOVING,REAR END,STRAIGHT & LEVEL,DAYLIGHT,,,9/25/2019 2:57:41 PM,False,7858,Accepted,
25675876,0568000,LOUISVILLE METRO POLICE DEPT,Accepted,JEFFERSON,KY1020,1014,2ND,ST,S,,,,ST CATHERINE,,KENTUCKY,38.238275380,-85.756372969,11.578,9/17/2019 12:00:00 AM,0842,2,2,0,0,CLEAR,DRY,False,REAR END IN TRAFFIC LANES BOTH VEHICLES MOVING,REAR END,STRAIGHT & LEVEL,DAYLIGHT,,,9/23/2019 8:51:29 AM,False,5279,Accepted,
25654780,0568000,LOUISVILLE METRO POLICE DEPT,Accepted,JEFFERSON,KY0155,,TAYLORSVILLE,RD,,,,KY2265,ROUTT,,POPE LICK,38.190862126,-85.485619448,4.802,9/17/2019 12:00:00 AM,0804,3,3,0,0,CLEAR,DRY,False,REAR END IN TRAFFIC LANES BOTH VEHICLES MOVING,REAR END,STRAIGHT & LEVEL,DAYLIGHT,,,9/18/2019 8:43:03 AM,False,2017,Accepted,
25654823,0568000,LOUISVILLE METRO POLICE DEPT,Accepted,JEFFERSON,,,UPPER HUNTERS,TRCE,,,,,FIELDING,US0031W,DIXIE,38.168555234,-85.828696724,0.016,9/17/2019 12:00:00 AM,1204,2,2,0,0,CLEAR,DRY,False,REAR END IN TRAFFIC LANES BOTH VEHICLES MOVING,REAR END,STRAIGHT & LEVEL,DAYLIGHT,,,9/18/2019 8:47:28 AM,False,6326,Accepted,
25654845,0568000,LOUISVILLE METRO POLICE DEPT,Accepted,JEFFERSON,KY0061,,PRESTON,HWY,,,,,,,,38.092407332,-85.668908733,0.617,9/17/2019 12:00:00 AM,1401,2,2,0,0,CLEAR,DRY,False,REAR END IN TRAFFIC LANES BOTH VEHICLES MOVING,REAR END,STRAIGHT & LEVEL,DAYLIGHT,,,9/18/2019 8:50:25 AM,False,4693,Accepted,
25654847,0568000,LOUISVILLE METRO POLICE DEPT,Accepted,JEFFERSON,KY1450,,BLUE LICK,RD,,,,,,,,38.116934520,-85.689492084,2.215,9/17/2019 12:00:00 AM,1651,2,2,0,0,CLEAR,DRY,False,REAR END IN TRAFFIC LANES BOTH VEHICLES MOVING,REAR END,STRAIGHT & LEVEL,DAYLIGHT,,,9/18/2019 8:50:45 AM,False,4693,Accepted,