IncidentID,AgencyORI,AgencyName,IncidentStatusDesc,County,RdwyNumber,Street,RoadwayName,StreetSfx,StreetDir,IntersectionRdwy,IntersectionRdwyName,BetweenStRdwy1,BetweenStRdwyName1,BetweenStRdwy2,BetweenStRdwyName2,Latitude,Longitude,Milepoint,CollisionDate,CollisionTime,UnitsInvolved,MotorVehiclesInvolved,NumberKilled,NumberInjured,Weather,RdwyConditionCode,HitandRun,DirAnalysisCode,MannerofCollision,RdwyCharacter,LightCondition,RampFromRdwyId,RampToRdwyId,AcceptedDate,IsSecondaryCollision,OwnerBadge,IncidentStatus,
25654802,0568000,LOUISVILLE METRO POLICE DEPT,Accepted,JEFFERSON,I 0064,,I64 W,,,,,,,,,38.260713445,-85.769179936,3.576,9/17/2019 12:00:00 AM,1050,2,2,0,0,CLEAR,DRY,False,REAR END IN TRAFFIC LANES BOTH VEHICLES MOVING,REAR END,CURVE & LEVEL,DAYLIGHT,,,9/18/2019 8:45:33 AM,False,7628,Accepted,
25688821,0568000,LOUISVILLE METRO POLICE DEPT,Accepted,JEFFERSON,I 0265,,I265 S,,,,,,,,,38.247331419,-85.503347065,27.148,9/17/2019 12:00:00 AM,1746,2,2,0,0,CLEAR,DRY,False,REAR END IN TRAFFIC LANES BOTH VEHICLES MOVING,REAR END,STRAIGHT & GRADE,DAYLIGHT,,,9/25/2019 2:57:20 PM,False,7858,Accepted,
25654860,0568000,LOUISVILLE METRO POLICE DEPT,Accepted,JEFFERSON,KY0841,,GENE SNYDER,FWY,,,,,,,,38.115159970,-85.702100886,10.214,9/17/2019 12:00:00 AM,1142,2,2,0,0,CLEAR,DRY,False,REAR END IN TRAFFIC LANES BOTH VEHICLES MOVING,REAR END,STRAIGHT & LEVEL,DAYLIGHT,,,9/18/2019 8:52:47 AM,False,8278,Accepted,
25660011,0568000,LOUISVILLE METRO POLICE DEPT,Accepted,JEFFERSON,I 0065,,I65 N EXIT128 TRANSIT,,,,,,,,,38.152673709,-85.715057055,1.499,9/17/2019 12:00:00 AM,1710,2,2,0,0,CLEAR,DRY,False,REAR END IN TRAFFIC LANES BOTH VEHICLES MOVING,REAR END,STRAIGHT & HILLCREST,DAYLIGHT,,,9/19/2019 8:23:57 AM,False,2217,Accepted,
25654886,0568000,LOUISVILLE METRO POLICE DEPT,Accepted,JEFFERSON,I 0264,,I264 E,,,,,,,,,38.205492007,-85.680028736,15.053,9/17/2019 12:00:00 AM,1829,3,3,0,3,CLEAR,DRY,False,REAR END IN TRAFFIC LANES BOTH VEHICLES MOVING,REAR END,STRAIGHT & LEVEL,DAYLIGHT,,,9/18/2019 8:57:35 AM,False,7433,Accepted,
25654853,0568000,LOUISVILLE METRO POLICE DEPT,Accepted,JEFFERSON,I 0065,,I65 S,,,,,,,,,38.167851727,-85.720934821,129.014,9/17/2019 12:00:00 AM,1647,2,2,0,0,CLEAR,DRY,False,REAR END IN TRAFFIC LANES BOTH VEHICLES MOVING,REAR END,STRAIGHT & LEVEL,DAYLIGHT,,,9/18/2019 8:51:38 AM,False,7628,Accepted,
25654871,0568000,LOUISVILLE METRO POLICE DEPT,Accepted,JEFFERSON,US0060A,,EASTERN,PKWY,,,,KY0061,SHELBY,,ALEXANDER,38.214956006,-85.742420615,4.597,9/17/2019 12:00:00 AM,1628,2,2,0,0,CLEAR,DRY,False,REAR END IN TRAFFIC LANES BOTH VEHICLES MOVING,REAR END,STRAIGHT & LEVEL,DAYLIGHT,,,9/18/2019 8:54:45 AM,False,7418,Accepted,
25654812,0568000,LOUISVILLE METRO POLICE DEPT,Accepted,JEFFERSON,I 0064,,I64 W,,,,,,,,,38.220782407,-85.452172360,21.790,9/17/2019 12:00:00 AM,0628,2,2,0,1,CLEAR,DRY,False,REAR END IN TRAFFIC LANES BOTH VEHICLES MOVING,REAR END,STRAIGHT & GRADE,DARK-HWY LIGHTED/ON,,,9/18/2019 8:46:19 AM,False,2000,Accepted,
25649288,0568000,LOUISVILLE METRO POLICE DEPT,Accepted,JEFFERSON,,,LARLYN,DR,,,,,,,,38.105071133,-85.772655529,0.122,9/17/2019 12:00:00 AM,0620,2,2,0,0,CLEAR,DRY,False,1 VEHICLE PARKED POSITION (NOT PARKING LOT/DRIVEWAY),HEAD ON,STRAIGHT & LEVEL,DARK-HWY LIGHTED/OFF,,,9/17/2019 8:35:38 AM,False,5136,Accepted,
25654882,0568000,LOUISVILLE METRO POLICE DEPT,Accepted,JEFFERSON,,,12TH,ST,N,,,,ROWAN,US0031W,MAIN,38.258751708,-85.769646518,0.047,9/17/2019 12:00:00 AM,1506,2,2,0,0,CLEAR,DRY,False,1 VEHICLE PARKED POSITION (NOT PARKING LOT/DRIVEWAY),ANGLE,STRAIGHT & LEVEL,DAYLIGHT,,,9/18/2019 8:57:07 AM,False,5187,Accepted,
25654826,0568000,LOUISVILLE METRO POLICE DEPT,Accepted,JEFFERSON,KY0061,,PRESTON,ST,S,,,,PIN,US0150,BROADWAY,38.245609684,-85.747551192,12.278,9/17/2019 12:00:00 AM,1050,2,2,0,0,CLOUDY,DRY,False,1 VEHICLE PARKED POSITION (NOT PARKING LOT/DRIVEWAY),BACKING,STRAIGHT & LEVEL,DAYLIGHT,,,9/18/2019 8:47:54 AM,False,2406,Accepted,
25665601,0568000,LOUISVILLE METRO POLICE DEPT,Accepted,JEFFERSON,US0031W,,DIXIE,HWY,,,ELZIE,,,,,38.125723897,-85.852040856,10.117,9/17/2019 12:00:00 AM,1030,2,2,0,0,CLEAR,DRY,False,SIDESWIPE-SAME DIRECTION,SIDESWIPE-SAME DIRECTION,STRAIGHT & LEVEL,DAYLIGHT,,,9/20/2019 9:21:54 AM,False,5257,Accepted,
25654851,0568000,LOUISVILLE METRO POLICE DEPT,Accepted,JEFFERSON,US0042,,BROWNSBORO,RD,,,LOTIS,,,,,38.265570232,-85.666820391,3.835,9/17/2019 12:00:00 AM,1517,2,2,0,0,CLEAR,DRY,False,SIDESWIPE-SAME DIRECTION,SIDESWIPE-SAME DIRECTION,STRAIGHT & LEVEL,DAYLIGHT,,,9/18/2019 8:51:18 AM,False,7833,Accepted,
25654835,0568000,LOUISVILLE METRO POLICE DEPT,Accepted,JEFFERSON,,,WILSON,AVE,,US0031W,22ND,,,,,38.234893706,-85.790324714,0.836,9/17/2019 12:00:00 AM,1525,2,2,0,0,CLEAR,DRY,False,SIDESWIPE-SAME DIRECTION,SIDESWIPE-SAME DIRECTION,STRAIGHT & LEVEL,DAYLIGHT,,,9/18/2019 8:49:11 AM,False,5132,Accepted,
25654873,0568000,LOUISVILLE METRO POLICE DEPT,Accepted,JEFFERSON,US0031E,,BARDSTOWN,RD,,,TREVILIAN,,,,,38.223023623,-85.684755528,13.129,9/17/2019 12:00:00 AM,1625,2,2,0,0,CLEAR,DRY,True,SIDESWIPE-SAME DIRECTION,SIDESWIPE-SAME DIRECTION,STRAIGHT & GRADE,DAYLIGHT,,,9/18/2019 8:55:20 AM,False,7960,Accepted,
25654896,0568000,LOUISVILLE METRO POLICE DEPT,Accepted,JEFFERSON,,,CHESTNUT,ST,E,,CAMPBELL,,,,,38.246657618,-85.736903852,0.859,9/17/2019 12:00:00 AM,2025,2,2,0,0,CLEAR,DRY,False,SIDESWIPE-SAME DIRECTION,SIDESWIPE-SAME DIRECTION,STRAIGHT & LEVEL,DARK-HWY LIGHTED/ON,,,9/18/2019 8:59:01 AM,False,5135,Accepted,
25649290,0568000,LOUISVILLE METRO POLICE DEPT,Accepted,JEFFERSON,,,JEFFERSON,ST,E,,1ST,,,,,38.253299884,-85.751954026,1.045,9/17/2019 12:00:00 AM,0643,2,2,0,0,CLEAR,DRY,False,SIDESWIPE-SAME DIRECTION,SIDESWIPE-SAME DIRECTION,STRAIGHT & LEVEL,DAWN,,,9/17/2019 8:36:00 AM,False,5254,Accepted,
25654889,0568000,LOUISVILLE METRO POLICE DEPT,Accepted,JEFFERSON,KY2052,,SHEPHERDSVILLE,RD,,,ARMSMERE,,,,,38.176838261,-85.659425432,2.632,9/17/2019 12:00:00 AM,2038,2,2,0,1,CLEAR,DRY,False,SIDESWIPE-SAME DIRECTION,SIDESWIPE-SAME DIRECTION,STRAIGHT & LEVEL,DARK-HWY NOT LIGHTED,,,9/18/2019 8:58:05 AM,False,2234,Accepted,
25659969,0568000,LOUISVILLE METRO POLICE DEPT,Accepted,JEFFERSON,KY0864,,POPLAR LEVEL,RD,,,INDIAN,,,,,38.171932991,-85.685320505,9.247,9/17/2019 12:00:00 AM,1733,2,2,0,0,CLEAR,DRY,False,OTHER INTERSECTION COLLISIONS,REAR END,STRAIGHT & LEVEL,DAYLIGHT,,,9/19/2019 8:17:34 AM,False,7830,Accepted,
25654887,0568000,LOUISVILLE METRO POLICE DEPT,Accepted,JEFFERSON,KY1747,,HURSTBOURNE,PKWY,S,,BUNSEN,,,,,38.218698862,-85.584457260,11.440,9/17/2019 12:00:00 AM,1456,2,2,0,0,CLEAR,DRY,False,OTHER INTERSECTION COLLISIONS,REAR END,STRAIGHT & LEVEL,DAYLIGHT,,,9/18/2019 8:57:43 AM,False,5203,Accepted,
25654888,0568000,LOUISVILLE METRO POLICE DEPT,Accepted,JEFFERSON,KY1747,,HURSTBOURNE,PKWY,S,,HURSTBOURNE,,,,,38.217693599,-85.586932213,11.295,9/17/2019 12:00:00 AM,1622,2,2,0,0,CLEAR,DRY,False,OTHER INTERSECTION COLLISIONS,REAR END,STRAIGHT & LEVEL,DAYLIGHT,,,9/18/2019 8:57:53 AM,False,5203,Accepted,
25654854,0568000,LOUISVILLE METRO POLICE DEPT,Accepted,JEFFERSON,KY1065,,OUTER,LOOP,,,AIR COMMERCE,,,,,38.134746432,-85.719285539,4.231,9/17/2019 12:00:00 AM,1637,2,2,0,0,CLEAR,DRY,True,OTHER INTERSECTION COLLISIONS,REAR END,STRAIGHT & LEVEL,DAYLIGHT,,,9/18/2019 8:51:51 AM,False,7354,Accepted,
25654821,0568000,LOUISVILLE METRO POLICE DEPT,Accepted,JEFFERSON,US0060,,SHELBYVILLE,RD,,,CHRISTIAN,,,,,38.248826287,-85.606663607,6.227,9/17/2019 12:00:00 AM,1335,2,2,0,0,CLEAR,DRY,False,OTHER INTERSECTION COLLISIONS,REAR END,STRAIGHT & LEVEL,DAYLIGHT,,,9/18/2019 8:47:05 AM,False,6406,Accepted,
25654879,0568000,LOUISVILLE METRO POLICE DEPT,Accepted,JEFFERSON,KY0022,,BROWNSBORO,RD,,,CHAMBERLAIN,,,,,38.312912216,-85.567230112,4.452,9/17/2019 12:00:00 AM,1831,2,2,0,0,CLEAR,DRY,False,OTHER INTERSECTION COLLISIONS,REAR END,STRAIGHT & LEVEL,DAYLIGHT,,,9/18/2019 8:56:36 AM,False,6830,Accepted,
25654869,0568000,LOUISVILLE METRO POLICE DEPT,Accepted,JEFFERSON,US0031E,US31E,BARDSTOWN,RD,,,BRENTLINGER,,,,,38.134149453,-85.579606041,4.373,9/17/2019 12:00:00 AM,1620,2,2,0,0,CLEAR,DRY,False,OTHER INTERSECTION COLLISIONS,REAR END,STRAIGHT & LEVEL,DAYLIGHT,,,9/18/2019 8:54:21 AM,False,7804,Accepted,
25654829,0568000,LOUISVILLE METRO POLICE DEPT,Accepted,JEFFERSON,,,DOGWOOD,RD,,,,,,,,38.154090702,-85.795247684,0.017,9/17/2019 12:00:00 AM,1406,1,1,0,0,CLEAR,DRY,False,COLLISION WITH FIXED OBJECT NON - INTERSECTION - FIRST EVENT COLLISION 09 - 32 EXCLUDING 16,SINGLE VEHICLE,CURVE & GRADE,DAYLIGHT,,,9/18/2019 8:48:14 AM,False,6758,Accepted,
25665433,0568000,LOUISVILLE METRO POLICE DEPT,Accepted,JEFFERSON,,,GEORGETOWN,PL,,,,,LIBERTY BELL,,LAFAYETTE,38.194664542,-85.793459475,0.135,9/17/2019 12:00:00 AM,1815,1,1,0,0,CLEAR,DRY,False,COLLISION WITH FIXED OBJECT NON - INTERSECTION - FIRST EVENT COLLISION 09 - 32 EXCLUDING 16,SINGLE VEHICLE,STRAIGHT & LEVEL,DAYLIGHT,,,9/20/2019 9:03:35 AM,False,2128,Accepted,
25654905,0568000,LOUISVILLE METRO POLICE DEPT,Accepted,JEFFERSON,KY0864,4520,POPLAR LEVEL,RD,,,,,SELINDA,,BISHOP,38.187522261,-85.702055612,10.679,9/17/2019 12:00:00 AM,2238,1,1,0,0,CLEAR,DRY,False,COLLISION WITH FIXED OBJECT NON - INTERSECTION - FIRST EVENT COLLISION 09 - 32 EXCLUDING 16,SINGLE VEHICLE,STRAIGHT & LEVEL,DARK-HWY LIGHTED/ON,,,9/18/2019 9:00:57 AM,False,5053,Accepted,
26157072,0568000,LOUISVILLE METRO POLICE DEPT,Accepted,JEFFERSON,,,FOREST,DR,,,,,TARRAGON,,INDIAN,38.167974527,-85.689883150,0.988,9/17/2019 12:00:00 AM,1317,2,2,0,0,CLEAR,DRY,True,1 VEHICLE PARKED POSITION (NOT PARKING LOT/DRIVEWAY),BACKING,STRAIGHT & LEVEL,DAYLIGHT,,,1/8/2020 8:19:09 AM,False,7830,Accepted,
25958534,0568000,LOUISVILLE METRO POLICE DEPT,Accepted,JEFFERSON,,,GRADE,LN,,KY1065,OUTER,,,,,38.129921915,-85.737715966,0.045,9/17/2019 12:00:00 AM,1739,2,2,0,0,CLEAR,DRY,False,OTHER INTERSECTION COLLISIONS,REAR END,CURVE & GRADE,DAYLIGHT,,,11/22/2019 8:55:00 AM,False,7269,Accepted,
25654902,0568000,LOUISVILLE METRO POLICE DEPT,Accepted,JEFFERSON,,,LILLY,AVE,,,CRITTENDEN,,,,,38.213561397,-85.750691908,0.021,9/17/2019 12:00:00 AM,2155,2,2,0,0,CLEAR,DRY,False,OPPOSITE DIRECTION - BOTH VEHICLES GOING STRAIGHT AHEAD,SIDESWIPE-OPPOSITE DIRECTION,STRAIGHT & LEVEL,DARK-HWY LIGHTED/ON,,,9/18/2019 9:00:33 AM,False,5196,Accepted,
25654844,0568000,LOUISVILLE METRO POLICE DEPT,Accepted,JEFFERSON,KY0907,,3RD ST,RD,,,STONESTREET,,,,,38.113007425,-85.837002311,1.914,9/17/2019 12:00:00 AM,1649,2,2,0,0,CLEAR,DRY,False,OPPOSING LEFT TURN,OPPOSING LEFT TURN,STRAIGHT & LEVEL,DAYLIGHT,,,9/18/2019 8:50:12 AM,False,6318,Accepted,
25654895,0568000,LOUISVILLE METRO POLICE DEPT,Accepted,JEFFERSON,KY1747,,HURSTBOURNE,PKWY,N,,CORNELL TRACE,,,,,38.291408667,-85.575300598,17.366,9/17/2019 12:00:00 AM,1904,2,2,0,0,CLEAR,DRY,False,ANGLE COLLISION - OTHER,ANGLE,STRAIGHT & LEVEL,DAYLIGHT,,,9/18/2019 8:58:53 AM,False,5128,Accepted,
25654839,0568000,LOUISVILLE METRO POLICE DEPT,Accepted,JEFFERSON,,,POINSETTIA,DR,,,MORNING GLORY,,,,,38.135554682,-85.862608179,0.535,9/17/2019 12:00:00 AM,0707,2,2,0,1,CLEAR,DRY,False,ANGLE COLLISION - OTHER,ANGLE,STRAIGHT & LEVEL,DAYLIGHT,,,9/18/2019 8:49:34 AM,False,5257,Accepted,
25675954,0568000,LOUISVILLE METRO POLICE DEPT,Accepted,JEFFERSON,KY1020,,SOUTHSIDE,DR,,,KINGSTON,,,,,38.172784040,-85.764652534,7.087,9/17/2019 12:00:00 AM,0640,2,2,0,4,CLEAR,DRY,False,ANGLE COLLISION - OTHER,ANGLE,STRAIGHT & LEVEL,DAWN,,,9/23/2019 8:58:48 AM,False,7010,Accepted,
25654874,0568000,LOUISVILLE METRO POLICE DEPT,Accepted,JEFFERSON,,,MELLWOOD,AVE,,,EDITH,,,,,38.266227177,-85.709204240,0.596,9/17/2019 12:00:00 AM,1712,3,3,0,0,CLEAR,DRY,False,ANGLE COLLISION - OTHER,ANGLE,STRAIGHT & LEVEL,DAYLIGHT,,,9/18/2019 8:55:41 AM,False,7028,Accepted,
25654876,0568000,LOUISVILLE METRO POLICE DEPT,Accepted,JEFFERSON,,,GILMORE,LN,,,CRAFTY,,,,,38.175959950,-85.710777587,0.145,9/17/2019 12:00:00 AM,1735,3,3,0,0,CLEAR,DRY,False,ANGLE COLLISION - OTHER,ANGLE,STRAIGHT & LEVEL,DAYLIGHT,,,9/18/2019 8:56:08 AM,False,7319,Accepted,
25654819,0568000,LOUISVILLE METRO POLICE DEPT,Accepted,JEFFERSON,KY1020,,3RD,ST,S,,LIBERTY,,,,,38.252898446,-85.755485629,12.524,9/17/2019 12:00:00 AM,0903,2,2,0,1,CLEAR,DRY,False,ANGLE COLLISION - OTHER,ANGLE,STRAIGHT & LEVEL,DAYLIGHT,,,9/18/2019 8:46:50 AM,False,5173,Accepted,
25654878,0568000,LOUISVILLE METRO POLICE DEPT,Accepted,JEFFERSON,,,NANEEN,DR,,,DELLWOOD,,,,,38.177376347,-85.800932794,0.587,9/17/2019 12:00:00 AM,1229,1,1,0,0,CLEAR,DRY,False,COLLISION WITH FIXED OBJECT IN INTERSECTION - FIRST EVENT COLLISION 09 - 32,SINGLE VEHICLE,STRAIGHT & LEVEL,DAYLIGHT,,,9/18/2019 8:56:29 AM,False,5232,Accepted,
25649092,0568000,LOUISVILLE METRO POLICE DEPT,Accepted,JEFFERSON,,,EWING,AVE,N,US0060,FRANKFORT,,,,,38.253752736,-85.699894788,0.001,9/16/2019 12:00:00 AM,1334,1,1,0,0,CLEAR,DRY,False,COLLISION WITH FIXED OBJECT IN INTERSECTION - FIRST EVENT COLLISION 09 - 32,SINGLE VEHICLE,STRAIGHT & LEVEL,DAYLIGHT,,,9/17/2019 8:22:54 AM,False,7028,Accepted,
25654775,0568000,LOUISVILLE METRO POLICE DEPT,Accepted,JEFFERSON,,,MUHAMMAD ALI,BLVD,W,,29TH,,,,,38.255728664,-85.798876518,2.545,9/16/2019 12:00:00 AM,1925,1,1,0,1,CLEAR,DRY,False,COLLISION WITH FIXED OBJECT IN INTERSECTION - FIRST EVENT COLLISION 09 - 32,SINGLE VEHICLE,CURVE & LEVEL,DARK-HWY LIGHTED/ON,,,9/18/2019 8:42:12 AM,False,2855,Accepted,
25649240,0568000,LOUISVILLE METRO POLICE DEPT,Accepted,JEFFERSON,,1628,DIXDALE,AVE,,,WINGFIELD,,,,,38.221743844,-85.787096493,0.156,9/16/2019 12:00:00 AM,0717,2,2,0,0,CLEAR,DRY,True,COLLISION WITH PARKED VEHICLE,ANGLE,STRAIGHT & LEVEL,DAYLIGHT,,,9/17/2019 8:30:06 AM,False,5243,Accepted,
25687151,0568000,LOUISVILLE METRO POLICE DEPT,Accepted,JEFFERSON,US0150,,BROADWAY,,W,,5TH,,,,,38.246243882,-85.760075674,2.295,9/16/2019 12:00:00 AM,0700,2,2,0,0,CLEAR,DRY,False,ANGLE COLLISION - OTHER,ANGLE,STRAIGHT & LEVEL,DAWN,,,9/25/2019 8:44:18 AM,False,5148,Accepted,
25696669,0568000,LOUISVILLE METRO POLICE DEPT,Accepted,JEFFERSON,,,PAGES,LN,W,US0031W,DIXIE,,,,,38.130192856,-85.848184462,0.018,9/16/2019 12:00:00 AM,1454,2,2,0,0,CLEAR,DRY,False,ANGLE COLLISION - OTHER,ANGLE,STRAIGHT & LEVEL,DAYLIGHT,,,9/27/2019 8:39:00 AM,False,7205,Accepted,
25654840,0568000,LOUISVILLE METRO POLICE DEPT,Accepted,JEFFERSON,US0060,,SHELBYVILLE,RD,,KY1747,HURSTBOURNE,,,,,38.246400833,-85.576813861,7.858,9/16/2019 12:00:00 AM,0825,2,2,0,0,CLEAR,DRY,False,ANGLE COLLISION - OTHER,ANGLE,STRAIGHT & LEVEL,DAYLIGHT,,,9/18/2019 8:49:43 AM,False,7802,Accepted,
25649228,0568000,LOUISVILLE METRO POLICE DEPT,Accepted,JEFFERSON,,,ORMSBY,AVE,E,,FLOYD,,,,,38.231447098,-85.752152304,0.201,9/16/2019 12:00:00 AM,0857,2,2,0,0,CLEAR,DRY,False,ANGLE COLLISION - OTHER,ANGLE,STRAIGHT & LEVEL,DAYLIGHT,,,9/17/2019 8:27:37 AM,False,5213,Accepted,
25649270,0568000,LOUISVILLE METRO POLICE DEPT,Accepted,JEFFERSON,KY1747,3600,FERN VALLEY,RD,,KY0061,PRESTON,,,,,38.157154045,-85.695387565,2.010,9/16/2019 12:00:00 AM,1850,2,2,0,1,CLEAR,DRY,False,ANGLE COLLISION - OTHER,ANGLE,STRAIGHT & LEVEL,DAYLIGHT,,,9/17/2019 8:34:19 AM,False,5214,Accepted,
25649100,0568000,LOUISVILLE METRO POLICE DEPT,Accepted,JEFFERSON,,,INDIAN,TRL,E,KY0864,POPLAR LEVEL,,,,,38.171423244,-85.685272434,1.182,9/16/2019 12:00:00 AM,0742,2,2,0,0,CLEAR,DRY,False,ANGLE COLLISION - OTHER,ANGLE,STRAIGHT & LEVEL,DAYLIGHT,,,9/17/2019 8:25:33 AM,False,7319,Accepted,
25654880,0568000,LOUISVILLE METRO POLICE DEPT,Accepted,JEFFERSON,US0031W,,DIXIE,HWY,,,PARALEE,,,,,38.133112008,-85.845981850,10.764,9/16/2019 12:00:00 AM,1508,2,2,0,2,CLEAR,DRY,False,ANGLE COLLISION - OTHER,ANGLE,STRAIGHT & LEVEL,DAYLIGHT,,,9/18/2019 8:56:46 AM,False,2311,Accepted,
25649265,0568000,LOUISVILLE METRO POLICE DEPT,Accepted,JEFFERSON,,,BROOK,ST,S,,GRAY,,,,,38.246899813,-85.751469811,2.942,9/16/2019 12:00:00 AM,2200,2,2,0,0,CLEAR,DRY,False,ANGLE COLLISION - OTHER,ANGLE,STRAIGHT & LEVEL,DARK-HWY LIGHTED/ON,,,9/17/2019 8:33:47 AM,False,5254,Accepted,
25644339,0568000,LOUISVILLE METRO POLICE DEPT,Accepted,JEFFERSON,KY1931,,GREENWOOD,RD,,,DATURA,,,,,38.144188097,-85.855000649,2.306,9/16/2019 12:00:00 AM,0137,2,2,0,2,CLEAR,DRY,True,ANGLE COLLISION - OTHER,ANGLE,STRAIGHT & LEVEL,DARK-HWY NOT LIGHTED,,,9/16/2019 9:55:13 AM,False,7365,Accepted,
25655378,0560300,ST. MATTHEWS POLICE DEPARTMENT,Accepted,JEFFERSON,US0060,,SHELBYVILLE,RD,,I 0264,I264 W EXIT20B OFF RAMP TO US60,,,,,38.250090662,-85.620492876,5.474,9/16/2019 12:00:00 AM,1907,2,2,0,0,CLEAR,DRY,False,ANGLE COLLISION - OTHER,ANGLE,STRAIGHT & LEVEL,DAYLIGHT,,,9/18/2019 10:11:59 AM,False,9171,Accepted,
25649284,0568000,LOUISVILLE METRO POLICE DEPT,Accepted,JEFFERSON,,,CAPTAIN,PL,,US0031E,BARDSTOWN,,,,,38.128166308,-85.575829135,0.039,9/16/2019 12:00:00 AM,1940,2,2,0,0,CLOUDY,DRY,False,REAR END - ONE VEHICLE TURNING LEFT,REAR END,STRAIGHT & LEVEL,DUSK,,,9/17/2019 8:34:51 AM,False,6977,Accepted,
25649260,0568000,LOUISVILLE METRO POLICE DEPT,Accepted,JEFFERSON,,,CAROL,AVE,,KY1065,OUTER,,,,,38.138557772,-85.684763596,0.016,9/16/2019 12:00:00 AM,2014,2,2,0,0,CLEAR,DRY,True,OPPOSITE DIRECTION - BOTH VEHICLES GOING STRAIGHT AHEAD,SIDESWIPE-OPPOSITE DIRECTION,STRAIGHT & LEVEL,DARK-HWY NOT LIGHTED,,,9/17/2019 8:33:21 AM,False,5042,Accepted,
27036951,0568000,LOUISVILLE METRO POLICE DEPT,Accepted,JEFFERSON,I 0065,,I65 S,,,,,,,,,38.239047658,-85.753294070,134.792,9/16/2019 12:00:00 AM,0628,7,6,1,3,CLEAR,DRY,False,COLLISION WITH PEDESTRIAN NON - INTERSECTION,ANGLE,CURVE & LEVEL,DARK-HWY NOT LIGHTED,,,8/4/2020 10:40:15 AM,False,7772,Accepted,
25654803,0568000,LOUISVILLE METRO POLICE DEPT,Accepted,JEFFERSON,,908,CHEROKEE,RD,,,,,,,,38.243260401,-85.724935341,0.105,9/16/2019 12:00:00 AM,1914,1,1,0,0,CLEAR,DRY,False,COLLISION WITH FIXED OBJECT NON - INTERSECTION - FIRST EVENT COLLISION 09 - 32 EXCLUDING 16,SINGLE VEHICLE,CURVE & LEVEL,DAYLIGHT,,,9/18/2019 8:45:48 AM,False,7129,Accepted,
25675856,0568000,LOUISVILLE METRO POLICE DEPT,Accepted,JEFFERSON,,8611,HUDSON,LN,,,,,,,,38.170500581,-85.598183549,0.390,9/16/2019 12:00:00 AM,1611,1,1,0,0,CLOUDY,WET,False,COLLISION WITH FIXED OBJECT NON - INTERSECTION - FIRST EVENT COLLISION 09 - 32 EXCLUDING 16,SINGLE VEHICLE,CURVE & GRADE,DAYLIGHT,,,9/23/2019 8:48:45 AM,False,6494,Accepted,
25707408,0568000,LOUISVILLE METRO POLICE DEPT,Accepted,JEFFERSON,,,TOWNE CENTER,DR,,,,,,,,38.297052444,-85.555054719,0.104,9/16/2019 12:00:00 AM,1315,2,1,0,0,CLEAR,DRY,False,COLLISION WITH PEDESTRIAN NON - INTERSECTION,SINGLE VEHICLE,STRAIGHT & LEVEL,DAYLIGHT,,,9/30/2019 9:22:18 AM,False,7858,Accepted,
25649269,0568000,LOUISVILLE METRO POLICE DEPT,Accepted,JEFFERSON,,,1ST,ST,S,,ST CATHERINE,,,,,38.236875466,-85.754932711,1.337,9/16/2019 12:00:00 AM,2147,2,2,0,0,CLEAR,DRY,False,OTHER INTERSECTION COLLISIONS,REAR END,STRAIGHT & LEVEL,DARK-HWY LIGHTED/ON,,,9/17/2019 8:34:07 AM,False,5236,Accepted,
25649245,0568000,LOUISVILLE METRO POLICE DEPT,Accepted,JEFFERSON,,,ROY WILKINS,AVE,,,CHESTNUT,,,,,38.250850842,-85.766013495,0.469,9/16/2019 12:00:00 AM,1315,2,2,0,0,CLEAR,DRY,True,OTHER INTERSECTION COLLISIONS,REAR END,STRAIGHT & LEVEL,DAYLIGHT,,,9/17/2019 8:31:05 AM,False,5168,Accepted,
25654777,0568000,LOUISVILLE METRO POLICE DEPT,Accepted,JEFFERSON,,,1ST,ST,S,US0150,BROADWAY,,,,,38.245734967,-85.753399727,0.720,9/16/2019 12:00:00 AM,1725,2,2,0,0,CLEAR,DRY,True,OTHER INTERSECTION COLLISIONS,REAR END,STRAIGHT & LEVEL,DAYLIGHT,,,9/18/2019 8:42:37 AM,False,5269,Accepted,
25654877,0568000,LOUISVILLE METRO POLICE DEPT,Accepted,JEFFERSON,,,GAGEL,AVE,,KY1931,MANSLICK,,,,,38.170350464,-85.797792876,1.363,9/16/2019 12:00:00 AM,0752,2,2,0,0,CLEAR,DRY,True,OTHER INTERSECTION COLLISIONS,REAR END,STRAIGHT & LEVEL,DAYLIGHT,,,9/18/2019 8:56:18 AM,False,5232,Accepted,
25718995,0568000,LOUISVILLE METRO POLICE DEPT,Accepted,JEFFERSON,,,1ST,ST,S,US0150,BROADWAY,,,,,38.245741526,-85.753425877,0.719,9/16/2019 12:00:00 AM,2314,2,2,0,0,CLEAR,DRY,False,OTHER INTERSECTION COLLISIONS,REAR END,STRAIGHT & LEVEL,DARK-HWY LIGHTED/ON,,,10/2/2019 8:46:56 AM,False,7862,Accepted,
25649097,0568000,LOUISVILLE METRO POLICE DEPT,Accepted,JEFFERSON,US0042,,BROWNSBORO,RD,,,MELLWOOD,,,,,38.260127188,-85.716921097,1.024,9/16/2019 12:00:00 AM,0803,3,3,0,0,CLEAR,DRY,False,OTHER INTERSECTION COLLISIONS,REAR END,STRAIGHT & LEVEL,DAYLIGHT,,,9/17/2019 8:24:03 AM,False,7833,Accepted,