IncidentID,AgencyORI,AgencyName,IncidentStatusDesc,County,RdwyNumber,Street,RoadwayName,StreetSfx,StreetDir,IntersectionRdwy,IntersectionRdwyName,BetweenStRdwy1,BetweenStRdwyName1,BetweenStRdwy2,BetweenStRdwyName2,Latitude,Longitude,Milepoint,CollisionDate,CollisionTime,UnitsInvolved,MotorVehiclesInvolved,NumberKilled,NumberInjured,Weather,RdwyConditionCode,HitandRun,DirAnalysisCode,MannerofCollision,RdwyCharacter,LightCondition,RampFromRdwyId,RampToRdwyId,AcceptedDate,IsSecondaryCollision,OwnerBadge,IncidentStatus,
25649058,0568000,LOUISVILLE METRO POLICE DEPT,Accepted,JEFFERSON,US0031E,,BARDSTOWN,RD,,,BRIGHTON,,,,,38.214145180,-85.673512253,12.248,9/16/2019 12:00:00 AM,0959,2,2,0,0,CLEAR,DRY,False,OTHER INTERSECTION COLLISIONS,REAR END,STRAIGHT & LEVEL,DAYLIGHT,,,9/17/2019 8:17:23 AM,False,2278,Accepted,
25649094,0568000,LOUISVILLE METRO POLICE DEPT,Accepted,JEFFERSON,,,CHATEAU,LN,,,CULVER,,,,,38.147750441,-85.694612653,0.151,9/16/2019 12:00:00 AM,0530,1,1,0,0,CLEAR,DRY,True,OTHER INTERSECTION COLLISIONS,SINGLE VEHICLE,STRAIGHT & LEVEL,DARK-HWY LIGHTED/ON,,,9/17/2019 8:23:24 AM,False,7669,Accepted,
25644350,0568000,LOUISVILLE METRO POLICE DEPT,Accepted,JEFFERSON,US0031W,,DIXIE,HWY,,,WELLS,,,,,38.147654927,-85.837913536,11.938,9/16/2019 12:00:00 AM,0023,2,2,0,0,CLEAR,DRY,False,SIDESWIPE-SAME DIRECTION,SIDESWIPE-SAME DIRECTION,STRAIGHT & LEVEL,DARK-HWY LIGHTED/ON,,,9/16/2019 9:56:54 AM,False,5170,Accepted,
25688815,0568000,LOUISVILLE METRO POLICE DEPT,Accepted,JEFFERSON,,,SPRINGHURST,BLVD,,,WHITE BLOSSOM,,,,,38.304965908,-85.568736310,1.205,9/16/2019 12:00:00 AM,1830,2,2,0,0,CLEAR,DRY,False,SIDESWIPE-SAME DIRECTION,SIDESWIPE-SAME DIRECTION,STRAIGHT & LEVEL,DAYLIGHT,,,9/25/2019 2:57:01 PM,False,7858,Accepted,
25665603,0568000,LOUISVILLE METRO POLICE DEPT,Accepted,JEFFERSON,,,KENTUCKY,ST,W,KY1020,2ND,,,,,38.238567884,-85.756326726,3.740,9/16/2019 12:00:00 AM,1224,2,2,0,0,CLEAR,DRY,False,SIDESWIPE-SAME DIRECTION,SIDESWIPE-SAME DIRECTION,STRAIGHT & LEVEL,DAYLIGHT,,,9/20/2019 9:23:08 AM,False,7441,Accepted,
25761841,0568000,LOUISVILLE METRO POLICE DEPT,Accepted,JEFFERSON,KY1065,,OUTER,LOOP,,I 0065,I65 S EXIT127 ON RAMP FROM KY1065,,,,,38.137063891,-85.709361787,4.774,9/16/2019 12:00:00 AM,1750,2,2,0,0,CLEAR,DRY,False,SIDESWIPE-SAME DIRECTION,SIDESWIPE-SAME DIRECTION,STRAIGHT & LEVEL,DAYLIGHT,,,10/11/2019 10:20:54 AM,False,7269,Accepted,
25675860,0568000,LOUISVILLE METRO POLICE DEPT,Accepted,JEFFERSON,,,BARINGER,AVE,,,,,,,,38.236440556,-85.704335619,0.430,9/16/2019 12:00:00 AM,1337,2,2,0,0,CLEAR,DRY,True,1 VEHICLE PARKED POSITION (NOT PARKING LOT/DRIVEWAY),BACKING,STRAIGHT & LEVEL,DAYLIGHT,,,9/23/2019 8:49:05 AM,False,7034,Accepted,
25644566,0568000,LOUISVILLE METRO POLICE DEPT,Accepted,JEFFERSON,I 0265,,I265 E,,,,,I 0265,I265 E EXIT19 ON RAMP FROM KY1819,I 0265,I265 E EXIT23 OFF RAMP TO KY155,38.183384587,-85.508163671,22.751,9/16/2019 12:00:00 AM,0730,2,2,0,0,CLEAR,DRY,False,REAR END IN TRAFFIC LANES BOTH VEHICLES MOVING,REAR END,STRAIGHT & LEVEL,DAYLIGHT,,,9/16/2019 10:23:17 AM,False,2017,Accepted,
25649230,0568000,LOUISVILLE METRO POLICE DEPT,Accepted,JEFFERSON,,,BROOK,ST,S,,,,BRECKINRIDGE,,CALDWELL,38.241050721,-85.752498412,2.534,9/16/2019 12:00:00 AM,0839,3,3,0,0,CLEAR,DRY,False,REAR END IN TRAFFIC LANES BOTH VEHICLES MOVING,REAR END,STRAIGHT & LEVEL,DAYLIGHT,,,9/17/2019 8:28:03 AM,False,7418,Accepted,
25649098,0568000,LOUISVILLE METRO POLICE DEPT,Accepted,JEFFERSON,KY0864,,POPLAR LEVEL,RD,,,,,RANGELAND,,MEDALLION,38.167148834,-85.681572405,8.870,9/16/2019 12:00:00 AM,1342,2,2,0,0,CLEAR,DRY,False,REAR END IN TRAFFIC LANES BOTH VEHICLES MOVING,REAR END,STRAIGHT & LEVEL,DAYLIGHT,,,9/17/2019 8:24:24 AM,False,7451,Accepted,
25649099,0568000,LOUISVILLE METRO POLICE DEPT,Accepted,JEFFERSON,KY0841,,GENE SNYDER,FWY,,,,,WOODRIDGE,US0031W,US31W RAMP FROM KY841,38.089943019,-85.865947016,0.573,9/16/2019 12:00:00 AM,1701,2,2,0,0,CLEAR,DRY,False,REAR END IN TRAFFIC LANES BOTH VEHICLES MOVING,REAR END,STRAIGHT & GRADE,DAYLIGHT,,,9/17/2019 8:25:10 AM,False,2098,Accepted,
25649231,0568000,LOUISVILLE METRO POLICE DEPT,Accepted,JEFFERSON,KY1747,,HURSTBOURNE,PKWY,S,,,,BUNSEN,I 0064,I64 E EXIT15A OFF RAMP TO KY1747,38.219661140,-85.582862998,11.545,9/16/2019 12:00:00 AM,1719,2,2,0,0,CLEAR,DRY,False,REAR END IN TRAFFIC LANES BOTH VEHICLES MOVING,REAR END,STRAIGHT & LEVEL,DAYLIGHT,,,9/17/2019 8:28:19 AM,False,7448,Accepted,
25649089,0568000,LOUISVILLE METRO POLICE DEPT,Accepted,JEFFERSON,,,3RD,ST,S,,,,WHITNEY,,LANSING,38.193565352,-85.764953476,0.485,9/16/2019 12:00:00 AM,1209,2,2,0,0,CLEAR,DRY,False,REAR END IN TRAFFIC LANES BOTH VEHICLES MOVING,REAR END,STRAIGHT & LEVEL,DAYLIGHT,,,9/17/2019 8:20:10 AM,False,7872,Accepted,
25649096,0568000,LOUISVILLE METRO POLICE DEPT,Accepted,JEFFERSON,KY1865,,NEW CUT,RD,,,,,,,,38.150638959,-85.776336301,3.000,9/16/2019 12:00:00 AM,1630,2,2,0,0,CLEAR,DRY,False,REAR END IN TRAFFIC LANES BOTH VEHICLES MOVING,REAR END,STRAIGHT & LEVEL,DAYLIGHT,,,9/17/2019 8:23:48 AM,False,7331,Accepted,
25644369,0568000,LOUISVILLE METRO POLICE DEPT,Accepted,JEFFERSON,KY0061,,PRESTON,HWY,,,,,,,,38.111077996,-85.675261280,1.948,9/16/2019 12:00:00 AM,0529,2,2,0,0,CLEAR,DRY,False,REAR END IN TRAFFIC LANES BOTH VEHICLES MOVING,REAR END,STRAIGHT & LEVEL,DARK-HWY LIGHTED/ON,,,9/16/2019 9:59:36 AM,False,5182,Accepted,
25644347,0568000,LOUISVILLE METRO POLICE DEPT,Accepted,JEFFERSON,KY1065,,OUTER,LOOP,,,,,LAUREL RIDGE,,JUDGE,38.137661239,-85.670708941,6.933,9/16/2019 12:00:00 AM,0329,2,2,0,0,CLEAR,DRY,False,REAR END IN TRAFFIC LANES BOTH VEHICLES MOVING,REAR END,STRAIGHT & LEVEL,DARK-HWY NOT LIGHTED,,,9/16/2019 9:56:17 AM,False,7484,Accepted,
25649234,0568000,LOUISVILLE METRO POLICE DEPT,Accepted,JEFFERSON,KY0155,,TAYLORSVILLE,RD,,,,,,,,38.190674069,-85.489484804,5.008,9/16/2019 12:00:00 AM,1527,2,2,0,0,CLOUDY,DRY,False,REAR END IN TRAFFIC LANES BOTH VEHICLES MOVING,REAR END,STRAIGHT & LEVEL,DAYLIGHT,,,9/17/2019 8:28:52 AM,False,4693,Accepted,
25649236,0568000,LOUISVILLE METRO POLICE DEPT,Accepted,JEFFERSON,US0031E,,BARDSTOWN,RD,,,,,,,,38.144353625,-85.584650161,5.131,9/16/2019 12:00:00 AM,1640,2,2,0,0,CLOUDY,DRY,False,REAR END IN TRAFFIC LANES BOTH VEHICLES MOVING,REAR END,STRAIGHT & LEVEL,DAYLIGHT,,,9/17/2019 8:29:02 AM,False,4693,Accepted,
25649237,0568000,LOUISVILLE METRO POLICE DEPT,Accepted,JEFFERSON,KY1065,,OUTER,LOOP,,,,,,,,38.138111233,-85.676645514,6.614,9/16/2019 12:00:00 AM,1736,2,2,0,0,CLOUDY,DRY,False,REAR END IN TRAFFIC LANES BOTH VEHICLES MOVING,REAR END,STRAIGHT & LEVEL,DAYLIGHT,,,9/17/2019 8:29:14 AM,False,4693,Accepted,
25688808,0568000,LOUISVILLE METRO POLICE DEPT,Accepted,JEFFERSON,I 0265,,I265 N,,,,,,,,,38.311957459,-85.576443159,34.362,9/16/2019 12:00:00 AM,0754,2,2,0,0,CLEAR,DRY,False,REAR END IN TRAFFIC LANES BOTH VEHICLES MOVING,REAR END,STRAIGHT & GRADE,DAYLIGHT,,,9/25/2019 2:56:38 PM,False,7858,Accepted,
25654782,0568000,LOUISVILLE METRO POLICE DEPT,Accepted,JEFFERSON,I 0265,,I265 E,,,,,,,,,38.112227933,-85.691409859,10.825,9/16/2019 12:00:00 AM,1519,2,2,0,0,CLEAR,DRY,False,REAR END IN TRAFFIC LANES BOTH VEHICLES MOVING,REAR END,STRAIGHT & LEVEL,DAYLIGHT,,,9/18/2019 8:43:34 AM,False,7764,Accepted,
25654801,0568000,LOUISVILLE METRO POLICE DEPT,Accepted,JEFFERSON,I 0064,,I64 E,,,,,,,,,38.234173835,-85.612600384,13.099,9/16/2019 12:00:00 AM,1700,2,2,0,0,CLEAR,DRY,True,REAR END IN TRAFFIC LANES BOTH VEHICLES MOVING,REAR END,STRAIGHT & LEVEL,DAYLIGHT,,,9/18/2019 8:45:25 AM,False,7628,Accepted,
25675742,0568000,LOUISVILLE METRO POLICE DEPT,Accepted,JEFFERSON,KY1865,5859,NEW CUT,RD,,,,,,,,38.129464304,-85.774192407,1.502,9/16/2019 12:00:00 AM,1700,2,2,0,0,CLEAR,DRY,False,REAR END IN TRAFFIC LANES BOTH VEHICLES MOVING,REAR END,STRAIGHT & LEVEL,DAYLIGHT,,,9/23/2019 8:46:47 AM,False,7080,Accepted,
25676066,0568000,LOUISVILLE METRO POLICE DEPT,Accepted,JEFFERSON,KY1865,,NEW CUT,RD,,,,,,,,38.134743881,-85.772783011,1.894,9/16/2019 12:00:00 AM,1433,2,2,0,0,CLEAR,DRY,False,REAR END IN TRAFFIC LANES BOTH VEHICLES MOVING,REAR END,STRAIGHT & GRADE,DAYLIGHT,,,9/23/2019 9:14:16 AM,False,7221,Accepted,
25861555,0568000,LOUISVILLE METRO POLICE DEPT,Accepted,JEFFERSON,KY1703,,NEWBURG,RD,,,,,,,,38.223342624,-85.710859865,4.271,9/16/2019 12:00:00 AM,0350,2,2,0,0,CLEAR,DRY,True,REAR END IN TRAFFIC LANES BOTH VEHICLES MOVING,REAR END,STRAIGHT & LEVEL,DARK-HWY LIGHTED/ON,,,10/31/2019 9:05:11 AM,False,5258,Accepted,
25688810,0568000,LOUISVILLE METRO POLICE DEPT,Accepted,JEFFERSON,I 0064,,I64 W,,,,,,,,,38.231480283,-85.603850654,13.405,9/16/2019 12:00:00 AM,0838,2,2,0,1,CLEAR,DRY,False,SIDESWIPE COLLISION - SAME DIRECTION,SIDESWIPE-SAME DIRECTION,STRAIGHT & LEVEL,DAYLIGHT,,,9/25/2019 2:56:45 PM,False,7858,Accepted,
25649280,0568000,LOUISVILLE METRO POLICE DEPT,Accepted,JEFFERSON,,1500,15TH,ST,S,,,,,,,38.248153225,-85.776650037,1.578,9/16/2019 12:00:00 AM,2153,2,2,0,1,CLEAR,DRY,False,SIDESWIPE COLLISION - SAME DIRECTION,SIDESWIPE-SAME DIRECTION,STRAIGHT & LEVEL,DARK-HWY LIGHTED/ON,,,9/17/2019 8:34:42 AM,False,7253,Accepted,
25649233,0568000,LOUISVILLE METRO POLICE DEPT,Accepted,JEFFERSON,I 0265,,I265 W,,,,,,,,,38.112634208,-85.691693084,10.808,9/16/2019 12:00:00 AM,1054,2,2,0,0,CLEAR,DRY,False,SIDESWIPE COLLISION - SAME DIRECTION,SIDESWIPE-SAME DIRECTION,STRAIGHT & LEVEL,DAYLIGHT,,,9/17/2019 8:28:31 AM,False,4693,Accepted,
25654818,0568000,LOUISVILLE METRO POLICE DEPT,Accepted,JEFFERSON,I 0065,,I65 S,,,,,,,,,38.240728004,-85.753134807,134.909,9/16/2019 12:00:00 AM,0628,2,2,0,0,CLEAR,DRY,False,SIDESWIPE COLLISION - SAME DIRECTION,SIDESWIPE-SAME DIRECTION,CURVE & LEVEL,DARK-HWY LIGHTED/ON,,,9/18/2019 8:46:41 AM,False,6886,Accepted,
25655371,0560300,ST. MATTHEWS POLICE DEPARTMENT,Accepted,JEFFERSON,US0060,,SHELBYVILLE,RD,,,,,,,,38.249683746,-85.615416340,5.749,9/16/2019 12:00:00 AM,1216,2,2,0,0,CLEAR,DRY,False,SIDESWIPE COLLISION - SAME DIRECTION,SIDESWIPE-SAME DIRECTION,STRAIGHT & LEVEL,DAYLIGHT,,,9/18/2019 10:10:55 AM,False,9131,Accepted,
25649082,0568000,LOUISVILLE METRO POLICE DEPT,Accepted,JEFFERSON,,,MUHAMMAD ALI,BLVD,W,,,,ARMORY,,6TH,38.251447521,-85.760363231,0.431,9/16/2019 12:00:00 AM,0920,2,2,0,0,CLEAR,DRY,False,SIDESWIPE COLLISION - SAME DIRECTION,SIDESWIPE-SAME DIRECTION,CURVE & LEVEL,DAYLIGHT,,,9/17/2019 8:18:13 AM,False,5187,Accepted,
25654857,0568000,LOUISVILLE METRO POLICE DEPT,Accepted,JEFFERSON,,,15TH,ST,N,,,,,,,38.261278814,-85.774274837,0.184,9/16/2019 12:00:00 AM,1230,2,2,0,0,CLEAR,DRY,False,1 VEHICLE ENTERING/LEAVING ENTRANCE,ANGLE,STRAIGHT & LEVEL,DAYLIGHT,,,9/18/2019 8:52:20 AM,False,7288,Accepted,
25649084,0568000,LOUISVILLE METRO POLICE DEPT,Accepted,JEFFERSON,,,JEFFERSON,BLVD,,,,,MCCAWLEY,,BATES,38.142225088,-85.674915659,0.297,9/16/2019 12:00:00 AM,1004,2,2,0,0,CLEAR,DRY,False,1 VEHICLE ENTERING/LEAVING ENTRANCE,ANGLE,STRAIGHT & LEVEL,DAYLIGHT,,,9/17/2019 8:18:19 AM,False,2017,Accepted,
25654843,0568000,LOUISVILLE METRO POLICE DEPT,Accepted,JEFFERSON,,,HIKES,LN,,,,,KLONDIKE,,NOE,38.210776205,-85.641109528,2.179,9/16/2019 12:00:00 AM,1538,2,2,0,0,CLOUDY,WET,False,1 VEHICLE ENTERING/LEAVING ENTRANCE,ANGLE,STRAIGHT & LEVEL,DAYLIGHT,,,9/18/2019 8:50:05 AM,False,7059,Accepted,
25654858,0568000,LOUISVILLE METRO POLICE DEPT,Accepted,JEFFERSON,,,MAIN,ST,W,,,,,,,38.260482540,-85.791273643,0.273,9/16/2019 12:00:00 AM,1835,2,2,0,2,CLEAR,DRY,False,1 VEHICLE ENTERING/LEAVING ENTRANCE,ANGLE,STRAIGHT & LEVEL,DAYLIGHT,,,9/18/2019 8:52:29 AM,True,7288,Accepted,
25644570,0568000,LOUISVILLE METRO POLICE DEPT,Accepted,JEFFERSON,KY0061,550,JACKSON,ST,S,,,,,,,38.248132731,-85.745304409,12.497,9/16/2019 12:00:00 AM,0853,2,2,0,0,CLEAR,DRY,False,COLLISION IN PARKING LOT,SIDESWIPE-SAME DIRECTION,CURVE & LEVEL,DAYLIGHT,,,9/16/2019 10:24:23 AM,False,7377,Accepted,
25649262,0568000,LOUISVILLE METRO POLICE DEPT,Accepted,JEFFERSON,,6100,DUTCHMANS,LN,,,,,,,,38.229706609,-85.640111833,0.859,9/16/2019 12:00:00 AM,1945,2,2,0,0,CLEAR,DRY,False,COLLISION IN PARKING LOT,BACKING,STRAIGHT & LEVEL,DUSK,,,9/17/2019 8:33:33 AM,False,7935,Accepted,
25654842,0568000,LOUISVILLE METRO POLICE DEPT,Accepted,JEFFERSON,,4111,BROWNS,LN,,,,,RICHLAND,,EDMONIA,38.220794760,-85.624823107,2.951,9/16/2019 12:00:00 AM,1251,2,2,0,0,CLEAR,DRY,True,COLLISION IN PARKING LOT,BACKING,STRAIGHT & LEVEL,DAYLIGHT,,,9/18/2019 8:49:58 AM,False,7059,Accepted,
25649267,0568000,LOUISVILLE METRO POLICE DEPT,Accepted,JEFFERSON,I 0265,,,,,,,,,,,38.298084119,-85.547169056,0.353,9/16/2019 12:00:00 AM,1947,2,2,0,0,CLEAR,DRY,False,OTHER RAMP RELATED COLLISIONS NOT LISTED ABOVE,REAR END,STRAIGHT & LEVEL,DUSK,I 0265,KY1447,9/17/2019 8:33:57 AM,False,7243,Accepted,
25654859,0568000,LOUISVILLE METRO POLICE DEPT,Accepted,JEFFERSON,I 0064,,,,,,,,,,,38.223005429,-85.580130919,0.391,9/16/2019 12:00:00 AM,1240,2,2,0,0,CLEAR,DRY,False,OTHER RAMP RELATED COLLISIONS NOT LISTED ABOVE,REAR END,STRAIGHT & LEVEL,DAYLIGHT,I 0064,KY1747,9/18/2019 8:52:37 AM,False,8278,Accepted,
25644378,0568000,LOUISVILLE METRO POLICE DEPT,Accepted,JEFFERSON,I 0265,,,,,,,,,,,38.125936000,-85.614468932,0.277,9/16/2019 12:00:00 AM,0736,2,2,0,0,CLEAR,DRY,False,OTHER RAMP RELATED COLLISIONS NOT LISTED ABOVE,REAR END,STRAIGHT & GRADE,DAWN,I 0265,KY0864,9/16/2019 10:00:56 AM,False,7255,Accepted,
25644565,0568000,LOUISVILLE METRO POLICE DEPT,Accepted,JEFFERSON,I 0264,,,,,,,,,,,38.202058783,-85.689704700,0.188,9/16/2019 12:00:00 AM,0808,2,2,0,0,CLEAR,DRY,False,OTHER RAMP RELATED COLLISIONS NOT LISTED ABOVE,REAR END,CURVE & LEVEL,DAYLIGHT,I 0264,KY1703,9/16/2019 10:23:10 AM,False,2278,Accepted,
25644569,0568000,LOUISVILLE METRO POLICE DEPT,Accepted,JEFFERSON,I 0071,,,,,,,,,,,38.275635521,-85.697670145,0.238,9/16/2019 12:00:00 AM,0752,2,2,0,0,CLEAR,DRY,False,OTHER RAMP RELATED COLLISIONS NOT LISTED ABOVE,REAR END,STRAIGHT & LEVEL,DAYLIGHT,I 0071,ZORN AVE,9/16/2019 10:24:09 AM,False,7023,Accepted,
25649238,0568000,LOUISVILLE METRO POLICE DEPT,Accepted,JEFFERSON,I 0065,,,,,,,,,,,38.157396137,-85.716433764,0.476,9/16/2019 12:00:00 AM,1736,2,2,0,0,CLOUDY,DRY,False,OTHER RAMP RELATED COLLISIONS NOT LISTED ABOVE,REAR END,CURVE & LEVEL,DAYLIGHT,I 0065,KY1631,9/17/2019 8:29:30 AM,False,4693,Accepted,
25654841,0568000,LOUISVILLE METRO POLICE DEPT,Accepted,JEFFERSON,,,MANNER DALE,DR,,,,,ENRIDGE,KY1932,BRECKENRIDGE,38.202220144,-85.621112458,0.072,9/16/2019 12:00:00 AM,0845,2,2,0,0,CLEAR,DRY,False,OTHER ROADWAY OR MID-BLOCK COLLISION,REAR END,STRAIGHT & LEVEL,DAYLIGHT,,,9/18/2019 8:49:50 AM,False,7059,Accepted,
25649285,0568000,LOUISVILLE METRO POLICE DEPT,Accepted,JEFFERSON,US0031E,,BARDSTOWN,RD,,,,,CEDAR SPRINGS,,CEDARLOOK,38.145683814,-85.585201491,5.228,9/16/2019 12:00:00 AM,1415,2,2,0,0,CLEAR,DRY,False,OTHER ROADWAY OR MID-BLOCK COLLISION,REAR END,STRAIGHT & LEVEL,DAYLIGHT,,,9/17/2019 8:35:06 AM,False,2017,Accepted,
25676004,0568000,LOUISVILLE METRO POLICE DEPT,Accepted,JEFFERSON,US0031W,10400B,DIXIE,HWY,,,,,,,,38.105109472,-85.868368538,8.438,9/16/2019 12:00:00 AM,1726,2,2,0,0,CLEAR,DRY,False,OTHER ROADWAY OR MID-BLOCK COLLISION,OPPOSING LEFT TURN,STRAIGHT & LEVEL,DAYLIGHT,,,9/23/2019 9:05:20 AM,False,7144,Accepted,
25649251,0568000,LOUISVILLE METRO POLICE DEPT,Accepted,JEFFERSON,,,CARL,CT,,,,,,,,38.191268148,-85.802913524,0.046,9/16/2019 12:00:00 AM,2003,2,1,0,0,CLEAR,DRY,True,OTHER ROADWAY OR MID-BLOCK COLLISION,SINGLE VEHICLE,STRAIGHT & LEVEL,DARK-HWY LIGHTED/ON,,,9/17/2019 8:32:20 AM,False,7344,Accepted,
25644372,0568000,LOUISVILLE METRO POLICE DEPT,Accepted,JEFFERSON,KY1747,,FERN VALLEY,RD,,,,,,,,38.157630391,-85.718250155,0.765,9/16/2019 12:00:00 AM,0610,2,2,0,0,CLEAR,DRY,False,OTHER ROADWAY OR MID-BLOCK COLLISION,OPPOSING LEFT TURN,STRAIGHT & LEVEL,DARK-HWY LIGHTED/ON,,,9/16/2019 9:59:45 AM,False,5182,Accepted,
25649093,0568000,LOUISVILLE METRO POLICE DEPT,Accepted,JEFFERSON,KY0907,8411,3RD ST,RD,,,,,,,,38.120622808,-85.804244922,3.940,9/16/2019 12:00:00 AM,0739,2,2,0,1,CLEAR,DRY,False,OTHER ROADWAY OR MID-BLOCK COLLISION,REAR END,STRAIGHT & LEVEL,DAYLIGHT,,,9/17/2019 8:23:12 AM,False,6326,Accepted,
25644248,0568000,LOUISVILLE METRO POLICE DEPT,Accepted,JEFFERSON,,,CENTRAL,AVE,,,,,9TH,US0060A,TAYLOR,38.206213590,-85.775952996,1.012,9/15/2019 12:00:00 AM,1419,2,2,0,0,CLEAR,DRY,False,OTHER ROADWAY OR MID-BLOCK COLLISION,REAR END,STRAIGHT & LEVEL,DAYLIGHT,,,9/16/2019 9:48:50 AM,False,5286,Accepted,
25644349,0568000,LOUISVILLE METRO POLICE DEPT,Accepted,JEFFERSON,,,MCCREADY,AVE,,,,,,,,38.253383299,-85.674032198,0.078,9/15/2019 12:00:00 AM,2023,1,1,0,0,CLEAR,DRY,True,OTHER ROADWAY OR MID-BLOCK COLLISION,SINGLE VEHICLE,STRAIGHT & LEVEL,DARK-HWY NOT LIGHTED,,,9/16/2019 9:56:46 AM,False,5104,Accepted,
25644284,0568000,LOUISVILLE METRO POLICE DEPT,Accepted,JEFFERSON,,,PLAZA (BUECHEL BYPASS RAMP),AVE,,,,,PLAZA,US0031E,BUECHEL,38.191176689,-85.652305176,0.025,9/15/2019 12:00:00 AM,1213,2,2,0,0,CLEAR,DRY,False,OTHER ROADWAY OR MID-BLOCK COLLISION,REAR END,CURVE & LEVEL,DAYLIGHT,,,9/16/2019 9:51:52 AM,False,6100,Accepted,
25644232,0568000,LOUISVILLE METRO POLICE DEPT,Accepted,JEFFERSON,I 0065,,,,,,,,,,,38.157396595,-85.716404853,0.478,9/15/2019 12:00:00 AM,1251,2,2,0,0,CLEAR,DRY,False,OTHER RAMP RELATED COLLISIONS NOT LISTED ABOVE,REAR END,STRAIGHT & LEVEL,DAYLIGHT,I 0065,KY1631,9/16/2019 9:47:00 AM,False,7397,Accepted,
25644273,0568000,LOUISVILLE METRO POLICE DEPT,Accepted,JEFFERSON,US0031W,9905,DIXIE,HWY,,,,,,,,38.112985999,-85.862427015,9.066,9/15/2019 12:00:00 AM,1716,3,3,0,0,CLEAR,DRY,True,COLLISION IN PARKING LOT,ANGLE,STRAIGHT & LEVEL,DAYLIGHT,,,9/16/2019 9:50:23 AM,False,7768,Accepted,
25644331,0568000,LOUISVILLE METRO POLICE DEPT,Accepted,JEFFERSON,,6500,HACKEL,DR,,,,,,,,38.167852353,-85.873883895,0.117,9/15/2019 12:00:00 AM,1322,2,2,0,0,CLEAR,DRY,True,COLLISION IN PARKING LOT,ANGLE,STRAIGHT & LEVEL,DAYLIGHT,,,9/16/2019 9:53:57 AM,False,7356,Accepted,
25675916,0568000,LOUISVILLE METRO POLICE DEPT,Accepted,JEFFERSON,I 0265,,,,,,,,,,,38.145107065,-85.546882580,0.287,9/15/2019 12:00:00 AM,0110,1,1,1,0,CLEAR,DRY,False,COLLISION WITH FIXED OBJECT NOT IN GORE ,SINGLE VEHICLE,CURVE & HILLCREST,DARK-HWY LIGHTED/ON,I 0265,KY1819,9/23/2019 8:55:26 AM,False,7786,Accepted,
25644373,0568000,LOUISVILLE METRO POLICE DEPT,Accepted,JEFFERSON,,930,BARRET,AVE,,,,,,,,38.247347751,-85.730725823,0.044,9/15/2019 12:00:00 AM,2122,2,2,0,1,CLEAR,DRY,False,1 VEHICLE ENTERING/LEAVING ENTRANCE,ANGLE,STRAIGHT & LEVEL,DARK-HWY LIGHTED/ON,,,9/16/2019 9:59:55 AM,False,5152,Accepted,
25644280,0568000,LOUISVILLE METRO POLICE DEPT,Accepted,JEFFERSON,KY1727,,TERRY,RD,,,,,,,,38.125099371,-85.874506045,0.229,9/15/2019 12:00:00 AM,1402,2,2,0,0,CLEAR,DRY,True,1 VEHICLE ENTERING/LEAVING ENTRANCE,ANGLE,STRAIGHT & LEVEL,DAYLIGHT,,,9/16/2019 9:51:43 AM,False,7841,Accepted,
25644265,0568000,LOUISVILLE METRO POLICE DEPT,Accepted,JEFFERSON,I 0265,,I265 N,,,,,,,,,38.222810667,-85.505450743,25.486,9/15/2019 12:00:00 AM,1313,2,2,0,0,CLEAR,DRY,False,SIDESWIPE COLLISION - SAME DIRECTION,SIDESWIPE-SAME DIRECTION,STRAIGHT & LEVEL,DAYLIGHT,,,9/16/2019 9:49:45 AM,False,7751,Accepted,
25644271,0568000,LOUISVILLE METRO POLICE DEPT,Accepted,JEFFERSON,,4400,MARKET,ST,W,,,,,,,38.263824691,-85.820695760,1.905,9/15/2019 12:00:00 AM,0946,2,2,0,0,CLEAR,DRY,False,SIDESWIPE COLLISION - OPPOSITE DIRECTION,SIDESWIPE-OPPOSITE DIRECTION,STRAIGHT & LEVEL,DAYLIGHT,,,9/16/2019 9:50:16 AM,False,7469,Accepted,
25665525,0568000,LOUISVILLE METRO POLICE DEPT,Accepted,JEFFERSON,US0031E,3340,BARDSTOWN,RD,,,,,,,,38.207145156,-85.668045251,11.681,9/15/2019 12:00:00 AM,1935,2,2,0,0,CLEAR,DRY,False,SIDESWIPE COLLISION - SAME DIRECTION,SIDESWIPE-SAME DIRECTION,STRAIGHT & LEVEL,DARK (UNKNOWN ROADWAY LIGHTING),,,9/20/2019 9:13:13 AM,False,5019,Accepted,
25649078,0568000,LOUISVILLE METRO POLICE DEPT,Accepted,JEFFERSON,US0031E,,MAIN,ST,W,,,,1ST,,2ND,38.256220195,-85.752934324,17.866,9/15/2019 12:00:00 AM,1338,2,2,0,0,CLEAR,DRY,False,SIDESWIPE COLLISION - SAME DIRECTION,SIDESWIPE-SAME DIRECTION,STRAIGHT & LEVEL,DAYLIGHT,,,9/17/2019 8:18:05 AM,False,7058,Accepted,
25644253,0568000,LOUISVILLE METRO POLICE DEPT,Accepted,JEFFERSON,KY0864,,POPLAR LEVEL,RD,,,,,MEDALLION,,RANGELAND,38.167100042,-85.681531638,8.865,9/15/2019 12:00:00 AM,1029,2,2,0,0,CLEAR,DRY,False,SIDESWIPE COLLISION - SAME DIRECTION,SIDESWIPE-SAME DIRECTION,STRAIGHT & LEVEL,DAYLIGHT,,,9/16/2019 9:49:10 AM,False,5247,Accepted,