IncidentID,AgencyORI,AgencyName,IncidentStatusDesc,County,RdwyNumber,Street,RoadwayName,StreetSfx,StreetDir,IntersectionRdwy,IntersectionRdwyName,BetweenStRdwy1,BetweenStRdwyName1,BetweenStRdwy2,BetweenStRdwyName2,Latitude,Longitude,Milepoint,CollisionDate,CollisionTime,UnitsInvolved,MotorVehiclesInvolved,NumberKilled,NumberInjured,Weather,RdwyConditionCode,HitandRun,DirAnalysisCode,MannerofCollision,RdwyCharacter,LightCondition,RampFromRdwyId,RampToRdwyId,AcceptedDate,IsSecondaryCollision,OwnerBadge,IncidentStatus,
25644224,0568000,LOUISVILLE METRO POLICE DEPT,Accepted,JEFFERSON,I 0065,,I65 N,,,,,,,,,38.175501372,-85.719405612,129.551,9/15/2019 12:00:00 AM,1008,3,3,0,1,CLEAR,DRY,False,SIDESWIPE COLLISION - SAME DIRECTION,SIDESWIPE-SAME DIRECTION,STRAIGHT & GRADE,DAYLIGHT,,,9/16/2019 9:45:15 AM,False,5130,Accepted,
25997554,0568000,LOUISVILLE METRO POLICE DEPT,Accepted,JEFFERSON,KY1931,,MANSLICK,RD,,,,,STEPHAN,,DE MEL,38.168276185,-85.797200517,6.435,9/15/2019 12:00:00 AM,0347,3,3,2,1,CLOUDY,DRY,False,HEAD-ON COLLISION,HEAD ON,STRAIGHT & GRADE,DARK-HWY NOT LIGHTED,,,12/2/2019 10:08:11 AM,False,7851,Accepted,
25660033,0568000,LOUISVILLE METRO POLICE DEPT,Accepted,JEFFERSON,I 0071,,I71 N,,,,,,,,,38.297268224,-85.624475824,6.440,9/15/2019 12:00:00 AM,0556,3,3,0,0,CLEAR,DRY,False,HEAD-ON COLLISION,HEAD ON,STRAIGHT & LEVEL,DARK-HWY LIGHTED/OFF,,,9/19/2019 8:27:42 AM,False,7159,Accepted,
25644225,0568000,LOUISVILLE METRO POLICE DEPT,Accepted,JEFFERSON,KY1447,,WESTPORT,RD,,I 0264,I264 W EXIT21 OFF RAMP TO KY1447,,,,,38.265445739,-85.624255213,1.972,9/15/2019 12:00:00 AM,1130,2,2,0,0,CLEAR,DRY,False,HEAD-ON COLLISION,HEAD ON,STRAIGHT & LEVEL,DAYLIGHT,,,9/16/2019 9:45:45 AM,False,7313,Accepted,
25644219,0568000,LOUISVILLE METRO POLICE DEPT,Accepted,JEFFERSON,KY1931,3513,MANSLICK,RD,,,,,,,,38.195769458,-85.798993683,8.429,9/15/2019 12:00:00 AM,0137,1,1,0,2,CLEAR,DRY,False,OTHER COLLISIONS ON SHOULDER,SINGLE VEHICLE,CURVE & LEVEL,DARK-HWY LIGHTED/ON,,,9/16/2019 9:44:23 AM,False,7455,Accepted,
25644334,0568000,LOUISVILLE METRO POLICE DEPT,Accepted,JEFFERSON,,3529,MUHAMMAD ALI,BLVD,W,,,,,,,38.256910183,-85.809271439,3.078,9/15/2019 12:00:00 AM,0431,2,2,0,0,CLEAR,DRY,False,1 VEHICLE PARKED POSITION (NOT PARKING LOT/DRIVEWAY),SIDESWIPE-SAME DIRECTION,STRAIGHT & LEVEL,DARK-HWY LIGHTED/ON,,,9/16/2019 9:54:37 AM,False,7343,Accepted,
25644338,0568000,LOUISVILLE METRO POLICE DEPT,Accepted,JEFFERSON,,432,26TH,ST,S,,,,,,,38.256309436,-85.794118671,0.307,9/15/2019 12:00:00 AM,2232,2,2,0,0,CLEAR,DRY,False,1 VEHICLE PARKED POSITION (NOT PARKING LOT/DRIVEWAY),SIDESWIPE-SAME DIRECTION,STRAIGHT & LEVEL,OTHER,,,9/16/2019 9:55:06 AM,False,7173,Accepted,
25681584,0568000,LOUISVILLE METRO POLICE DEPT,Accepted,JEFFERSON,KY1631,,CRITTENDEN,DR,,,BOXLEY,,,,,38.205378055,-85.750835377,1.200,9/15/2019 12:00:00 AM,1200,2,2,0,0,CLEAR,DRY,False,SIDESWIPE-SAME DIRECTION,SIDESWIPE-SAME DIRECTION,STRAIGHT & LEVEL,DAYLIGHT,,,9/24/2019 8:41:41 AM,False,7251,Accepted,
25644333,0568000,LOUISVILLE METRO POLICE DEPT,Accepted,JEFFERSON,,,SCENIC,TRL,,KY1230,LOWER RIVER,,,,,38.077290808,-85.901770896,0.002,9/15/2019 12:00:00 AM,1800,2,2,0,0,CLEAR,DRY,False,SIDESWIPE-SAME DIRECTION,SIDESWIPE-SAME DIRECTION,STRAIGHT & LEVEL,DAYLIGHT,,,9/16/2019 9:54:18 AM,False,7365,Accepted,
25644299,0568000,LOUISVILLE METRO POLICE DEPT,Accepted,JEFFERSON,,,OXMOOR,LN,,,BULLITT,,,,,38.246810714,-85.613249163,0.160,9/15/2019 12:00:00 AM,1824,2,2,0,0,CLEAR,DRY,False,SIDESWIPE-SAME DIRECTION,SIDESWIPE-SAME DIRECTION,STRAIGHT & LEVEL,DAYLIGHT,,,9/16/2019 9:52:33 AM,False,6314,Accepted,
25644340,0568000,LOUISVILLE METRO POLICE DEPT,Accepted,JEFFERSON,,,HIKES,LN,,,KLONDIKE,,,,,38.211177375,-85.640660052,2.214,9/15/2019 12:00:00 AM,0006,2,2,0,1,CLEAR,DRY,False,SIDESWIPE-SAME DIRECTION,SIDESWIPE-SAME DIRECTION,STRAIGHT & LEVEL,DARK-HWY LIGHTED/ON,,,9/16/2019 9:55:27 AM,False,7383,Accepted,
25644279,0568000,LOUISVILLE METRO POLICE DEPT,Accepted,JEFFERSON,,,WAMPUM,AVE,W,,2ND,,,,,38.186367288,-85.763700038,0.091,9/15/2019 12:00:00 AM,1819,2,2,0,0,CLEAR,DRY,False,SIDESWIPE-SAME DIRECTION,SIDESWIPE-SAME DIRECTION,STRAIGHT & LEVEL,DAYLIGHT,,,9/16/2019 9:51:27 AM,False,7468,Accepted,
25644278,0568000,LOUISVILLE METRO POLICE DEPT,Accepted,JEFFERSON,KY0155,,TAYLORSVILLE,RD,,,LOWE,,,,,38.219045282,-85.606847980,12.299,9/15/2019 12:00:00 AM,1810,2,2,0,0,CLEAR,DRY,False,OTHER INTERSECTION COLLISIONS,REAR END,STRAIGHT & LEVEL,DAYLIGHT,,,9/16/2019 9:51:15 AM,False,7366,Accepted,
25644240,0568000,LOUISVILLE METRO POLICE DEPT,Accepted,JEFFERSON,KY0061,,PRESTON,HWY,,,BOERSTE,,,,,38.113945912,-85.676132963,2.125,9/15/2019 12:00:00 AM,1012,3,3,0,0,CLEAR,DRY,False,OTHER INTERSECTION COLLISIONS,REAR END,STRAIGHT & LEVEL,DAYLIGHT,,,9/16/2019 9:48:34 AM,True,7397,Accepted,
25676015,0568000,LOUISVILLE METRO POLICE DEPT,Accepted,JEFFERSON,KY1865,,TAYLOR,BLVD,,,BICKNELL,,,,,38.183137164,-85.783761405,5.287,9/15/2019 12:00:00 AM,1645,3,3,0,0,CLEAR,DRY,True,OTHER INTERSECTION COLLISIONS,REAR END,STRAIGHT & LEVEL,DAYLIGHT,,,9/23/2019 9:08:31 AM,False,7094,Accepted,
25644234,0568000,LOUISVILLE METRO POLICE DEPT,Accepted,JEFFERSON,,9115,FERN CREEK,RD,,,,,,,,38.156509440,-85.591675722,0.671,9/15/2019 12:00:00 AM,1344,2,1,0,0,CLEAR,DRY,False,COLLISION WITH BICYCLIST NON INTERSECTION,SINGLE VEHICLE,STRAIGHT & LEVEL,DAYLIGHT,,,9/16/2019 9:47:16 AM,False,6937,Accepted,
25644276,0568000,LOUISVILLE METRO POLICE DEPT,Accepted,JEFFERSON,,1100,MARKET,ST,E,,,,,,,38.252563081,-85.731762042,0.042,9/15/2019 12:00:00 AM,0850,1,1,0,0,CLEAR,DRY,False,COLLISION WITH FIXED OBJECT NON - INTERSECTION - FIRST EVENT COLLISION 09 - 32 EXCLUDING 16,SINGLE VEHICLE,CURVE & LEVEL,DAYLIGHT,,,9/16/2019 9:50:53 AM,False,5124,Accepted,
25644212,0568000,LOUISVILLE METRO POLICE DEPT,Accepted,JEFFERSON,,2010,LANDING,DR,,,,,,,,38.183624237,-85.643366780,0.048,9/15/2019 12:00:00 AM,0200,1,1,0,0,CLEAR,DRY,False,COLLISION WITH FIXED OBJECT NON - INTERSECTION - FIRST EVENT COLLISION 09 - 32 EXCLUDING 16,SINGLE VEHICLE,STRAIGHT & LEVEL,DARK-HWY LIGHTED/ON,,,9/16/2019 9:43:12 AM,False,5207,Accepted,
25644255,0568000,LOUISVILLE METRO POLICE DEPT,Accepted,JEFFERSON,KY1703,,NEWBURG,RD,,,,,,,,38.206735109,-85.693766860,2.693,9/15/2019 12:00:00 AM,1607,1,1,0,0,CLEAR,DRY,False,COLLISION WITH FIXED OBJECT NON - INTERSECTION - FIRST EVENT COLLISION 09 - 32 EXCLUDING 16,SINGLE VEHICLE,CURVE & LEVEL,DAYLIGHT,,,9/16/2019 9:49:18 AM,False,6813,Accepted,
25644330,0568000,LOUISVILLE METRO POLICE DEPT,Accepted,JEFFERSON,KY0907,,3RD ST,RD,,,,,,,,38.116488741,-85.812112303,3.372,9/15/2019 12:00:00 AM,2032,1,1,0,1,CLEAR,WET,False,COLLISION WITH FIXED OBJECT NON - INTERSECTION - FIRST EVENT COLLISION 09 - 32 EXCLUDING 16,SINGLE VEHICLE,STRAIGHT & LEVEL,DARK-HWY LIGHTED/ON,,,9/16/2019 9:53:50 AM,False,7332,Accepted,
25644362,0568000,LOUISVILLE METRO POLICE DEPT,Accepted,JEFFERSON,,5400,WARWICKSHIRE,CT,,,,,,,,38.169218962,-85.702541406,0.020,9/15/2019 12:00:00 AM,1836,1,1,0,0,CLEAR,DRY,False,COLLISION WITH FIXED OBJECT NON - INTERSECTION - FIRST EVENT COLLISION 09 - 32 EXCLUDING 16,SINGLE VEHICLE,STRAIGHT & GRADE,DUSK,,,9/16/2019 9:58:22 AM,False,7276,Accepted,
25641010,0566900,LOUISVILLE AIRPORT POLICE,Accepted,JEFFERSON,,,MARTHA MOLONEY,DR,,,,,,,,38.188195077,-85.749876132,0.058,9/15/2019 12:00:00 AM,0100,1,1,0,0,CLEAR,DRY,False,COLLISION WITH FIXED OBJECT NON - INTERSECTION - FIRST EVENT COLLISION 09 - 32 EXCLUDING 16,SINGLE VEHICLE,CURVE & LEVEL,DARK (UNKNOWN ROADWAY LIGHTING),,,9/15/2019 1:51:36 PM,False,5832,Accepted,
25644235,0568000,LOUISVILLE METRO POLICE DEPT,Accepted,JEFFERSON,KY0907,,3RD ST,RD,,,MCNAIR,,,,,38.131942616,-85.791459315,5.006,9/15/2019 12:00:00 AM,1400,2,2,0,0,CLEAR,DRY,False,OPPOSITE DIRECTION - BOTH VEHICLES GOING STRAIGHT AHEAD,SIDESWIPE-OPPOSITE DIRECTION,STRAIGHT & LEVEL,DUSK,,,9/16/2019 9:47:55 AM,False,7263,Accepted,
25665596,0568000,LOUISVILLE METRO POLICE DEPT,Accepted,JEFFERSON,,,HANCOCK,ST,S,US0150,BROADWAY,,,,,38.245042654,-85.743632404,0.693,9/15/2019 12:00:00 AM,1202,2,2,0,0,CLEAR,DRY,False,VEHICLE BACKING IN INTERSECTION,BACKING,STRAIGHT & LEVEL,DAYLIGHT,,,9/20/2019 9:20:07 AM,False,7239,Accepted,
25644216,0568000,LOUISVILLE METRO POLICE DEPT,Accepted,JEFFERSON,KY1931,,GREENWOOD,RD,,KY1727,TERRY,,,,,38.144730246,-85.871866932,1.385,9/15/2019 12:00:00 AM,0337,2,2,0,0,CLEAR,DRY,False,OPPOSING LEFT TURN,OPPOSING LEFT TURN,STRAIGHT & LEVEL,DARK-HWY NOT LIGHTED,,,9/16/2019 9:44:04 AM,False,7365,Accepted,
25660035,0568000,LOUISVILLE METRO POLICE DEPT,Accepted,JEFFERSON,KY1065,,BEULAH CHURCH,RD,,,DELIGHTFUL,,,,,38.137501388,-85.610423367,10.176,9/15/2019 12:00:00 AM,0050,2,2,0,2,CLEAR,DRY,False,OPPOSING LEFT TURN,OPPOSING LEFT TURN,CURVE & LEVEL,DARK-HWY NOT LIGHTED,,,9/19/2019 8:27:54 AM,False,5141,Accepted,
25644322,0568000,LOUISVILLE METRO POLICE DEPT,Accepted,JEFFERSON,US0031W,,DIXIE,HWY,,,FLINTLOCK,,,,,38.160045391,-85.832797957,12.729,9/15/2019 12:00:00 AM,1223,2,2,0,0,CLEAR,DRY,False,ANGLE COLLISION - OTHER,ANGLE,STRAIGHT & LEVEL,DAYLIGHT,,,9/16/2019 9:53:23 AM,False,7485,Accepted,
25644247,0568000,LOUISVILLE METRO POLICE DEPT,Accepted,JEFFERSON,,,PINECROFT,DR,,,BRIARCLIFF,,,,,38.134281393,-85.697272579,0.251,9/15/2019 12:00:00 AM,1509,2,2,0,0,CLEAR,DRY,False,ANGLE COLLISION - OTHER,ANGLE,STRAIGHT & LEVEL,DAYLIGHT,,,9/16/2019 9:48:42 AM,False,7397,Accepted,
25644262,0568000,LOUISVILLE METRO POLICE DEPT,Accepted,JEFFERSON,,,CARDINAL,BLVD,W,KY1020,3RD,,,,,38.220556405,-85.761175393,0.181,9/15/2019 12:00:00 AM,1515,2,2,0,0,CLEAR,DRY,False,ANGLE COLLISION - OTHER,ANGLE,STRAIGHT & LEVEL,DAYLIGHT,,,9/16/2019 9:49:37 AM,False,5273,Accepted,
25644309,0568000,LOUISVILLE METRO POLICE DEPT,Accepted,JEFFERSON,,,MUHAMMAD ALI,BLVD,W,,6TH,,,,,38.251470723,-85.760849207,0.452,9/15/2019 12:00:00 AM,1905,2,2,0,0,CLEAR,DRY,False,ANGLE COLLISION - OTHER,ANGLE,STRAIGHT & LEVEL,DAYLIGHT,,,9/16/2019 9:52:43 AM,False,7229,Accepted,
25644257,0568000,LOUISVILLE METRO POLICE DEPT,Accepted,JEFFERSON,,,OAK,ST,E,,CLAY,,,,,38.233783662,-85.743457262,0.657,9/15/2019 12:00:00 AM,1207,2,2,0,0,CLEAR,DRY,True,COLLISION WITH PARKED VEHICLE,SIDESWIPE-SAME DIRECTION,STRAIGHT & LEVEL,DAYLIGHT,,,9/16/2019 9:49:27 AM,False,5273,Accepted,
25644237,0568000,LOUISVILLE METRO POLICE DEPT,Accepted,JEFFERSON,,,JEFFERSON,ST,W,,7TH,,,,,38.254379555,-85.761976995,0.545,9/15/2019 12:00:00 AM,1428,2,2,0,0,CLEAR,DRY,False,ANGLE COLLISION - ONE VEHICLE TURNING RIGHT,ANGLE,STRAIGHT & LEVEL,DAYLIGHT,,,9/16/2019 9:48:25 AM,False,5040,Accepted,
25644236,0568000,LOUISVILLE METRO POLICE DEPT,Accepted,JEFFERSON,KY1865,,NEW CUT,RD,,,KENWOOD,,,,,38.161624479,-85.779268940,3.770,9/15/2019 12:00:00 AM,1359,3,3,0,2,CLEAR,DRY,False,ANGLE COLLISION - ONE VEHICLE TURNING LEFT,ANGLE,STRAIGHT & LEVEL,DAYLIGHT,,,9/16/2019 9:48:15 AM,False,7373,Accepted,
25654898,0568000,LOUISVILLE METRO POLICE DEPT,Accepted,JEFFERSON,,,PRESTON,ST,S,,HILL,,,,,38.225934774,-85.750896659,0.171,9/15/2019 12:00:00 AM,2350,1,1,0,1,CLEAR,DRY,False,COLLISION WITH FIXED OBJECT IN INTERSECTION - FIRST EVENT COLLISION 09 - 32,SINGLE VEHICLE,STRAIGHT & GRADE,DARK-HWY LIGHTED/ON,,,9/18/2019 8:59:25 AM,False,7243,Accepted,
25644268,0568000,LOUISVILLE METRO POLICE DEPT,Accepted,JEFFERSON,KY1631,,CRITTENDEN,DR,,,PHILLIPS,,,,,38.192442886,-85.750993895,0.313,9/15/2019 12:00:00 AM,1733,1,1,0,0,CLEAR,DRY,False,COLLISION WITH FIXED OBJECT IN INTERSECTION - FIRST EVENT COLLISION 09 - 32,SINGLE VEHICLE,STRAIGHT & LEVEL,DAYLIGHT,,,9/16/2019 9:50:08 AM,False,5286,Accepted,
25644250,0568000,LOUISVILLE METRO POLICE DEPT,Accepted,JEFFERSON,,,19TH,ST,N,,PORTLAND,,,,,38.265834646,-85.779138052,0.465,9/15/2019 12:00:00 AM,1701,1,1,0,0,CLEAR,DRY,False,COLLISION WITH FIXED OBJECT IN INTERSECTION - FIRST EVENT COLLISION 09 - 32,SINGLE VEHICLE,STRAIGHT & LEVEL,DAYLIGHT,,,9/16/2019 9:48:59 AM,False,5276,Accepted,
25906803,0568000,LOUISVILLE METRO POLICE DEPT,Accepted,JEFFERSON,,,MARKET,ST,W,,36TH,,,,,38.261256802,-85.809773497,1.280,9/15/2019 12:00:00 AM,1720,2,2,0,1,CLEAR,DRY,False,ANGLE COLLISION - OTHER,ANGLE,STRAIGHT & LEVEL,DAYLIGHT,,,11/11/2019 8:35:41 AM,False,5113,Accepted,
25644218,0568000,LOUISVILLE METRO POLICE DEPT,Accepted,JEFFERSON,KY2053,,THIXTON,LN,,,TRACY,,,,,38.078569428,-85.604142949,3.926,9/14/2019 12:00:00 AM,2221,1,1,0,1,CLEAR,DRY,False,COLLISION WITH FIXED OBJECT IN INTERSECTION - FIRST EVENT COLLISION 09 - 32,SINGLE VEHICLE,CURVE & LEVEL,DARK-HWY NOT LIGHTED,,,9/16/2019 9:44:14 AM,False,7474,Accepted,
25643995,0568000,LOUISVILLE METRO POLICE DEPT,Accepted,JEFFERSON,,,ELLISON,AVE,,,SCHILLER,,,,,38.230938695,-85.729426843,0.499,9/14/2019 12:00:00 AM,0138,1,1,0,0,CLEAR,DRY,False,COLLISION WITH FIXED OBJECT IN INTERSECTION - FIRST EVENT COLLISION 09 - 32,SINGLE VEHICLE,STRAIGHT & LEVEL,DARK (UNKNOWN ROADWAY LIGHTING),,,9/16/2019 9:30:16 AM,False,5111,Accepted,
25665524,0568000,LOUISVILLE METRO POLICE DEPT,Accepted,JEFFERSON,US0031E,,BUECHEL,BYP,,,HIKES,,,,,38.198422769,-85.660936736,10.974,9/14/2019 12:00:00 AM,0113,2,1,0,0,CLEAR,DRY,False,COLLISION WITH PEDESTRIAN IN INTERSECTION,SINGLE VEHICLE,STRAIGHT & LEVEL,DARK (UNKNOWN ROADWAY LIGHTING),,,9/20/2019 9:13:05 AM,False,5019,Accepted,
25644119,0568000,LOUISVILLE METRO POLICE DEPT,Accepted,JEFFERSON,,,RIVER,RD,,,FRANKFORT,,,,,38.264470408,-85.725334433,1.243,9/14/2019 12:00:00 AM,1208,2,1,0,1,CLEAR,DRY,False,COLLISION WITH BICYCLE IN INTERSECTION,SINGLE VEHICLE,STRAIGHT & LEVEL,DAYLIGHT,,,9/16/2019 9:36:29 AM,False,5124,Accepted,
25644222,0568000,LOUISVILLE METRO POLICE DEPT,Accepted,JEFFERSON,US0031E,,BARDSTOWN,RD,,,VILLAGE,,,,,38.225720380,-85.696471716,13.798,9/14/2019 12:00:00 AM,1855,2,2,0,0,CLEAR,DRY,False,ANGLE COLLISION - ONE VEHICLE TURNING LEFT,ANGLE,STRAIGHT & LEVEL,DAYLIGHT,,,9/16/2019 9:44:49 AM,False,2100,Accepted,
25644095,0568000,LOUISVILLE METRO POLICE DEPT,Accepted,JEFFERSON,,,CRISTLAND,RD,,,MANSLICK,,,,,38.143825299,-85.792130044,0.610,9/14/2019 12:00:00 AM,1306,2,2,0,1,CLEAR,DRY,False,ANGLE COLLISION - ONE VEHICLE TURNING LEFT,ANGLE,STRAIGHT & LEVEL,DAYLIGHT,,,9/16/2019 9:33:51 AM,False,7224,Accepted,
25644332,0568000,LOUISVILLE METRO POLICE DEPT,Accepted,JEFFERSON,,,EXETER,AVE,,,SHASTA,,,,,38.180297080,-85.669197973,0.144,9/14/2019 12:00:00 AM,1915,2,2,0,0,CLEAR,DRY,False,ANGLE COLLISION - OTHER,ANGLE,STRAIGHT & LEVEL,DUSK,,,9/16/2019 9:54:06 AM,False,7283,Accepted,
25644121,0568000,LOUISVILLE METRO POLICE DEPT,Accepted,JEFFERSON,KY1020,,2ND,ST,S,,BRECKINRIDGE,,,,,38.241522469,-85.755809296,11.799,9/14/2019 12:00:00 AM,1600,3,3,0,0,CLEAR,DRY,False,ANGLE COLLISION - OTHER,ANGLE,STRAIGHT & LEVEL,DAYLIGHT,,,9/16/2019 9:36:41 AM,False,7296,Accepted,
25644156,0568000,LOUISVILLE METRO POLICE DEPT,Accepted,JEFFERSON,US0060A,,BERRY,BLVD,,,CONTINENTAL,,,,,38.196730372,-85.796005833,0.752,9/14/2019 12:00:00 AM,1420,2,2,0,0,CLEAR,DRY,False,ANGLE COLLISION - OTHER,ANGLE,STRAIGHT & LEVEL,DAYLIGHT,,,9/16/2019 9:39:12 AM,False,7286,Accepted,
25644092,0568000,LOUISVILLE METRO POLICE DEPT,Accepted,JEFFERSON,,,15TH,ST,S,,MAGAZINE,,,,,38.249639108,-85.776300471,1.682,9/14/2019 12:00:00 AM,1325,2,2,0,0,CLEAR,DRY,True,ANGLE COLLISION - OTHER,ANGLE,STRAIGHT & LEVEL,DAYLIGHT,,,9/16/2019 9:33:41 AM,False,7947,Accepted,
25644166,0568000,LOUISVILLE METRO POLICE DEPT,Accepted,JEFFERSON,,,CHESTNUT,ST,W,,5TH,,,,,38.249197964,-85.759544471,2.268,9/14/2019 12:00:00 AM,1735,2,2,0,1,CLEAR,DRY,False,ANGLE COLLISION - OTHER,ANGLE,STRAIGHT & LEVEL,DAYLIGHT,,,9/16/2019 9:39:54 AM,False,7345,Accepted,
25644194,0568000,LOUISVILLE METRO POLICE DEPT,Accepted,JEFFERSON,,,1ST,ST,S,,HILL,,,,,38.225472978,-85.756950323,2.131,9/14/2019 12:00:00 AM,2059,2,2,0,1,CLEAR,DRY,False,ANGLE COLLISION - OTHER,ANGLE,STRAIGHT & LEVEL,DARK (UNKNOWN ROADWAY LIGHTING),,,9/16/2019 9:41:53 AM,False,5111,Accepted,
25644082,0568000,LOUISVILLE METRO POLICE DEPT,Accepted,JEFFERSON,US0042,,BROWNSBORO,RD,,,ZORN,,,,,38.261092762,-85.684226526,2.835,9/14/2019 12:00:00 AM,1103,2,2,0,0,CLEAR,DRY,False,OPPOSING LEFT TURN,OPPOSING LEFT TURN,STRAIGHT & LEVEL,DAYLIGHT,,,9/16/2019 9:32:48 AM,False,7632,Accepted,
25644213,0568000,LOUISVILLE METRO POLICE DEPT,Accepted,JEFFERSON,KY1727,,TERRY,RD,,,LENCOTT,,,,,38.177218662,-85.862351946,3.982,9/14/2019 12:00:00 AM,1713,2,2,0,0,CLEAR,DRY,True,REAR END - ONE VEHICLE TURNING RIGHT,REAR END,CURVE & LEVEL,DAYLIGHT,,,9/16/2019 9:43:30 AM,False,7365,Accepted,
25644211,0568000,LOUISVILLE METRO POLICE DEPT,Accepted,JEFFERSON,,,GLASER,LN,,,OLD BOUNDARY,,,,,38.142752973,-85.601113037,1.374,9/14/2019 12:00:00 AM,2302,2,2,0,0,CLEAR,DRY,True,OPPOSITE DIRECTION - BOTH VEHICLES GOING STRAIGHT AHEAD,SIDESWIPE-OPPOSITE DIRECTION,STRAIGHT & LEVEL,DARK-HWY LIGHTED/ON,,,9/16/2019 9:42:43 AM,False,7120,Accepted,
25644163,0568000,LOUISVILLE METRO POLICE DEPT,Accepted,JEFFERSON,,4910,WESTSIDE,DR,,,,,,,,38.163538760,-85.703405345,0.335,9/14/2019 12:00:00 AM,0458,1,1,0,0,CLEAR,DRY,True,COLLISION WITH FIXED OBJECT NON - INTERSECTION - FIRST EVENT COLLISION 09 - 32 EXCLUDING 16,SINGLE VEHICLE,STRAIGHT & LEVEL,DARK-HWY NOT LIGHTED,,,9/16/2019 9:39:45 AM,False,6100,Accepted,
25644374,0568000,LOUISVILLE METRO POLICE DEPT,Accepted,JEFFERSON,US0031E,,BAXTER,AVE,,,HIGHLAND,,,,,38.240526819,-85.724557715,15.674,9/14/2019 12:00:00 AM,0137,2,2,0,0,CLEAR,DRY,False,OTHER INTERSECTION COLLISIONS,REAR END,STRAIGHT & LEVEL,DARK-HWY LIGHTED/ON,,,9/16/2019 10:00:05 AM,False,5152,Accepted,
25644172,0568000,LOUISVILLE METRO POLICE DEPT,Accepted,JEFFERSON,KY1934,,GREENBELT,HWY,,,RAGGARD,,,,,38.174688935,-85.871115249,6.626,9/14/2019 12:00:00 AM,1736,2,2,0,0,CLEAR,DRY,False,OTHER INTERSECTION COLLISIONS,REAR END,STRAIGHT & LEVEL,DAYLIGHT,,,9/16/2019 9:40:17 AM,False,7356,Accepted,
25644168,0568000,LOUISVILLE METRO POLICE DEPT,Accepted,JEFFERSON,KY1727,,TERRY,RD,,,JULIE KAYS,,,,,38.160844194,-85.866747220,2.736,9/14/2019 12:00:00 AM,1344,2,2,0,0,CLOUDY,DRY,False,OTHER INTERSECTION COLLISIONS,REAR END,STRAIGHT & LEVEL,DAYLIGHT,,,9/16/2019 9:40:05 AM,False,7356,Accepted,
25644148,0568000,LOUISVILLE METRO POLICE DEPT,Accepted,JEFFERSON,,,ACCOMACK,DR,,KY1447,WESTPORT,,,,,38.300300212,-85.538799074,0.005,9/14/2019 12:00:00 AM,1800,2,2,0,0,CLEAR,DRY,False,OTHER INTERSECTION COLLISIONS,REAR END,STRAIGHT & LEVEL,DAYLIGHT,,,9/16/2019 9:38:31 AM,False,2346,Accepted,
25665579,0568000,LOUISVILLE METRO POLICE DEPT,Accepted,JEFFERSON,US0150,,BROADWAY,,W,,18TH,,,,,38.248969128,-85.781494478,1.096,9/14/2019 12:00:00 AM,0245,2,2,0,1,CLEAR,DRY,False,OTHER INTERSECTION COLLISIONS,REAR END,STRAIGHT & LEVEL,DARK-HWY LIGHTED/ON,,,9/20/2019 9:14:50 AM,False,7416,Accepted,
25644161,0568000,LOUISVILLE METRO POLICE DEPT,Accepted,JEFFERSON,KY2251,,BARDSTOWN,RD,,US0031E,BARDSTOWN,,,,,38.200182516,-85.662282935,1.192,9/14/2019 12:00:00 AM,1120,2,2,0,0,CLEAR,DRY,False,OTHER INTERSECTION COLLISIONS,REAR END,STRAIGHT & LEVEL,DAYLIGHT,,,9/16/2019 9:39:35 AM,False,7864,Accepted,
25644123,0568000,LOUISVILLE METRO POLICE DEPT,Accepted,JEFFERSON,KY1934,,CANE RUN,RD,,,ELANE,,,,,38.189944004,-85.849770962,8.259,9/14/2019 12:00:00 AM,1707,2,2,0,0,CLEAR,DRY,True,SIDESWIPE-SAME DIRECTION,SIDESWIPE-SAME DIRECTION,STRAIGHT & LEVEL,DAYLIGHT,,,9/16/2019 9:36:52 AM,False,5208,Accepted,
25644008,0568000,LOUISVILLE METRO POLICE DEPT,Accepted,JEFFERSON,,,CHAMBERLAIN,LN,,KY1447,WESTPORT,,,,,38.299246275,-85.541674913,2.104,9/14/2019 12:00:00 AM,0506,2,2,0,0,CLEAR,DRY,True,SIDESWIPE-SAME DIRECTION,SIDESWIPE-SAME DIRECTION,STRAIGHT & LEVEL,DARK-HWY LIGHTED/ON,,,9/16/2019 9:31:05 AM,False,7159,Accepted,
25644193,0568000,LOUISVILLE METRO POLICE DEPT,Accepted,JEFFERSON,KY0061,,PRESTON,HWY,,KY1747,FERN VALLEY,,,,,38.157044240,-85.697117128,5.365,9/14/2019 12:00:00 AM,2246,2,2,0,0,CLEAR,DRY,False,SIDESWIPE-SAME DIRECTION,SIDESWIPE-SAME DIRECTION,STRAIGHT & LEVEL,DARK-HWY LIGHTED/ON,,,9/16/2019 9:41:32 AM,False,5101,Accepted,
25644124,0568000,LOUISVILLE METRO POLICE DEPT,Accepted,JEFFERSON,US0060A,,EASTERN,PKWY,,KY0061,PRESTON,,,,,38.214470680,-85.743339253,4.535,9/14/2019 12:00:00 AM,1257,2,2,0,0,CLEAR,DRY,False,SIDESWIPE-SAME DIRECTION,SIDESWIPE-SAME DIRECTION,STRAIGHT & LEVEL,DAYLIGHT,,,9/16/2019 9:37:01 AM,False,5240,Accepted,