IncidentID,AgencyORI,AgencyName,IncidentStatusDesc,County,RdwyNumber,Street,RoadwayName,StreetSfx,StreetDir,IntersectionRdwy,IntersectionRdwyName,BetweenStRdwy1,BetweenStRdwyName1,BetweenStRdwy2,BetweenStRdwyName2,Latitude,Longitude,Milepoint,CollisionDate,CollisionTime,UnitsInvolved,MotorVehiclesInvolved,NumberKilled,NumberInjured,Weather,RdwyConditionCode,HitandRun,DirAnalysisCode,MannerofCollision,RdwyCharacter,LightCondition,RampFromRdwyId,RampToRdwyId,AcceptedDate,IsSecondaryCollision,OwnerBadge,IncidentStatus,
25644113,0568000,LOUISVILLE METRO POLICE DEPT,Accepted,JEFFERSON,,1910,DEERWOOD,AVE,,,,,,,,38.228609288,-85.704572977,0.117,9/14/2019 12:00:00 AM,1617,2,2,0,0,CLEAR,DRY,True,1 VEHICLE PARKED POSITION (NOT PARKING LOT/DRIVEWAY),SIDESWIPE-SAME DIRECTION,STRAIGHT & LEVEL,UNKNOWN,,,9/16/2019 9:35:53 AM,False,2100,Accepted,
25644152,0568000,LOUISVILLE METRO POLICE DEPT,Accepted,JEFFERSON,US0031,,CLARK MEMORIAL,BRG,,,,,,,,38.263768546,-85.751675379,0.527,9/14/2019 12:00:00 AM,1749,2,2,0,0,CLEAR,DRY,False,REAR END IN TRAFFIC LANES BOTH VEHICLES MOVING,REAR END,STRAIGHT & LEVEL,DAYLIGHT,,,9/16/2019 9:38:53 AM,False,7229,Accepted,
25644002,0568000,LOUISVILLE METRO POLICE DEPT,Accepted,JEFFERSON,KY0061,,BRANDEIS,AVE,E,,,,,,,38.218602582,-85.751057747,10.842,9/14/2019 12:00:00 AM,0126,3,3,0,0,CLEAR,DRY,False,1 VEHICLE PARKED POSITION (NOT PARKING LOT/DRIVEWAY),SIDESWIPE-SAME DIRECTION,CURVE & LEVEL,DARK-HWY LIGHTED/ON,,,9/16/2019 9:30:48 AM,False,5123,Accepted,
25644059,0568000,LOUISVILLE METRO POLICE DEPT,Accepted,JEFFERSON,KY3082,3315,BANK,ST,,,,,,,,38.272665106,-85.801004202,0.491,9/14/2019 12:00:00 AM,0221,2,2,0,0,CLEAR,DRY,False,1 VEHICLE PARKED POSITION (NOT PARKING LOT/DRIVEWAY),REAR END,STRAIGHT & LEVEL,OTHER,,,9/16/2019 9:32:20 AM,False,7173,Accepted,
25665515,0568000,LOUISVILLE METRO POLICE DEPT,Accepted,JEFFERSON,,10812,MILWAUKEE,WAY,,,,,JACQUELINE,,GOLDEN,38.096105483,-85.857584782,0.180,9/14/2019 12:00:00 AM,2234,2,2,0,0,CLEAR,DRY,True,1 VEHICLE PARKED POSITION (NOT PARKING LOT/DRIVEWAY),BACKING,STRAIGHT & LEVEL,DARK-HWY NOT LIGHTED,,,9/20/2019 9:12:06 AM,False,2457,Accepted,
25644346,0568000,LOUISVILLE METRO POLICE DEPT,Accepted,JEFFERSON,US0060A,,EASTERN,PKWY,,,PINDELL,,,,,38.218037143,-85.736932130,4.902,9/14/2019 12:00:00 AM,2209,2,2,0,0,CLEAR,DRY,False,HEAD-ON COLLISION,HEAD ON,STRAIGHT & LEVEL,DARK-HWY LIGHTED/ON,,,9/16/2019 9:55:53 AM,False,5123,Accepted,
25644174,0568000,LOUISVILLE METRO POLICE DEPT,Accepted,JEFFERSON,,3001,CHAMBERLAIN,LN,,,,,WINCHESTER ACRES,I 0265,I265 S EXIT33 OFF RAMP TO  CHAMBERLAIN LN,38.288429332,-85.528546828,0.982,9/14/2019 12:00:00 AM,0447,3,3,0,2,CLEAR,DRY,False,SIDESWIPE COLLISION - SAME DIRECTION,SIDESWIPE-SAME DIRECTION,CURVE & LEVEL,DARK-HWY NOT LIGHTED,,,9/16/2019 9:40:34 AM,False,5204,Accepted,
25644085,0568000,LOUISVILLE METRO POLICE DEPT,Accepted,JEFFERSON,US0031W,15101,DIXIE,HWY,,,,,,,,38.039357850,-85.906796186,3.340,9/14/2019 12:00:00 AM,1144,2,2,0,1,CLEAR,DRY,True,SIDESWIPE COLLISION - SAME DIRECTION,SIDESWIPE-SAME DIRECTION,STRAIGHT & LEVEL,DAYLIGHT,,,9/16/2019 9:33:18 AM,False,2936,Accepted,
25644125,0568000,LOUISVILLE METRO POLICE DEPT,Accepted,JEFFERSON,I 0065,,I65 S,,,,,,,,,38.090431417,-85.701207689,123.463,9/14/2019 12:00:00 AM,1611,2,2,0,0,CLEAR,DRY,False,SIDESWIPE COLLISION - SAME DIRECTION,SIDESWIPE-SAME DIRECTION,STRAIGHT & LEVEL,DAYLIGHT,,,9/16/2019 9:37:11 AM,False,7989,Accepted,
25644177,0568000,LOUISVILLE METRO POLICE DEPT,Accepted,JEFFERSON,KY1747,,HURSTBOURNE,PKWY,N,,,,,,,38.285038206,-85.569764626,16.806,9/14/2019 12:00:00 AM,0518,2,2,0,0,CLEAR,DRY,True,SIDESWIPE COLLISION - OPPOSITE DIRECTION,SIDESWIPE-OPPOSITE DIRECTION,STRAIGHT & GRADE,DARK (UNKNOWN ROADWAY LIGHTING),,,9/16/2019 9:40:47 AM,False,5004,Accepted,
25644083,0568000,LOUISVILLE METRO POLICE DEPT,Accepted,JEFFERSON,KY2053,,MT WASHINGTON,RD,,,,,SENTIMENTAL,KY2053,CEDAR CREEK,38.083358708,-85.630731530,2.295,9/14/2019 12:00:00 AM,1155,2,2,0,0,CLEAR,DRY,True,SIDESWIPE COLLISION - OPPOSITE DIRECTION,SIDESWIPE-OPPOSITE DIRECTION,STRAIGHT & LEVEL,DAYLIGHT,,,9/16/2019 9:32:56 AM,False,6878,Accepted,
25644337,0568000,LOUISVILLE METRO POLICE DEPT,Accepted,JEFFERSON,KY1065,,OUTER,LOOP,,,,,,,,38.127026769,-85.783533345,0.621,9/14/2019 12:00:00 AM,1923,2,2,0,0,CLEAR,DRY,False,1 VEHICLE ENTERING/LEAVING ENTRANCE,ANGLE,STRAIGHT & LEVEL,DUSK,,,9/16/2019 9:54:54 AM,False,7244,Accepted,
25644215,0568000,LOUISVILLE METRO POLICE DEPT,Accepted,JEFFERSON,US0031W,,DIXIE,HWY,,,,,JOHNSONTOWN,,EUCLID,38.120432720,-85.856308930,9.686,9/14/2019 12:00:00 AM,2045,2,2,0,2,CLEAR,DRY,True,1 VEHICLE ENTERING/LEAVING ENTRANCE,ANGLE,STRAIGHT & LEVEL,DARK-HWY LIGHTED/ON,,,9/16/2019 9:43:53 AM,False,7160,Accepted,
25665516,0568000,LOUISVILLE METRO POLICE DEPT,Accepted,JEFFERSON,KY0907,,3RD ST,RD,,,,,LAMBORNE,,OLDE ENGLISH,38.116371855,-85.812502564,3.352,9/14/2019 12:00:00 AM,2355,2,2,0,0,CLEAR,DRY,False,1 VEHICLE ENTERING/LEAVING ENTRANCE,ANGLE,CURVE & GRADE,DARK-HWY LIGHTED/ON,,,9/20/2019 9:12:12 AM,False,2457,Accepted,
25644105,0568000,LOUISVILLE METRO POLICE DEPT,Accepted,JEFFERSON,KY1065,,OUTER,LOOP,,,,KY0061,PRESTON,,CAROL,38.138330731,-85.684932257,6.155,9/14/2019 12:00:00 AM,1324,3,3,0,0,CLEAR,DRY,True,OTHER ROADWAY OR MID-BLOCK COLLISION,REAR END,STRAIGHT & LEVEL,DAYLIGHT,,,9/16/2019 9:34:32 AM,False,5026,Accepted,
25644354,0568000,LOUISVILLE METRO POLICE DEPT,Accepted,JEFFERSON,US0031E,,BARDSTOWN,RD,,,,,,,,38.236130764,-85.716649419,15.139,9/14/2019 12:00:00 AM,2050,2,2,0,0,CLEAR,DRY,False,COLLISION IN PARKING LOT,ANGLE,STRAIGHT & LEVEL,DARK-HWY LIGHTED/ON,,,9/16/2019 9:57:29 AM,False,7376,Accepted,
25644097,0568000,LOUISVILLE METRO POLICE DEPT,Accepted,JEFFERSON,US0031W,6731,DIXIE,HWY,,,,,,,,38.153564896,-85.835218639,12.249,9/14/2019 12:00:00 AM,0910,2,2,0,0,CLEAR,DRY,False,COLLISION IN PARKING LOT,BACKING,STRAIGHT & LEVEL,DAYLIGHT,,,9/16/2019 9:34:04 AM,False,7224,Accepted,
25644104,0568000,LOUISVILLE METRO POLICE DEPT,Accepted,JEFFERSON,US0031E,5301,BARDSTOWN,RD,,,,,,,,38.168788922,-85.604573817,7.217,9/14/2019 12:00:00 AM,1259,2,2,0,0,CLEAR,DRY,False,COLLISION IN PARKING LOT,BACKING,STRAIGHT & LEVEL,DAYLIGHT,,,9/16/2019 9:34:24 AM,False,6337,Accepted,
25644084,0568000,LOUISVILLE METRO POLICE DEPT,Accepted,JEFFERSON,KY1065,,OUTER,LOOP,,,,,,,,38.127031524,-85.749014027,2.520,9/14/2019 12:00:00 AM,1038,2,2,0,0,CLEAR,DRY,False,OTHER ROADWAY OR MID-BLOCK COLLISION,REAR END,STRAIGHT & LEVEL,DAYLIGHT,,,9/16/2019 9:33:08 AM,False,7252,Accepted,
25644133,0568000,LOUISVILLE METRO POLICE DEPT,Accepted,JEFFERSON,KY0146,,LA GRANGE,RD,,,,,,,,38.284514416,-85.514609209,7.212,9/14/2019 12:00:00 AM,1033,2,2,0,0,CLEAR,DRY,False,OTHER ROADWAY OR MID-BLOCK COLLISION,OPPOSING LEFT TURN,STRAIGHT & LEVEL,DAYLIGHT,,,9/16/2019 9:37:56 AM,False,7751,Accepted,
25644149,0568000,LOUISVILLE METRO POLICE DEPT,Accepted,JEFFERSON,US0060,,FRANKFORT,AVE,,,,,,,,38.254604111,-85.685167177,1.925,9/14/2019 12:00:00 AM,1006,2,2,0,1,CLEAR,DRY,False,OTHER ROADWAY OR MID-BLOCK COLLISION,REAR END,STRAIGHT & LEVEL,DAYLIGHT,,,9/16/2019 9:38:41 AM,False,6813,Accepted,
25643936,0568000,LOUISVILLE METRO POLICE DEPT,Accepted,JEFFERSON,I 0265,,I265 N,,,,,I 0071,I71 N EXIT9B RAMP TO I265 E,I 0071,I71 N EXIT35A RAMP TO I71 N,38.313660914,-85.579482679,34.565,9/13/2019 12:00:00 AM,1730,3,3,0,0,CLEAR,DRY,False,OTHER ROADWAY OR MID-BLOCK COLLISION,REAR END,STRAIGHT & LEVEL,DAYLIGHT,,,9/16/2019 9:20:15 AM,False,7751,Accepted,
25643929,0568000,LOUISVILLE METRO POLICE DEPT,Accepted,JEFFERSON,,,LOWER RIVER,RD,,,,,,,,38.098101894,-85.892220639,1.167,9/13/2019 12:00:00 AM,1626,2,2,0,0,CLEAR,DRY,False,OTHER ROADWAY OR MID-BLOCK COLLISION,REAR END,STRAIGHT & LEVEL,DAYLIGHT,,,9/16/2019 9:18:50 AM,False,7224,Accepted,
25643960,0568000,LOUISVILLE METRO POLICE DEPT,Accepted,JEFFERSON,KY0061,5603,PRESTON,HWY,,,,,,,,38.168547389,-85.706284207,6.318,9/13/2019 12:00:00 AM,1754,2,2,0,0,CLEAR,DRY,False,OTHER ROADWAY OR MID-BLOCK COLLISION,OPPOSING LEFT TURN,STRAIGHT & LEVEL,DAYLIGHT,,,9/16/2019 9:24:40 AM,False,7366,Accepted,
25638490,0560300,ST. MATTHEWS POLICE DEPARTMENT,Accepted,JEFFERSON,US0060,,SHELBYVILLE,RD,,,,I 0264,I264 W EXIT20B OFF RAMP TO US60,I 0264,I264 E EXIT20B OFF RAMP TO US60,38.250020798,-85.619556083,5.523,9/13/2019 12:00:00 AM,1359,2,2,0,0,CLEAR,DRY,False,OTHER ROADWAY OR MID-BLOCK COLLISION,REAR END,STRAIGHT & LEVEL,DAYLIGHT,,,9/14/2019 2:05:21 PM,False,9138,Accepted,
25643850,0568000,LOUISVILLE METRO POLICE DEPT,Accepted,JEFFERSON,KY1065,101,OUTER,LOOP,,,,,,,,38.127184377,-85.791845577,0.161,9/13/2019 12:00:00 AM,1310,2,2,0,0,CLEAR,DRY,True,OTHER ROADWAY OR MID-BLOCK COLLISION,REAR END,STRAIGHT & LEVEL,DAYLIGHT,,,9/16/2019 9:10:50 AM,False,7263,Accepted,
25643857,0568000,LOUISVILLE METRO POLICE DEPT,Accepted,JEFFERSON,US0031W,11700,DIXIE,HWY,,,,,,,,38.085142962,-85.879934031,6.923,9/13/2019 12:00:00 AM,1036,2,2,0,0,CLEAR,DRY,False,OTHER ROADWAY OR MID-BLOCK COLLISION,REAR END,STRAIGHT & LEVEL,DAYLIGHT,,,9/16/2019 9:11:56 AM,False,7841,Accepted,
25643339,0561500,UNIV. OF LOUISVILLE POLICE,Accepted,JEFFERSON,,,WARNOCK,ST,,,,,,,,38.214628107,-85.755232733,0.355,9/13/2019 12:00:00 AM,1838,2,2,0,0,CLEAR,DRY,False,OTHER ROADWAY OR MID-BLOCK COLLISION,OPPOSING LEFT TURN,STRAIGHT & LEVEL,DAYLIGHT,,,9/16/2019 8:16:15 AM,False,5666,Accepted,
25644226,0568000,LOUISVILLE METRO POLICE DEPT,Accepted,JEFFERSON,,1911,BUECHEL BANK,RD,,,,,,,,38.180221826,-85.648471290,0.803,9/13/2019 12:00:00 AM,1442,1,1,0,1,CLEAR,DRY,False,OTHER ROADWAY OR MID-BLOCK COLLISION,SINGLE VEHICLE,STRAIGHT & LEVEL,DAYLIGHT,,,9/16/2019 9:46:11 AM,False,7303,Accepted,
25644086,0568000,LOUISVILLE METRO POLICE DEPT,Accepted,JEFFERSON,I 0065,,I65 S,,,,,,,,,38.150308276,-85.714063195,127.722,9/13/2019 12:00:00 AM,1625,2,2,0,0,CLOUDY,DRY,False,OTHER ROADWAY OR MID-BLOCK COLLISION,REAR END,STRAIGHT & LEVEL,DAYLIGHT,,,9/16/2019 9:33:31 AM,False,2583,Accepted,
25643843,0568000,LOUISVILLE METRO POLICE DEPT,Accepted,JEFFERSON,KY0022,9440,BROWNSBORO,RD,,,,,,,,38.307535909,-85.574676676,3.936,9/13/2019 12:00:00 AM,1330,2,2,0,0,CLEAR,DRY,True,COLLISION IN PARKING LOT,,STRAIGHT & LEVEL,DAYLIGHT,,,9/16/2019 9:09:45 AM,False,2030,Accepted,
25633788,0568000,LOUISVILLE METRO POLICE DEPT,Accepted,JEFFERSON,KY0061,,PRESTON,HWY,,,,,BECKER,,PARK BROOK,38.171817285,-85.709780699,6.613,9/13/2019 12:00:00 AM,0633,1,1,0,1,CLEAR,DRY,False,COLLISION IN PARKING LOT,SINGLE VEHICLE,STRAIGHT & LEVEL,DARK-HWY LIGHTED/ON,,,9/13/2019 8:49:51 AM,False,7431,Accepted,
25633768,0568000,LOUISVILLE METRO POLICE DEPT,Accepted,JEFFERSON,,3001,CHAMBERLAIN,LN,,,,,,,,38.291512172,-85.536859598,1.480,9/13/2019 12:00:00 AM,0515,2,2,0,0,CLEAR,DRY,False,COLLISION IN PARKING LOT,SIDESWIPE-SAME DIRECTION,STRAIGHT & LEVEL,DARK-HWY LIGHTED/ON,,,9/13/2019 8:47:23 AM,False,5158,Accepted,
25643940,0568000,LOUISVILLE METRO POLICE DEPT,Accepted,JEFFERSON,KY0061,,PRESTON,HWY,,,,,,,,38.133438426,-85.683986962,3.592,9/13/2019 12:00:00 AM,1342,1,1,0,0,CLEAR,DRY,False,COLLISION IN PARKING LOT,SINGLE VEHICLE,STRAIGHT & LEVEL,DAYLIGHT,,,9/16/2019 9:20:54 AM,False,4693,Accepted,
25644115,0568000,LOUISVILLE METRO POLICE DEPT,Accepted,JEFFERSON,I 0064,,,,,,,,,,,38.257863976,-85.723709959,0.153,9/13/2019 12:00:00 AM,1903,2,2,0,0,CLEAR,DRY,False,OTHER RAMP RELATED COLLISIONS NOT LISTED ABOVE,REAR END,STRAIGHT & GRADE,DAYLIGHT,I 0064,STORY AVE,9/16/2019 9:36:16 AM,False,5124,Accepted,
25643872,0568000,LOUISVILLE METRO POLICE DEPT,Accepted,JEFFERSON,I 0065,,,,,,,,,,,38.227798846,-85.750547731,0.101,9/13/2019 12:00:00 AM,1242,2,2,0,1,CLEAR,DRY,False,OTHER RAMP RELATED COLLISIONS NOT LISTED ABOVE,ANGLE,STRAIGHT & LEVEL,DAYLIGHT,I 0065,KY0061,9/16/2019 9:12:59 AM,False,4903,Accepted,
25643821,0568000,LOUISVILLE METRO POLICE DEPT,Accepted,JEFFERSON,I 0264,,,,,,,,,,,38.210596541,-85.670988330,0.320,9/13/2019 12:00:00 AM,0650,2,2,0,0,CLEAR,DRY,False,OTHER RAMP RELATED COLLISIONS NOT LISTED ABOVE,REAR END,CURVE & LEVEL,DAWN,I 0264,US31E S,9/16/2019 9:06:42 AM,False,7720,Accepted,
25643878,0568000,LOUISVILLE METRO POLICE DEPT,Accepted,JEFFERSON,I 0264,,,,,,,,,,,38.196219523,-85.707590291,0.239,9/13/2019 12:00:00 AM,0843,2,2,0,0,CLEAR,DRY,False,OTHER RAMP RELATED COLLISIONS NOT LISTED ABOVE,REAR END,CURVE & LEVEL,DAYLIGHT,I 0264,KY0864,9/16/2019 9:13:27 AM,False,7898,Accepted,
25643876,0568000,LOUISVILLE METRO POLICE DEPT,Accepted,JEFFERSON,I 0264,,,,,,,,,,,38.249258766,-85.621097446,0.305,9/13/2019 12:00:00 AM,1600,1,1,0,0,CLEAR,DRY,False,OTHER RAMP RELATED COLLISIONS NOT LISTED ABOVE,SINGLE VEHICLE,CURVE & GRADE,DAYLIGHT,I 0264,US0060,9/16/2019 9:13:20 AM,False,2346,Accepted,
25659971,0568000,LOUISVILLE METRO POLICE DEPT,Accepted,JEFFERSON,I 0064,,,,,,,,,,,38.260920717,-85.732314129,0.739,9/13/2019 12:00:00 AM,1650,2,2,0,0,CLEAR,DRY,False,OTHER RAMP RELATED COLLISIONS NOT LISTED ABOVE,REAR END,STRAIGHT & GRADE,DAYLIGHT,I 0065,I 0064,9/19/2019 8:17:51 AM,False,2764,Accepted,
25746678,0568000,LOUISVILLE METRO POLICE DEPT,Accepted,JEFFERSON,I 0065,,,,,,,,,,,38.158064000,-85.719083670,0.130,9/13/2019 12:00:00 AM,2134,2,2,0,0,CLEAR,DRY,False,OTHER RAMP RELATED COLLISIONS NOT LISTED ABOVE,SIDESWIPE-SAME DIRECTION,STRAIGHT & LEVEL,DARK-HWY LIGHTED/ON,KY1631,I 0065,10/8/2019 12:20:01 PM,False,5144,Accepted,
25643950,0568000,LOUISVILLE METRO POLICE DEPT,Accepted,JEFFERSON,KY1747,,HURSTBOURNE,PKWY,S,,,,,,,38.216843172,-85.588997657,11.169,9/13/2019 12:00:00 AM,1755,2,2,0,0,CLEAR,DRY,False,1 VEHICLE ENTERING/LEAVING ENTRANCE,ANGLE,STRAIGHT & LEVEL,DAYLIGHT,,,9/16/2019 9:23:18 AM,False,7864,Accepted,
25659967,0568000,LOUISVILLE METRO POLICE DEPT,Accepted,JEFFERSON,US0031W,,DIXIE,HWY,,,,,,,,38.166848714,-85.829292192,13.181,9/13/2019 12:00:00 AM,1119,2,2,0,2,CLEAR,DRY,False,1 VEHICLE ENTERING/LEAVING ENTRANCE,ANGLE,STRAIGHT & LEVEL,DAYLIGHT,,,9/19/2019 8:17:08 AM,False,7234,Accepted,
25654929,0568000,LOUISVILLE METRO POLICE DEPT,Accepted,JEFFERSON,I 0065,,I65 S,,,,,,,,,38.127069162,-85.702309114,125.992,9/13/2019 12:00:00 AM,1610,2,2,0,0,CLEAR,DRY,False,1 VEHICLE ENTERING/LEAVING ENTRANCE,ANGLE,STRAIGHT & LEVEL,DAYLIGHT,,,9/18/2019 9:01:51 AM,False,7578,Accepted,
25643896,0568000,LOUISVILLE METRO POLICE DEPT,Accepted,JEFFERSON,KY1747,,FERN VALLEY,RD,,,,,INDUSTRIAL,,ULRICH,38.156933492,-85.700130098,1.760,9/13/2019 12:00:00 AM,1626,2,2,0,0,CLEAR,DRY,False,1 VEHICLE ENTERING/LEAVING ENTRANCE,ANGLE,STRAIGHT & LEVEL,DAYLIGHT,,,9/16/2019 9:14:42 AM,False,7397,Accepted,
25643951,0568000,LOUISVILLE METRO POLICE DEPT,Accepted,JEFFERSON,KY0907,,VALLEY STATION,RD,,,,,,,,38.107317329,-85.865484530,0.071,9/13/2019 12:00:00 AM,1016,2,2,0,0,CLEAR,DRY,False,1 VEHICLE ENTERING/LEAVING ENTRANCE,ANGLE,STRAIGHT & LEVEL,DAYLIGHT,,,9/16/2019 9:23:31 AM,False,7234,Accepted,
25643892,0568000,LOUISVILLE METRO POLICE DEPT,Accepted,JEFFERSON,,,BROADWAY,,W,,,,CECIL,,41ST,38.250305587,-85.820602188,1.763,9/13/2019 12:00:00 AM,1424,3,3,0,0,CLEAR,DRY,False,1 VEHICLE ENTERING/LEAVING ENTRANCE,ANGLE,STRAIGHT & LEVEL,DAYLIGHT,,,9/16/2019 9:13:53 AM,False,7328,Accepted,
25643852,0568000,LOUISVILLE METRO POLICE DEPT,Accepted,JEFFERSON,US0150,600BLOCK,BROADWAY,,E,,,,,,,38.244970648,-85.743335398,3.202,9/13/2019 12:00:00 AM,1441,2,2,0,0,CLEAR,DRY,False,1 VEHICLE ENTERING/LEAVING ENTRANCE,ANGLE,STRAIGHT & LEVEL,DAYLIGHT,,,9/16/2019 9:11:08 AM,False,7406,Accepted,
25644146,0568000,LOUISVILLE METRO POLICE DEPT,Accepted,JEFFERSON,US0060A,1800B,BERRY,BLVD,,,,,,,,38.196733080,-85.798752296,0.605,9/13/2019 12:00:00 AM,1844,3,3,0,1,CLEAR,DRY,False,1 VEHICLE ENTERING/LEAVING ENTRANCE,ANGLE,STRAIGHT & LEVEL,DAYLIGHT,,,9/16/2019 9:38:22 AM,False,7249,Accepted,
25643958,0568000,LOUISVILLE METRO POLICE DEPT,Accepted,JEFFERSON,KY2055,,MANSLICK,RD,W,,,,,,,38.106033533,-85.759847734,1.455,9/13/2019 12:00:00 AM,1633,2,2,0,0,CLEAR,DRY,False,SIDESWIPE COLLISION - OPPOSITE DIRECTION,SIDESWIPE-OPPOSITE DIRECTION,STRAIGHT & LEVEL,DAYLIGHT,,,9/16/2019 9:24:10 AM,False,7234,Accepted,
25644223,0568000,LOUISVILLE METRO POLICE DEPT,Accepted,JEFFERSON,US0031W,102001,DIXIE,HWY,,,,,,,,38.107701147,-85.866663496,8.630,9/13/2019 12:00:00 AM,1700,2,2,0,0,CLEAR,DRY,False,SIDESWIPE COLLISION - SAME DIRECTION,SIDESWIPE-SAME DIRECTION,STRAIGHT & LEVEL,DAYLIGHT,,,9/16/2019 9:45:01 AM,False,7841,Accepted,
25643917,0568000,LOUISVILLE METRO POLICE DEPT,Accepted,JEFFERSON,I 0264,,I264 E,,,,,,,,,38.210852226,-85.671573742,15.643,9/13/2019 12:00:00 AM,1329,2,2,0,0,CLEAR,DRY,False,SIDESWIPE COLLISION - SAME DIRECTION,SIDESWIPE-SAME DIRECTION,STRAIGHT & LEVEL,DAYLIGHT,,,9/16/2019 9:17:58 AM,False,6813,Accepted,
25643919,0568000,LOUISVILLE METRO POLICE DEPT,Accepted,JEFFERSON,I 0264,,I264 W,,,,,,,,,38.189673337,-85.778809549,9.489,9/13/2019 12:00:00 AM,1600,2,2,0,0,CLEAR,DRY,False,SIDESWIPE COLLISION - SAME DIRECTION,SIDESWIPE-SAME DIRECTION,STRAIGHT & LEVEL,DAYLIGHT,,,9/16/2019 9:18:06 AM,False,7168,Accepted,
25643855,0568000,LOUISVILLE METRO POLICE DEPT,Accepted,JEFFERSON,KY1865,,TAYLOR,BLVD,,,,,,,,38.169817697,-85.781236620,4.343,9/13/2019 12:00:00 AM,0722,2,2,0,0,CLEAR,DRY,False,SIDESWIPE COLLISION - SAME DIRECTION,SIDESWIPE-SAME DIRECTION,STRAIGHT & LEVEL,DAYLIGHT,,,9/16/2019 9:11:43 AM,False,7667,Accepted,
25633790,0568000,LOUISVILLE METRO POLICE DEPT,Accepted,JEFFERSON,I 0065,,I65 N,,,,,,,,,38.170587332,-85.720395334,129.205,9/13/2019 12:00:00 AM,0623,2,2,0,0,OTHER,DRY,False,SIDESWIPE COLLISION - SAME DIRECTION,SIDESWIPE-SAME DIRECTION,STRAIGHT & LEVEL,DARK-HWY LIGHTED/ON,,,9/13/2019 8:50:13 AM,False,4903,Accepted,
25643963,0568000,LOUISVILLE METRO POLICE DEPT,Accepted,JEFFERSON,,,CENTRAL,AVE,,,,KY1631,CRITTENDEN,,HELM,38.202941390,-85.751129613,0.023,9/13/2019 12:00:00 AM,1623,2,2,0,0,CLEAR,DRY,False,SIDESWIPE COLLISION - SAME DIRECTION,SIDESWIPE-SAME DIRECTION,STRAIGHT & LEVEL,DAYLIGHT,,,9/16/2019 9:25:21 AM,False,7207,Accepted,
25643859,0568000,LOUISVILLE METRO POLICE DEPT,Accepted,JEFFERSON,US0031E,,BARDSTOWN,RD,,,,,FERNDALE,,STORAGE,38.154830768,-85.589619798,5.910,9/13/2019 12:00:00 AM,1532,2,2,0,0,CLEAR,DRY,False,SIDESWIPE COLLISION - SAME DIRECTION,SIDESWIPE-SAME DIRECTION,STRAIGHT & GRADE,DAYLIGHT,,,9/16/2019 9:12:16 AM,False,6337,Accepted,
25654899,0568000,LOUISVILLE METRO POLICE DEPT,Accepted,JEFFERSON,,5009,ROY WILLIAM,PL,,,,,,,,38.178089568,-85.636988440,0.041,9/13/2019 12:00:00 AM,1710,2,2,0,0,CLEAR,DRY,False,SIDESWIPE COLLISION - SAME DIRECTION,SIDESWIPE-SAME DIRECTION,STRAIGHT & LEVEL,DAYLIGHT,,,9/18/2019 8:59:34 AM,False,7303,Accepted,
25644014,0568000,LOUISVILLE METRO POLICE DEPT,Accepted,JEFFERSON,KY1865,,TAYLOR,BLVD,,,,I 0264,I264 W EXIT9 OFF RAMP TO KY1865,I 0264,I264 W EXIT9 ON RAMP FROM KY1865,38.189912966,-85.783398327,5.762,9/13/2019 12:00:00 AM,1946,2,2,0,0,CLEAR,DRY,False,HEAD-ON COLLISION,HEAD ON,STRAIGHT & LEVEL,DUSK,,,9/16/2019 9:31:16 AM,False,5230,Accepted,
25643964,0568000,LOUISVILLE METRO POLICE DEPT,Accepted,JEFFERSON,,,COLLINS,CT,W,,,,,,,38.200271917,-85.761854004,0.178,9/13/2019 12:00:00 AM,1630,2,2,0,0,CLEAR,DRY,True,1 VEHICLE PARKED POSITION (NOT PARKING LOT/DRIVEWAY),SIDESWIPE-SAME DIRECTION,STRAIGHT & LEVEL,DAYLIGHT,,,9/16/2019 9:25:33 AM,False,7286,Accepted,
25644145,0568000,LOUISVILLE METRO POLICE DEPT,Accepted,JEFFERSON,,,HILL,ST,W,,,,4TH,KY1020,3RD,38.225928682,-85.761104861,0.229,9/13/2019 12:00:00 AM,2311,2,2,0,0,CLEAR,DRY,False,1 VEHICLE PARKED POSITION (NOT PARKING LOT/DRIVEWAY),SIDESWIPE-SAME DIRECTION,STRAIGHT & LEVEL,DARK-HWY LIGHTED/ON,,,9/16/2019 9:38:13 AM,False,5131,Accepted,
25643971,0568000,LOUISVILLE METRO POLICE DEPT,Accepted,JEFFERSON,I 0064,@7MM,I64 W,,,,,,,,,38.250470518,-85.712506063,7.112,9/13/2019 12:00:00 AM,1724,3,3,0,2,CLEAR,DRY,False,REAR END IN TRAFFIC LANES BOTH VEHICLES MOVING,REAR END,STRAIGHT & LEVEL,DAYLIGHT,,,9/16/2019 9:26:29 AM,False,5020,Accepted,
25643944,0568000,LOUISVILLE METRO POLICE DEPT,Accepted,JEFFERSON,I 0265,,I265 E,,,,,,,,,38.137659493,-85.593929737,16.653,9/13/2019 12:00:00 AM,1622,2,2,0,0,CLEAR,DRY,False,REAR END IN TRAFFIC LANES BOTH VEHICLES MOVING,REAR END,STRAIGHT & LEVEL,DAYLIGHT,,,9/16/2019 9:21:47 AM,False,4693,Accepted,
25643860,0568000,LOUISVILLE METRO POLICE DEPT,Accepted,JEFFERSON,,1135,4TH,ST,S,,,,,,,38.236404612,-85.760160792,1.409,9/13/2019 12:00:00 AM,1412,2,2,0,0,CLEAR,DRY,False,1 VEHICLE PARKED POSITION (NOT PARKING LOT/DRIVEWAY),SIDESWIPE-SAME DIRECTION,STRAIGHT & LEVEL,DAYLIGHT,,,9/16/2019 9:12:26 AM,False,7495,Accepted,