IncidentID,AgencyORI,AgencyName,IncidentStatusDesc,County,RdwyNumber,Street,RoadwayName,StreetSfx,StreetDir,IntersectionRdwy,IntersectionRdwyName,BetweenStRdwy1,BetweenStRdwyName1,BetweenStRdwy2,BetweenStRdwyName2,Latitude,Longitude,Milepoint,CollisionDate,CollisionTime,UnitsInvolved,MotorVehiclesInvolved,NumberKilled,NumberInjured,Weather,RdwyConditionCode,HitandRun,DirAnalysisCode,MannerofCollision,RdwyCharacter,LightCondition,RampFromRdwyId,RampToRdwyId,AcceptedDate,IsSecondaryCollision,OwnerBadge,IncidentStatus,
25633767,0568000,LOUISVILLE METRO POLICE DEPT,Accepted,JEFFERSON,,2806,MONTANA,AVE,,,,,,,,38.209283372,-85.774328703,0.504,9/13/2019 12:00:00 AM,0540,2,2,0,0,CLEAR,DRY,True,1 VEHICLE PARKED POSITION (NOT PARKING LOT/DRIVEWAY),REAR END,STRAIGHT & LEVEL,DARK-HWY NOT LIGHTED,,,9/13/2019 8:47:10 AM,False,5183,Accepted,
25643942,0568000,LOUISVILLE METRO POLICE DEPT,Accepted,JEFFERSON,KY0155,,TAYLORSVILLE,RD,,,,,,,,38.188622384,-85.553524916,8.550,9/13/2019 12:00:00 AM,1533,2,2,0,0,CLEAR,DRY,False,REAR END IN TRAFFIC LANES BOTH VEHICLES MOVING,REAR END,STRAIGHT & HILLCREST,DAYLIGHT,,,9/16/2019 9:21:33 AM,False,4693,Accepted,
25643755,0568000,LOUISVILLE METRO POLICE DEPT,Accepted,JEFFERSON,KY3084,,OLD HENRY,RD,,,,,,,,38.274203743,-85.490467603,1.800,9/13/2019 12:00:00 AM,0830,2,2,0,0,CLEAR,DRY,False,REAR END IN TRAFFIC LANES BOTH VEHICLES MOVING,REAR END,CURVE & GRADE,DAYLIGHT,,,9/16/2019 9:02:03 AM,False,6532,Accepted,
25643835,0568000,LOUISVILLE METRO POLICE DEPT,Accepted,JEFFERSON,US0060,,FRANKFORT,AVE,,,,,CRESCENT,,KENNEDY,38.254661356,-85.687054351,1.814,9/13/2019 12:00:00 AM,0813,3,3,0,0,CLEAR,DRY,False,REAR END IN TRAFFIC LANES BOTH VEHICLES MOVING,REAR END,STRAIGHT & LEVEL,DAYLIGHT,,,9/16/2019 9:08:14 AM,True,7632,Accepted,
25643910,0568000,LOUISVILLE METRO POLICE DEPT,Accepted,JEFFERSON,I 0064,,I64 W,,,,,,,,,38.232259393,-85.606295167,13.262,9/13/2019 12:00:00 AM,1739,2,2,0,0,CLEAR,DRY,False,REAR END IN TRAFFIC LANES BOTH VEHICLES MOVING,REAR END,STRAIGHT & LEVEL,DAYLIGHT,,,9/16/2019 9:16:27 AM,False,5109,Accepted,
25643959,0568000,LOUISVILLE METRO POLICE DEPT,Accepted,JEFFERSON,US0060A,,EASTERN,PKWY,,,,,CASTLEVALE,,ROYAL,38.225279368,-85.725323494,5.814,9/13/2019 12:00:00 AM,1801,2,2,0,0,CLEAR,DRY,True,REAR END IN TRAFFIC LANES BOTH VEHICLES MOVING,REAR END,CURVE & GRADE,DAYLIGHT,,,9/16/2019 9:24:32 AM,False,7900,Accepted,
25643806,0568000,LOUISVILLE METRO POLICE DEPT,Accepted,JEFFERSON,,,WATTERSON,TRL,,,,,,,,38.179103956,-85.622729934,0.014,9/13/2019 12:00:00 AM,0947,2,2,0,0,CLEAR,DRY,False,REAR END IN TRAFFIC LANES BOTH VEHICLES MOVING,REAR END,STRAIGHT & LEVEL,DAYLIGHT,,,9/16/2019 9:05:12 AM,False,7307,Accepted,
25654866,0568000,LOUISVILLE METRO POLICE DEPT,Accepted,JEFFERSON,I 0065,,I65 S,,,,,,,,,38.122131747,-85.702037831,125.651,9/13/2019 12:00:00 AM,1546,3,3,0,2,CLEAR,DRY,False,REAR END IN TRAFFIC LANES BOTH VEHICLES MOVING,REAR END,CURVE & LEVEL,DAYLIGHT,,,9/18/2019 8:53:49 AM,False,7944,Accepted,
25643921,0568000,LOUISVILLE METRO POLICE DEPT,Accepted,JEFFERSON,,,CRITTENDEN,DR,,,WOODLAWN,,,,,38.182804672,-85.753189435,1.251,9/13/2019 12:00:00 AM,1157,2,2,0,0,CLEAR,DRY,False,SIDESWIPE-SAME DIRECTION,SIDESWIPE-SAME DIRECTION,STRAIGHT & GRADE,DAYLIGHT,,,9/16/2019 9:18:17 AM,False,7366,Accepted,
25643907,0568000,LOUISVILLE METRO POLICE DEPT,Accepted,JEFFERSON,KY0864,,POPLAR LEVEL,RD,,KY1747,FERN VALLEY,,,,,38.158054930,-85.646225025,6.602,9/13/2019 12:00:00 AM,1642,2,2,0,0,CLEAR,DRY,True,SIDESWIPE-SAME DIRECTION,SIDESWIPE-SAME DIRECTION,CURVE & LEVEL,DAYLIGHT,,,9/16/2019 9:15:42 AM,False,2959,Accepted,
25643934,0568000,LOUISVILLE METRO POLICE DEPT,Accepted,JEFFERSON,US0060,,SHELBYVILLE,RD,,,MOSER,,,,,38.245035270,-85.559199292,8.826,9/13/2019 12:00:00 AM,1509,2,2,0,0,CLEAR,DRY,False,SIDESWIPE-SAME DIRECTION,SIDESWIPE-SAME DIRECTION,STRAIGHT & LEVEL,DAYLIGHT,,,9/16/2019 9:20:06 AM,False,7751,Accepted,
25643838,0568000,LOUISVILLE METRO POLICE DEPT,Accepted,JEFFERSON,US0060A,,EASTERN,PKWY,,,BARRET,,,,,38.226526022,-85.721126659,6.067,9/13/2019 12:00:00 AM,0809,3,3,0,0,CLEAR,DRY,False,SIDESWIPE-SAME DIRECTION,SIDESWIPE-SAME DIRECTION,CURVE & LEVEL,DAYLIGHT,,,9/16/2019 9:08:40 AM,False,5020,Accepted,
25633787,0568000,LOUISVILLE METRO POLICE DEPT,Accepted,JEFFERSON,KY0146,,LA GRANGE,RD,,,NELSON MILLER,,,,,38.280876787,-85.515874793,6.965,9/13/2019 12:00:00 AM,0550,2,2,0,3,CLEAR,DRY,False,SIDESWIPE-SAME DIRECTION,SIDESWIPE-SAME DIRECTION,STRAIGHT & LEVEL,DARK (UNKNOWN ROADWAY LIGHTING),,,9/13/2019 8:49:36 AM,False,2920,Accepted,
25643978,0568000,LOUISVILLE METRO POLICE DEPT,Accepted,JEFFERSON,KY1931,,ST ANDREWS CHURCH,RD,,,ARNOLDTOWN,,,,,38.149568256,-85.823999996,4.124,9/13/2019 12:00:00 AM,1745,2,2,0,0,CLEAR,DRY,False,SIDESWIPE-SAME DIRECTION,SIDESWIPE-SAME DIRECTION,STRAIGHT & LEVEL,DAYLIGHT,,,9/16/2019 9:27:35 AM,False,7768,Accepted,
25643945,0568000,LOUISVILLE METRO POLICE DEPT,Accepted,JEFFERSON,US0031W,,DIXIE,HWY,,,BONNYVILLE,,,,,38.166967849,-85.829186905,13.181,9/13/2019 12:00:00 AM,1352,2,2,0,0,CLEAR,DRY,False,SIDESWIPE-SAME DIRECTION,SIDESWIPE-SAME DIRECTION,STRAIGHT & LEVEL,DAYLIGHT,,,9/16/2019 9:21:58 AM,False,7356,Accepted,
25649070,0568000,LOUISVILLE METRO POLICE DEPT,Accepted,JEFFERSON,KY0061,,JACKSON,ST,S,,LIBERTY,,,,,38.251006597,-85.744594737,12.698,9/13/2019 12:00:00 AM,1630,2,2,0,0,CLEAR,DRY,False,SIDESWIPE-SAME DIRECTION,SIDESWIPE-SAME DIRECTION,STRAIGHT & LEVEL,DAYLIGHT,,,9/17/2019 8:17:50 AM,False,7058,Accepted,
25643974,0568000,LOUISVILLE METRO POLICE DEPT,Accepted,JEFFERSON,US0031E,,MARKET,ST,E,KY0061,PRESTON,,,,,38.254065908,-85.746087265,17.374,9/13/2019 12:00:00 AM,0846,2,2,0,0,CLEAR,DRY,False,SIDESWIPE-SAME DIRECTION,SIDESWIPE-SAME DIRECTION,STRAIGHT & LEVEL,DAYLIGHT,,,9/16/2019 9:27:00 AM,False,7239,Accepted,
25730259,0568000,LOUISVILLE METRO POLICE DEPT,Accepted,JEFFERSON,US0150,,BROADWAY,,E,KY0864,SHELBY,,,,,38.244685243,-85.739506677,3.405,9/13/2019 12:00:00 AM,1900,2,2,0,0,CLEAR,DRY,False,SIDESWIPE-SAME DIRECTION,SIDESWIPE-SAME DIRECTION,STRAIGHT & LEVEL,DAYLIGHT,,,10/4/2019 8:43:17 AM,False,7239,Accepted,
25644032,0568000,LOUISVILLE METRO POLICE DEPT,Accepted,JEFFERSON,,,29TH,ST,S,,CHESTNUT,,,,,38.253524408,-85.799257010,0.334,9/13/2019 12:00:00 AM,2319,1,1,0,0,CLEAR,DRY,False,OTHER INTERSECTION COLLISIONS,SINGLE VEHICLE,STRAIGHT & LEVEL,DARK-HWY LIGHTED/ON,,,9/16/2019 9:31:42 AM,False,7417,Accepted,
25643969,0568000,LOUISVILLE METRO POLICE DEPT,Accepted,JEFFERSON,I 0064,,I64 W,,,I 0064,I64 TURN AROUND7,,,,,38.249739693,-85.709034801,7.307,9/13/2019 12:00:00 AM,1625,2,2,0,0,CLEAR,DRY,False,OTHER INTERSECTION COLLISIONS,REAR END,STRAIGHT & LEVEL,DAYLIGHT,,,9/16/2019 9:26:17 AM,False,7740,Accepted,
25643992,0568000,LOUISVILLE METRO POLICE DEPT,Accepted,JEFFERSON,US0031E,,BARDSTOWN,RD,,,CEDAR SPRINGS,,,,,38.145204615,-85.584969038,5.192,9/13/2019 12:00:00 AM,2011,2,2,0,0,CLEAR,DRY,True,OTHER INTERSECTION COLLISIONS,REAR END,STRAIGHT & LEVEL,DARK (UNKNOWN ROADWAY LIGHTING),,,9/16/2019 9:29:53 AM,False,7828,Accepted,
25649085,0568000,LOUISVILLE METRO POLICE DEPT,Accepted,JEFFERSON,US0031E,,BARDSTOWN,RD,,,FAIRGROUND,,,,,38.162908218,-85.595909910,6.587,9/13/2019 12:00:00 AM,0705,4,4,0,2,CLEAR,DRY,False,OTHER INTERSECTION COLLISIONS,REAR END,STRAIGHT & LEVEL,DAYLIGHT,,,9/17/2019 8:18:25 AM,False,6907,Accepted,
25643861,0568000,LOUISVILLE METRO POLICE DEPT,Accepted,JEFFERSON,,,3RD,ST,S,,SOUTHLAND,,,,,38.171528710,-85.768081268,1.885,9/13/2019 12:00:00 AM,0813,3,3,0,0,CLEAR,DRY,False,OTHER INTERSECTION COLLISIONS,REAR END,STRAIGHT & LEVEL,DAYLIGHT,,,9/16/2019 9:12:35 AM,False,7495,Accepted,
25643909,0568000,LOUISVILLE METRO POLICE DEPT,Accepted,JEFFERSON,KY1865,,TAYLOR,BLVD,,,HUNTOON,,,,,38.171789355,-85.781850711,4.462,9/13/2019 12:00:00 AM,1633,2,2,0,0,CLEAR,DRY,False,OTHER INTERSECTION COLLISIONS,REAR END,STRAIGHT & LEVEL,DAYLIGHT,,,9/16/2019 9:16:17 AM,False,7094,Accepted,
25643973,0568000,LOUISVILLE METRO POLICE DEPT,Accepted,JEFFERSON,,,MUHAMMAD ALI,BLVD,E,KY0061,JACKSON,,,,,38.249740784,-85.744839619,0.611,9/13/2019 12:00:00 AM,1307,2,2,0,0,CLEAR,DRY,False,OTHER INTERSECTION COLLISIONS,REAR END,STRAIGHT & LEVEL,DAYLIGHT,,,9/16/2019 9:26:42 AM,False,7239,Accepted,
25643949,0568000,LOUISVILLE METRO POLICE DEPT,Accepted,JEFFERSON,KY2251,,BARDSTOWN,RD,,US0031E,BARDSTOWN,,,,,38.200182805,-85.662283687,1.192,9/13/2019 12:00:00 AM,0910,2,2,0,0,CLEAR,DRY,False,OTHER INTERSECTION COLLISIONS,REAR END,STRAIGHT & LEVEL,DAYLIGHT,,,9/16/2019 9:22:51 AM,False,7864,Accepted,
25643939,0568000,LOUISVILLE METRO POLICE DEPT,Accepted,JEFFERSON,KY1934,,CANE RUN,RD,,KY2051,LEES,,,,,38.183336109,-85.855357751,7.693,9/13/2019 12:00:00 AM,1749,2,2,0,0,CLEAR,DRY,False,OTHER INTERSECTION COLLISIONS,REAR END,STRAIGHT & LEVEL,DAYLIGHT,,,9/16/2019 9:20:33 AM,False,5208,Accepted,
25643946,0568000,LOUISVILLE METRO POLICE DEPT,Accepted,JEFFERSON,,215,KENTUCKY,ST,E,,FLOYD,,,,,38.238089978,-85.751880407,0.153,9/13/2019 12:00:00 AM,1611,1,1,0,0,CLEAR,DRY,True,OTHER INTERSECTION COLLISIONS,SINGLE VEHICLE,STRAIGHT & LEVEL,DAYLIGHT,,,9/16/2019 9:22:09 AM,False,5240,Accepted,
25643966,0568000,LOUISVILLE METRO POLICE DEPT,Accepted,JEFFERSON,KY1020,,3RD,ST,S,US0060A,EASTERN,,,,,38.213757109,-85.762346940,9.870,9/13/2019 12:00:00 AM,1243,2,2,0,0,CLEAR,DRY,False,OTHER INTERSECTION COLLISIONS,REAR END,STRAIGHT & LEVEL,DAYLIGHT,,,9/16/2019 9:26:06 AM,False,7334,Accepted,
25644051,0568000,LOUISVILLE METRO POLICE DEPT,Accepted,JEFFERSON,US0031W,,MAIN,ST,W,,12TH,,,,,38.258059072,-85.769816638,21.205,9/13/2019 12:00:00 AM,2143,2,2,0,0,CLEAR,DRY,False,OTHER INTERSECTION COLLISIONS,REAR END,STRAIGHT & LEVEL,DARK-HWY LIGHTED/ON,,,9/16/2019 9:31:57 AM,False,7173,Accepted,
25643851,0568000,LOUISVILLE METRO POLICE DEPT,Accepted,JEFFERSON,KY0061,,PRESTON,HWY,,KY6304,OLD PRESTON,,,,,38.096366465,-85.670307879,0.877,9/13/2019 12:00:00 AM,1453,2,2,0,0,CLEAR,DRY,False,OTHER INTERSECTION COLLISIONS,REAR END,STRAIGHT & LEVEL,DAYLIGHT,,,9/16/2019 9:10:58 AM,False,7989,Accepted,
25643825,0568000,LOUISVILLE METRO POLICE DEPT,Accepted,JEFFERSON,I 0264,,I264 E,,,I 0064,I64 E EXIT19A RAMP TO I64 E,,,,,38.232923442,-85.627626654,18.484,9/13/2019 12:00:00 AM,0740,3,3,0,0,CLEAR,DRY,True,OTHER INTERSECTION COLLISIONS,REAR END,STRAIGHT & LEVEL,DAYLIGHT,,,9/16/2019 9:06:56 AM,False,7720,Accepted,
25665583,0568000,LOUISVILLE METRO POLICE DEPT,Accepted,JEFFERSON,KY3064,,PORTLAND,AVE,,,26TH,,,,,38.271051391,-85.789991946,0.443,9/13/2019 12:00:00 AM,1930,2,2,0,2,CLEAR,DRY,False,OTHER INTERSECTION COLLISIONS,REAR END,STRAIGHT & LEVEL,DUSK,,,9/20/2019 9:15:51 AM,False,7408,Accepted,
25793168,0568000,LOUISVILLE METRO POLICE DEPT,Accepted,JEFFERSON,KY1447,,WESTPORT,RD,,,ASSEMBLY,,,,,38.292543505,-85.562005518,5.836,9/13/2019 12:00:00 AM,1700,2,2,0,0,CLEAR,DRY,False,OTHER INTERSECTION COLLISIONS,REAR END,STRAIGHT & LEVEL,DAYLIGHT,,,10/18/2019 8:30:17 AM,False,7631,Accepted,
25643990,0568000,LOUISVILLE METRO POLICE DEPT,Accepted,JEFFERSON,KY0155,,TAYLORSVILLE,RD,,,,,HARRODS OLD,I 0265,I265 E EXIT23 OFF RAMP TO KY155,38.190055395,-85.503467523,5.747,9/13/2019 12:00:00 AM,2115,1,1,0,1,CLEAR,DRY,False,COLLISION WITH FIXED OBJECT NON - INTERSECTION - FIRST EVENT COLLISION 09 - 32 EXCLUDING 16,SINGLE VEHICLE,STRAIGHT & LEVEL,DARK-HWY LIGHTED/OFF,,,9/16/2019 9:29:30 AM,False,2775,Accepted,
25643874,0568000,LOUISVILLE METRO POLICE DEPT,Accepted,JEFFERSON,,,RIVER,RD,,,,,,,,38.334535124,-85.628508010,5.678,9/13/2019 12:00:00 AM,1240,1,1,0,0,CLEAR,DRY,False,COLLISION WITH FIXED OBJECT NON - INTERSECTION - FIRST EVENT COLLISION 09 - 32 EXCLUDING 16,SINGLE VEHICLE,STRAIGHT & LEVEL,DAYLIGHT,,,9/16/2019 9:13:11 AM,False,2346,Accepted,
25643977,0568000,LOUISVILLE METRO POLICE DEPT,Accepted,JEFFERSON,,,5TH,ST,S,,,,MUHAMMAD ALI,,CATHEDRAL SCHOOL,38.251922217,-85.759038034,3.469,9/13/2019 12:00:00 AM,1634,2,1,0,1,CLEAR,DRY,False,COLLISION WITH PEDESTRIAN NON - INTERSECTION,SINGLE VEHICLE,STRAIGHT & LEVEL,DAYLIGHT,,,9/16/2019 9:27:19 AM,False,2854,Accepted,
25687136,0568000,LOUISVILLE METRO POLICE DEPT,Accepted,JEFFERSON,,656,34TH,ST,S,,,,,,,38.250203555,-85.807933016,0.841,9/13/2019 12:00:00 AM,1558,2,1,0,0,CLEAR,DRY,True,COLLISION WITH PEDESTRIAN NON - INTERSECTION,SINGLE VEHICLE,STRAIGHT & LEVEL,DAYLIGHT,,,9/25/2019 8:39:59 AM,False,5113,Accepted,
25644220,0568000,LOUISVILLE METRO POLICE DEPT,Accepted,JEFFERSON,,,STRAWBERRY,LN,,KY1020,SOUTHSIDE,,,,,38.158097935,-85.764675285,0.001,9/13/2019 12:00:00 AM,2329,2,2,0,0,CLEAR,DRY,False,OPPOSITE DIRECTION - BOTH VEHICLES GOING STRAIGHT AHEAD,SIDESWIPE-OPPOSITE DIRECTION,STRAIGHT & LEVEL,DARK (UNKNOWN ROADWAY LIGHTING),,,9/16/2019 9:44:32 AM,False,5221,Accepted,
25643868,0568000,LOUISVILLE METRO POLICE DEPT,Accepted,JEFFERSON,KY0864,,POPLAR LEVEL,RD,,,FERN VALLEY,,,,,38.158696782,-85.651218699,6.929,9/13/2019 12:00:00 AM,1523,2,2,0,1,CLEAR,DRY,False,REAR END - ONE VEHICLE TURNING LEFT,REAR END,STRAIGHT & LEVEL,DAYLIGHT,,,9/16/2019 9:12:46 AM,False,7307,Accepted,
25643766,0568000,LOUISVILLE METRO POLICE DEPT,Accepted,JEFFERSON,KY1934,,CANE RUN,RD,,,RALPH,,,,,38.208386632,-85.825550077,10.095,9/13/2019 12:00:00 AM,0659,2,2,0,1,CLEAR,DRY,False,OPPOSING LEFT TURN,OPPOSING LEFT TURN,STRAIGHT & LEVEL,DAYLIGHT,,,9/16/2019 9:03:34 AM,False,6860,Accepted,
25643933,0568000,LOUISVILLE METRO POLICE DEPT,Accepted,JEFFERSON,KY1747,,HURSTBOURNE,PKWY,N,,WHITE BLOSSOM,,,,,38.299680897,-85.573828479,17.979,9/13/2019 12:00:00 AM,0659,2,2,0,1,CLEAR,DRY,False,OPPOSING LEFT TURN,OPPOSING LEFT TURN,STRAIGHT & LEVEL,DAWN,,,9/16/2019 9:19:56 AM,False,7751,Accepted,
25643941,0568000,LOUISVILLE METRO POLICE DEPT,Accepted,JEFFERSON,US0031E,,BARDSTOWN,RD,,,DEL MARIA,,,,,38.170153324,-85.607013947,7.379,9/13/2019 12:00:00 AM,1501,2,2,0,0,CLEAR,DRY,False,OPPOSING LEFT TURN,OPPOSING LEFT TURN,STRAIGHT & LEVEL,DAYLIGHT,,,9/16/2019 9:21:20 AM,False,4693,Accepted,
25644080,0568000,LOUISVILLE METRO POLICE DEPT,Accepted,JEFFERSON,US0031E,,BARDSTOWN,RD,,,CHEROKEE,,,,,38.234527504,-85.713901507,14.943,9/13/2019 12:00:00 AM,1947,2,2,0,0,CLEAR,DRY,False,OPPOSING LEFT TURN,OPPOSING LEFT TURN,STRAIGHT & LEVEL,DARK-HWY LIGHTED/ON,,,9/16/2019 9:32:38 AM,False,5152,Accepted,
25643962,0568000,LOUISVILLE METRO POLICE DEPT,Accepted,JEFFERSON,,,KENWOOD,DR,E,,THALIA,,,,,38.156800586,-85.766446924,0.093,9/13/2019 12:00:00 AM,1554,2,2,0,1,CLEAR,DRY,True,OPPOSING LEFT TURN,OPPOSING LEFT TURN,STRAIGHT & LEVEL,DAYLIGHT,,,9/16/2019 9:25:05 AM,False,7252,Accepted,
25643996,0568000,LOUISVILLE METRO POLICE DEPT,Accepted,JEFFERSON,KY1932,,BRECKENRIDGE,LN,,,SIX MILE,,,,,38.197605395,-85.625100001,1.129,9/13/2019 12:00:00 AM,2046,2,2,0,0,CLEAR,DRY,False,OPPOSING LEFT TURN,OPPOSING LEFT TURN,STRAIGHT & GRADE,DARK (UNKNOWN ROADWAY LIGHTING),,,9/16/2019 9:30:29 AM,False,7383,Accepted,
25643915,0568000,LOUISVILLE METRO POLICE DEPT,Accepted,JEFFERSON,KY1934,,CANE RUN,RD,,,PATRICIA,,,,,38.190836271,-85.849096603,8.304,9/13/2019 12:00:00 AM,1631,2,2,0,0,CLEAR,DRY,True,ANGLE COLLISION - OTHER,ANGLE,STRAIGHT & LEVEL,UNKNOWN,,,9/16/2019 9:17:33 AM,False,5208,Accepted,
25643916,0568000,LOUISVILLE METRO POLICE DEPT,Accepted,JEFFERSON,US0031E,,BARDSTOWN,RD,,,BEECHWOOD,,,,,38.236485675,-85.717494827,15.191,9/13/2019 12:00:00 AM,0831,2,2,0,2,CLEAR,DRY,False,ANGLE COLLISION - OTHER,ANGLE,STRAIGHT & LEVEL,DAYLIGHT,,,9/16/2019 9:17:48 AM,False,6813,Accepted,
25643924,0568000,LOUISVILLE METRO POLICE DEPT,Accepted,JEFFERSON,KY1934,,GREENBELT,HWY,,,BETHANY,,,,,38.104198437,-85.893138001,1.452,9/13/2019 12:00:00 AM,1626,2,2,0,2,CLEAR,DRY,False,ANGLE COLLISION - OTHER,ANGLE,STRAIGHT & LEVEL,DAYLIGHT,,,9/16/2019 9:18:33 AM,False,7224,Accepted,
25643761,0568000,LOUISVILLE METRO POLICE DEPT,Accepted,JEFFERSON,,,ASHBY,LN,,KY1934,GREENBELT,,,,,38.110722095,-85.894259557,1.458,9/13/2019 12:00:00 AM,0932,2,2,0,0,CLEAR,DRY,False,ANGLE COLLISION - OTHER,ANGLE,STRAIGHT & LEVEL,DAYLIGHT,,,9/16/2019 9:03:09 AM,False,7224,Accepted,
25643830,0568000,LOUISVILLE METRO POLICE DEPT,Accepted,JEFFERSON,US0060A,,EASTERN,PKWY,,KY1703,BAXTER,,,,,38.228910780,-85.715277733,6.442,9/13/2019 12:00:00 AM,1050,2,2,0,0,CLEAR,DRY,False,ANGLE COLLISION - OTHER,ANGLE,STRAIGHT & LEVEL,DAYLIGHT,,,9/16/2019 9:07:19 AM,False,7900,Accepted,
25643981,0568000,LOUISVILLE METRO POLICE DEPT,Accepted,JEFFERSON,US0060A,,WILLOW,AVE,,,BARINGER,,,,,38.234244953,-85.708262420,7.021,9/13/2019 12:00:00 AM,2044,2,2,0,1,CLEAR,DRY,False,ANGLE COLLISION - OTHER,ANGLE,STRAIGHT & LEVEL,DARK-HWY LIGHTED/ON,,,9/16/2019 9:28:23 AM,False,2563,Accepted,
25643993,0568000,LOUISVILLE METRO POLICE DEPT,Accepted,JEFFERSON,US0031E,,BARDSTOWN,RD,,,CAPTAIN,,,,,38.128118203,-85.575851408,3.909,9/13/2019 12:00:00 AM,2224,2,2,0,0,CLEAR,DRY,False,ANGLE COLLISION - OTHER,ANGLE,STRAIGHT & LEVEL,DARK-HWY LIGHTED/ON,,,9/16/2019 9:30:01 AM,False,5005,Accepted,
25644154,0568000,LOUISVILLE METRO POLICE DEPT,Accepted,JEFFERSON,,,PHILLIPS,LN,,,FREEDOM,,,,,38.193584409,-85.739585450,0.745,9/13/2019 12:00:00 AM,1745,2,2,0,0,CLEAR,DRY,False,ANGLE COLLISION - OTHER,ANGLE,STRAIGHT & LEVEL,DAYLIGHT,,,9/16/2019 9:39:03 AM,False,7286,Accepted,
25644221,0568000,LOUISVILLE METRO POLICE DEPT,Accepted,JEFFERSON,,,LEXINGTON,RD,,,PAYNE,,,,,38.250553941,-85.720785833,0.727,9/13/2019 12:00:00 AM,2016,2,2,0,0,CLEAR,DRY,True,ANGLE COLLISION - OTHER,ANGLE,CURVE & LEVEL,DARK-HWY LIGHTED/ON,,,9/16/2019 9:44:41 AM,False,7376,Accepted,
25665335,0568000,LOUISVILLE METRO POLICE DEPT,Accepted,JEFFERSON,KY1020,,2ND,ST,S,,KENTUCKY,,,,,38.238547569,-85.756388112,11.592,9/13/2019 12:00:00 AM,1455,2,2,0,1,CLEAR,DRY,False,ANGLE COLLISION - OTHER,ANGLE,STRAIGHT & LEVEL,DAYLIGHT,,,9/20/2019 8:53:23 AM,False,7619,Accepted,
25633759,0568000,LOUISVILLE METRO POLICE DEPT,Accepted,JEFFERSON,,617,44TH,ST,S,,DEL PARK,,,,,38.255365050,-85.824717974,0.195,9/13/2019 12:00:00 AM,0035,2,2,0,0,CLEAR,DRY,True,COLLISION WITH PARKED VEHICLE,ANGLE,STRAIGHT & LEVEL,DARK-HWY LIGHTED/ON,,,9/13/2019 8:44:52 AM,False,7481,Accepted,
25644348,0568000,LOUISVILLE METRO POLICE DEPT,Accepted,JEFFERSON,KY0864,,POPLAR LEVEL,RD,,,FINCASTLE,,,,,38.207655944,-85.715247397,12.275,9/13/2019 12:00:00 AM,2059,1,1,0,0,CLEAR,DRY,False,COLLISION WITH ANIMAL IN INTERSECTION,SINGLE VEHICLE,STRAIGHT & GRADE,DARK-HWY LIGHTED/ON,,,9/16/2019 9:56:34 AM,False,7419,Accepted,
25643895,0568000,LOUISVILLE METRO POLICE DEPT,Accepted,JEFFERSON,KY0061,,PRESTON,HWY,,KY2845,MANSLICK,,,,,38.118132074,-85.677269304,2.455,9/13/2019 12:00:00 AM,1350,1,1,0,1,CLEAR,DRY,False,COLLISION WITH FIXED OBJECT IN INTERSECTION - FIRST EVENT COLLISION 09 - 32,SINGLE VEHICLE,STRAIGHT & LEVEL,DAYLIGHT,,,9/16/2019 9:14:24 AM,False,7397,Accepted,
25643948,0568000,LOUISVILLE METRO POLICE DEPT,Accepted,JEFFERSON,US0060A,896,EASTERN,PKWY,,,KESWICK,,,,,38.217617038,-85.737531661,4.920,9/13/2019 12:00:00 AM,1754,1,1,0,1,CLEAR,DRY,False,COLLISION WITH FIXED OBJECT IN INTERSECTION - FIRST EVENT COLLISION 09 - 32,SINGLE VEHICLE,STRAIGHT & LEVEL,DAYLIGHT,,,9/16/2019 9:22:29 AM,False,5240,Accepted,
25633777,0568000,LOUISVILLE METRO POLICE DEPT,Accepted,JEFFERSON,,,ST ANTHONY CHURCH,RD,,,MANSLICK,,,,,38.131626770,-85.796078040,2.205,9/12/2019 12:00:00 AM,2118,1,1,0,0,CLEAR,DRY,False,COLLISION WITH FIXED OBJECT IN INTERSECTION - FIRST EVENT COLLISION 09 - 32,SINGLE VEHICLE,CURVE & HILLCREST,DARK-HWY NOT LIGHTED,,,9/13/2019 8:49:08 AM,False,5211,Accepted,
25633745,0568000,LOUISVILLE METRO POLICE DEPT,Accepted,JEFFERSON,,,MAGNOLIA,AVE,W,,7TH,,,,,38.229645029,-85.767554110,0.612,9/12/2019 12:00:00 AM,0512,2,2,0,2,CLEAR,DRY,False,ANGLE COLLISION - ONE VEHICLE TURNING LEFT,ANGLE,STRAIGHT & LEVEL,DUSK,,,9/13/2019 8:41:56 AM,False,5183,Accepted,
25633771,0568000,LOUISVILLE METRO POLICE DEPT,Accepted,JEFFERSON,US0060,,SHELBYVILLE,RD,,,BECKLEY STATION,,,,,38.238895830,-85.488317465,12.895,9/12/2019 12:00:00 AM,0956,3,3,0,3,CLEAR,DRY,False,ANGLE COLLISION - ONE VEHICLE TURNING LEFT,ANGLE,STRAIGHT & LEVEL,DAYLIGHT,,,9/13/2019 8:48:07 AM,False,6886,Accepted,
25649247,0568000,LOUISVILLE METRO POLICE DEPT,Accepted,JEFFERSON,,,PARK,RD,S,,MINOR,,,,,38.115925718,-85.714963372,2.253,9/12/2019 12:00:00 AM,2207,2,2,0,0,CLEAR,DRY,False,ANGLE COLLISION - ONE VEHICLE TURNING LEFT,ANGLE,STRAIGHT & HILLCREST,DARK-HWY NOT LIGHTED,,,9/17/2019 8:31:47 AM,False,5042,Accepted,