IncidentID,AgencyORI,AgencyName,IncidentStatusDesc,County,RdwyNumber,Street,RoadwayName,StreetSfx,StreetDir,IntersectionRdwy,IntersectionRdwyName,BetweenStRdwy1,BetweenStRdwyName1,BetweenStRdwy2,BetweenStRdwyName2,Latitude,Longitude,Milepoint,CollisionDate,CollisionTime,UnitsInvolved,MotorVehiclesInvolved,NumberKilled,NumberInjured,Weather,RdwyConditionCode,HitandRun,DirAnalysisCode,MannerofCollision,RdwyCharacter,LightCondition,RampFromRdwyId,RampToRdwyId,AcceptedDate,IsSecondaryCollision,OwnerBadge,IncidentStatus,
25633637,0568000,LOUISVILLE METRO POLICE DEPT,Accepted,JEFFERSON,US0060,,SHELBYVILLE,RD,,,SHELBY STATION,,,,,38.239282354,-85.490193135,12.787,9/12/2019 12:00:00 AM,1110,2,2,0,0,CLEAR,DRY,False,ANGLE COLLISION - ONE VEHICLE TURNING RIGHT,ANGLE,STRAIGHT & LEVEL,DAYLIGHT,,,9/13/2019 8:25:22 AM,False,6929,Accepted,
25649397,0568000,LOUISVILLE METRO POLICE DEPT,Accepted,JEFFERSON,,,LIBERTY,ST,E,,1ST,,,,,38.252532270,-85.752219100,0.001,9/12/2019 12:00:00 AM,1500,2,2,0,0,CLEAR,DRY,False,ANGLE COLLISION - ONE VEHICLE TURNING RIGHT,ANGLE,CURVE & GRADE,DAYLIGHT,,,9/17/2019 8:48:12 AM,False,2661,Accepted,
25644365,0568000,LOUISVILLE METRO POLICE DEPT,Accepted,JEFFERSON,,,HIKES,LN,,,KLONDIKE,,,,,38.211177836,-85.640658037,2.213,9/12/2019 12:00:00 AM,1429,2,2,0,0,CLEAR,DRY,False,ANGLE COLLISION - OTHER,ANGLE,STRAIGHT & LEVEL,DAYLIGHT,,,9/16/2019 9:58:50 AM,False,7482,Accepted,
25644366,0568000,LOUISVILLE METRO POLICE DEPT,Accepted,JEFFERSON,,,BROWNS,LN,,,LYNNBROOK,,,,,38.230596983,-85.624921748,1.946,9/12/2019 12:00:00 AM,1532,2,2,0,0,CLEAR,DRY,False,ANGLE COLLISION - OTHER,ANGLE,STRAIGHT & LEVEL,DAYLIGHT,,,9/16/2019 9:59:05 AM,False,7482,Accepted,
25654820,0568000,LOUISVILLE METRO POLICE DEPT,Accepted,JEFFERSON,,,8TH,ST,S,,MAGAZINE,,,,,38.248371146,-85.764729609,0.625,9/12/2019 12:00:00 AM,1628,2,2,0,1,CLEAR,DRY,False,ANGLE COLLISION - OTHER,ANGLE,STRAIGHT & LEVEL,DAYLIGHT,,,9/18/2019 8:46:58 AM,False,5173,Accepted,
25633739,0568000,LOUISVILLE METRO POLICE DEPT,Accepted,JEFFERSON,,,CRITTENDEN,DR,,,PARK,,,,,38.192187810,-85.755120068,0.596,9/12/2019 12:00:00 AM,1107,2,2,0,0,CLEAR,DRY,False,ANGLE COLLISION - OTHER,ANGLE,STRAIGHT & LEVEL,DAYLIGHT,,,9/13/2019 8:40:35 AM,False,7398,Accepted,
25633717,0568000,LOUISVILLE METRO POLICE DEPT,Accepted,JEFFERSON,,,BRECKINRIDGE,ST,W,KY1020,2ND,,,,,38.241534286,-85.755795419,0.091,9/12/2019 12:00:00 AM,1033,2,2,0,0,CLEAR,DRY,False,ANGLE COLLISION - OTHER,ANGLE,STRAIGHT & LEVEL,DAYLIGHT,,,9/13/2019 8:37:20 AM,False,7418,Accepted,
25633747,0568000,LOUISVILLE METRO POLICE DEPT,Accepted,JEFFERSON,KY1865,,TAYLOR,BLVD,,,LYNNHURST,,,,,38.178557228,-85.783030652,4.957,9/12/2019 12:00:00 AM,1633,2,2,0,4,CLEAR,DRY,False,ANGLE COLLISION - OTHER,ANGLE,STRAIGHT & LEVEL,DAYLIGHT,,,9/13/2019 8:42:39 AM,False,7978,Accepted,
25633593,0568000,LOUISVILLE METRO POLICE DEPT,Accepted,JEFFERSON,KY1931,,MANSLICK,RD,,,PIKES PEAK,,,,,38.165752227,-85.797482538,6.272,9/12/2019 12:00:00 AM,0755,2,2,0,0,CLEAR,DRY,False,ANGLE COLLISION - OTHER,ANGLE,STRAIGHT & HILLCREST,DAYLIGHT,,,9/13/2019 8:20:37 AM,False,7339,Accepted,
25633727,0568000,LOUISVILLE METRO POLICE DEPT,Accepted,JEFFERSON,KY1931,,GREENWOOD,RD,,,NANCY,,,,,38.144018349,-85.850758410,2.528,9/12/2019 12:00:00 AM,1617,2,2,0,3,CLEAR,DRY,False,ANGLE COLLISION - OTHER,ANGLE,STRAIGHT & LEVEL,DAYLIGHT,,,9/13/2019 8:39:30 AM,False,7267,Accepted,
25633774,0568000,LOUISVILLE METRO POLICE DEPT,Accepted,JEFFERSON,,,MUHAMMAD ALI,BLVD,W,,29TH,,,,,38.255716353,-85.798879708,2.546,9/12/2019 12:00:00 AM,1902,3,3,0,2,CLEAR,DRY,False,ANGLE COLLISION - OTHER,ANGLE,STRAIGHT & LEVEL,DAYLIGHT,,,9/13/2019 8:48:38 AM,True,5021,Accepted,
25633758,0568000,LOUISVILLE METRO POLICE DEPT,Accepted,JEFFERSON,,,BROADWAY,,W,,34TH,,,,,38.249884297,-85.808213412,1.088,9/12/2019 12:00:00 AM,2238,2,2,0,0,CLEAR,DRY,True,ANGLE COLLISION - OTHER,ANGLE,STRAIGHT & LEVEL,DARK-HWY LIGHTED/ON,,,9/13/2019 8:44:35 AM,False,7481,Accepted,
25628160,0568000,LOUISVILLE METRO POLICE DEPT,Accepted,JEFFERSON,KY2251,,BARDSTOWN,RD,,US0031E,BUECHEL,,,,,38.200199562,-85.662277088,1.190,9/12/2019 12:00:00 AM,0642,3,3,0,2,CLEAR,DRY,False,ANGLE COLLISION - OTHER,ANGLE,STRAIGHT & LEVEL,DAWN,,,9/12/2019 8:43:12 AM,False,2234,Accepted,
25633687,0568000,LOUISVILLE METRO POLICE DEPT,Accepted,JEFFERSON,,,HANCOCK,ST,S,,CHESTNUT,,,,,38.247390632,-85.743252100,0.527,9/12/2019 12:00:00 AM,1720,2,2,0,0,CLEAR,DRY,False,ANGLE COLLISION - OTHER,ANGLE,STRAIGHT & LEVEL,DAYLIGHT,,,9/13/2019 8:32:17 AM,False,2403,Accepted,
25633713,0568000,LOUISVILLE METRO POLICE DEPT,Accepted,JEFFERSON,US0031W,,DIXIE,HWY,,,BONNYVILLE,,,,,38.166946844,-85.829256794,13.183,9/12/2019 12:00:00 AM,1633,2,2,0,0,CLEAR,DRY,False,ANGLE COLLISION - OTHER,ANGLE,STRAIGHT & LEVEL,DAYLIGHT,,,9/13/2019 8:35:50 AM,False,7339,Accepted,
25633612,0568000,LOUISVILLE METRO POLICE DEPT,Accepted,JEFFERSON,,,TREVILIAN,WAY,,,LAKESIDE,,,,,38.220143879,-85.687983482,0.848,9/12/2019 12:00:00 AM,1032,2,2,0,0,CLEAR,DRY,False,ANGLE COLLISION - OTHER,ANGLE,STRAIGHT & LEVEL,DAYLIGHT,,,9/13/2019 8:23:05 AM,False,7570,Accepted,
25696698,0568000,LOUISVILLE METRO POLICE DEPT,Accepted,JEFFERSON,,,15TH,ST,S,,MUHAMMAD ALI,,,,,38.253074457,-85.775702981,1.922,9/12/2019 12:00:00 AM,1234,2,2,0,0,CLEAR,DRY,False,ANGLE COLLISION - OTHER,ANGLE,STRAIGHT & LEVEL,DAYLIGHT,,,9/27/2019 8:44:02 AM,False,7805,Accepted,
25649105,0568000,LOUISVILLE METRO POLICE DEPT,Accepted,JEFFERSON,,,PRODUCE,RD,,KY0864,POPLAR LEVEL,,,,,38.179427124,-85.692004791,0.015,9/12/2019 12:00:00 AM,0832,2,2,0,0,CLEAR,DRY,False,OPPOSING LEFT TURN,OPPOSING LEFT TURN,STRAIGHT & LEVEL,DAYLIGHT,,,9/17/2019 8:26:31 AM,False,7121,Accepted,
25633718,0568000,LOUISVILLE METRO POLICE DEPT,Accepted,JEFFERSON,,,4TH,ST,S,,GAULBERT,,,,,38.224710146,-85.762146582,2.222,9/12/2019 12:00:00 AM,1134,2,2,0,0,CLEAR,DRY,False,OPPOSITE DIRECTION - BOTH VEHICLES GOING STRAIGHT AHEAD,SIDESWIPE-OPPOSITE DIRECTION,STRAIGHT & LEVEL,DAYLIGHT,,,9/13/2019 8:37:47 AM,False,7418,Accepted,
25910792,0568000,LOUISVILLE METRO POLICE DEPT,Accepted,JEFFERSON,,,OAK,ST,W,,13TH,,,,,38.236444611,-85.775396893,1.085,9/12/2019 12:00:00 AM,0947,2,2,0,0,CLEAR,DRY,False,VEHICLE BACKING IN INTERSECTION,BACKING,STRAIGHT & LEVEL,DAYLIGHT,,,11/12/2019 7:40:27 AM,False,5132,Accepted,
25665505,0568000,LOUISVILLE METRO POLICE DEPT,Accepted,JEFFERSON,KY1932,,BRECKENRIDGE,LN,,,,,MARIAN,,BRONNER,38.186885340,-85.626192492,0.392,9/12/2019 12:00:00 AM,1507,1,1,0,2,CLEAR,DRY,False,COLLISION WITH FIXED OBJECT NON - INTERSECTION - FIRST EVENT COLLISION 09 - 32 EXCLUDING 16,SINGLE VEHICLE,STRAIGHT & LEVEL,DAYLIGHT,,,9/20/2019 9:11:27 AM,False,7059,Accepted,
25633743,0568000,LOUISVILLE METRO POLICE DEPT,Accepted,JEFFERSON,US0031W,,DIXIE,HWY,,,LOWER HUNTERS,,,,,38.155981983,-85.834445185,12.426,9/12/2019 12:00:00 AM,1911,2,2,0,0,CLEAR,DRY,False,OTHER INTERSECTION COLLISIONS,REAR END,STRAIGHT & LEVEL,DAYLIGHT,,,9/13/2019 8:41:13 AM,False,5212,Accepted,
25633724,0568000,LOUISVILLE METRO POLICE DEPT,Accepted,JEFFERSON,,,7TH,ST,S,,INDUSTRY,,,,,38.221140845,-85.775743040,0.116,9/12/2019 12:00:00 AM,1115,2,2,0,0,CLEAR,DRY,False,OTHER INTERSECTION COLLISIONS,REAR END,STRAIGHT & LEVEL,DAYLIGHT,,,9/13/2019 8:38:59 AM,False,2745,Accepted,
25633678,0568000,LOUISVILLE METRO POLICE DEPT,Accepted,JEFFERSON,KY1020,,SOUTHSIDE,DR,,,STRAWBERRY,,,,,38.157573375,-85.764691215,6.010,9/12/2019 12:00:00 AM,1525,2,2,0,0,CLEAR,DRY,False,OTHER INTERSECTION COLLISIONS,REAR END,STRAIGHT & LEVEL,DAYLIGHT,,,9/13/2019 8:31:53 AM,False,7139,Accepted,
25633753,0568000,LOUISVILLE METRO POLICE DEPT,Accepted,JEFFERSON,KY1747,,HURSTBOURNE,PKWY,S,,BUNSEN,,,,,38.218722092,-85.584233170,11.449,9/12/2019 12:00:00 AM,1905,2,2,0,0,CLEAR,DRY,False,OTHER INTERSECTION COLLISIONS,REAR END,STRAIGHT & LEVEL,DAYLIGHT,,,9/13/2019 8:43:37 AM,False,7987,Accepted,
25633620,0568000,LOUISVILLE METRO POLICE DEPT,Accepted,JEFFERSON,,,JEFFERSON,BLVD,,KY1065,OUTER,,,,,38.138234455,-85.675142930,0.007,9/12/2019 12:00:00 AM,0727,2,2,0,0,CLEAR,DRY,False,OTHER INTERSECTION COLLISIONS,REAR END,STRAIGHT & LEVEL,DAYLIGHT,,,9/13/2019 8:23:35 AM,False,2017,Accepted,
25633629,0568000,LOUISVILLE METRO POLICE DEPT,Accepted,JEFFERSON,US0031E,,BARDSTOWN,RD,,I 0265,I265 E EXIT17 OFF RAMP TO US31E,,,,,38.139880158,-85.582481417,4.793,9/12/2019 12:00:00 AM,1047,2,2,0,0,CLEAR,DRY,False,OTHER INTERSECTION COLLISIONS,REAR END,STRAIGHT & LEVEL,DAYLIGHT,,,9/13/2019 8:24:17 AM,False,7465,Accepted,
25633763,0568000,LOUISVILLE METRO POLICE DEPT,Accepted,JEFFERSON,KY2053,,MT WASHINGTON,RD,,KY0061,PRESTON,,,,,38.092886653,-85.668766009,0.024,9/12/2019 12:00:00 AM,2021,2,2,0,0,CLEAR,DRY,False,SIDESWIPE-SAME DIRECTION,SIDESWIPE-SAME DIRECTION,STRAIGHT & HILLCREST,DARK-HWY LIGHTED/ON,,,9/13/2019 8:45:40 AM,False,5011,Accepted,
25633736,0568000,LOUISVILLE METRO POLICE DEPT,Accepted,JEFFERSON,US0031E,,BARDSTOWN,RD,,KY1932,BRECKENRIDGE,,,,,38.181365904,-85.627078605,8.712,9/12/2019 12:00:00 AM,1404,2,2,0,0,CLEAR,DRY,False,SIDESWIPE-SAME DIRECTION,SIDESWIPE-SAME DIRECTION,STRAIGHT & LEVEL,DAYLIGHT,,,9/13/2019 8:40:07 AM,False,7294,Accepted,
25633691,0568000,LOUISVILLE METRO POLICE DEPT,Accepted,JEFFERSON,,,OLD PARK,BLVD,,,CRITTENDEN,,,,,38.192113587,-85.755093401,0.005,9/12/2019 12:00:00 AM,1652,2,2,0,0,CLEAR,DRY,False,SIDESWIPE-SAME DIRECTION,SIDESWIPE-SAME DIRECTION,STRAIGHT & LEVEL,DAYLIGHT,,,9/13/2019 8:33:28 AM,False,7872,Accepted,
25633748,0568000,LOUISVILLE METRO POLICE DEPT,Accepted,JEFFERSON,,,JEFFERSON,ST,W,,6TH,,,,,38.254268646,-85.760326069,0.450,9/12/2019 12:00:00 AM,1919,2,2,0,0,CLEAR,DRY,False,SIDESWIPE-SAME DIRECTION,SIDESWIPE-SAME DIRECTION,STRAIGHT & LEVEL,DAYLIGHT,,,9/13/2019 8:42:55 AM,False,7863,Accepted,
25633721,0568000,LOUISVILLE METRO POLICE DEPT,Accepted,JEFFERSON,,,KENTUCKY,ST,E,,HANCOCK,,,,,38.237358023,-85.744892223,0.536,9/12/2019 12:00:00 AM,1738,2,2,0,0,CLEAR,DRY,False,SIDESWIPE-SAME DIRECTION,SIDESWIPE-SAME DIRECTION,STRAIGHT & LEVEL,DAYLIGHT,,,9/13/2019 8:38:18 AM,False,7418,Accepted,
25643171,0566900,LOUISVILLE AIRPORT POLICE,Accepted,JEFFERSON,,,GRADE LN CONN,,,,,,,,,38.168016407,-85.721312864,0.001,9/12/2019 12:00:00 AM,1710,2,2,0,0,CLEAR,DRY,False,REAR END IN TRAFFIC LANES BOTH VEHICLES MOVING,REAR END,STRAIGHT & GRADE,DAYLIGHT,,,9/16/2019 7:19:11 AM,False,5761,Accepted,
25633742,0568000,LOUISVILLE METRO POLICE DEPT,Accepted,JEFFERSON,I 0065,,I65 E EXIT12 TRANSIT,,,,,I 0065,I65 E EXIT12 OFF RAMP,I 0065,I65 E EXIT12 ON RAMP FROM  TUG RD,38.189432146,-85.740546252,0.477,9/12/2019 12:00:00 AM,1807,4,4,0,0,CLEAR,DRY,False,REAR END IN TRAFFIC LANES BOTH VEHICLES MOVING,REAR END,STRAIGHT & LEVEL,DAYLIGHT,,,9/13/2019 8:40:56 AM,False,7830,Accepted,
25633723,0568000,LOUISVILLE METRO POLICE DEPT,Accepted,JEFFERSON,I 0071,,I71 S,,,,,I 0071,I71 S EXIT5 RAMP TO I264 W,I 0071,I71 TURN AROUND6,38.295535082,-85.628449971,6.158,9/12/2019 12:00:00 AM,1809,2,2,0,0,CLEAR,DRY,False,REAR END IN TRAFFIC LANES BOTH VEHICLES MOVING,REAR END,STRAIGHT & LEVEL,DAYLIGHT,,,9/13/2019 8:38:47 AM,False,7142,Accepted,
25633720,0568000,LOUISVILLE METRO POLICE DEPT,Accepted,JEFFERSON,I 0065,,I65 S,,,,,I 0065,I65 S EXIT134 ON RAMP FROM  ARTHUR ST,I 0065,I65 S EXIT134 OFF RAMP TO  ARTHUR ST,38.222535451,-85.751251023,133.624,9/12/2019 12:00:00 AM,1549,3,3,0,0,CLEAR,DRY,False,REAR END IN TRAFFIC LANES BOTH VEHICLES MOVING,REAR END,STRAIGHT & LEVEL,DAYLIGHT,,,9/13/2019 8:38:08 AM,False,7418,Accepted,
25633661,0568000,LOUISVILLE METRO POLICE DEPT,Accepted,JEFFERSON,I 0064,,I64 W,,,,,,,,,38.258510551,-85.764183502,3.887,9/12/2019 12:00:00 AM,1702,2,2,0,0,CLEAR,DRY,False,REAR END IN TRAFFIC LANES BOTH VEHICLES MOVING,REAR END,STRAIGHT & HILLCREST,DAYLIGHT,,,9/13/2019 8:30:53 AM,False,7988,Accepted,
25633740,0568000,LOUISVILLE METRO POLICE DEPT,Accepted,JEFFERSON,KY1865,,TAYLOR,BLVD,,,,,MANITAU,I 0264,I264 E EXIT9 OFF RAMP TO KY1865 S,38.185222320,-85.784048609,5.431,9/12/2019 12:00:00 AM,1249,2,2,0,0,CLEAR,DRY,False,REAR END IN TRAFFIC LANES BOTH VEHICLES MOVING,REAR END,STRAIGHT & LEVEL,DAYLIGHT,,,9/13/2019 8:40:42 AM,False,7183,Accepted,
25643931,0568000,LOUISVILLE METRO POLICE DEPT,Accepted,JEFFERSON,I 0064,,I64 W,,,,,,,,,38.241445541,-85.681282694,8.998,9/12/2019 12:00:00 AM,1535,2,2,0,0,CLEAR,DRY,False,REAR END IN TRAFFIC LANES BOTH VEHICLES MOVING,REAR END,STRAIGHT & GRADE,DAYLIGHT,,,9/16/2019 9:19:13 AM,False,8278,Accepted,
25633761,0568000,LOUISVILLE METRO POLICE DEPT,Accepted,JEFFERSON,KY1727,6106,TERRY,RD,,,,,,,,38.162199458,-85.866340351,2.841,9/12/2019 12:00:00 AM,2148,2,2,0,0,CLEAR,DRY,False,REAR END IN TRAFFIC LANES BOTH VEHICLES MOVING,REAR END,STRAIGHT & LEVEL,DARK-HWY LIGHTED/OFF,,,9/13/2019 8:45:04 AM,False,7992,Accepted,
25633752,0568000,LOUISVILLE METRO POLICE DEPT,Accepted,JEFFERSON,,1705,ARLING,AVE,,,,,,,,38.173919779,-85.792851679,0.597,9/12/2019 12:00:00 AM,1900,2,2,0,0,CLEAR,DRY,False,1 VEHICLE PARKED POSITION (NOT PARKING LOT/DRIVEWAY),REAR END,STRAIGHT & LEVEL,DAYLIGHT,,,9/13/2019 8:43:28 AM,False,7560,Accepted,
25654519,0560400,SHIVELY POLICE DEPARTMENT,Accepted,JEFFERSON,,,GRASTON,AVE,,,,KY2051,ROCKFORD,,ELMHURST,38.175997711,-85.834946472,0.001,9/12/2019 12:00:00 AM,1900,2,2,0,0,CLEAR,DRY,False,REAR END IN TRAFFIC LANES BOTH VEHICLES MOVING,REAR END,STRAIGHT & LEVEL,DAYLIGHT,,,9/18/2019 8:15:47 AM,False,7120,Accepted,
25633664,0568000,LOUISVILLE METRO POLICE DEPT,Accepted,JEFFERSON,KY1065,,OUTER,LOOP,,,,,,,,38.127497576,-85.747773929,2.745,9/12/2019 12:00:00 AM,1347,3,3,0,0,CLEAR,DRY,False,REAR END IN TRAFFIC LANES BOTH VEHICLES MOVING,REAR END,STRAIGHT & LEVEL,DAYLIGHT,,,9/13/2019 8:31:12 AM,False,7234,Accepted,
25739655,0568000,LOUISVILLE METRO POLICE DEPT,Accepted,JEFFERSON,,326,PETERSON,AVE,S,,,,,,,38.250300178,-85.697326050,0.245,9/12/2019 12:00:00 AM,0430,2,2,0,0,CLEAR,DRY,False,1 VEHICLE PARKED POSITION (NOT PARKING LOT/DRIVEWAY),REAR END,STRAIGHT & GRADE,DARK-HWY LIGHTED/ON,,,10/7/2019 7:44:53 AM,False,7793,Accepted,
25628161,0568000,LOUISVILLE METRO POLICE DEPT,Accepted,JEFFERSON,KY1932,,BRECKENRIDGE,LN,,,MANNER DALE,,,,,38.202579825,-85.622401342,1.499,9/12/2019 12:00:00 AM,0634,3,3,0,1,CLEAR,DRY,False,HEAD-ON COLLISION,HEAD ON,STRAIGHT & LEVEL,DAYLIGHT,,,9/12/2019 8:43:22 AM,False,5146,Accepted,
25633719,0568000,LOUISVILLE METRO POLICE DEPT,Accepted,JEFFERSON,KY0061,,PRESTON,ST,S,,,,RAWLINGS,,AUGUSTUS,38.220659911,-85.748751921,10.710,9/12/2019 12:00:00 AM,1233,2,2,0,0,CLEAR,DRY,False,SIDESWIPE COLLISION - SAME DIRECTION,SIDESWIPE-SAME DIRECTION,STRAIGHT & LEVEL,DAYLIGHT,,,9/13/2019 8:37:55 AM,False,7418,Accepted,
25633754,0568000,LOUISVILLE METRO POLICE DEPT,Accepted,JEFFERSON,I 0264,,I264 E,,,,,,,,,38.284452045,-85.641278746,22.518,9/12/2019 12:00:00 AM,1821,4,4,0,0,CLEAR,DRY,True,SIDESWIPE COLLISION - SAME DIRECTION,SIDESWIPE-SAME DIRECTION,STRAIGHT & LEVEL,DAYLIGHT,,,9/13/2019 8:43:48 AM,False,5128,Accepted,
25633770,0568000,LOUISVILLE METRO POLICE DEPT,Accepted,JEFFERSON,I 0065,,,,,,,,,,,38.187469379,-85.726411628,0.868,9/12/2019 12:00:00 AM,0752,2,2,0,0,CLEAR,DRY,False,SIDESWIPE COLLISION - SAME DIRECTION,SIDESWIPE-SAME DIRECTION,STRAIGHT & LEVEL,DAYLIGHT,,,9/13/2019 8:47:47 AM,False,6886,Accepted,
25633762,0568000,LOUISVILLE METRO POLICE DEPT,Accepted,JEFFERSON,I 0264,,I264 E,,,,,,,,,38.187888161,-85.785413730,9.004,9/12/2019 12:00:00 AM,0620,2,2,0,0,CLEAR,DRY,False,SIDESWIPE COLLISION - SAME DIRECTION,SIDESWIPE-SAME DIRECTION,CURVE & LEVEL,DARK-HWY LIGHTED/ON,,,9/13/2019 8:45:19 AM,False,5045,Accepted,
25633772,0568000,LOUISVILLE METRO POLICE DEPT,Accepted,JEFFERSON,I 0065,,I65 N,,,,,I 0065,I65 N EXIT134 ON RAMP FROM US61,I 0065,I65 N EXIT133 ON RAMP FROM  WARNOCK ST,38.215888592,-85.752247622,133.165,9/12/2019 12:00:00 AM,2308,2,2,0,0,CLEAR,DRY,True,SIDESWIPE COLLISION - SAME DIRECTION,SIDESWIPE-SAME DIRECTION,STRAIGHT & LEVEL,DARK-HWY LIGHTED/ON,,,9/13/2019 8:48:26 AM,False,5196,Accepted,
25633630,0568000,LOUISVILLE METRO POLICE DEPT,Accepted,JEFFERSON,,,JEFFERSON,ST,E,,,,1ST,,BROOK,38.253390863,-85.752136580,1.043,9/12/2019 12:00:00 AM,1320,2,2,0,0,CLEAR,DRY,False,SIDESWIPE COLLISION - SAME DIRECTION,SIDESWIPE-SAME DIRECTION,STRAIGHT & LEVEL,DAYLIGHT,,,9/13/2019 8:24:24 AM,False,2403,Accepted,
25633638,0568000,LOUISVILLE METRO POLICE DEPT,Accepted,JEFFERSON,,1959,DOUGLASS,BLVD,,,,,,,,38.223765921,-85.695677511,0.457,9/12/2019 12:00:00 AM,0919,2,2,0,0,CLEAR,DRY,False,SIDESWIPE COLLISION - SAME DIRECTION,SIDESWIPE-SAME DIRECTION,STRAIGHT & HILLCREST,DAYLIGHT,,,9/13/2019 8:25:34 AM,False,7960,Accepted,
25633751,0568000,LOUISVILLE METRO POLICE DEPT,Accepted,JEFFERSON,,3038,HUNSINGER,LN,,,,,,,,38.216276072,-85.623163056,0.278,9/12/2019 12:00:00 AM,1130,2,2,0,0,CLEAR,DRY,False,SIDESWIPE COLLISION - OPPOSITE DIRECTION,SIDESWIPE-OPPOSITE DIRECTION,STRAIGHT & LEVEL,DAYLIGHT,,,9/13/2019 8:43:18 AM,False,7560,Accepted,
25633757,0568000,LOUISVILLE METRO POLICE DEPT,Accepted,JEFFERSON,,,WINN,AVE,,,,,,,,38.199304234,-85.767689951,0.053,9/12/2019 12:00:00 AM,1813,2,2,0,0,CLEAR,DRY,True,SIDESWIPE COLLISION - OPPOSITE DIRECTION,SIDESWIPE-OPPOSITE DIRECTION,STRAIGHT & LEVEL,DAYLIGHT,,,9/13/2019 8:44:28 AM,False,5252,Accepted,
25633673,0568000,LOUISVILLE METRO POLICE DEPT,Accepted,JEFFERSON,,,PROGRESS,BLVD,,,,,BUECHEL BYPASS RAMP TO CR 1020G,,FAIRINGTON,38.185868569,-85.653514690,0.537,9/12/2019 12:00:00 AM,1520,2,2,0,0,CLEAR,DRY,False,VEHICLE BACKING NON INTERSECTION,BACKING,STRAIGHT & LEVEL,DAYLIGHT,,,9/13/2019 8:31:33 AM,False,7830,Accepted,
25633658,0568000,LOUISVILLE METRO POLICE DEPT,Accepted,JEFFERSON,,,RANGELAND,RD,,,,KY0864,POPLAR LEVEL,,LAGOONA,38.167236216,-85.679105147,0.139,9/12/2019 12:00:00 AM,1354,2,2,0,0,CLEAR,DRY,True,1 VEHICLE ENTERING/LEAVING ENTRANCE,ANGLE,STRAIGHT & LEVEL,DAYLIGHT,,,9/13/2019 8:30:24 AM,False,5027,Accepted,
25633692,0568000,LOUISVILLE METRO POLICE DEPT,Accepted,JEFFERSON,,,LAKESIDE,DR,,,,US0031E,BARDSTOWN,,TREVILIAN,38.222227377,-85.683898055,0.023,9/12/2019 12:00:00 AM,1749,2,2,0,0,CLEAR,DRY,False,1 VEHICLE ENTERING/LEAVING ENTRANCE,ANGLE,STRAIGHT & LEVEL,DAYLIGHT,,,9/13/2019 8:33:47 AM,False,7570,Accepted,
25633712,0568000,LOUISVILLE METRO POLICE DEPT,Accepted,JEFFERSON,,,STRAWBERRY,LN,,,,,,,,38.158320837,-85.764544947,0.016,9/12/2019 12:00:00 AM,1725,2,2,0,0,CLEAR,DRY,False,1 VEHICLE ENTERING/LEAVING ENTRANCE,ANGLE,STRAIGHT & LEVEL,DAYLIGHT,,,9/13/2019 8:35:29 AM,False,7331,Accepted,
25633733,0568000,LOUISVILLE METRO POLICE DEPT,Accepted,JEFFERSON,KY1747,,HURSTBOURNE,PKWY,,,,US0031E,BARDSTOWN,,HAMES,38.168479033,-85.605280403,7.454,9/12/2019 12:00:00 AM,1653,3,3,0,5,CLEAR,DRY,False,1 VEHICLE ENTERING/LEAVING ENTRANCE,ANGLE,STRAIGHT & LEVEL,DAYLIGHT,,,9/13/2019 8:39:51 AM,False,6494,Accepted,
25633722,0568000,LOUISVILLE METRO POLICE DEPT,Accepted,JEFFERSON,,,BLANTON,LN,,,,,,,,38.157360112,-85.833669248,0.015,9/12/2019 12:00:00 AM,1557,2,2,0,0,CLEAR,DRY,False,1 VEHICLE ENTERING/LEAVING ENTRANCE,ANGLE,STRAIGHT & LEVEL,DAYLIGHT,,,9/13/2019 8:38:33 AM,False,7524,Accepted,
25633706,0568000,LOUISVILLE METRO POLICE DEPT,Accepted,JEFFERSON,KY1065,,OUTER,LOOP,,,,,,,,38.137771610,-85.638052517,8.725,9/12/2019 12:00:00 AM,1517,2,2,0,0,CLEAR,DRY,False,1 VEHICLE ENTERING/LEAVING ENTRANCE,ANGLE,STRAIGHT & LEVEL,DAYLIGHT,,,9/13/2019 8:34:34 AM,False,4693,Accepted,
25633632,0568000,LOUISVILLE METRO POLICE DEPT,Accepted,JEFFERSON,KY1747,,FERN VALLEY,RD,,,,,ULRICH,,PARAMOUNT PARK,38.157105942,-85.708541785,1.298,9/12/2019 12:00:00 AM,0902,2,2,0,0,CLEAR,DRY,True,1 VEHICLE ENTERING/LEAVING ENTRANCE,ANGLE,STRAIGHT & LEVEL,DAYLIGHT,,,9/13/2019 8:24:38 AM,False,2017,Accepted,
25676063,0568000,LOUISVILLE METRO POLICE DEPT,Accepted,JEFFERSON,KY1020,,NATIONAL,TPKE,,,,,,,,38.140990533,-85.754459422,4.651,9/12/2019 12:00:00 AM,1817,2,2,0,0,CLEAR,DRY,False,1 VEHICLE ENTERING/LEAVING ENTRANCE,ANGLE,STRAIGHT & LEVEL,DAYLIGHT,,,9/23/2019 9:13:58 AM,False,7053,Accepted,
25633711,0568000,LOUISVILLE METRO POLICE DEPT,Accepted,JEFFERSON,I 0065,,,,,,,,,,,38.112459433,-85.700456080,0.511,9/12/2019 12:00:00 AM,1704,2,2,0,0,CLEAR,DRY,False,OTHER RAMP RELATED COLLISIONS NOT LISTED ABOVE,REAR END,CURVE & LEVEL,DAYLIGHT,I 0065,I 0265,9/13/2019 8:35:18 AM,False,4693,Accepted,