IncidentID,AgencyORI,AgencyName,IncidentStatusDesc,County,RdwyNumber,Street,RoadwayName,StreetSfx,StreetDir,IntersectionRdwy,IntersectionRdwyName,BetweenStRdwy1,BetweenStRdwyName1,BetweenStRdwy2,BetweenStRdwyName2,Latitude,Longitude,Milepoint,CollisionDate,CollisionTime,UnitsInvolved,MotorVehiclesInvolved,NumberKilled,NumberInjured,Weather,RdwyConditionCode,HitandRun,DirAnalysisCode,MannerofCollision,RdwyCharacter,LightCondition,RampFromRdwyId,RampToRdwyId,AcceptedDate,IsSecondaryCollision,OwnerBadge,IncidentStatus,
25633634,0568000,LOUISVILLE METRO POLICE DEPT,Accepted,JEFFERSON,I 0265,,,,,,,,,,,38.139369787,-85.582229946,0.402,9/12/2019 12:00:00 AM,1313,2,2,0,0,CLEAR,DRY,False,OTHER RAMP RELATED COLLISIONS NOT LISTED ABOVE,REAR END,CURVE & LEVEL,DAYLIGHT,I 0265,US31E,9/13/2019 8:25:03 AM,False,4693,Accepted,
25633624,0568000,LOUISVILLE METRO POLICE DEPT,Accepted,JEFFERSON,I 0264,,,,,,,,,,,38.245294310,-85.620567445,0.349,9/12/2019 12:00:00 AM,0750,2,2,0,0,CLEAR,DRY,False,OTHER RAMP RELATED COLLISIONS NOT LISTED ABOVE,REAR END,STRAIGHT & LEVEL,DAYLIGHT,I 0264,US0060,9/13/2019 8:23:52 AM,False,7772,Accepted,
25633688,0568000,LOUISVILLE METRO POLICE DEPT,Accepted,JEFFERSON,I 0265,,,,,,,,,,,38.270578654,-85.499156827,0.346,9/12/2019 12:00:00 AM,1701,2,2,0,0,CLEAR,DRY,False,OTHER RAMP RELATED COLLISIONS NOT LISTED ABOVE,REAR END,CURVE & GRADE,DAYLIGHT,I 0265,KY3084,9/13/2019 8:32:33 AM,False,7802,Accepted,
25659970,0568000,LOUISVILLE METRO POLICE DEPT,Accepted,JEFFERSON,,,CHESTNUT,ST,W,,,,,,,38.248574171,-85.754447324,2.540,9/12/2019 12:00:00 AM,1535,2,2,0,0,CLEAR,DRY,False,COLLISION IN PARKING LOT,SIDESWIPE-SAME DIRECTION,STRAIGHT & LEVEL,DAYLIGHT,,,9/19/2019 8:17:43 AM,False,7673,Accepted,
25633702,0568000,LOUISVILLE METRO POLICE DEPT,Accepted,JEFFERSON,US0031E,3601,BUECHEL,BYP,,,,,,,,38.199352909,-85.661687742,11.069,9/12/2019 12:00:00 AM,1511,2,2,0,0,CLEAR,DRY,True,COLLISION IN PARKING LOT,BACKING,STRAIGHT & LEVEL,DAYLIGHT,,,9/13/2019 8:34:20 AM,False,5027,Accepted,
25657606,0561500,UNIV. OF LOUISVILLE POLICE,Accepted,JEFFERSON,,414,CHESTNUT,ST,E,,,KY0061,PRESTON,KY0061,JACKSON,38.247673006,-85.746341764,0.361,9/12/2019 12:00:00 AM,1028,2,2,0,0,CLEAR,DRY,True,COLLISION IN PARKING LOT,ANGLE,STRAIGHT & LEVEL,DAYLIGHT,,,9/18/2019 5:11:15 PM,False,5680,Accepted,
25647000,0560600,WEST BUECHEL POLICE DEPT.,Accepted,JEFFERSON,KY2251,3500,BARDSTOWN,RD,,,,,,,,38.191924420,-85.646691061,0.171,9/12/2019 12:00:00 AM,0750,2,2,0,1,CLEAR,DRY,False,OTHER ROADWAY OR MID-BLOCK COLLISION,OPPOSING LEFT TURN,STRAIGHT & LEVEL,DAYLIGHT,,,9/16/2019 5:58:05 PM,False,1264,Accepted,
25630631,0560300,ST. MATTHEWS POLICE DEPARTMENT,Accepted,JEFFERSON,I 0064,,I64 W,,,,,,,,,38.235931061,-85.642413207,11.188,9/12/2019 12:00:00 AM,0830,2,2,0,1,CLEAR,DRY,False,OTHER ROADWAY OR MID-BLOCK COLLISION,REAR END,STRAIGHT & LEVEL,DAYLIGHT,,,9/12/2019 4:11:24 PM,False,9153,Accepted,
25633591,0568000,LOUISVILLE METRO POLICE DEPT,Accepted,JEFFERSON,I 0065,,I65 N,,,,,,,,,38.158968404,-85.719095586,128.389,9/12/2019 12:00:00 AM,0819,3,3,0,0,CLEAR,DRY,False,OTHER ROADWAY OR MID-BLOCK COLLISION,REAR END,STRAIGHT & LEVEL,DAYLIGHT,,,9/13/2019 8:20:10 AM,False,4903,Accepted,
25633725,0568000,LOUISVILLE METRO POLICE DEPT,Accepted,JEFFERSON,,,HILLCREST,AVE,,,,,,,,38.260775747,-85.685986219,0.444,9/12/2019 12:00:00 AM,1805,3,3,0,0,CLEAR,DRY,False,OTHER ROADWAY OR MID-BLOCK COLLISION,REAR END,STRAIGHT & LEVEL,DAYLIGHT,,,9/13/2019 8:39:20 AM,False,7028,Accepted,
25715163,0568000,LOUISVILLE METRO POLICE DEPT,Accepted,JEFFERSON,,1797,WILART,DR,,,,,,,,38.219845160,-85.792515389,0.087,9/12/2019 12:00:00 AM,0219,2,1,0,1,CLEAR,DRY,True,COLLISION IN PARKING LOT,SINGLE VEHICLE,STRAIGHT & LEVEL,DARK-HWY LIGHTED/ON,,,10/1/2019 1:49:51 PM,False,7181,Accepted,
25628104,0568000,LOUISVILLE METRO POLICE DEPT,Accepted,JEFFERSON,I 0265,,I265 N,,,,,I 0265,I265 N EXIT30 ON RAMP FROM KY146,I 0265,I265 N EXIT33 OFF RAMP TO KY1447,38.294483467,-85.543432075,32.180,9/11/2019 12:00:00 AM,1729,2,2,0,0,CLEAR,DRY,False,OTHER ROADWAY OR MID-BLOCK COLLISION,REAR END,STRAIGHT & LEVEL,DAYLIGHT,,,9/12/2019 8:33:24 AM,False,6334,Accepted,
25628117,0568000,LOUISVILLE METRO POLICE DEPT,Accepted,JEFFERSON,I 0064,,I64 W,,,,,,,,,38.234391986,-85.612577505,12.890,9/11/2019 12:00:00 AM,1654,2,2,0,0,CLEAR,DRY,False,OTHER ROADWAY OR MID-BLOCK COLLISION,REAR END,STRAIGHT & GRADE,DAYLIGHT,,,9/12/2019 8:35:11 AM,False,2395,Accepted,
25633598,0568000,LOUISVILLE METRO POLICE DEPT,Accepted,JEFFERSON,US0150,,BROADWAY,,W,,,,12TH,,11TH,38.247627901,-85.771674048,1.657,9/11/2019 12:00:00 AM,1210,3,3,0,2,CLEAR,DRY,False,OTHER ROADWAY OR MID-BLOCK COLLISION,REAR END,STRAIGHT & LEVEL,DAYLIGHT,,,9/13/2019 8:21:38 AM,False,2403,Accepted,
25627962,0568000,LOUISVILLE METRO POLICE DEPT,Accepted,JEFFERSON,I 0064,,I64 W,,,,,,,,,38.233752347,-85.610689367,13.001,9/11/2019 12:00:00 AM,1043,2,2,0,0,CLEAR,DRY,False,OTHER ROADWAY OR MID-BLOCK COLLISION,REAR END,STRAIGHT & LEVEL,DAYLIGHT,,,9/12/2019 8:27:12 AM,False,4903,Accepted,
25628103,0568000,LOUISVILLE METRO POLICE DEPT,Accepted,JEFFERSON,US0060A,,LEXINGTON,RD,,,,,,,,38.245132563,-85.693100667,8.478,9/11/2019 12:00:00 AM,1724,3,3,0,0,CLEAR,DRY,False,OTHER ROADWAY OR MID-BLOCK COLLISION,REAR END,STRAIGHT & GRADE,DAYLIGHT,,,9/12/2019 8:33:13 AM,False,7028,Accepted,
25628066,0568000,LOUISVILLE METRO POLICE DEPT,Accepted,JEFFERSON,,3526,VERMONT,AVE,,,,,,,,38.255769828,-85.809186751,0.465,9/11/2019 12:00:00 AM,0800,1,1,0,0,CLEAR,DRY,False,OTHER ROADWAY OR MID-BLOCK COLLISION,SINGLE VEHICLE,STRAIGHT & LEVEL,DAYLIGHT,,,9/12/2019 8:30:25 AM,False,5003,Accepted,
25623593,0568000,LOUISVILLE METRO POLICE DEPT,Accepted,JEFFERSON,I 0265,,I265 N,,,,,,,,,38.305706766,-85.563982196,33.555,9/11/2019 12:00:00 AM,0820,2,2,0,0,CLOUDY,DRY,False,OTHER ROADWAY OR MID-BLOCK COLLISION,REAR END,STRAIGHT & LEVEL,DAYLIGHT,,,9/11/2019 10:33:15 AM,False,4903,Accepted,
25623582,0568000,LOUISVILLE METRO POLICE DEPT,Accepted,JEFFERSON,I 0265,,I265 E,,,,,,,,,38.183471379,-85.508102177,22.757,9/11/2019 12:00:00 AM,0706,2,2,0,0,CLEAR,DRY,False,OTHER ROADWAY OR MID-BLOCK COLLISION,REAR END,CURVE & HILLCREST,DAYLIGHT,,,9/11/2019 10:30:46 AM,False,4903,Accepted,
25633656,0568000,LOUISVILLE METRO POLICE DEPT,Accepted,JEFFERSON,KY1703,3303,NEWBURG,RD,,,,,,,,38.200407832,-85.685124191,2.029,9/11/2019 12:00:00 AM,1014,1,1,0,0,CLEAR,DRY,False,COLLISION IN PARKING LOT,SINGLE VEHICLE,STRAIGHT & LEVEL,DAYLIGHT,,,9/13/2019 8:30:15 AM,False,5027,Accepted,
25628153,0568000,LOUISVILLE METRO POLICE DEPT,Accepted,JEFFERSON,,520,35TH,ST,N,,,KY3082,BANK,,PARKER,38.272161824,-85.804347995,0.176,9/11/2019 12:00:00 AM,2105,2,2,0,0,CLEAR,DRY,True,COLLISION IN PARKING LOT,SIDESWIPE-SAME DIRECTION,STRAIGHT & LEVEL,DARK-HWY LIGHTED/ON,,,9/12/2019 8:42:11 AM,False,5199,Accepted,
25628137,0568000,LOUISVILLE METRO POLICE DEPT,Accepted,JEFFERSON,US0031E,,BARDSTOWN,RD,,,,,,,,38.163050617,-85.595154131,6.504,9/11/2019 12:00:00 AM,1311,2,2,0,0,CLEAR,DRY,False,COLLISION IN PARKING LOT,REAR TO REAR,STRAIGHT & LEVEL,DAYLIGHT,,,9/12/2019 8:38:51 AM,False,4693,Accepted,
25630221,0561500,UNIV. OF LOUISVILLE POLICE,Accepted,JEFFERSON,,121,CENTENNIAL,WALK,E,,,,,,,38.218079408,-85.757067375,,9/11/2019 12:00:00 AM,0950,2,2,0,0,CLEAR,DRY,True,COLLISION IN PARKING LOT,ANGLE,STRAIGHT & LEVEL,UNKNOWN,,,9/12/2019 2:57:49 PM,False,5696,Accepted,
25628069,0568000,LOUISVILLE METRO POLICE DEPT,Accepted,JEFFERSON,KY0907,,3RD ST,RD,,,,,,,,38.113545725,-85.836715915,1.883,9/11/2019 12:00:00 AM,1224,2,2,0,0,CLEAR,DRY,True,COLLISION IN PARKING LOT,BACKING,STRAIGHT & LEVEL,DAYLIGHT,,,9/12/2019 8:30:42 AM,False,7234,Accepted,
25628155,0568000,LOUISVILLE METRO POLICE DEPT,Accepted,JEFFERSON,,,BROADWAY,,W,,,,27TH,,28TH,38.249585980,-85.798010025,0.534,9/11/2019 12:00:00 AM,2018,2,2,0,0,CLEAR,DRY,False,COLLISION IN PARKING LOT,REAR END,STRAIGHT & GRADE,DARK-HWY LIGHTED/ON,,,9/12/2019 8:42:26 AM,False,7217,Accepted,
25633606,0568000,LOUISVILLE METRO POLICE DEPT,Accepted,JEFFERSON,I 0065,,,,,,,,,,,38.191016156,-85.725754063,0.138,9/11/2019 12:00:00 AM,1516,2,2,0,0,CLEAR,DRY,False,OTHER RAMP RELATED COLLISIONS NOT LISTED ABOVE,REAR END,STRAIGHT & LEVEL,DAYLIGHT,I 0065,I 0065,9/13/2019 8:22:34 AM,False,7944,Accepted,
25623591,0568000,LOUISVILLE METRO POLICE DEPT,Accepted,JEFFERSON,I 0065,,,,,,,,,,,38.244619283,-85.751897521,0.170,9/11/2019 12:00:00 AM,0711,2,2,0,0,CLEAR,DRY,False,OTHER RAMP RELATED COLLISIONS NOT LISTED ABOVE,REAR END,STRAIGHT & LEVEL,DAWN,I 0065,S BROOK ST,9/11/2019 10:32:53 AM,False,7132,Accepted,
25633609,0568000,LOUISVILLE METRO POLICE DEPT,Accepted,JEFFERSON,I 0065,,,,,,,,,,,38.252386744,-85.746367824,0.003,9/11/2019 12:00:00 AM,1600,2,2,0,0,CLEAR,DRY,False,OTHER RAMP RELATED COLLISIONS NOT LISTED ABOVE,SIDESWIPE-SAME DIRECTION,CURVE & LEVEL,DAYLIGHT,I 0065,E JEFFERSON ST,9/13/2019 8:22:43 AM,False,7944,Accepted,
25654794,0568000,LOUISVILLE METRO POLICE DEPT,Accepted,JEFFERSON,I 0265,,,,,,,,,,,38.188621663,-85.510587684,0.309,9/11/2019 12:00:00 AM,1524,2,2,0,0,CLEAR,DRY,False,OTHER RAMP RELATED COLLISIONS NOT LISTED ABOVE,REAR END,CURVE & GRADE,DAYLIGHT,I 0265,KY0155,9/18/2019 8:44:12 AM,False,7804,Accepted,
25707616,0568000,LOUISVILLE METRO POLICE DEPT,Accepted,JEFFERSON,I 0065,,,,,,,,,,,38.113191700,-85.693801420,0.023,9/11/2019 12:00:00 AM,0704,3,3,0,3,CLOUDY,DRY,True,OTHER RAMP RELATED COLLISIONS NOT LISTED ABOVE,REAR END,STRAIGHT & GRADE,DAYLIGHT,I 0065,I 0065,9/30/2019 9:36:33 AM,False,7840,Accepted,
25707634,0568000,LOUISVILLE METRO POLICE DEPT,Accepted,JEFFERSON,I 0065,,,,,,,,,,,38.113387403,-85.694462530,0.063,9/11/2019 12:00:00 AM,0704,3,3,0,0,CLOUDY,DRY,False,OTHER RAMP RELATED COLLISIONS NOT LISTED ABOVE,REAR END,STRAIGHT & GRADE,DAWN,I 0065,I 0065,9/30/2019 9:38:23 AM,True,7840,Accepted,
25628114,0568000,LOUISVILLE METRO POLICE DEPT,Accepted,JEFFERSON,KY0864,,GOSS,AVE,,,,,BOYLE,,MCHENRY,38.229396118,-85.738864907,14.316,9/11/2019 12:00:00 AM,0954,2,2,0,0,CLEAR,DRY,False,1 VEHICLE ENTERING/LEAVING ENTRANCE,ANGLE,STRAIGHT & LEVEL,DAYLIGHT,,,9/12/2019 8:34:42 AM,False,7418,Accepted,
25654856,0568000,LOUISVILLE METRO POLICE DEPT,Accepted,JEFFERSON,,,26TH,ST,N,,,,,,,38.264841923,-85.793106001,0.284,9/11/2019 12:00:00 AM,1603,2,2,0,0,CLEAR,DRY,False,1 VEHICLE ENTERING/LEAVING ENTRANCE,ANGLE,STRAIGHT & LEVEL,DAYLIGHT,,,9/18/2019 8:52:09 AM,False,7288,Accepted,
25649399,0568000,LOUISVILLE METRO POLICE DEPT,Accepted,JEFFERSON,,100B,37TH,ST,N,,,,,,,38.265112365,-85.810389419,0.133,9/11/2019 12:00:00 AM,1611,2,2,0,0,CLEAR,DRY,True,SIDESWIPE COLLISION - OPPOSITE DIRECTION,SIDESWIPE-OPPOSITE DIRECTION,STRAIGHT & LEVEL,DAYLIGHT,,,9/17/2019 8:48:26 AM,False,5000,Accepted,
25628126,0568000,LOUISVILLE METRO POLICE DEPT,Accepted,JEFFERSON,,,GLEN OAK,DR,,,,,SIX MILE,,BRADFORD,38.199152182,-85.645512384,0.485,9/11/2019 12:00:00 AM,1858,2,2,0,0,CLEAR,DRY,False,SIDESWIPE COLLISION - OPPOSITE DIRECTION,SIDESWIPE-OPPOSITE DIRECTION,STRAIGHT & LEVEL,DAYLIGHT,,,9/12/2019 8:37:42 AM,False,7059,Accepted,
26473805,0568000,LOUISVILLE METRO POLICE DEPT,Accepted,JEFFERSON,,,PARK,RD,S,,,,,,,38.116479937,-85.736470866,3.472,9/11/2019 12:00:00 AM,0726,2,2,0,0,CLOUDY,DRY,False,1 VEHICLE ENTERING/LEAVING ENTRANCE,ANGLE,CURVE & GRADE,DAWN,,,3/6/2020 1:21:36 PM,False,7221,Accepted,
25628142,0568000,LOUISVILLE METRO POLICE DEPT,Accepted,JEFFERSON,I 0264,,I264 W,,,,,,,,,38.221828464,-85.650482814,17.022,9/11/2019 12:00:00 AM,1935,2,2,0,0,CLEAR,DRY,False,SIDESWIPE COLLISION - SAME DIRECTION,SIDESWIPE-SAME DIRECTION,STRAIGHT & LEVEL,DAYLIGHT,,,9/12/2019 8:39:47 AM,False,7243,Accepted,
25628157,0568000,LOUISVILLE METRO POLICE DEPT,Accepted,JEFFERSON,I 0264,,I264 E,,,,,,,,,38.189385560,-85.773373341,9.686,9/11/2019 12:00:00 AM,0944,2,2,0,0,CLEAR,DRY,False,SIDESWIPE COLLISION - SAME DIRECTION,SIDESWIPE-SAME DIRECTION,STRAIGHT & LEVEL,DAYLIGHT,,,9/12/2019 8:42:43 AM,False,6886,Accepted,
25628163,0568000,LOUISVILLE METRO POLICE DEPT,Accepted,JEFFERSON,US0031E,,BAXTER,AVE,,,,,LEXINGTON,,BARRET,38.248069325,-85.730392912,16.268,9/11/2019 12:00:00 AM,1248,2,2,0,0,CLEAR,DRY,False,SIDESWIPE COLLISION - SAME DIRECTION,SIDESWIPE-SAME DIRECTION,STRAIGHT & GRADE,DAYLIGHT,,,9/12/2019 8:44:59 AM,False,2230,Accepted,
25628118,0568000,LOUISVILLE METRO POLICE DEPT,Accepted,JEFFERSON,US0031W,,22ND,ST,S,,,,,,,38.252243347,-85.787686161,19.769,9/11/2019 12:00:00 AM,1759,2,2,0,3,CLEAR,DRY,False,SIDESWIPE COLLISION - SAME DIRECTION,SIDESWIPE-SAME DIRECTION,STRAIGHT & LEVEL,DAYLIGHT,,,9/12/2019 8:35:19 AM,False,7988,Accepted,
25628119,0568000,LOUISVILLE METRO POLICE DEPT,Accepted,JEFFERSON,US0031E,,BARDSTOWN,RD,,,,,SHERWOOD,US0060A,EASTERN,38.231793766,-85.708803591,14.596,9/11/2019 12:00:00 AM,1826,2,2,0,0,CLEAR,DRY,False,SIDESWIPE COLLISION - SAME DIRECTION,SIDESWIPE-SAME DIRECTION,STRAIGHT & LEVEL,DAYLIGHT,,,9/12/2019 8:36:26 AM,False,2230,Accepted,
25628096,0568000,LOUISVILLE METRO POLICE DEPT,Accepted,JEFFERSON,KY1747,,FERN VALLEY,RD,,,,,,,,38.157020418,-85.710678867,1.182,9/11/2019 12:00:00 AM,1724,2,2,0,0,CLEAR,DRY,False,SIDESWIPE COLLISION - SAME DIRECTION,SIDESWIPE-SAME DIRECTION,STRAIGHT & LEVEL,DAYLIGHT,,,9/12/2019 8:32:07 AM,False,7269,Accepted,
25628115,0568000,LOUISVILLE METRO POLICE DEPT,Accepted,JEFFERSON,KY1020,,3RD,ST,S,,,,MAGNOLIA,,PARK,38.229683092,-85.759576046,10.961,9/11/2019 12:00:00 AM,1721,2,2,0,0,CLEAR,DRY,False,SIDESWIPE COLLISION - SAME DIRECTION,SIDESWIPE-SAME DIRECTION,STRAIGHT & LEVEL,DAYLIGHT,,,9/12/2019 8:34:52 AM,False,7418,Accepted,
25628124,0568000,LOUISVILLE METRO POLICE DEPT,Accepted,JEFFERSON,I 0265,,I265 E,,,,,,,,,38.206165811,-85.506993060,24.333,9/11/2019 12:00:00 AM,1814,2,2,0,0,CLEAR,DRY,False,SIDESWIPE COLLISION - SAME DIRECTION,SIDESWIPE-SAME DIRECTION,STRAIGHT & GRADE,DAYLIGHT,,,9/12/2019 8:37:23 AM,False,7802,Accepted,
25628158,0568000,LOUISVILLE METRO POLICE DEPT,Accepted,JEFFERSON,I 0265,,I265 W,,,,,,,,,38.111861133,-85.688951733,10.966,9/11/2019 12:00:00 AM,0702,2,2,0,0,CLOUDY,DRY,False,SIDESWIPE COLLISION - SAME DIRECTION,SIDESWIPE-SAME DIRECTION,STRAIGHT & LEVEL,DARK-HWY LIGHTED/ON,,,9/12/2019 8:42:56 AM,True,7772,Accepted,
25628059,0568000,LOUISVILLE METRO POLICE DEPT,Accepted,JEFFERSON,US0031E,,BARDSTOWN,RD,,,,,GARDINER,I 0264,I264 W EXIT16 OFF RAMP TO US31E N,38.212239543,-85.671943524,12.111,9/11/2019 12:00:00 AM,1521,2,2,0,0,CLEAR,DRY,False,SIDESWIPE COLLISION - SAME DIRECTION,SIDESWIPE-SAME DIRECTION,STRAIGHT & LEVEL,DAYLIGHT,,,9/12/2019 8:29:30 AM,False,2278,Accepted,
25633599,0568000,LOUISVILLE METRO POLICE DEPT,Accepted,JEFFERSON,I 0264,,I264 E,,,,,I 0065,I264 E EXIT12 ON RAMP,I 0264,I264 E EXIT14 OFF RAMP TO KY864,38.190843500,-85.718677505,12.675,9/11/2019 12:00:00 AM,1556,2,2,0,0,CLEAR,DRY,False,SIDESWIPE COLLISION - SAME DIRECTION,SIDESWIPE-SAME DIRECTION,STRAIGHT & LEVEL,DAYLIGHT,,,9/13/2019 8:21:47 AM,False,7938,Accepted,
25627964,0568000,LOUISVILLE METRO POLICE DEPT,Accepted,JEFFERSON,US0042,,BROWNSBORO,RD,,,,,,,,38.259524359,-85.692740833,2.356,9/11/2019 12:00:00 AM,1210,2,2,0,0,CLEAR,DRY,False,SIDESWIPE COLLISION - SAME DIRECTION,SIDESWIPE-SAME DIRECTION,STRAIGHT & LEVEL,DAYLIGHT,,,9/12/2019 8:27:20 AM,False,7023,Accepted,
25627967,0568000,LOUISVILLE METRO POLICE DEPT,Accepted,JEFFERSON,I 0065,,I65 N,,,,,I 0065,I65 N EXIT136A OFF RAMP TO  S BROOK ST,I 0065,I65 N EXIT136B OFF RAMP TO  S BROOK ST,38.244529173,-85.752343861,135.177,9/11/2019 12:00:00 AM,0840,2,2,0,0,CLEAR,DRY,False,SIDESWIPE COLLISION - SAME DIRECTION,SIDESWIPE-SAME DIRECTION,STRAIGHT & LEVEL,DAYLIGHT,,,9/12/2019 8:27:35 AM,False,2000,Accepted,
25633775,0568000,LOUISVILLE METRO POLICE DEPT,Accepted,JEFFERSON,,,BROADWAY,,W,,,,26TH,,24TH,38.249438593,-85.794556007,0.346,9/11/2019 12:00:00 AM,2124,2,2,0,0,CLEAR,DRY,True,SIDESWIPE COLLISION - SAME DIRECTION,SIDESWIPE-SAME DIRECTION,STRAIGHT & LEVEL,DARK-HWY LIGHTED/ON,,,9/13/2019 8:48:56 AM,False,5021,Accepted,
25654881,0568000,LOUISVILLE METRO POLICE DEPT,Accepted,JEFFERSON,US0031W,10600,DIXIE,HWY,,,,,,,,38.097041669,-85.873081247,7.825,9/11/2019 12:00:00 AM,1452,2,2,0,0,CLEAR,DRY,False,SIDESWIPE COLLISION - SAME DIRECTION,SIDESWIPE-SAME DIRECTION,STRAIGHT & LEVEL,DAYLIGHT,,,9/18/2019 8:56:57 AM,False,2311,Accepted,
25628070,0568000,LOUISVILLE METRO POLICE DEPT,Accepted,JEFFERSON,,,UPPER HUNTERS,TRCE,,,,,,,,38.167302722,-85.838365428,0.558,9/11/2019 12:00:00 AM,1330,2,2,0,0,CLEAR,DRY,False,HEAD-ON COLLISION,HEAD ON,STRAIGHT & LEVEL,DAYLIGHT,,,9/12/2019 8:30:50 AM,False,7234,Accepted,
25644110,0568000,LOUISVILLE METRO POLICE DEPT,Accepted,JEFFERSON,,211,ST JOSEPH,ST,,,,,,,,38.235479077,-85.752622508,0.047,9/11/2019 12:00:00 AM,2200,2,2,0,0,CLEAR,DRY,True,1 VEHICLE PARKED POSITION (NOT PARKING LOT/DRIVEWAY),SIDESWIPE-SAME DIRECTION,STRAIGHT & LEVEL,DARK-HWY LIGHTED/ON,,,9/16/2019 9:35:11 AM,False,7495,Accepted,
25633622,0568000,LOUISVILLE METRO POLICE DEPT,Accepted,JEFFERSON,I 0265,,I265 W,,,,,,,,,38.112038595,-85.689523159,10.933,9/11/2019 12:00:00 AM,0702,3,3,0,0,CLOUDY,DRY,False,REAR END IN TRAFFIC LANES BOTH VEHICLES MOVING,REAR END,STRAIGHT & LEVEL,DAWN,,,9/13/2019 8:23:45 AM,False,7772,Accepted,
25628136,0568000,LOUISVILLE METRO POLICE DEPT,Accepted,JEFFERSON,I 0265,,I265 W,,,,,,,,,38.114302338,-85.664207191,12.379,9/11/2019 12:00:00 AM,1416,2,2,0,0,CLEAR,DRY,False,REAR END IN TRAFFIC LANES BOTH VEHICLES MOVING,REAR END,STRAIGHT & LEVEL,DAYLIGHT,,,9/12/2019 8:38:36 AM,False,4693,Accepted,
25628120,0568000,LOUISVILLE METRO POLICE DEPT,Accepted,JEFFERSON,KY1065,,OUTER,LOOP,,,,,ZENITH,,SMYRNA,38.138150011,-85.644364466,8.379,9/11/2019 12:00:00 AM,1800,2,2,0,0,CLEAR,DRY,False,REAR END IN TRAFFIC LANES BOTH VEHICLES MOVING,REAR END,STRAIGHT & LEVEL,DAYLIGHT,,,9/12/2019 8:36:51 AM,False,7465,Accepted,
25628067,0568000,LOUISVILLE METRO POLICE DEPT,Accepted,JEFFERSON,,,WASHINGTON,ST,E,CS1387B,WEBSTER,,,,,38.257569204,-85.727114540,1.146,9/11/2019 12:00:00 AM,1518,2,2,0,0,CLEAR,DRY,False,1 VEHICLE PARKED POSITION (NOT PARKING LOT/DRIVEWAY),BACKING,STRAIGHT & LEVEL,DAYLIGHT,,,9/12/2019 8:30:34 AM,False,2855,Accepted,
25649224,0568000,LOUISVILLE METRO POLICE DEPT,Accepted,JEFFERSON,,2406,OMAHA,LN,,,,,,,,38.170189698,-85.842262131,0.054,9/11/2019 12:00:00 AM,1430,2,2,0,0,CLEAR,DRY,False,1 VEHICLE PARKED POSITION (NOT PARKING LOT/DRIVEWAY),SIDESWIPE-OPPOSITE DIRECTION,STRAIGHT & LEVEL,DAYLIGHT,,,9/17/2019 8:27:04 AM,False,7524,Accepted,
25628097,0568000,LOUISVILLE METRO POLICE DEPT,Accepted,JEFFERSON,I 0071,,I71 N,,,,,,,,,38.267718929,-85.707993398,0.995,9/11/2019 12:00:00 AM,1658,2,2,0,0,CLEAR,DRY,False,REAR END IN TRAFFIC LANES BOTH VEHICLES MOVING,REAR END,STRAIGHT & LEVEL,DAYLIGHT,,,9/12/2019 8:32:18 AM,False,2217,Accepted,
25628098,0568000,LOUISVILLE METRO POLICE DEPT,Accepted,JEFFERSON,I 0264,,I264 E,,,,,,,,,38.228933961,-85.634941425,18.000,9/11/2019 12:00:00 AM,1740,2,2,0,1,CLEAR,DRY,False,REAR END IN TRAFFIC LANES BOTH VEHICLES MOVING,REAR END,STRAIGHT & LEVEL,DAYLIGHT,,,9/12/2019 8:32:25 AM,False,2217,Accepted,
25628101,0568000,LOUISVILLE METRO POLICE DEPT,Accepted,JEFFERSON,I 0071,,I71 S,,,,,,,,,38.309268277,-85.593262736,8.346,9/11/2019 12:00:00 AM,1721,2,2,0,0,CLEAR,DRY,False,REAR END IN TRAFFIC LANES BOTH VEHICLES MOVING,REAR END,STRAIGHT & GRADE,DAYLIGHT,,,9/12/2019 8:32:58 AM,False,8278,Accepted,
25628102,0568000,LOUISVILLE METRO POLICE DEPT,Accepted,JEFFERSON,I 0071,,I71 N,,,,,,,,,38.272141825,-85.701427002,1.471,9/11/2019 12:00:00 AM,0754,2,2,0,0,CLEAR,DRY,False,REAR END IN TRAFFIC LANES BOTH VEHICLES MOVING,REAR END,STRAIGHT & LEVEL,DAYLIGHT,,,9/12/2019 8:33:06 AM,False,7028,Accepted,
25628100,0568000,LOUISVILLE METRO POLICE DEPT,Accepted,JEFFERSON,I 0065,,I65 S,,,,,,,,,38.225154758,-85.751389581,133.807,9/11/2019 12:00:00 AM,1506,2,2,0,0,CLEAR,DRY,False,REAR END IN TRAFFIC LANES BOTH VEHICLES MOVING,REAR END,STRAIGHT & LEVEL,DAYLIGHT,,,9/12/2019 8:32:49 AM,False,8278,Accepted,
25628156,0568000,LOUISVILLE METRO POLICE DEPT,Accepted,JEFFERSON,I 0265,,I265 N,,,,,,,,,38.222727641,-85.505485556,25.480,9/11/2019 12:00:00 AM,0636,2,2,0,0,CLEAR,DRY,False,REAR END IN TRAFFIC LANES BOTH VEHICLES MOVING,REAR END,STRAIGHT & LEVEL,DARK-HWY LIGHTED/ON,,,9/12/2019 8:42:33 AM,False,6886,Accepted,