IncidentID,AgencyORI,AgencyName,IncidentStatusDesc,County,RdwyNumber,Street,RoadwayName,StreetSfx,StreetDir,IntersectionRdwy,IntersectionRdwyName,BetweenStRdwy1,BetweenStRdwyName1,BetweenStRdwy2,BetweenStRdwyName2,Latitude,Longitude,Milepoint,CollisionDate,CollisionTime,UnitsInvolved,MotorVehiclesInvolved,NumberKilled,NumberInjured,Weather,RdwyConditionCode,HitandRun,DirAnalysisCode,MannerofCollision,RdwyCharacter,LightCondition,RampFromRdwyId,RampToRdwyId,AcceptedDate,IsSecondaryCollision,OwnerBadge,IncidentStatus,
25628113,0568000,LOUISVILLE METRO POLICE DEPT,Accepted,JEFFERSON,I 0065,,I65 N,,,,,I 0065,I65 N EXIT134B OFF RAMP TO  WOODBINE ST,I 0065,I65 N EXIT135 OFF RAMP TO  E SAINT CATHERINE ST,38.233596888,-85.750782502,134.397,9/11/2019 12:00:00 AM,0715,2,2,0,0,CLEAR,DRY,False,REAR END IN TRAFFIC LANES BOTH VEHICLES MOVING,REAR END,STRAIGHT & LEVEL,DAYLIGHT,,,9/12/2019 8:34:32 AM,False,7418,Accepted,
25633590,0568000,LOUISVILLE METRO POLICE DEPT,Accepted,JEFFERSON,I 0071,,I71 S,,,,,,,,,38.306062867,-85.599656734,7.926,9/11/2019 12:00:00 AM,1733,2,2,0,0,CLEAR,DRY,False,REAR END IN TRAFFIC LANES BOTH VEHICLES MOVING,REAR END,STRAIGHT & LEVEL,DAYLIGHT,,,9/13/2019 8:20:02 AM,False,6929,Accepted,
25633611,0568000,LOUISVILLE METRO POLICE DEPT,Accepted,JEFFERSON,I 0065,,I65 S,,,,,,,,,38.232704555,-85.750878049,134.332,9/11/2019 12:00:00 AM,1648,2,2,0,0,CLEAR,DRY,False,REAR END IN TRAFFIC LANES BOTH VEHICLES MOVING,REAR END,CURVE & LEVEL,DAYLIGHT,,,9/13/2019 8:22:53 AM,False,7944,Accepted,
25633618,0568000,LOUISVILLE METRO POLICE DEPT,Accepted,JEFFERSON,KY2052,,SHEPHERDSVILLE,RD,,,,,WHISPERING HILLS,,MILE OF SUNSHINE,38.149501846,-85.659850070,0.750,9/11/2019 12:00:00 AM,1332,2,2,0,0,CLEAR,DRY,False,REAR END IN TRAFFIC LANES BOTH VEHICLES MOVING,REAR END,STRAIGHT & LEVEL,DAYLIGHT,,,9/13/2019 8:23:27 AM,False,2017,Accepted,
25633660,0568000,LOUISVILLE METRO POLICE DEPT,Accepted,JEFFERSON,I 0265,,I265 E,,,,,,,,,38.202854320,-85.507380492,24.104,9/11/2019 12:00:00 AM,1735,2,2,0,0,CLEAR,DRY,False,REAR END IN TRAFFIC LANES BOTH VEHICLES MOVING,REAR END,STRAIGHT & GRADE,DAYLIGHT,,,9/13/2019 8:30:39 AM,False,6953,Accepted,
25633633,0568000,LOUISVILLE METRO POLICE DEPT,Accepted,JEFFERSON,,,FEGENBUSH,LN,,,,,,,,38.160745648,-85.640536036,1.814,9/11/2019 12:00:00 AM,1155,2,2,0,0,CLEAR,DRY,True,REAR END IN TRAFFIC LANES BOTH VEHICLES MOVING,REAR END,STRAIGHT & HILLCREST,DAYLIGHT,,,9/13/2019 8:24:49 AM,False,4693,Accepted,
25654891,0568000,LOUISVILLE METRO POLICE DEPT,Accepted,JEFFERSON,I 0264,,I264 W,,,,,,,,,38.190230387,-85.760000480,10.513,9/11/2019 12:00:00 AM,1933,2,2,0,0,CLEAR,DRY,False,REAR END IN TRAFFIC LANES BOTH VEHICLES MOVING,REAR END,STRAIGHT & LEVEL,DUSK,,,9/18/2019 8:58:12 AM,False,7291,Accepted,
25633635,0568000,LOUISVILLE METRO POLICE DEPT,Accepted,JEFFERSON,US0150,,BROADWAY,,W,,4TH,,,,,38.246121794,-85.758686588,2.365,9/11/2019 12:00:00 AM,1209,2,2,0,0,CLEAR,DRY,False,SIDESWIPE-SAME DIRECTION,SIDESWIPE-SAME DIRECTION,STRAIGHT & LEVEL,DAYLIGHT,,,9/13/2019 8:25:13 AM,False,5168,Accepted,
25782966,0568000,LOUISVILLE METRO POLICE DEPT,Accepted,JEFFERSON,,,JACOB,ST,W,,1ST,,,,,38.244384454,-85.753617508,0.091,9/11/2019 12:00:00 AM,1725,2,2,0,0,CLEAR,DRY,False,SIDESWIPE-SAME DIRECTION,SIDESWIPE-SAME DIRECTION,STRAIGHT & LEVEL,DAYLIGHT,,,10/16/2019 8:41:34 AM,False,7441,Accepted,
25713135,0568000,LOUISVILLE METRO POLICE DEPT,Accepted,JEFFERSON,,,GRADE,LN,,,FERN GRADE,,,,,38.158857398,-85.725133070,1.670,9/11/2019 12:00:00 AM,2312,2,2,0,0,CLEAR,DRY,False,OTHER INTERSECTION COLLISIONS,REAR END,STRAIGHT & LEVEL,DARK-HWY LIGHTED/ON,,,10/1/2019 8:29:24 AM,False,7431,Accepted,
25628132,0568000,LOUISVILLE METRO POLICE DEPT,Accepted,JEFFERSON,,,CENTRAL,AVE,,,LINDBERGH,,,,,38.212800072,-85.781112059,1.548,9/11/2019 12:00:00 AM,1202,3,3,0,0,CLEAR,DRY,False,OTHER INTERSECTION COLLISIONS,REAR END,STRAIGHT & LEVEL,DAYLIGHT,,,9/12/2019 8:38:05 AM,False,2745,Accepted,
25628143,0568000,LOUISVILLE METRO POLICE DEPT,Accepted,JEFFERSON,,,STONESTREET,RD,,KY0907,3RD ST,,,,,38.113003994,-85.836961334,1.209,9/11/2019 12:00:00 AM,2155,2,2,0,0,CLEAR,DRY,True,OTHER INTERSECTION COLLISIONS,REAR END,STRAIGHT & LEVEL,DARK-HWY LIGHTED/ON,,,9/12/2019 8:39:55 AM,False,5048,Accepted,
25628147,0568000,LOUISVILLE METRO POLICE DEPT,Accepted,JEFFERSON,KY1934,,CANE RUN,RD,,,RICHMONT,,,,,38.197269244,-85.840235771,9.034,9/11/2019 12:00:00 AM,1738,3,3,0,0,CLEAR,DRY,False,OTHER INTERSECTION COLLISIONS,REAR END,STRAIGHT & LEVEL,DAYLIGHT,,,9/12/2019 8:40:44 AM,False,7439,Accepted,
25628149,0568000,LOUISVILLE METRO POLICE DEPT,Accepted,JEFFERSON,,,26TH,ST,S,,BROADWAY,,,,,38.249438657,-85.794867806,0.781,9/11/2019 12:00:00 AM,0340,2,1,0,0,CLEAR,DRY,True,OTHER INTERSECTION COLLISIONS,SINGLE VEHICLE,STRAIGHT & LEVEL,DAYLIGHT,,,9/12/2019 8:41:05 AM,False,5021,Accepted,
25628111,0568000,LOUISVILLE METRO POLICE DEPT,Accepted,JEFFERSON,KY0061,,PRESTON,HWY,,KY1450,BLUE LICK,,,,,38.133745905,-85.684154969,3.615,9/11/2019 12:00:00 AM,0807,4,4,0,0,CLEAR,DRY,False,OTHER INTERSECTION COLLISIONS,REAR END,STRAIGHT & LEVEL,DAYLIGHT,,,9/12/2019 8:34:04 AM,False,7669,Accepted,
25628054,0568000,LOUISVILLE METRO POLICE DEPT,Accepted,JEFFERSON,,,TAYLORSVILLE,RD,,KY0148,TAYLORSVILLE,,,,,38.186787920,-85.446761494,0.003,9/11/2019 12:00:00 AM,0719,2,2,0,0,CLEAR,DRY,False,OTHER INTERSECTION COLLISIONS,REAR END,STRAIGHT & LEVEL,DAWN,,,9/12/2019 8:28:14 AM,False,2017,Accepted,
25628052,0568000,LOUISVILLE METRO POLICE DEPT,Accepted,JEFFERSON,KY0864,,POPLAR LEVEL,RD,,I 0264,I264 E EXIT14 ON RAMP FROM KY864 S,,,,,38.194473426,-85.707740838,11.261,9/11/2019 12:00:00 AM,0933,2,2,0,0,CLEAR,DRY,False,OTHER INTERSECTION COLLISIONS,REAR END,STRAIGHT & LEVEL,DAYLIGHT,,,9/12/2019 8:27:56 AM,False,6148,Accepted,
25628053,0568000,LOUISVILLE METRO POLICE DEPT,Accepted,JEFFERSON,US0031E,,BARDSTOWN,RD,,,HUDSON,,,,,38.164886213,-85.598936270,6.803,9/11/2019 12:00:00 AM,0650,2,2,0,0,CLEAR,DRY,False,OTHER INTERSECTION COLLISIONS,REAR END,STRAIGHT & LEVEL,DARK-HWY NOT LIGHTED,,,9/12/2019 8:28:05 AM,False,2017,Accepted,
25628055,0568000,LOUISVILLE METRO POLICE DEPT,Accepted,JEFFERSON,KY1450,,BLUE LICK,RD,,,MAYNARD,,,,,38.112009193,-85.689996681,1.873,9/11/2019 12:00:00 AM,1012,1,1,0,1,CLEAR,DRY,False,OTHER INTERSECTION COLLISIONS,SINGLE VEHICLE,STRAIGHT & LEVEL,DAYLIGHT,,,9/12/2019 8:28:21 AM,False,2017,Accepted,
25623672,0568000,LOUISVILLE METRO POLICE DEPT,Accepted,JEFFERSON,KY1931,,GREENWOOD,RD,,KY1934,GREENBELT,,,,,38.147004876,-85.886386745,0.525,9/11/2019 12:00:00 AM,0716,2,2,0,0,CLEAR,DRY,False,OTHER INTERSECTION COLLISIONS,REAR END,STRAIGHT & LEVEL,DAYLIGHT,,,9/11/2019 10:43:50 AM,False,6318,Accepted,
25627960,0568000,LOUISVILLE METRO POLICE DEPT,Accepted,JEFFERSON,KY0864,,POPLAR LEVEL,RD,,I 0264,I264 W EXIT14 ON RAMP FROM KY864 N,,,,,38.195312571,-85.707483294,11.305,9/11/2019 12:00:00 AM,1158,2,2,0,0,CLEAR,DRY,False,OTHER INTERSECTION COLLISIONS,REAR END,STRAIGHT & LEVEL,DAYLIGHT,,,9/12/2019 8:27:02 AM,False,2532,Accepted,
25628064,0568000,LOUISVILLE METRO POLICE DEPT,Accepted,JEFFERSON,KY2052,,SHEPHERDSVILLE,RD,,,BUECHEL BANK,,,,,38.178743397,-85.659328742,2.771,9/11/2019 12:00:00 AM,1133,2,2,0,0,CLEAR,DRY,False,OTHER INTERSECTION COLLISIONS,REAR END,STRAIGHT & LEVEL,DAYLIGHT,,,9/12/2019 8:30:15 AM,False,7338,Accepted,
25633616,0568000,LOUISVILLE METRO POLICE DEPT,Accepted,JEFFERSON,KY0864,,FEGENBUSH,LN,,,WATTERSON,,,,,38.138552364,-85.615639547,4.390,9/11/2019 12:00:00 AM,1053,2,2,0,0,CLEAR,DRY,False,OTHER INTERSECTION COLLISIONS,REAR END,STRAIGHT & LEVEL,DAYLIGHT,,,9/13/2019 8:23:13 AM,False,2017,Accepted,
25633653,0568000,LOUISVILLE METRO POLICE DEPT,Accepted,JEFFERSON,KY2054,,ALGONQUIN,PKWY,,KY1931,7TH ST,,,,,38.220050045,-85.777375453,2.518,9/11/2019 12:00:00 AM,1641,2,2,0,3,CLEAR,DRY,False,OTHER INTERSECTION COLLISIONS,REAR END,STRAIGHT & LEVEL,DAYLIGHT,,,9/13/2019 8:29:53 AM,False,5253,Accepted,
25643847,0568000,LOUISVILLE METRO POLICE DEPT,Accepted,JEFFERSON,US0031E,,BARDSTOWN,RD,,US0031E,US31E CROSSOVER,,,,,38.139609930,-85.582344308,4.771,9/11/2019 12:00:00 AM,2030,2,2,0,0,CLEAR,DRY,False,OTHER INTERSECTION COLLISIONS,REAR END,STRAIGHT & LEVEL,DUSK,,,9/16/2019 9:10:23 AM,False,7263,Accepted,
25654776,0568000,LOUISVILLE METRO POLICE DEPT,Accepted,JEFFERSON,KY1531,9559,ROUTT,RD,,,,,,,,38.104810224,-85.478418447,0.329,9/11/2019 12:00:00 AM,1045,1,1,0,0,CLEAR,DRY,False,COLLISION WITH FIXED OBJECT NON - INTERSECTION - FIRST EVENT COLLISION 09 - 32 EXCLUDING 16,SINGLE VEHICLE,STRAIGHT & LEVEL,DAYLIGHT,,,9/18/2019 8:42:26 AM,False,5248,Accepted,
25622924,0566900,LOUISVILLE AIRPORT POLICE,Accepted,JEFFERSON,,,PHILLIPS,LN,,,,,,,,38.194570804,-85.737752420,0.867,9/11/2019 12:00:00 AM,0447,1,1,0,1,CLEAR,DRY,False,COLLISION WITH FIXED OBJECT NON - INTERSECTION - FIRST EVENT COLLISION 09 - 32 EXCLUDING 16,SINGLE VEHICLE,STRAIGHT & LEVEL,DARK-HWY LIGHTED/ON,,,9/11/2019 8:21:01 AM,False,5870,Accepted,
25644198,0568000,LOUISVILLE METRO POLICE DEPT,Accepted,JEFFERSON,KY0841,,GENE SNYDER,FWY,,,,,,,,38.088560228,-85.844196876,1.733,9/11/2019 12:00:00 AM,0230,1,1,0,0,CLEAR,DRY,False,COLLISION WITH ANIMAL NON INTERSECTION,SINGLE VEHICLE,STRAIGHT & LEVEL,DARK-HWY LIGHTED/OFF,,,9/16/2019 9:42:12 AM,False,7332,Accepted,
25633714,0568000,LOUISVILLE METRO POLICE DEPT,Accepted,JEFFERSON,KY1934,3940,CANE RUN,RD,,,,,,,,38.210521255,-85.823095742,10.288,9/11/2019 12:00:00 AM,1828,2,2,0,0,CLEAR,DRY,False,OCCUPANT FELL FROM MOVING VEHICLE,SIDESWIPE-OPPOSITE DIRECTION,STRAIGHT & LEVEL,DAYLIGHT,,,9/13/2019 8:36:17 AM,False,7656,Accepted,
25623583,0568000,LOUISVILLE METRO POLICE DEPT,Accepted,JEFFERSON,KY1931,6709,GREENWOOD,RD,,,,,,,,38.144775089,-85.875773366,1.166,9/11/2019 12:00:00 AM,0630,2,1,0,1,CLEAR,DRY,True,COLLISION WITH PEDESTRIAN NON - INTERSECTION,SINGLE VEHICLE,STRAIGHT & LEVEL,DARK-HWY LIGHTED/OFF,,,9/11/2019 10:31:00 AM,False,7365,Accepted,
25643965,0568000,LOUISVILLE METRO POLICE DEPT,Accepted,JEFFERSON,KY1931,6709,GREENWOOD,RD,,,,,,,,38.144786693,-85.875811685,1.129,9/11/2019 12:00:00 AM,0630,2,1,0,1,CLEAR,DRY,True,COLLISION WITH PEDESTRIAN NON - INTERSECTION,SINGLE VEHICLE,STRAIGHT & LEVEL,DARK-HWY LIGHTED/OFF,,,9/16/2019 9:25:48 AM,False,7365,Accepted,
25628057,0568000,LOUISVILLE METRO POLICE DEPT,Accepted,JEFFERSON,KY1819,,BILLTOWN,RD,,KY1065,LOVERS,,,,,38.166200502,-85.569309012,7.137,9/11/2019 12:00:00 AM,1313,2,2,0,0,CLEAR,DRY,False,VEHICLE BACKING IN INTERSECTION,BACKING,STRAIGHT & LEVEL,DAYLIGHT,,,9/12/2019 8:28:41 AM,False,6494,Accepted,
25623580,0568000,LOUISVILLE METRO POLICE DEPT,Accepted,JEFFERSON,,,GRADE,LN,,I 0065,I65 S EXIT130 ON RAMP FROM  GRADE LN,,,,,38.177985461,-85.720392171,0.192,9/11/2019 12:00:00 AM,0511,2,2,0,0,CLEAR,DRY,False,OPPOSING LEFT TURN,OPPOSING LEFT TURN,STRAIGHT & LEVEL,DARK-HWY LIGHTED/ON,,,9/11/2019 10:30:16 AM,False,7276,Accepted,
25628061,0568000,LOUISVILLE METRO POLICE DEPT,Accepted,JEFFERSON,US0031E,,BARDSTOWN,RD,,,DEL MARIA,,,,,38.170161329,-85.607020910,7.377,9/11/2019 12:00:00 AM,1535,2,2,0,0,CLEAR,DRY,False,OPPOSING LEFT TURN,OPPOSING LEFT TURN,STRAIGHT & LEVEL,DAYLIGHT,,,9/12/2019 8:29:51 AM,False,7739,Accepted,
25628141,0568000,LOUISVILLE METRO POLICE DEPT,Accepted,JEFFERSON,KY1020,,NATIONAL,TPKE,,KY1065,OUTER,,,,,38.126978185,-85.748981231,3.663,9/11/2019 12:00:00 AM,2347,2,2,0,0,CLEAR,DRY,False,OPPOSING LEFT TURN,OPPOSING LEFT TURN,STRAIGHT & LEVEL,DARK-HWY LIGHTED/ON,,,9/12/2019 8:39:35 AM,False,5209,Accepted,
25628060,0568000,LOUISVILLE METRO POLICE DEPT,Accepted,JEFFERSON,US0031W,,DIXIE,HWY,,,WILART,,,,,38.219272000,-85.794153630,17.354,9/11/2019 12:00:00 AM,1510,2,2,0,0,CLEAR,DRY,True,REAR END - ONE VEHICLE TURNING LEFT,REAR END,STRAIGHT & LEVEL,DAYLIGHT,,,9/12/2019 8:29:42 AM,False,7656,Accepted,
25623574,0568000,LOUISVILLE METRO POLICE DEPT,Accepted,JEFFERSON,,,JOHNSON,ST,N,US0042,MAIN,,,,,38.254018035,-85.731211956,0.133,9/11/2019 12:00:00 AM,0058,2,2,0,2,CLEAR,DRY,False,ANGLE COLLISION - OTHER,ANGLE,STRAIGHT & LEVEL,DARK-HWY LIGHTED/ON,,,9/11/2019 10:28:55 AM,False,5122,Accepted,
25633592,0568000,LOUISVILLE METRO POLICE DEPT,Accepted,JEFFERSON,US0060,,SHELBYVILLE,RD,,,SHAFTESBURY,,,,,38.247821586,-85.594480329,6.899,9/11/2019 12:00:00 AM,1820,2,2,0,2,CLEAR,DRY,False,ANGLE COLLISION - OTHER,ANGLE,STRAIGHT & LEVEL,DAYLIGHT,,,9/13/2019 8:20:23 AM,False,6406,Accepted,
25628063,0568000,LOUISVILLE METRO POLICE DEPT,Accepted,JEFFERSON,,,RED OAK,LN,,,ROBINWOOD,,,,,38.172508628,-85.667814355,0.256,9/11/2019 12:00:00 AM,1304,2,2,0,1,CLEAR,DRY,False,ANGLE COLLISION - OTHER,ANGLE,STRAIGHT & LEVEL,DAYLIGHT,,,9/12/2019 8:30:02 AM,False,7722,Accepted,
25628083,0568000,LOUISVILLE METRO POLICE DEPT,Accepted,JEFFERSON,,,MUHAMMAD ALI,BLVD,W,,32ND,,,,,38.256385583,-85.804948455,2.876,9/11/2019 12:00:00 AM,1419,2,2,0,0,CLEAR,DRY,False,ANGLE COLLISION - OTHER,ANGLE,STRAIGHT & LEVEL,DAYLIGHT,,,9/12/2019 8:31:40 AM,False,7805,Accepted,
25628071,0568000,LOUISVILLE METRO POLICE DEPT,Accepted,JEFFERSON,,,BANK,ST,,US0150,22ND,,,,,38.266665648,-85.783580875,0.006,9/11/2019 12:00:00 AM,0757,3,3,0,0,CLOUDY,DRY,False,ANGLE COLLISION - OTHER,ANGLE,STRAIGHT & LEVEL,DAYLIGHT,,,9/12/2019 8:31:08 AM,False,7805,Accepted,
25628106,0568000,LOUISVILLE METRO POLICE DEPT,Accepted,JEFFERSON,KY2052,,SHEPHERDSVILLE,RD,,,MONACO,,,,,38.140382964,-85.657959079,0.095,9/11/2019 12:00:00 AM,1715,2,2,0,0,CLEAR,DRY,False,ANGLE COLLISION - OTHER,ANGLE,STRAIGHT & LEVEL,DAYLIGHT,,,9/12/2019 8:33:31 AM,False,7486,Accepted,
25628138,0568000,LOUISVILLE METRO POLICE DEPT,Accepted,JEFFERSON,KY0864,,CEDAR CREEK,RD,,KY2053,MT WASHINGTON,,,,,38.083083717,-85.623598140,0.007,9/11/2019 12:00:00 AM,1642,2,2,0,1,CLEAR,DRY,False,ANGLE COLLISION - OTHER,ANGLE,STRAIGHT & LEVEL,DAYLIGHT,,,9/12/2019 8:38:59 AM,False,4693,Accepted,
25628109,0568000,LOUISVILLE METRO POLICE DEPT,Accepted,JEFFERSON,KY1934,,CANE RUN,RD,,,ROCKAWAY,,,,,38.182537480,-85.856585025,7.628,9/11/2019 12:00:00 AM,1310,2,2,0,0,CLEAR,DRY,False,ANGLE COLLISION - OTHER,ANGLE,STRAIGHT & LEVEL,DAYLIGHT,,,9/12/2019 8:33:44 AM,False,7267,Accepted,
25628127,0568000,LOUISVILLE METRO POLICE DEPT,Accepted,JEFFERSON,KY1934,,CANE RUN,RD,,,SHANKS,,,,,38.195436765,-85.842660305,8.792,9/11/2019 12:00:00 AM,1354,2,2,0,0,CLEAR,DRY,False,ANGLE COLLISION - OTHER,ANGLE,STRAIGHT & LEVEL,DAYLIGHT,,,9/12/2019 8:37:53 AM,False,7420,Accepted,
25623572,0568000,LOUISVILLE METRO POLICE DEPT,Accepted,JEFFERSON,US0031W,,DIXIE,HWY,,,PENDLETON,,,,,38.062320874,-85.886625801,5.292,9/11/2019 12:00:00 AM,0058,2,2,0,0,CLEAR,DRY,False,ANGLE COLLISION - ONE VEHICLE TURNING LEFT,ANGLE,STRAIGHT & LEVEL,DARK-HWY LIGHTED/ON,,,9/11/2019 10:28:34 AM,False,7908,Accepted,
25628154,0568000,LOUISVILLE METRO POLICE DEPT,Accepted,JEFFERSON,,,GARLAND,AVE,,,24TH,,,,,38.244398442,-85.792573753,1.364,9/11/2019 12:00:00 AM,2112,2,2,0,0,CLEAR,DRY,False,COLLISION WITH PARKED VEHICLE,SIDESWIPE-SAME DIRECTION,STRAIGHT & LEVEL,DARK-HWY LIGHTED/ON,,,9/12/2019 8:42:19 AM,False,5256,Accepted,
25628110,0568000,LOUISVILLE METRO POLICE DEPT,Accepted,JEFFERSON,,,BROADWAY,,W,,26TH,,,,,38.249458703,-85.794796915,0.359,9/11/2019 12:00:00 AM,1519,2,2,0,0,CLEAR,DRY,False,COLLISION WITH PARKED VEHICLE,SIDESWIPE-SAME DIRECTION,STRAIGHT & LEVEL,DAYLIGHT,,,9/12/2019 8:33:52 AM,False,7479,Accepted,
25628099,0568000,LOUISVILLE METRO POLICE DEPT,Accepted,JEFFERSON,,,BROADWAY,,W,,41ST,,,,,38.250309028,-85.819962286,1.728,9/11/2019 12:00:00 AM,1654,1,1,0,0,CLEAR,DRY,False,COLLISION WITH FIXED OBJECT IN INTERSECTION - FIRST EVENT COLLISION 09 - 32,SINGLE VEHICLE,STRAIGHT & LEVEL,DAYLIGHT,,,9/12/2019 8:32:33 AM,False,7458,Accepted,
25630223,0561500,UNIV. OF LOUISVILLE POLICE,Accepted,JEFFERSON,,,BROOK,ST,S,,CARDINAL,,,,,38.220097740,-85.756639095,1.073,9/11/2019 12:00:00 AM,1424,2,1,0,1,CLEAR,DRY,False,COLLISION WITH PEDESTRIAN IN INTERSECTION,SINGLE VEHICLE,STRAIGHT & LEVEL,DAYLIGHT,,,9/12/2019 2:57:58 PM,False,5674,Accepted,
25623565,0568000,LOUISVILLE METRO POLICE DEPT,Accepted,JEFFERSON,KY0061,914,PRESTON,ST,S,,JACOB,,,,,38.243365581,-85.747873985,12.441,9/10/2019 12:00:00 AM,1409,1,1,0,0,CLEAR,DRY,False,COLLISION WITH FIXED OBJECT IN INTERSECTION - FIRST EVENT COLLISION 09 - 32,SINGLE VEHICLE,STRAIGHT & LEVEL,DAYLIGHT,,,9/11/2019 10:27:30 AM,False,5240,Accepted,
25644111,0568000,LOUISVILLE METRO POLICE DEPT,Accepted,JEFFERSON,KY1865,,TAYLOR,BLVD,,,WOODLAWN,,,,,38.181385305,-85.783519206,5.159,9/10/2019 12:00:00 AM,0812,1,1,0,0,CLEAR,DRY,False,COLLISION WITH FIXED OBJECT IN INTERSECTION - FIRST EVENT COLLISION 09 - 32,SINGLE VEHICLE,STRAIGHT & LEVEL,DAYLIGHT,,,9/16/2019 9:35:30 AM,False,7495,Accepted,
25644183,0568000,LOUISVILLE METRO POLICE DEPT,Accepted,JEFFERSON,,1524,LONGFIELD,AVE,,,POWELL,,,,,38.198758760,-85.788290451,1.080,9/10/2019 12:00:00 AM,2233,2,2,0,0,CLEAR,DRY,False,COLLISION WITH PARKED VEHICLE,BACKING,STRAIGHT & LEVEL,DARK-HWY LIGHTED/ON,,,9/16/2019 9:41:13 AM,False,7435,Accepted,
25643880,0568000,LOUISVILLE METRO POLICE DEPT,Accepted,JEFFERSON,,,1ST,ST,S,US0150,BROADWAY,,,,,38.245732406,-85.753350631,0.720,9/10/2019 12:00:00 AM,1420,2,2,0,0,CLEAR,DRY,True,ANGLE COLLISION - ONE VEHICLE TURNING LEFT,ANGLE,STRAIGHT & LEVEL,DAYLIGHT,,,9/16/2019 9:13:39 AM,False,7116,Accepted,
25623533,0568000,LOUISVILLE METRO POLICE DEPT,Accepted,JEFFERSON,,,26TH,ST,S,,BROADWAY,,,,,38.249506323,-85.794973996,0.776,9/10/2019 12:00:00 AM,1113,2,2,0,1,CLEAR,DRY,False,ANGLE COLLISION - ONE VEHICLE TURNING RIGHT,ANGLE,STRAIGHT & LEVEL,DAYLIGHT,,,9/11/2019 10:23:46 AM,False,5124,Accepted,
25623545,0568000,LOUISVILLE METRO POLICE DEPT,Accepted,JEFFERSON,US0060,,FRANKFORT,AVE,,,BAYLY,,,,,38.254745807,-85.692273133,1.509,9/10/2019 12:00:00 AM,1805,2,2,0,0,CLEAR,DRY,False,ANGLE COLLISION - OTHER,ANGLE,STRAIGHT & LEVEL,DAYLIGHT,,,9/11/2019 10:24:29 AM,False,2413,Accepted,
25618296,0568000,LOUISVILLE METRO POLICE DEPT,Accepted,JEFFERSON,US0150,,BROADWAY,,E,,CLAY,,,,,38.244898745,-85.741613255,3.298,9/10/2019 12:00:00 AM,0721,2,2,0,0,CLEAR,DRY,False,ANGLE COLLISION - OTHER,ANGLE,STRAIGHT & LEVEL,DAYLIGHT,,,9/10/2019 9:25:20 AM,False,7173,Accepted,
25623555,0568000,LOUISVILLE METRO POLICE DEPT,Accepted,JEFFERSON,KY1703,,NEWBURG,RD,,,SYLVAN,,,,,38.211594977,-85.695952067,3.084,9/10/2019 12:00:00 AM,1736,2,2,0,0,CLEAR,DRY,False,ANGLE COLLISION - OTHER,ANGLE,STRAIGHT & LEVEL,DAYLIGHT,,,9/11/2019 10:25:21 AM,False,6813,Accepted,
25623507,0568000,LOUISVILLE METRO POLICE DEPT,Accepted,JEFFERSON,US0031W,,DIXIE,HWY,,,LEWISTON,,,,,38.171311524,-85.826457172,13.511,9/10/2019 12:00:00 AM,0735,2,2,0,0,CLEAR,DRY,False,ANGLE COLLISION - OTHER,ANGLE,STRAIGHT & LEVEL,DAWN,,,9/11/2019 10:20:06 AM,False,7356,Accepted,
25643932,0568000,LOUISVILLE METRO POLICE DEPT,Accepted,JEFFERSON,KY1931,,GREENWOOD,RD,,,BEAHL,,,,,38.144654212,-85.869914389,1.488,9/10/2019 12:00:00 AM,2035,2,2,0,0,CLEAR,DRY,True,ANGLE COLLISION - OTHER,ANGLE,CURVE & LEVEL,DARK-HWY LIGHTED/ON,,,9/16/2019 9:19:42 AM,False,7340,Accepted,
25707441,0568000,LOUISVILLE METRO POLICE DEPT,Accepted,JEFFERSON,KY1747,,FERN VALLEY,RD,,KY6319,SIGNATURE,,,,,38.157297675,-85.714438398,0.975,9/10/2019 12:00:00 AM,1045,2,2,0,3,CLEAR,DRY,False,ANGLE COLLISION - OTHER,ANGLE,STRAIGHT & LEVEL,DAYLIGHT,,,9/30/2019 9:25:34 AM,False,4693,Accepted,
25623576,0568000,LOUISVILLE METRO POLICE DEPT,Accepted,JEFFERSON,,,4TH,ST,S,,HILL,,,,,38.225974911,-85.761915134,2.131,9/10/2019 12:00:00 AM,2317,2,2,0,0,CLEAR,DRY,False,REAR END - ONE VEHICLE TURNING LEFT,REAR END,STRAIGHT & LEVEL,DARK (UNKNOWN ROADWAY LIGHTING),,,9/11/2019 10:29:16 AM,False,5111,Accepted,
25630218,0561500,UNIV. OF LOUISVILLE POLICE,Accepted,JEFFERSON,,,4TH,ST,S,,CARDINAL,,,,,38.220796955,-85.762834585,2.494,9/10/2019 12:00:00 AM,1900,2,2,0,0,CLEAR,DRY,False,REAR END - ONE VEHICLE TURNING RIGHT,REAR END,STRAIGHT & LEVEL,DAYLIGHT,,,9/12/2019 2:57:38 PM,False,5676,Accepted,
25623526,0568000,LOUISVILLE METRO POLICE DEPT,Accepted,JEFFERSON,,,ROCKFORD,LN,,KY1934,CANE RUN,,,,,38.183427418,-85.854877938,0.061,9/10/2019 12:00:00 AM,1623,2,2,0,0,CLEAR,DRY,False,OPPOSING LEFT TURN,OPPOSING LEFT TURN,STRAIGHT & LEVEL,DAYLIGHT,,,9/11/2019 10:23:16 AM,False,5208,Accepted,
25623520,0568000,LOUISVILLE METRO POLICE DEPT,Accepted,JEFFERSON,,,TREVILIAN,WAY,,KY0155,TAYLORSVILLE,,,,,38.223093896,-85.684751915,0.583,9/10/2019 12:00:00 AM,1531,2,2,0,0,CLEAR,DRY,False,OPPOSING LEFT TURN,OPPOSING LEFT TURN,CURVE & LEVEL,DAYLIGHT,,,9/11/2019 10:22:01 AM,False,2100,Accepted,