IncidentID,AgencyORI,AgencyName,IncidentStatusDesc,County,RdwyNumber,Street,RoadwayName,StreetSfx,StreetDir,IntersectionRdwy,IntersectionRdwyName,BetweenStRdwy1,BetweenStRdwyName1,BetweenStRdwy2,BetweenStRdwyName2,Latitude,Longitude,Milepoint,CollisionDate,CollisionTime,UnitsInvolved,MotorVehiclesInvolved,NumberKilled,NumberInjured,Weather,RdwyConditionCode,HitandRun,DirAnalysisCode,MannerofCollision,RdwyCharacter,LightCondition,RampFromRdwyId,RampToRdwyId,AcceptedDate,IsSecondaryCollision,OwnerBadge,IncidentStatus,
25638074,0560400,SHIVELY POLICE DEPARTMENT,Accepted,JEFFERSON,US0031W,,DIXIE,HWY,,KY2051,ROCKFORD,,,,,38.174334157,-85.823335655,13.832,9/10/2019 12:00:00 AM,2004,2,2,0,1,CLEAR,DRY,False,OPPOSING LEFT TURN,OPPOSING LEFT TURN,STRAIGHT & LEVEL,DUSK,,,9/14/2019 7:39:28 AM,False,7120,Accepted,
25633778,0568000,LOUISVILLE METRO POLICE DEPT,Accepted,JEFFERSON,KY1450,,BLUE LICK,RD,,,,,WEIGELA,,BONAVENTURE,38.124042082,-85.689462785,2.708,9/10/2019 12:00:00 AM,1712,1,1,0,0,CLEAR,DRY,False,OCCUPANT FELL FROM MOVING VEHICLE,SINGLE VEHICLE,STRAIGHT & LEVEL,DAYLIGHT,,,9/13/2019 8:49:20 AM,False,7397,Accepted,
25627941,0568000,LOUISVILLE METRO POLICE DEPT,Accepted,JEFFERSON,KY0841,,GENE SNYDER,FWY,,,,,,,,38.315160551,-85.582224922,34.746,9/10/2019 12:00:00 AM,1650,1,1,0,0,CLEAR,DRY,False,COLLISION WITH FIXED OBJECT NON - INTERSECTION - FIRST EVENT COLLISION 09 - 32 EXCLUDING 16,SINGLE VEHICLE,STRAIGHT & LEVEL,DAYLIGHT,,,9/12/2019 8:25:16 AM,False,8278,Accepted,
25623561,0568000,LOUISVILLE METRO POLICE DEPT,Accepted,JEFFERSON,US0150,,BROADWAY,,W,,ROY WILKINS,,,,,38.246931611,-85.766664239,1.930,9/10/2019 12:00:00 AM,1823,2,2,0,1,CLEAR,DRY,False,OTHER INTERSECTION COLLISIONS,REAR END,STRAIGHT & LEVEL,DAYLIGHT,,,9/11/2019 10:26:56 AM,False,5124,Accepted,
25623563,0568000,LOUISVILLE METRO POLICE DEPT,Accepted,JEFFERSON,KY0146,,LA GRANGE,RD,,,CHAMBERLAIN,,,,,38.289427373,-85.512246498,7.555,9/10/2019 12:00:00 AM,0528,2,2,0,0,CLEAR,DRY,False,OTHER INTERSECTION COLLISIONS,REAR END,STRAIGHT & LEVEL,DARK (UNKNOWN ROADWAY LIGHTING),,,9/11/2019 10:27:15 AM,False,5228,Accepted,
25623521,0568000,LOUISVILLE METRO POLICE DEPT,Accepted,JEFFERSON,KY0061,,PRESTON,HWY,,,AUDUBON,,,,,38.202721804,-85.734972511,9.169,9/10/2019 12:00:00 AM,1128,3,3,0,0,CLEAR,DRY,False,OTHER INTERSECTION COLLISIONS,REAR END,STRAIGHT & LEVEL,DAYLIGHT,,,9/11/2019 10:22:20 AM,False,5233,Accepted,
25623522,0568000,LOUISVILLE METRO POLICE DEPT,Accepted,JEFFERSON,KY1230,,CANE RUN,RD,,KY1931,GREENWOOD,,,,,38.147509566,-85.896228611,4.825,9/10/2019 12:00:00 AM,1451,2,2,0,0,CLEAR,DRY,True,OTHER INTERSECTION COLLISIONS,REAR END,STRAIGHT & LEVEL,DAYLIGHT,,,9/11/2019 10:22:40 AM,False,7485,Accepted,
25623581,0568000,LOUISVILLE METRO POLICE DEPT,Accepted,JEFFERSON,US0031W,,MAIN,ST,W,US0031E,3RD,,,,,38.256419737,-85.754853988,22.018,9/10/2019 12:00:00 AM,2047,2,2,0,0,CLEAR,DRY,False,OTHER INTERSECTION COLLISIONS,REAR END,STRAIGHT & LEVEL,DARK-HWY LIGHTED/ON,,,9/11/2019 10:30:32 AM,False,5148,Accepted,
25623575,0568000,LOUISVILLE METRO POLICE DEPT,Accepted,JEFFERSON,KY1865,,TAYLOR,BLVD,,,WALTER,,,,,38.175766389,-85.782626785,4.761,9/10/2019 12:00:00 AM,1907,3,3,0,2,CLEAR,DRY,False,OTHER INTERSECTION COLLISIONS,REAR END,STRAIGHT & LEVEL,DUSK,,,9/11/2019 10:29:05 AM,False,5221,Accepted,
25623568,0568000,LOUISVILLE METRO POLICE DEPT,Accepted,JEFFERSON,,,SOUTHWESTERN,PKWY,,,MARKET,,,,,38.265129092,-85.825661952,0.081,9/10/2019 12:00:00 AM,1811,2,2,0,0,CLEAR,DRY,True,SIDESWIPE-SAME DIRECTION,SIDESWIPE-SAME DIRECTION,STRAIGHT & LEVEL,DARK-HWY LIGHTED/ON,,,9/11/2019 10:27:57 AM,False,5140,Accepted,
25618212,0568000,LOUISVILLE METRO POLICE DEPT,Accepted,JEFFERSON,KY1747,,FERN VALLEY,RD,,KY6319,SIGNATURE,,,,,38.157173016,-85.713607896,1.020,9/10/2019 12:00:00 AM,0153,2,2,0,0,CLEAR,DRY,False,SIDESWIPE-SAME DIRECTION,SIDESWIPE-SAME DIRECTION,STRAIGHT & LEVEL,DARK-HWY LIGHTED/ON,,,9/10/2019 9:06:18 AM,False,7016,Accepted,
25623412,0568000,LOUISVILLE METRO POLICE DEPT,Accepted,JEFFERSON,,,STONESTREET,RD,,,VALLEY COLLEGE,,,,,38.117901299,-85.844176888,0.691,9/10/2019 12:00:00 AM,0810,2,2,0,0,CLEAR,DRY,False,SIDESWIPE-SAME DIRECTION,SIDESWIPE-SAME DIRECTION,STRAIGHT & LEVEL,DAYLIGHT,,,9/11/2019 10:13:57 AM,False,2600,Accepted,
25618240,0568000,LOUISVILLE METRO POLICE DEPT,Accepted,JEFFERSON,I 0064,,I64 E,,,I 0064,I64 E EXIT4 OFF RAMP TO US31W,,,,,38.259720974,-85.767390240,3.906,9/10/2019 12:00:00 AM,0656,2,2,0,0,CLEAR,DRY,True,SIDESWIPE-SAME DIRECTION,SIDESWIPE-SAME DIRECTION,STRAIGHT & LEVEL,DAWN,,,9/10/2019 9:09:02 AM,False,5148,Accepted,
25643906,0568000,LOUISVILLE METRO POLICE DEPT,Accepted,JEFFERSON,KY0061,,PRESTON,HWY,,I 0265,I265 W EXIT12 ON RAMP FROM KY61 N,,,,,38.108478920,-85.674524438,1.771,9/10/2019 12:00:00 AM,1840,2,2,0,0,CLEAR,DRY,False,SIDESWIPE-SAME DIRECTION,SIDESWIPE-SAME DIRECTION,STRAIGHT & LEVEL,DAYLIGHT,,,9/16/2019 9:15:24 AM,False,2959,Accepted,
25659976,0568000,LOUISVILLE METRO POLICE DEPT,Accepted,JEFFERSON,,,GARVIN,PL,,,,,OAK,,BERTRAND,38.236534812,-85.761736263,0.245,9/10/2019 12:00:00 AM,0821,2,2,0,0,CLEAR,DRY,True,1 VEHICLE PARKED POSITION (NOT PARKING LOT/DRIVEWAY),REAR END,STRAIGHT & LEVEL,DAYLIGHT,,,9/19/2019 8:18:43 AM,False,7619,Accepted,
25627939,0568000,LOUISVILLE METRO POLICE DEPT,Accepted,JEFFERSON,I 0264,,I264 E,,,,,,,,,38.214366485,-85.822935077,4.602,9/10/2019 12:00:00 AM,1542,2,2,0,1,CLEAR,DRY,False,1 VEHICLE PARKED POSITION (NOT PARKING LOT/DRIVEWAY),REAR END,CURVE & GRADE,DAYLIGHT,,,9/12/2019 8:25:09 AM,False,8278,Accepted,
25618233,0568000,LOUISVILLE METRO POLICE DEPT,Accepted,JEFFERSON,I 0064,,I64 W,,,,,,,,,38.230868484,-85.601538004,13.537,9/10/2019 12:00:00 AM,0355,2,2,0,0,CLEAR,DRY,False,1 VEHICLE PARKED POSITION (NOT PARKING LOT/DRIVEWAY),SIDESWIPE-SAME DIRECTION,STRAIGHT & LEVEL,DARK-HWY LIGHTED/OFF,,,9/10/2019 9:07:38 AM,False,7096,Accepted,
25623417,0568000,LOUISVILLE METRO POLICE DEPT,Accepted,JEFFERSON,US0031E,2911,BARDSTOWN,RD,,,,,,,,38.216649130,-85.675948814,12.479,9/10/2019 12:00:00 AM,0944,2,2,0,0,CLEAR,DRY,False,REAR END IN TRAFFIC LANES BOTH VEHICLES MOVING,REAR END,STRAIGHT & LEVEL,DAYLIGHT,,,9/11/2019 10:14:50 AM,False,7284,Accepted,
25623429,0568000,LOUISVILLE METRO POLICE DEPT,Accepted,JEFFERSON,US0060A,,EASTERN,PKWY,,,,US0031E,BARDSTOWN,,FERNWOOD,38.231980737,-85.709347759,6.829,9/10/2019 12:00:00 AM,1100,2,2,0,0,CLEAR,DRY,False,REAR END IN TRAFFIC LANES BOTH VEHICLES MOVING,REAR END,STRAIGHT & LEVEL,DAYLIGHT,,,9/11/2019 10:15:51 AM,False,2228,Accepted,
25623590,0568000,LOUISVILLE METRO POLICE DEPT,Accepted,JEFFERSON,I 0264,,I264 W,,,,,,,,,38.203696637,-85.684091753,14.800,9/10/2019 12:00:00 AM,1759,2,2,0,0,CLEAR,DRY,False,REAR END IN TRAFFIC LANES BOTH VEHICLES MOVING,REAR END,STRAIGHT & LEVEL,DAYLIGHT,,,9/11/2019 10:32:36 AM,False,2217,Accepted,
25623405,0568000,LOUISVILLE METRO POLICE DEPT,Accepted,JEFFERSON,I 0065,,I65 N EXIT130 TRANSIT,,,,,,,,,38.183507769,-85.722461365,0.519,9/10/2019 12:00:00 AM,0631,3,3,0,0,CLEAR,DRY,True,REAR END IN TRAFFIC LANES BOTH VEHICLES MOVING,REAR END,STRAIGHT & LEVEL,DAWN,,,9/11/2019 10:13:36 AM,False,4903,Accepted,
25623569,0568000,LOUISVILLE METRO POLICE DEPT,Accepted,JEFFERSON,,,3RD,ST,S,,,,TENNY,,AMHERST,38.176946011,-85.767034711,1.513,9/10/2019 12:00:00 AM,1738,2,2,0,0,CLEAR,DRY,False,REAR END IN TRAFFIC LANES BOTH VEHICLES MOVING,REAR END,STRAIGHT & LEVEL,DAYLIGHT,,,9/11/2019 10:28:13 AM,False,2499,Accepted,
25623562,0568000,LOUISVILLE METRO POLICE DEPT,Accepted,JEFFERSON,US0060A,,LEXINGTON,RD,,,,,,,,38.244943420,-85.697540955,8.234,9/10/2019 12:00:00 AM,1813,2,2,0,0,CLEAR,DRY,False,REAR END IN TRAFFIC LANES BOTH VEHICLES MOVING,REAR END,STRAIGHT & LEVEL,DAYLIGHT,,,9/11/2019 10:27:04 AM,False,5020,Accepted,
25623553,0568000,LOUISVILLE METRO POLICE DEPT,Accepted,JEFFERSON,KY0155,,TAYLORSVILLE,RD,,,,,,,,38.221779385,-85.654832181,14.901,9/10/2019 12:00:00 AM,1130,2,2,0,0,CLEAR,DRY,False,REAR END IN TRAFFIC LANES BOTH VEHICLES MOVING,REAR END,STRAIGHT & GRADE,DAYLIGHT,,,9/11/2019 10:25:12 AM,False,6813,Accepted,
25627943,0568000,LOUISVILLE METRO POLICE DEPT,Accepted,JEFFERSON,I 0264,,I264 W,,,,,,,,,38.191139474,-85.717902164,12.729,9/10/2019 12:00:00 AM,1756,2,2,0,0,CLEAR,DRY,False,REAR END IN TRAFFIC LANES BOTH VEHICLES MOVING,REAR END,CURVE & GRADE,DAYLIGHT,,,9/12/2019 8:25:30 AM,False,8278,Accepted,
25628135,0568000,LOUISVILLE METRO POLICE DEPT,Accepted,JEFFERSON,,,GRADE,LN,,,,,,,,38.148658712,-85.736130746,2.767,9/10/2019 12:00:00 AM,1653,2,2,0,0,CLEAR,DRY,False,REAR END IN TRAFFIC LANES BOTH VEHICLES MOVING,REAR END,STRAIGHT & LEVEL,DAYLIGHT,,,9/12/2019 8:38:27 AM,False,4693,Accepted,
25666050,0560000,JEFFERSON COUNTY SHERIFF DEPT.,Accepted,JEFFERSON,,,9TH,ST,S,,,,,,,38.245568474,-85.766986634,0.090,9/10/2019 12:00:00 AM,1815,2,2,0,0,CLEAR,DRY,False,REAR END IN TRAFFIC LANES BOTH VEHICLES MOVING,REAR END,STRAIGHT & LEVEL,DAYLIGHT,,,9/20/2019 10:49:41 AM,False,4025,Accepted,
25623579,0568000,LOUISVILLE METRO POLICE DEPT,Accepted,JEFFERSON,,,WOODLAWN,AVE,W,,3RD,,,,,38.181560223,-85.766211973,0.777,9/10/2019 12:00:00 AM,1955,3,3,0,1,CLEAR,DRY,False,HEAD-ON COLLISION,HEAD ON,STRAIGHT & LEVEL,DUSK,,,9/11/2019 10:30:00 AM,False,5237,Accepted,
27592398,0568000,LOUISVILLE METRO POLICE DEPT,Accepted,JEFFERSON,I 0264,,I264 E,,,,,,,,,38.190025474,-85.732685226,11.908,9/10/2019 12:00:00 AM,0703,2,2,0,0,CLEAR,DRY,False,REAR END IN TRAFFIC LANES BOTH VEHICLES MOVING,REAR END,STRAIGHT & LEVEL,DAYLIGHT,,,12/22/2020 8:12:43 AM,False,4903,Accepted,
25643980,0568000,LOUISVILLE METRO POLICE DEPT,Accepted,JEFFERSON,,,ZANE,ST,,,,,7TH,,8TH,38.238984096,-85.765490103,0.212,9/10/2019 12:00:00 AM,1313,2,2,0,0,CLEAR,DRY,False,SIDESWIPE COLLISION - SAME DIRECTION,SIDESWIPE-SAME DIRECTION,STRAIGHT & LEVEL,DAYLIGHT,,,9/16/2019 9:28:12 AM,False,7619,Accepted,
25623517,0568000,LOUISVILLE METRO POLICE DEPT,Accepted,JEFFERSON,KY1747,,FERN VALLEY,RD,,,,,,,,38.157017100,-85.709299172,1.258,9/10/2019 12:00:00 AM,1018,2,2,0,0,CLEAR,DRY,False,SIDESWIPE COLLISION - SAME DIRECTION,SIDESWIPE-SAME DIRECTION,STRAIGHT & LEVEL,DAYLIGHT,,,9/11/2019 10:20:59 AM,False,4693,Accepted,
25623589,0568000,LOUISVILLE METRO POLICE DEPT,Accepted,JEFFERSON,I 0264,,I264 W,,,,,,,,,38.229271685,-85.634779049,18.000,9/10/2019 12:00:00 AM,1644,3,3,0,0,CLEAR,DRY,False,SIDESWIPE COLLISION - SAME DIRECTION,SIDESWIPE-SAME DIRECTION,STRAIGHT & LEVEL,DAYLIGHT,,,9/11/2019 10:32:02 AM,False,2217,Accepted,
25643899,0568000,LOUISVILLE METRO POLICE DEPT,Accepted,JEFFERSON,,,MARKET,ST,W,,,,23RD,,23RD,38.258765864,-85.788555350,0.109,9/10/2019 12:00:00 AM,1045,2,2,0,0,CLEAR,DRY,False,SIDESWIPE COLLISION - SAME DIRECTION,SIDESWIPE-SAME DIRECTION,STRAIGHT & LEVEL,DAYLIGHT,,,9/16/2019 9:14:54 AM,False,7241,Accepted,
25623560,0568000,LOUISVILLE METRO POLICE DEPT,Accepted,JEFFERSON,KY1065,4808,OUTER,LOOP,,,,,,,,38.137914403,-85.674418494,6.732,9/10/2019 12:00:00 AM,1759,2,2,0,0,CLEAR,DRY,False,SIDESWIPE COLLISION - SAME DIRECTION,SIDESWIPE-SAME DIRECTION,STRAIGHT & LEVEL,DAYLIGHT,,,9/11/2019 10:26:47 AM,False,7829,Accepted,
25623551,0568000,LOUISVILLE METRO POLICE DEPT,Accepted,JEFFERSON,,100,CLAY HILL,LN,,,,,,,,38.226429511,-85.501360215,0.048,9/10/2019 12:00:00 AM,1124,2,2,0,0,CLEAR,DRY,True,SIDESWIPE COLLISION - SAME DIRECTION,SIDESWIPE-SAME DIRECTION,STRAIGHT & LEVEL,UNKNOWN,,,9/11/2019 10:25:05 AM,False,6532,Accepted,
25627957,0568000,LOUISVILLE METRO POLICE DEPT,Accepted,JEFFERSON,I 0065,,I65 N,,,,,,,,,38.105319008,-85.701031839,124.492,9/10/2019 12:00:00 AM,1714,2,2,0,0,CLEAR,DRY,False,SIDESWIPE COLLISION - SAME DIRECTION,SIDESWIPE-SAME DIRECTION,STRAIGHT & LEVEL,DAYLIGHT,,,9/12/2019 8:26:46 AM,False,7944,Accepted,
25623524,0568000,LOUISVILLE METRO POLICE DEPT,Accepted,JEFFERSON,KY1865,,TAYLOR,BLVD,,,,,,,,38.188603105,-85.783492212,5.671,9/10/2019 12:00:00 AM,1650,2,2,0,1,CLEAR,DRY,False,SIDESWIPE COLLISION - OPPOSITE DIRECTION,SIDESWIPE-OPPOSITE DIRECTION,STRAIGHT & LEVEL,DAYLIGHT,,,9/11/2019 10:22:57 AM,False,7495,Accepted,
25623558,0568000,LOUISVILLE METRO POLICE DEPT,Accepted,JEFFERSON,,1121,BERRY,BLVD,,,,,,,,38.196134300,-85.781702472,0.070,9/10/2019 12:00:00 AM,1749,2,2,0,0,CLEAR,DRY,False,VEHICLE BACKING NON INTERSECTION,BACKING,STRAIGHT & LEVEL,DAYLIGHT,,,9/11/2019 10:26:22 AM,False,7251,Accepted,
25623547,0568000,LOUISVILLE METRO POLICE DEPT,Accepted,JEFFERSON,US0060,,SHELBYVILLE,RD,,,,,,,,38.247019192,-85.584684315,7.436,9/10/2019 12:00:00 AM,0843,2,2,0,0,CLEAR,DRY,False,1 VEHICLE ENTERING/LEAVING ENTRANCE,ANGLE,STRAIGHT & GRADE,DAYLIGHT,,,9/11/2019 10:24:45 AM,False,6532,Accepted,
25623566,0568000,LOUISVILLE METRO POLICE DEPT,Accepted,JEFFERSON,,,4TH,ST,S,,,,HEYWOOD,,CENTRAL,38.206274647,-85.765363689,3.488,9/10/2019 12:00:00 AM,1400,2,2,0,1,CLEAR,DRY,True,1 VEHICLE ENTERING/LEAVING ENTRANCE,ANGLE,STRAIGHT & LEVEL,DAYLIGHT,,,9/11/2019 10:27:41 AM,False,2499,Accepted,
25623459,0568000,LOUISVILLE METRO POLICE DEPT,Accepted,JEFFERSON,,,1ST,ST,S,,,,,,,38.238397307,-85.754671335,1.230,9/10/2019 12:00:00 AM,1250,2,2,0,0,CLEAR,DRY,False,1 VEHICLE ENTERING/LEAVING ENTRANCE,ANGLE,STRAIGHT & LEVEL,DAYLIGHT,,,9/11/2019 10:18:36 AM,False,7296,Accepted,
25623527,0568000,LOUISVILLE METRO POLICE DEPT,Accepted,JEFFERSON,,,BRENTLINGER,LN,,,,,CHISM TRAIL,US0031E,BARDSTOWN,38.134712846,-85.577757581,0.108,9/10/2019 12:00:00 AM,1705,2,2,0,0,CLEAR,DRY,False,1 VEHICLE ENTERING/LEAVING ENTRANCE,ANGLE,STRAIGHT & LEVEL,DAYLIGHT,,,9/11/2019 10:23:25 AM,False,6878,Accepted,
25643894,0568000,LOUISVILLE METRO POLICE DEPT,Accepted,JEFFERSON,KY1747,,FERN VALLEY,RD,,,,,ULRICH,,PARAMOUNT PARK,38.157040065,-85.709919979,1.223,9/10/2019 12:00:00 AM,1122,2,2,0,0,CLEAR,DRY,True,1 VEHICLE ENTERING/LEAVING ENTRANCE,ANGLE,STRAIGHT & LEVEL,DAYLIGHT,,,9/16/2019 9:14:08 AM,False,7397,Accepted,
25665361,0568000,LOUISVILLE METRO POLICE DEPT,Accepted,JEFFERSON,KY2054,,ALGONQUIN,PKWY,,,,,,,,38.216482799,-85.774759431,2.802,9/10/2019 12:00:00 AM,1700,2,2,0,1,CLEAR,DRY,False,1 VEHICLE ENTERING/LEAVING ENTRANCE,ANGLE,STRAIGHT & LEVEL,DAYLIGHT,,,9/20/2019 8:57:54 AM,False,7298,Accepted,
25793252,0568000,LOUISVILLE METRO POLICE DEPT,Accepted,JEFFERSON,KY0841,,GENE SNYDER,FWY,,,,I 0071,I71 S EXIT9B OFF RAMP TO KY841 N,KY0841,KY841 N RAMP TO US42,38.319363788,-85.607794699,36.173,9/10/2019 12:00:00 AM,1355,2,2,0,0,CLEAR,DRY,True,1 VEHICLE ENTERING/LEAVING ENTRANCE,ANGLE,STRAIGHT & LEVEL,DAYLIGHT,,,10/18/2019 8:48:32 AM,False,2413,Accepted,
25627959,0568000,LOUISVILLE METRO POLICE DEPT,Accepted,JEFFERSON,I 0065,,,,,,,,,,,38.156886235,-85.716725845,0.109,9/10/2019 12:00:00 AM,1738,2,2,0,0,CLEAR,DRY,False,OTHER RAMP RELATED COLLISIONS NOT LISTED ABOVE,SIDESWIPE-SAME DIRECTION,CURVE & GRADE,DAYLIGHT,I 0065,KY1631,9/12/2019 8:26:54 AM,False,7944,Accepted,
25627952,0568000,LOUISVILLE METRO POLICE DEPT,Accepted,JEFFERSON,I 0264,,,,,,,,,,,38.189641610,-85.763610520,0.046,9/10/2019 12:00:00 AM,1352,2,2,0,0,CLEAR,DRY,False,OTHER RAMP RELATED COLLISIONS NOT LISTED ABOVE,SIDESWIPE-SAME DIRECTION,CURVE & HILLCREST,DAYLIGHT,W SOUTHERN HEIGHTS AVE,I 0264,9/12/2019 8:26:28 AM,False,7944,Accepted,
25623413,0568000,LOUISVILLE METRO POLICE DEPT,Accepted,JEFFERSON,I 0064,,,,,,,,,,,38.234600634,-85.657658801,0.279,9/10/2019 12:00:00 AM,0647,2,2,0,0,CLEAR,DRY,False,OTHER RAMP RELATED COLLISIONS NOT LISTED ABOVE,REAR END,CURVE & LEVEL,DAWN,I 0064,KY2048,9/11/2019 10:14:10 AM,False,7281,Accepted,
25623503,0568000,LOUISVILLE METRO POLICE DEPT,Accepted,JEFFERSON,I 0071,,,,,,,,,,,38.273960841,-85.696703052,0.275,9/10/2019 12:00:00 AM,1449,2,2,0,0,CLEAR,DRY,False,OTHER RAMP RELATED COLLISIONS NOT LISTED ABOVE,REAR END,CURVE & LEVEL,DAYLIGHT,I 0071,ZORN AVE,9/11/2019 10:19:24 AM,False,7281,Accepted,
25623519,0568000,LOUISVILLE METRO POLICE DEPT,Accepted,JEFFERSON,I 0064,,,,,,,,,,,38.247109462,-85.699320603,0.194,9/10/2019 12:00:00 AM,1446,3,3,0,0,CLEAR,DRY,False,OTHER RAMP RELATED COLLISIONS NOT LISTED ABOVE,REAR END,STRAIGHT & LEVEL,DAYLIGHT,I 0064,GRINSTEAD DR,9/11/2019 10:21:40 AM,False,2100,Accepted,
25623578,0568000,LOUISVILLE METRO POLICE DEPT,Accepted,JEFFERSON,I 0265,,,,,,,,,,,38.143826161,-85.583431926,0.357,9/10/2019 12:00:00 AM,1405,2,2,0,0,CLEAR,DRY,False,OTHER RAMP RELATED COLLISIONS NOT LISTED ABOVE,REAR END,STRAIGHT & LEVEL,DAYLIGHT,I 0265,US31E,9/11/2019 10:29:49 AM,False,2017,Accepted,
25630216,0561500,UNIV. OF LOUISVILLE POLICE,Accepted,JEFFERSON,,200,BROOK,ST,S,,,,,,,38.245062654,-85.751652513,2.817,9/10/2019 12:00:00 AM,2000,2,2,0,0,CLEAR,DRY,False,COLLISION IN PARKING LOT,BACKING,STRAIGHT & LEVEL,DUSK,,,9/12/2019 2:57:29 PM,False,5666,Accepted,
25620257,0561500,UNIV. OF LOUISVILLE POLICE,Accepted,JEFFERSON,,2800,FLOYD,ST,S,,,,,,,38.203711960,-85.757050468,3.588,9/10/2019 12:00:00 AM,0950,2,2,0,0,CLEAR,DRY,True,COLLISION IN PARKING LOT,ANGLE,STRAIGHT & LEVEL,DAYLIGHT,,,9/10/2019 3:57:13 PM,False,5654,Accepted,
25623518,0568000,LOUISVILLE METRO POLICE DEPT,Accepted,JEFFERSON,,,BOERSTE,WAY,,,,,,,,38.113286953,-85.678807733,0.004,9/10/2019 12:00:00 AM,1528,2,2,0,0,CLEAR,DRY,False,COLLISION IN PARKING LOT,ANGLE,STRAIGHT & LEVEL,DAYLIGHT,,,9/11/2019 10:21:19 AM,False,4693,Accepted,
25665328,0568000,LOUISVILLE METRO POLICE DEPT,Accepted,JEFFERSON,KY0061,530,JACKSON,ST,S,,,,,,,38.248567699,-85.745058358,12.527,9/10/2019 12:00:00 AM,1450,2,2,0,0,CLEAR,DRY,False,COLLISION IN PARKING LOT,BACKING,STRAIGHT & LEVEL,DAYLIGHT,,,9/20/2019 8:51:51 AM,False,7266,Accepted,
25644357,0568000,LOUISVILLE METRO POLICE DEPT,Accepted,JEFFERSON,,,3RD,ST,S,,,,,,,38.192179904,-85.764543885,0.423,9/10/2019 12:00:00 AM,2349,2,2,0,0,CLEAR,DRY,True,COLLISION IN PARKING LOT,BACKING,CURVE & LEVEL,DARK-HWY LIGHTED/ON,,,9/16/2019 9:57:42 AM,False,5052,Accepted,
25623567,0568000,LOUISVILLE METRO POLICE DEPT,Accepted,JEFFERSON,KY1703,,BAXTER,AVE,,,,,EDENSIDE,US0060A,EASTERN,38.229624277,-85.715805590,4.820,9/10/2019 12:00:00 AM,2015,2,2,0,0,CLEAR,DRY,False,OTHER ROADWAY OR MID-BLOCK COLLISION,REAR END,STRAIGHT & HILLCREST,DARK-HWY LIGHTED/ON,,,9/11/2019 10:27:49 AM,False,2816,Accepted,
25623671,0568000,LOUISVILLE METRO POLICE DEPT,Accepted,JEFFERSON,,,COLLINS,LN,,,,KY1447,WESTPORT,,CHAMBERLAIN CROSSING,38.297256282,-85.521238999,0.510,9/10/2019 12:00:00 AM,1107,2,2,0,0,CLEAR,DRY,False,OTHER ROADWAY OR MID-BLOCK COLLISION,OPPOSING LEFT TURN,STRAIGHT & LEVEL,DAYLIGHT,,,9/11/2019 10:43:44 AM,False,7751,Accepted,
25627954,0568000,LOUISVILLE METRO POLICE DEPT,Accepted,JEFFERSON,I 0265,,I265 S,,,,,,,,,38.266136519,-85.501579953,28.448,9/10/2019 12:00:00 AM,1548,2,2,0,0,CLEAR,DRY,False,OTHER ROADWAY OR MID-BLOCK COLLISION,REAR END,STRAIGHT & LEVEL,DAYLIGHT,,,9/12/2019 8:26:36 AM,False,7944,Accepted,
25627938,0568000,LOUISVILLE METRO POLICE DEPT,Accepted,JEFFERSON,I 0064,,I64 E,,,,,,,,,38.228074917,-85.593842947,14.172,9/10/2019 12:00:00 AM,1223,1,1,0,0,CLEAR,DRY,False,OTHER ROADWAY OR MID-BLOCK COLLISION,SINGLE VEHICLE,STRAIGHT & LEVEL,DAYLIGHT,,,9/12/2019 8:24:53 AM,False,8278,Accepted,
25623571,0568000,LOUISVILLE METRO POLICE DEPT,Accepted,JEFFERSON,I 0264,,I264 W,,,,,,,,,38.214837583,-85.822572722,4.573,9/10/2019 12:00:00 AM,1916,1,1,0,0,CLEAR,DRY,False,OTHER ROADWAY OR MID-BLOCK COLLISION,SINGLE VEHICLE,CURVE & LEVEL,DAYLIGHT,,,9/11/2019 10:28:26 AM,False,7243,Accepted,
25643853,0568000,LOUISVILLE METRO POLICE DEPT,Accepted,JEFFERSON,,,HAZELWOOD,AVE,,,,,,,,38.173970554,-85.793345355,0.345,9/10/2019 12:00:00 AM,1817,2,2,0,0,CLEAR,DRY,False,OTHER ROADWAY OR MID-BLOCK COLLISION,REAR END,CURVE & LEVEL,DAYLIGHT,,,9/16/2019 9:11:28 AM,False,7667,Accepted,
25643796,0568000,LOUISVILLE METRO POLICE DEPT,Accepted,JEFFERSON,KY0061,,PRESTON,HWY,,,,I 0265,I265 E EXIT12 OFF RAMP TO KY61 S,KY0061,KY61 TURN LANE,38.104894943,-85.673345706,1.509,9/10/2019 12:00:00 AM,1829,3,3,0,3,CLEAR,DRY,False,OTHER ROADWAY OR MID-BLOCK COLLISION,REAR END,STRAIGHT & LEVEL,DAYLIGHT,,,9/16/2019 9:04:42 AM,False,6937,Accepted,
25644786,0565000,LYNDON POLICE DEPARTMENT,Accepted,JEFFERSON,KY1447,,WESTPORT,RD,,,,,,,,38.274337030,-85.608552895,3.046,9/10/2019 12:00:00 AM,0735,2,2,0,0,CLEAR,DRY,False,OTHER ROADWAY OR MID-BLOCK COLLISION,REAR END,STRAIGHT & LEVEL,DAYLIGHT,,,9/16/2019 11:02:27 AM,False,1349,Accepted,